// Generated by tools/gen_charmander_lvgl.py.
// Source: https://www.pokemon.com/static-assets/content-assets/cms2/img/pokedex/full/004.png
// RGB565 pixels are followed by one A8 plane.

#include "charmander_sprite.h"

static LV_ATTRIBUTE_MEM_ALIGN LV_ATTRIBUTE_LARGE_CONST const uint8_t charmander_large_map[] = {
    0x00, 0x00, 0x00, 0x00, 0x00, 0x00, 0x00, 0x00, 0x00, 0x00, 0x00, 0x00, 0x00, 0x00, 0x00, 0x00,
    0x00, 0x00, 0x00, 0x00, 0x00, 0x00, 0x00, 0x00, 0x00, 0x00, 0x00, 0x00, 0x00, 0x00, 0x00, 0x00,
    0x00, 0x00, 0x00, 0x00, 0x00, 0x00, 0x00, 0x00, 0x00, 0x00, 0x00, 0x00, 0x00, 0x00, 0x00, 0x00,
    0x00, 0x00, 0x00, 0x00, 0x00, 0x00, 0x00, 0x00, 0x00, 0x00, 0x00, 0x00, 0x00, 0x00, 0x00, 0x00,
    0x00, 0x00, 0x00, 0x00, 0x00, 0x00, 0x00, 0x00, 0x00, 0x00, 0x00, 0x00, 0x00, 0x00, 0x00, 0x00,
    0x00, 0x00, 0x00, 0x00, 0x00, 0x00, 0x00, 0x00, 0x00, 0x00, 0x00, 0x00, 0x00, 0x00, 0x00, 0x00,
    0x00, 0x00, 0x00, 0x00, 0x00, 0x00, 0x00, 0x00, 0x00, 0x00, 0x00, 0x00, 0x00, 0x00, 0x00, 0x00,
    0x00, 0x00, 0x00, 0x00, 0x00, 0x00, 0x00, 0x00, 0x00, 0x00, 0x00, 0x00, 0x00, 0x00, 0x00, 0x00,
    0x00, 0x00, 0x00, 0x00, 0x00, 0x00, 0x00, 0x00, 0x00, 0x00, 0x00, 0x00, 0x00, 0x00, 0x00, 0x00,
    0x00, 0x00, 0x00, 0x00, 0x00, 0x00, 0x00, 0x00, 0x00, 0x00, 0x00, 0x00, 0x00, 0x00, 0x00, 0x00,
    0x00, 0x00, 0x00, 0x00, 0x00, 0x00, 0x00, 0x00, 0x00, 0x00, 0x00, 0x00, 0x00, 0x00, 0x00, 0x00,
    0x00, 0x00, 0x00, 0x00, 0x00, 0x00, 0x00, 0x00, 0x00, 0x00, 0x00, 0x00, 0x00, 0x00, 0x00, 0x00,
    0x00, 0x00, 0x00, 0x00, 0x00, 0x00, 0x00, 0x00, 0x00, 0x00, 0x00, 0x00, 0x00, 0x00, 0x00, 0x00,
    0x00, 0x00, 0x00, 0x00, 0x00, 0x00, 0x00, 0x00, 0x00, 0x00, 0x00, 0x00, 0x00, 0x00, 0x00, 0x00,
    0x00, 0x00, 0x00, 0x00, 0x00, 0x00, 0x00, 0x00, 0x00, 0x00, 0x00, 0x00, 0x00, 0x00, 0x00, 0x00,
    0x00, 0x00, 0x00, 0x00, 0x00, 0x00, 0x00, 0x00, 0x00, 0x00, 0x00, 0x00, 0x00, 0x00, 0x00, 0x00,
    0x00, 0x00, 0x00, 0x00, 0x00, 0x00, 0x00, 0x00, 0x00, 0x00, 0x00, 0x00, 0x00, 0x00, 0x00, 0x00,
    0x00, 0x00, 0x00, 0x00, 0x00, 0x00, 0x00, 0x00, 0x00, 0x00, 0x00, 0x00, 0x00, 0x00, 0x00, 0x00,
    0x00, 0x00, 0x00, 0x00, 0x00, 0x00, 0x00, 0x00, 0x00, 0x00, 0x00, 0x00, 0x00, 0x00, 0x00, 0x00,
    0x00, 0x00, 0x00, 0x00, 0x00, 0x00, 0x00, 0x00, 0x00, 0x00, 0x00, 0x00, 0x00, 0x00, 0x00, 0x00,
    0x00, 0x00, 0x00, 0x00, 0x00, 0x00, 0x00, 0x00, 0x00, 0x00, 0x00, 0x00, 0x00, 0x00, 0x00, 0x00,
    0x00, 0x00, 0x00, 0x00, 0x00, 0x00, 0x00, 0x00, 0x00, 0x00, 0x00, 0x00, 0x00, 0x00, 0x00, 0x00,
    0x00, 0x00, 0x00, 0x00, 0x00, 0x00, 0x00, 0x00, 0x00, 0x00, 0x00, 0x00, 0x00, 0x00, 0x00, 0x00,
    0x00, 0x00, 0x00, 0x00, 0x00, 0x00, 0x00, 0x00, 0x00, 0x00, 0x00, 0x00, 0x00, 0x00, 0x00, 0x00,
    0x00, 0x00, 0x00, 0x00, 0x00, 0x00, 0x00, 0x00, 0x00, 0x00, 0x00, 0x00, 0x00, 0x00, 0x00, 0x00,
    0x00, 0x00, 0x00, 0x00, 0x00, 0x00, 0x00, 0x00, 0x00, 0x00, 0x00, 0x00, 0x00, 0x00, 0x00, 0x00,
    0x00, 0x00, 0x00, 0x00, 0x00, 0x00, 0x00, 0x00, 0x00, 0x00, 0x00, 0x00, 0x00, 0x00, 0x00, 0x00,
    0x00, 0x00, 0x00, 0x00, 0x00, 0x00, 0x00, 0x00, 0x00, 0x00, 0x00, 0x00, 0x00, 0x00, 0x00, 0x00,
    0x00, 0x00, 0x00, 0x00, 0x00, 0x00, 0x00, 0x00, 0x00, 0x00, 0x00, 0x00, 0x00, 0x00, 0x00, 0x00,
    0x00, 0x00, 0x00, 0x00, 0x00, 0x00, 0x00, 0x00, 0x00, 0x00, 0x00, 0x00, 0x00, 0x00, 0x00, 0x00,
    0x00, 0x00, 0x00, 0x00, 0x00, 0x00, 0x00, 0x00, 0x00, 0x00, 0x00, 0x00, 0x00, 0x00, 0x00, 0x00,
    0x00, 0x00, 0x00, 0x00, 0x00, 0x00, 0x00, 0x00, 0x00, 0x00, 0x00, 0x00, 0x00, 0x00, 0x00, 0x00,
    0x00, 0x00, 0x00, 0x00, 0x00, 0x00, 0x00, 0x00, 0x00, 0x00, 0x00, 0x00, 0x00, 0x00, 0x00, 0x00,
    0x00, 0x00, 0x00, 0x00, 0x00, 0x00, 0x00, 0x00, 0x00, 0x00, 0x00, 0x00, 0x00, 0x00, 0x00, 0x00,
    0x00, 0x00, 0x00, 0x00, 0x00, 0x00, 0x00, 0x00, 0x00, 0x00, 0x00, 0x00, 0x00, 0x00, 0x00, 0x00,
    0x00, 0x00, 0x00, 0x00, 0x00, 0x00, 0x00, 0x00, 0x00, 0x00, 0x00, 0x00, 0x00, 0x00, 0x00, 0x00,
    0x00, 0x00, 0x00, 0x00, 0x00, 0x00, 0x00, 0x00, 0x00, 0x00, 0x00, 0x00, 0x00, 0x00, 0x00, 0x00,
    0x00, 0x00, 0x00, 0x00, 0x00, 0x00, 0x00, 0x00, 0x00, 0x00, 0x00, 0x00, 0x00, 0x00, 0x00, 0x00,
    0x00, 0x00, 0x00, 0x00, 0x00, 0x00, 0x00, 0x00, 0x00, 0x00, 0x00, 0x00, 0x00, 0x00, 0x00, 0x00,
    0x00, 0x00, 0x00, 0x00, 0x00, 0x00, 0x00, 0x00, 0x00, 0x00, 0x00, 0x00, 0x00, 0x00, 0x00, 0x00,
    0x00, 0x00, 0x00, 0x00, 0x00, 0x00, 0x00, 0x00, 0x00, 0x00, 0x00, 0x00, 0x00, 0x00, 0x00, 0x00,
    0x00, 0x00, 0x00, 0x00, 0x00, 0x00, 0x00, 0x00, 0x00, 0x00, 0x00, 0x00, 0x00, 0x00, 0x00, 0x00,
    0x00, 0x00, 0x00, 0x00, 0x00, 0x00, 0x00, 0x00, 0x00, 0x00, 0x00, 0x00, 0x00, 0x00, 0x00, 0x00,
    0x00, 0x00, 0x00, 0x00, 0x00, 0x00, 0x00, 0x00, 0x00, 0x00, 0x00, 0x00, 0x00, 0x00, 0x00, 0x00,
    0x00, 0x00, 0x00, 0x00, 0x00, 0x00, 0x00, 0x00, 0x00, 0x00, 0x00, 0x00, 0x00, 0x00, 0x00, 0x00,
    0x00, 0x00, 0x00, 0x00, 0x00, 0x00, 0xAA, 0x52, 0x4A, 0xAD, 0xFF, 0xFF, 0x00, 0x00, 0x00, 0x00,
    0x00, 0x00, 0x55, 0xFD, 0xE7, 0x79, 0x00, 0x50, 0x00, 0x00, 0x00, 0x00, 0x00, 0x00, 0x00, 0x00,
    0x00, 0x00, 0x00, 0x00, 0x00, 0x00, 0x00, 0x00, 0x00, 0x00, 0x00, 0x00, 0x00, 0x00, 0x00, 0x00,
    0x00, 0x00, 0x00, 0x00, 0x00, 0x00, 0x00, 0x00, 0x00, 0x00, 0x00, 0x00, 0x00, 0x00, 0x00, 0x00,
    0x00, 0x00, 0x00, 0x00, 0x00, 0x00, 0x00, 0x00, 0x00, 0x00, 0x00, 0x00, 0x00, 0x00, 0x00, 0x00,
    0x00, 0x00, 0x00, 0x00, 0x00, 0x00, 0x00, 0x00, 0x00, 0x00, 0x00, 0x00, 0x00, 0x00, 0x00, 0x00,
    0x00, 0x00, 0x00, 0x00, 0x00, 0x00, 0x00, 0x00, 0x00, 0x00, 0x00, 0x00, 0x00, 0x00, 0x00, 0x00,
    0x00, 0x00, 0x00, 0x00, 0x00, 0x00, 0x00, 0x00, 0x00, 0x00, 0x00, 0x00, 0x00, 0x00, 0x00, 0x00,
    0x00, 0x00, 0x00, 0x00, 0x00, 0x00, 0x00, 0x00, 0x00, 0x00, 0x00, 0x00, 0x00, 0x00, 0x00, 0x00,
    0x00, 0x00, 0x00, 0x00, 0x00, 0x00, 0x00, 0x00, 0x00, 0x00, 0x00, 0x00, 0x00, 0x00, 0x00, 0x00,
    0x00, 0x00, 0x00, 0x00, 0x00, 0x00, 0x00, 0x00, 0x00, 0x00, 0x00, 0x00, 0x00, 0x00, 0x00, 0x00,
    0x00, 0x00, 0x00, 0x00, 0x00, 0x00, 0x00, 0x00, 0x00, 0x00, 0x00, 0x00, 0x00, 0x00, 0x00, 0x00,
    0x00, 0x00, 0x00, 0x00, 0x00, 0x00, 0x00, 0x00, 0x00, 0x00, 0x00, 0x00, 0x00, 0x00, 0x00, 0x00,
    0x00, 0x00, 0x00, 0x00, 0x00, 0x00, 0x00, 0x00, 0x00, 0x00, 0x00, 0x00, 0xE0, 0x39, 0xFF, 0xFF,
    0x00, 0x00, 0x00, 0x00, 0x00, 0x00, 0x00, 0x00, 0x00, 0x00, 0x00, 0x00, 0x00, 0x00, 0x00, 0x00,
    0x00, 0x00, 0x00, 0x00, 0x00, 0x00, 0xE7, 0x79, 0x00, 0x00, 0x00, 0x00, 0x00, 0x00, 0x00, 0x00,
    0x00, 0x00, 0x00, 0x00, 0x00, 0x00, 0x00, 0x00, 0x00, 0x00, 0x00, 0x00, 0x00, 0x00, 0x00, 0x00,
    0x00, 0x00, 0x00, 0x00, 0x00, 0x00, 0x00, 0x00, 0x00, 0x00, 0x00, 0x00, 0x00, 0x00, 0x00, 0x00,
    0x00, 0x00, 0x00, 0x00, 0x00, 0x00, 0x00, 0x00, 0x00, 0x00, 0x00, 0x00, 0x00, 0x00, 0x00, 0x00,
    0x00, 0x00, 0x00, 0x00, 0x00, 0x00, 0x00, 0x00, 0x00, 0x00, 0x00, 0x00, 0x00, 0x00, 0x00, 0x00,
    0x00, 0x00, 0x00, 0x00, 0x00, 0x00, 0x00, 0x00, 0x00, 0x00, 0x00, 0x00, 0x00, 0x00, 0x00, 0x00,
    0x00, 0x00, 0x00, 0x00, 0x00, 0x00, 0x00, 0x00, 0x00, 0x00, 0x00, 0x00, 0x00, 0x00, 0x00, 0x00,
    0x00, 0x00, 0x00, 0x00, 0x00, 0x00, 0x00, 0x00, 0x00, 0x00, 0x00, 0x00, 0x00, 0x00, 0x00, 0x00,
    0x00, 0x00, 0x00, 0x00, 0x00, 0x00, 0x00, 0x00, 0x00, 0x00, 0x00, 0x00, 0x00, 0x00, 0x00, 0x00,
    0x00, 0x00, 0x00, 0x00, 0x00, 0x00, 0x00, 0x00, 0x00, 0x00, 0x00, 0x00, 0x00, 0x00, 0x00, 0x00,
    0x00, 0x00, 0x00, 0x00, 0x00, 0x00, 0x00, 0x00, 0x00, 0x00, 0x00, 0x00, 0x00, 0x00, 0x00, 0x00,
    0x00, 0x00, 0x00, 0x00, 0x00, 0x00, 0x00, 0x00, 0x00, 0x00, 0x00, 0x00, 0x00, 0x00, 0x00, 0x00,
    0x00, 0x00, 0x00, 0x00, 0xA0, 0x52, 0x00, 0x00, 0x00, 0x00, 0x00, 0x00, 0x00, 0x00, 0xC2, 0x20,
    0xE6, 0x51, 0x26, 0x5A, 0x67, 0x6A, 0xC8, 0x7A, 0x08, 0x83, 0x87, 0x72, 0x84, 0x41, 0x20, 0x08,
    0x00, 0x00, 0x00, 0x00, 0x00, 0x00, 0xAA, 0x52, 0x00, 0x00, 0x00, 0x00, 0x00, 0x00, 0x00, 0x00,
    0x00, 0x00, 0x00, 0x00, 0x00, 0x00, 0x00, 0x00, 0x00, 0x00, 0x00, 0x00, 0x00, 0x00, 0x00, 0x00,
    0x00, 0x00, 0x00, 0x00, 0x00, 0x00, 0x00, 0x00, 0x00, 0x00, 0x00, 0x00, 0x00, 0x00, 0x00, 0x00,
    0x00, 0x00, 0x00, 0x00, 0x00, 0x00, 0x00, 0x00, 0x00, 0x00, 0x00, 0x00, 0x00, 0x00, 0x00, 0x00,
    0x00, 0x00, 0x00, 0x00, 0x00, 0x00, 0x00, 0x00, 0x00, 0x00, 0x00, 0x00, 0x00, 0x00, 0x00, 0x00,
    0x00, 0x00, 0x00, 0x00, 0x00, 0x00, 0x00, 0x00, 0x00, 0x00, 0x00, 0x00, 0x00, 0x00, 0x00, 0x00,
    0x00, 0x00, 0x00, 0x00, 0x00, 0x00, 0x00, 0x00, 0x00, 0x00, 0x00, 0x00, 0x00, 0x00, 0x00, 0x00,
    0x00, 0x00, 0x00, 0x00, 0x00, 0x00, 0x00, 0x00, 0x00, 0x00, 0x00, 0x00, 0x00, 0x00, 0x00, 0x00,
    0x00, 0x00, 0x00, 0x00, 0x00, 0x00, 0x00, 0x00, 0x00, 0x00, 0x00, 0x00, 0x00, 0x00, 0x00, 0x00,
    0x00, 0x00, 0x00, 0x00, 0x00, 0x00, 0x00, 0x00, 0x00, 0x00, 0x00, 0x00, 0x00, 0x00, 0x00, 0x00,
    0x00, 0x00, 0x00, 0x00, 0x00, 0x00, 0x00, 0x00, 0x00, 0x00, 0x00, 0x00, 0x00, 0x00, 0x00, 0x00,
    0x00, 0x00, 0x00, 0x00, 0x00, 0x00, 0x00, 0x00, 0x00, 0x00, 0x00, 0x00, 0x00, 0x00, 0x00, 0x00,
    0x00, 0x00, 0x00, 0x00, 0xA1, 0x18, 0xE9, 0x7A, 0x6D, 0xBC, 0x0F, 0xD5, 0xB1, 0xF5, 0xD1, 0xFD,
    0xD1, 0xFD, 0xB0, 0xFD, 0xB0, 0xFD, 0xB0, 0xF5, 0x6F, 0xED, 0xAD, 0xCC, 0x6A, 0x93, 0xA5, 0x49,
    0x00, 0x00, 0x00, 0x00, 0x00, 0x00, 0x00, 0x00, 0x00, 0x00, 0x00, 0x00, 0x00, 0x00, 0x00, 0x00,
    0x00, 0x00, 0x00, 0x00, 0x00, 0x00, 0x00, 0x00, 0x00, 0x00, 0x00, 0x00, 0x00, 0x00, 0x00, 0x00,
    0x00, 0x00, 0x00, 0x00, 0x00, 0x00, 0x00, 0x00, 0x00, 0x00, 0x00, 0x00, 0x00, 0x00, 0x00, 0x00,
    0x00, 0x00, 0x00, 0x00, 0x00, 0x00, 0x00, 0x00, 0x00, 0x00, 0x00, 0x00, 0x00, 0x00, 0x00, 0x00,
    0x00, 0x00, 0x00, 0x00, 0x00, 0x00, 0x00, 0x00, 0x00, 0x00, 0x00, 0x00, 0x00, 0x00, 0x00, 0x00,
    0x00, 0x00, 0x00, 0x00, 0x00, 0x00, 0x00, 0x00, 0x00, 0x00, 0x00, 0x00, 0x00, 0x00, 0x00, 0x00,
    0x00, 0x00, 0x00, 0x00, 0x00, 0x00, 0x00, 0x00, 0x00, 0x00, 0x00, 0x00, 0x00, 0x00, 0x00, 0x00,
    0x00, 0x00, 0x00, 0x00, 0x00, 0x00, 0x00, 0x00, 0x00, 0x00, 0x00, 0x00, 0x00, 0x00, 0x00, 0x00,
    0x00, 0x00, 0x00, 0x00, 0x00, 0x00, 0x00, 0x00, 0x00, 0x00, 0x00, 0x00, 0x00, 0x00, 0x00, 0x00,
    0x00, 0x00, 0x00, 0x00, 0x00, 0x00, 0x00, 0x00, 0x00, 0x00, 0x00, 0x00, 0x00, 0x00, 0x00, 0x00,
    0x00, 0x00, 0x00, 0x00, 0x00, 0x00, 0x00, 0x00, 0x00, 0x00, 0x00, 0x00, 0x00, 0x00, 0x00, 0x00,
    0x00, 0x00, 0x00, 0x00, 0x00, 0x00, 0xA0, 0x52, 0x00, 0x00, 0x00, 0x00, 0x81, 0x18, 0x09, 0x83,
    0x0F, 0xD5, 0xF2, 0xFD, 0xF2, 0xFD, 0xD1, 0xF5, 0xB1, 0xED, 0x91, 0xED, 0x50, 0xE5, 0x4F, 0xE5,
    0x2F, 0xE5, 0x4F, 0xE5, 0x6F, 0xED, 0x90, 0xF5, 0xB0, 0xFD, 0xEE, 0xD4, 0x88, 0x72, 0xA2, 0x18,
    0x00, 0x00, 0x00, 0x00, 0x00, 0x00, 0x00, 0x00, 0x00, 0x00, 0x00, 0x00, 0x00, 0x00, 0x00, 0x00,
    0x00, 0x00, 0x00, 0x00, 0x00, 0x00, 0x00, 0x00, 0x00, 0x00, 0x00, 0x00, 0x00, 0x00, 0x00, 0x00,
    0x00, 0x00, 0x00, 0x00, 0x00, 0x00, 0x00, 0x00, 0x00, 0x00, 0x00, 0x00, 0x00, 0x00, 0x00, 0x00,
    0x00, 0x00, 0x00, 0x00, 0x00, 0x00, 0x00, 0x00, 0x00, 0x00, 0x00, 0x00, 0x00, 0x00, 0x00, 0x00,
    0x00, 0x00, 0x00, 0x00, 0x00, 0x00, 0x00, 0x00, 0x00, 0x00, 0x00, 0x00, 0x00, 0x00, 0x00, 0x00,
    0x00, 0x00, 0x00, 0x00, 0x00, 0x00, 0x00, 0x00, 0x00, 0x00, 0x00, 0x00, 0x00, 0x00, 0x00, 0x00,
    0x00, 0x00, 0x00, 0x00, 0x00, 0x00, 0x00, 0x00, 0x00, 0x00, 0x00, 0x00, 0x00, 0x00, 0x00, 0x00,
    0x00, 0x00, 0x00, 0x00, 0x00, 0x00, 0x00, 0x00, 0x00, 0x00, 0x00, 0x00, 0x00, 0x00, 0x00, 0x00,
    0x00, 0x00, 0x00, 0x00, 0x00, 0x00, 0x00, 0x00, 0x00, 0x00, 0x00, 0x00, 0x00, 0x00, 0x00, 0x00,
    0x00, 0x00, 0x00, 0x00, 0x00, 0x00, 0x00, 0x00, 0x00, 0x00, 0x00, 0x00, 0x00, 0x00, 0x00, 0x00,
    0x00, 0x00, 0x00, 0x00, 0x00, 0x00, 0x00, 0x00, 0x00, 0x00, 0x00, 0x00, 0x00, 0x00, 0x00, 0x00,
    0xE7, 0x39, 0x00, 0x00, 0x00, 0x00, 0x46, 0x62, 0xEE, 0xD4, 0xF2, 0xFD, 0xD1, 0xF5, 0x91, 0xED,
    0x91, 0xED, 0x91, 0xED, 0xB1, 0xED, 0x91, 0xED, 0x70, 0xED, 0x50, 0xE5, 0x4F, 0xE5, 0x4F, 0xE5,
    0x4F, 0xED, 0x4F, 0xE5, 0x4F, 0xE5, 0x6F, 0xED, 0x0F, 0xDD, 0x0C, 0xAC, 0x64, 0x39, 0x00, 0x00,
    0x00, 0x00, 0x00, 0x00, 0x00, 0x00, 0x00, 0x00, 0x00, 0x00, 0x00, 0x00, 0x00, 0x00, 0x00, 0x00,
    0x00, 0x00, 0x00, 0x00, 0x00, 0x00, 0x00, 0x00, 0x00, 0x00, 0x00, 0x00, 0x00, 0x00, 0x00, 0x00,
    0x00, 0x00, 0x00, 0x00, 0x00, 0x00, 0x00, 0x00, 0x00, 0x00, 0x00, 0x00, 0x00, 0x00, 0x00, 0x00,
    0x00, 0x00, 0x00, 0x00, 0x00, 0x00, 0x00, 0x00, 0x00, 0x00, 0x00, 0x00, 0x00, 0x00, 0x00, 0x00,
    0x00, 0x00, 0x00, 0x00, 0x00, 0x00, 0x00, 0x00, 0x00, 0x00, 0x00, 0x00, 0x00, 0x00, 0x00, 0x00,
    0x00, 0x00, 0x00, 0x00, 0x00, 0x00, 0x00, 0x00, 0x00, 0x00, 0x00, 0x00, 0x00, 0x00, 0x00, 0x00,
    0x00, 0x00, 0x00, 0x00, 0x00, 0x00, 0x00, 0x00, 0x00, 0x00, 0x00, 0x00, 0x00, 0x00, 0x00, 0x00,
    0x00, 0x00, 0x00, 0x00, 0x00, 0x00, 0x00, 0x00, 0x00, 0x00, 0x00, 0x00, 0x00, 0x00, 0x00, 0x00,
    0x00, 0x00, 0x00, 0x00, 0x00, 0x00, 0x00, 0x00, 0x00, 0x00, 0x00, 0x00, 0x00, 0x00, 0x00, 0x00,
    0x00, 0x00, 0x00, 0x00, 0x00, 0x00, 0x00, 0x00, 0x00, 0x00, 0x00, 0x00, 0x00, 0x00, 0x00, 0x00,
    0x00, 0x00, 0x00, 0x00, 0x00, 0x00, 0x00, 0x00, 0x00, 0x00, 0xE7, 0x39, 0x00, 0x00, 0x61, 0x10,
    0x8A, 0x9B, 0xF2, 0xFD, 0x34, 0xFE, 0x14, 0xEE, 0xD2, 0xED, 0x91, 0xED, 0x91, 0xED, 0x91, 0xED,
    0xB1, 0xED, 0x91, 0xED, 0x70, 0xED, 0x70, 0xE5, 0x4F, 0xE5, 0x4F, 0xE5, 0x4F, 0xE5, 0x4F, 0xED,
    0x4F, 0xED, 0x6F, 0xED, 0x0F, 0xDD, 0xAE, 0xCC, 0x8E, 0xC4, 0x64, 0x41, 0x00, 0x00, 0xFF, 0xFF,
    0x00, 0x00, 0x00, 0x00, 0x00, 0x00, 0x00, 0x00, 0x00, 0x00, 0x00, 0x00, 0x00, 0x00, 0x00, 0x00,
    0x00, 0x00, 0x00, 0x00, 0x00, 0x00, 0x00, 0x00, 0x00, 0x00, 0x00, 0x00, 0x00, 0x00, 0x00, 0x00,
    0x00, 0x00, 0x00, 0x00, 0x00, 0x00, 0x00, 0x00, 0x00, 0x00, 0x00, 0x00, 0x00, 0x00, 0x00, 0x00,
    0x00, 0x00, 0x00, 0x00, 0x00, 0x00, 0x00, 0x00, 0x00, 0x00, 0x00, 0x00, 0x00, 0x00, 0x00, 0x00,
    0x00, 0x00, 0x00, 0x00, 0x00, 0x00, 0x00, 0x00, 0x00, 0x00, 0x00, 0x00, 0x00, 0x00, 0x00, 0x00,
    0x00, 0x00, 0x00, 0x00, 0x00, 0x00, 0x00, 0x00, 0x00, 0x00, 0x00, 0x00, 0x00, 0x00, 0x00, 0x00,
    0x00, 0x00, 0x00, 0x00, 0x00, 0x00, 0x00, 0x00, 0x00, 0x00, 0x00, 0x00, 0x00, 0x00, 0x00, 0x00,
    0x00, 0x00, 0x00, 0x00, 0x00, 0x00, 0x00, 0x00, 0x00, 0x00, 0x00, 0x00, 0x00, 0x00, 0x00, 0x00,
    0x00, 0x00, 0x00, 0x00, 0x00, 0x00, 0x00, 0x00, 0x00, 0x00, 0x00, 0x00, 0x00, 0x00, 0x00, 0x00,
    0x00, 0x00, 0x00, 0x00, 0x00, 0x00, 0x00, 0x00, 0x00, 0x00, 0x00, 0x00, 0x00, 0x00, 0x00, 0x00,
    0x00, 0x00, 0x00, 0x00, 0xE7, 0x39, 0x00, 0x00, 0x81, 0x18, 0x0B, 0xB4, 0x13, 0xFE, 0x35, 0xEE,
    0x56, 0xEE, 0x76, 0xF6, 0x14, 0xEE, 0x91, 0xED, 0x91, 0xED, 0xB1, 0xED, 0x91, 0xED, 0x91, 0xED,
    0x71, 0xED, 0x70, 0xE5, 0x4F, 0xE5, 0x4F, 0xE5, 0x4F, 0xE5, 0x4F, 0xED, 0x4F, 0xED, 0x4F, 0xED,
    0x4F, 0xED, 0xCE, 0xD4, 0x8D, 0xC4, 0x4D, 0xBC, 0x03, 0x29, 0x00, 0x00, 0xAA, 0xAA, 0x00, 0x00,
    0x00, 0x00, 0x00, 0x00, 0x00, 0x00, 0x00, 0x00, 0x00, 0x00, 0x00, 0x00, 0x00, 0x00, 0x00, 0x00,
    0x00, 0x00, 0x00, 0x00, 0x00, 0x00, 0x00, 0x00, 0x00, 0x00, 0x00, 0x00, 0x00, 0x00, 0x00, 0x00,
    0x00, 0x00, 0x00, 0x00, 0x00, 0x00, 0x00, 0x00, 0x00, 0x00, 0x00, 0x00, 0x00, 0x00, 0x00, 0x00,
    0x00, 0x00, 0x00, 0x00, 0x00, 0x00, 0x00, 0x00, 0x00, 0x00, 0x00, 0x00, 0x00, 0x00, 0x00, 0x00,
    0x00, 0x00, 0x00, 0x00, 0x00, 0x00, 0x00, 0x00, 0x00, 0x00, 0x00, 0x00, 0x00, 0x00, 0x00, 0x00,
    0x00, 0x00, 0x00, 0x00, 0x00, 0x00, 0x00, 0x00, 0x00, 0x00, 0x00, 0x00, 0x00, 0x00, 0x00, 0x00,
    0x00, 0x00, 0x00, 0x00, 0x00, 0x00, 0x00, 0x00, 0x00, 0x00, 0x00, 0x00, 0x00, 0x00, 0x00, 0x00,
    0x00, 0x00, 0x00, 0x00, 0x00, 0x00, 0x00, 0x00, 0x00, 0x00, 0x00, 0x00, 0x00, 0x00, 0x00, 0x00,
    0x00, 0x00, 0x00, 0x00, 0x00, 0x00, 0x00, 0x00, 0x00, 0x00, 0x00, 0x00, 0x00, 0x00, 0x00, 0x00,
    0x00, 0x00, 0x00, 0x00, 0x00, 0x00, 0x00, 0x00, 0x00, 0x00, 0x00, 0x00, 0x00, 0x00, 0x00, 0x00,
    0x00, 0x00, 0x00, 0x00, 0xAA, 0xA3, 0x12, 0xFE, 0x15, 0xEE, 0x56, 0xEE, 0x56, 0xEE, 0x56, 0xEE,
    0xF3, 0xED, 0x91, 0xED, 0x91, 0xED, 0xB1, 0xED, 0x91, 0xED, 0x71, 0xED, 0x70, 0xE5, 0x50, 0xE5,
    0x4F, 0xE5, 0x4F, 0xE5, 0x4F, 0xE5, 0x4F, 0xED, 0x4F, 0xED, 0x4F, 0xED, 0x6F, 0xED, 0x2F, 0xE5,
    0x6D, 0xBC, 0x8E, 0xC4, 0x8B, 0x9B, 0x40, 0x08, 0x00, 0x00, 0x00, 0x50, 0x00, 0x00, 0x00, 0x00,
    0x00, 0x00, 0x00, 0x00, 0x00, 0x00, 0x00, 0x00, 0x00, 0x00, 0x00, 0x00, 0x00, 0x00, 0x00, 0x00,
    0x00, 0x00, 0x00, 0x00, 0x00, 0x00, 0x00, 0x00, 0x00, 0x00, 0x00, 0x00, 0x00, 0x00, 0x00, 0x00,
    0x00, 0x00, 0x00, 0x00, 0x00, 0x00, 0x00, 0x00, 0x00, 0x00, 0x00, 0x00, 0x00, 0x00, 0x00, 0x00,
    0x00, 0x00, 0x00, 0x00, 0x00, 0x00, 0x00, 0x00, 0x00, 0x00, 0x00, 0x00, 0x00, 0x00, 0x00, 0x00,
    0x00, 0x00, 0x00, 0x00, 0x00, 0x00, 0x00, 0x00, 0x00, 0x00, 0x00, 0x00, 0x00, 0x00, 0x00, 0x00,
    0x00, 0x00, 0x00, 0x00, 0x00, 0x00, 0x00, 0x00, 0x00, 0x00, 0x00, 0x00, 0x00, 0x00, 0x00, 0x00,
    0x00, 0x00, 0x00, 0x00, 0x00, 0x00, 0x00, 0x00, 0x00, 0x00, 0x00, 0x00, 0x00, 0x00, 0x00, 0x00,
    0x00, 0x00, 0x00, 0x00, 0x00, 0x00, 0x00, 0x00, 0x00, 0x00, 0x00, 0x00, 0x00, 0x00, 0x00, 0x00,
    0x00, 0x00, 0x00, 0x00, 0x00, 0x00, 0x00, 0x00, 0x00, 0x00, 0x00, 0x00, 0x00, 0x00, 0x00, 0x00,
    0x00, 0x00, 0x00, 0x00, 0x00, 0x00, 0x00, 0x00, 0x00, 0x00, 0x00, 0x00, 0x00, 0x00, 0x08, 0x83,
    0xD1, 0xFD, 0xF4, 0xED, 0x56, 0xEE, 0x55, 0xEE, 0x56, 0xEE, 0x35, 0xEE, 0xB2, 0xED, 0x91, 0xED,
    0x91, 0xED, 0x91, 0xED, 0x91, 0xED, 0x71, 0xED, 0x70, 0xE5, 0x50, 0xE5, 0x4F, 0xE5, 0x4F, 0xE5,
    0x4F, 0xE5, 0x4F, 0xED, 0x4F, 0xED, 0x4F, 0xED, 0x4F, 0xED, 0x4F, 0xE5, 0xAE, 0xCC, 0x2C, 0xB4,
    0xAE, 0xC4, 0x06, 0x52, 0x00, 0x00, 0xFF, 0xFF, 0x00, 0x00, 0x00, 0x00, 0x00, 0x00, 0x00, 0x00,
    0x00, 0x00, 0x00, 0x00, 0x00, 0x00, 0x00, 0x00, 0x00, 0x00, 0x00, 0x00, 0x00, 0x00, 0x00, 0x00,
    0x00, 0x00, 0x00, 0x00, 0x00, 0x00, 0x00, 0x00, 0x00, 0x00, 0x00, 0x00, 0x00, 0x00, 0x00, 0x00,
    0x00, 0x00, 0x00, 0x00, 0x00, 0x00, 0x00, 0x00, 0x00, 0x00, 0x00, 0x00, 0x00, 0x00, 0x00, 0x00,
    0x00, 0x00, 0x00, 0x00, 0x00, 0x00, 0x00, 0x00, 0x00, 0x00, 0x00, 0x00, 0x00, 0x00, 0x00, 0x00,
    0x00, 0x00, 0x00, 0x00, 0x00, 0x00, 0x00, 0x00, 0x00, 0x00, 0x00, 0x00, 0x00, 0x00, 0x00, 0x00,
    0x00, 0x00, 0x00, 0x00, 0x00, 0x00, 0x00, 0x00, 0x00, 0x00, 0x00, 0x00, 0x00, 0x00, 0x00, 0x00,
    0x00, 0x00, 0x00, 0x00, 0x00, 0x00, 0x00, 0x00, 0x00, 0x00, 0x00, 0x00, 0x00, 0x00, 0x00, 0x00,
    0x00, 0x00, 0x00, 0x00, 0x00, 0x00, 0x00, 0x00, 0x00, 0x00, 0x00, 0x00, 0x00, 0x00, 0x00, 0x00,
    0x00, 0x00, 0x00, 0x00, 0x00, 0x00, 0x00, 0x00, 0x00, 0x00, 0x00, 0x00, 0x00, 0x00, 0x00, 0x00,
    0x00, 0x00, 0x00, 0x00, 0xEF, 0xFF, 0x00, 0x00, 0x05, 0x5A, 0xB0, 0xFD, 0x91, 0xED, 0x35, 0xEE,
    0x35, 0xEE, 0x35, 0xEE, 0x56, 0xEE, 0xF3, 0xED, 0x71, 0xED, 0x91, 0xED, 0x91, 0xED, 0x91, 0xED,
    0x71, 0xED, 0x70, 0xED, 0x50, 0xE5, 0x4F, 0xE5, 0x2F, 0xE5, 0x4F, 0xE5, 0x4F, 0xE5, 0x4F, 0xED,
    0x4F, 0xED, 0x4F, 0xED, 0x4F, 0xED, 0x4F, 0xED, 0xCE, 0xD4, 0x4D, 0xB4, 0x6D, 0xBC, 0xEC, 0xAB,
    0xA2, 0x18, 0x00, 0x00, 0xE0, 0x39, 0x00, 0x00, 0x00, 0x00, 0x00, 0x00, 0x00, 0x00, 0x00, 0x00,
    0x00, 0x00, 0x00, 0x00, 0x00, 0x00, 0x00, 0x00, 0x00, 0x00, 0x00, 0x00, 0x00, 0x00, 0x00, 0x00,
    0x00, 0x00, 0x00, 0x00, 0x00, 0x00, 0x00, 0x00, 0x00, 0x00, 0x00, 0x00, 0x00, 0x00, 0x00, 0x00,
    0x00, 0x00, 0x00, 0x00, 0x00, 0x00, 0x00, 0x00, 0x00, 0x00, 0x00, 0x00, 0x00, 0x00, 0x00, 0x00,
    0x00, 0x00, 0x00, 0x00, 0x00, 0x00, 0x00, 0x00, 0x00, 0x00, 0x00, 0x00, 0x00, 0x00, 0x00, 0x00,
    0x00, 0x00, 0x00, 0x00, 0x00, 0x00, 0x00, 0x00, 0x00, 0x00, 0x00, 0x00, 0x00, 0x00, 0x00, 0x00,
    0x00, 0x00, 0x00, 0x00, 0x00, 0x00, 0x00, 0x00, 0x00, 0x00, 0x00, 0x00, 0x00, 0x00, 0x00, 0x00,
    0x00, 0x00, 0x00, 0x00, 0x00, 0x00, 0x00, 0x00, 0x00, 0x00, 0x00, 0x00, 0x00, 0x00, 0x00, 0x00,
    0x00, 0x00, 0x00, 0x00, 0x00, 0x00, 0x00, 0x00, 0x00, 0x00, 0x00, 0x00, 0x00, 0x00, 0x00, 0x00,
    0x00, 0x00, 0x00, 0x00, 0x00, 0x00, 0x00, 0x00, 0x00, 0x00, 0x00, 0x00, 0x00, 0x00, 0xAA, 0xAA,
    0x00, 0x00, 0x44, 0x39, 0x4F, 0xE5, 0x6F, 0xED, 0xD2, 0xED, 0x55, 0xEE, 0x35, 0xEE, 0x56, 0xEE,
    0xF4, 0xED, 0x71, 0xE5, 0x71, 0xED, 0x71, 0xED, 0x71, 0xED, 0x70, 0xED, 0x70, 0xED, 0x70, 0xED,
    0x4F, 0xE5, 0x2F, 0xE5, 0x2F, 0xE5, 0x4F, 0xE5, 0x4F, 0xED, 0x4F, 0xED, 0x4F, 0xED, 0x4F, 0xED,
    0x4F, 0xED, 0x4F, 0xE5, 0xEE, 0xDC, 0x6D, 0xBC, 0x2C, 0xB4, 0x8E, 0xC4, 0x06, 0x5A, 0x00, 0x00,
    0xFF, 0xFF, 0x00, 0x00, 0x00, 0x00, 0x00, 0x00, 0x00, 0x00, 0x00, 0x00, 0x00, 0x00, 0x00, 0x00,
    0x00, 0x00, 0x00, 0x00, 0x00, 0x00, 0x00, 0x00, 0x00, 0x00, 0x00, 0x00, 0x00, 0x00, 0x00, 0x00,
    0x00, 0x00, 0x00, 0x00, 0x00, 0x00, 0x00, 0x00, 0x00, 0x00, 0x00, 0x00, 0x00, 0x00, 0x00, 0x00,
    0x00, 0x00, 0x00, 0x00, 0x00, 0x00, 0x00, 0x00, 0x00, 0x00, 0x00, 0x00, 0x00, 0x00, 0x00, 0x00,
    0x00, 0x00, 0x00, 0x00, 0x00, 0x00, 0x00, 0x00, 0x00, 0x00, 0x00, 0x00, 0x00, 0x00, 0x00, 0x00,
    0x00, 0x00, 0x00, 0x00, 0x00, 0x00, 0x00, 0x00, 0x00, 0x00, 0x00, 0x00, 0x00, 0x00, 0x00, 0x00,
    0x00, 0x00, 0x00, 0x00, 0x00, 0x00, 0x00, 0x00, 0x00, 0x00, 0x00, 0x00, 0x00, 0x00, 0x00, 0x00,
    0x00, 0x00, 0x00, 0x00, 0x00, 0x00, 0x00, 0x00, 0x00, 0x00, 0x00, 0x00, 0x00, 0x00, 0x00, 0x00,
    0x00, 0x00, 0x00, 0x00, 0x00, 0x00, 0x00, 0x00, 0x00, 0x00, 0x00, 0x00, 0x00, 0x00, 0x00, 0x00,
    0x00, 0x00, 0x00, 0x00, 0x00, 0x00, 0x00, 0x00, 0x00, 0x00, 0x00, 0x00, 0x00, 0x00, 0xCB, 0xA3,
    0xD0, 0xFD, 0x2F, 0xE5, 0xD2, 0xED, 0x55, 0xF6, 0x35, 0xEE, 0xD3, 0xED, 0x70, 0xE5, 0x50, 0xE5,
    0x70, 0xED, 0x70, 0xED, 0x70, 0xED, 0x70, 0xED, 0x70, 0xED, 0x6F, 0xED, 0x4F, 0xED, 0x4F, 0xED,
    0x4F, 0xE5, 0x4F, 0xE5, 0x4F, 0xED, 0x4F, 0xED, 0x6F, 0xED, 0x4F, 0xED, 0x4F, 0xE5, 0x2F, 0xE5,
    0x2F, 0xE5, 0x6D, 0xBC, 0x2C, 0xB4, 0x6D, 0xBC, 0xAB, 0x9B, 0xA1, 0x18, 0x00, 0x00, 0xE0, 0x39,
    0x00, 0x00, 0x00, 0x00, 0x00, 0x00, 0x00, 0x00, 0x00, 0x00, 0x00, 0x00, 0x00, 0x00, 0x00, 0x00,
    0x00, 0x00, 0x00, 0x00, 0x00, 0x00, 0x00, 0x00, 0x00, 0x00, 0x00, 0x00, 0x00, 0x00, 0x00, 0x00,
    0x00, 0x00, 0x00, 0x00, 0x00, 0x00, 0x00, 0x00, 0x00, 0x00, 0x00, 0x00, 0x00, 0x00, 0x00, 0x00,
    0x00, 0x00, 0x00, 0x00, 0x00, 0x00, 0x00, 0x00, 0x00, 0x00, 0x00, 0x00, 0x00, 0x00, 0x00, 0x00,
    0x00, 0x00, 0x00, 0x00, 0x00, 0x00, 0x00, 0x00, 0x00, 0x00, 0x00, 0x00, 0x00, 0x00, 0x00, 0x00,
    0x00, 0x00, 0x00, 0x00, 0x00, 0x00, 0x00, 0x00, 0x00, 0x00, 0x00, 0x00, 0x00, 0x00, 0x00, 0x00,
    0x00, 0x00, 0x00, 0x00, 0x00, 0x00, 0x00, 0x00, 0x00, 0x00, 0x00, 0x00, 0x00, 0x00, 0x00, 0x00,
    0x00, 0x00, 0x00, 0x00, 0x00, 0x00, 0x00, 0x00, 0x00, 0x00, 0x00, 0x00, 0x00, 0x00, 0x00, 0x00,
    0x00, 0x00, 0x00, 0x00, 0x00, 0x00, 0x00, 0x00, 0x00, 0x00, 0x00, 0x00, 0x00, 0x00, 0x00, 0x00,
    0x00, 0x00, 0x00, 0x00, 0xFF, 0xFF, 0x00, 0x00, 0x06, 0x5A, 0xB0, 0xF5, 0x4F, 0xED, 0x4F, 0xED,
    0x70, 0xED, 0xD2, 0xED, 0x91, 0xED, 0x2F, 0xE5, 0x2F, 0xE5, 0x4F, 0xE5, 0x50, 0xE5, 0x50, 0xE5,
    0x70, 0xED, 0x70, 0xED, 0x4F, 0xED, 0x4F, 0xED, 0x4F, 0xED, 0x4F, 0xED, 0x4F, 0xE5, 0x4F, 0xE5,
    0x4F, 0xE5, 0x6F, 0xED, 0x4C, 0xBC, 0x2F, 0xE5, 0x4F, 0xED, 0x0E, 0xDD, 0x2B, 0xB4, 0x8E, 0xC4,
    0x6D, 0xBC, 0x2C, 0xB4, 0xAE, 0xC4, 0x26, 0x5A, 0x00, 0x00, 0xFF, 0xFF, 0x00, 0x00, 0x00, 0x00,
    0x00, 0x00, 0x00, 0x00, 0x00, 0x00, 0x00, 0x00, 0x00, 0x00, 0x00, 0x00, 0x00, 0x00, 0x00, 0x00,
    0x00, 0x00, 0x00, 0x00, 0x00, 0x00, 0x00, 0x00, 0x00, 0x00, 0x00, 0x00, 0x00, 0x00, 0x00, 0x00,
    0x00, 0x00, 0x00, 0x00, 0x00, 0x00, 0x00, 0x00, 0x00, 0x00, 0x00, 0x00, 0x00, 0x00, 0x00, 0x00,
    0x00, 0x00, 0x00, 0x00, 0x00, 0x00, 0x00, 0x00, 0x00, 0x00, 0x00, 0x00, 0x00, 0x00, 0x00, 0x00,
    0x00, 0x00, 0x00, 0x00, 0x00, 0x00, 0x00, 0x00, 0x00, 0x00, 0x00, 0x00, 0x00, 0x00, 0x00, 0x00,
    0x00, 0x00, 0x00, 0x00, 0x00, 0x00, 0x00, 0x00, 0x00, 0x00, 0x00, 0x00, 0x00, 0x00, 0x00, 0x00,
    0x00, 0x00, 0x00, 0x00, 0x00, 0x00, 0x00, 0x00, 0x00, 0x00, 0x00, 0x00, 0x00, 0x00, 0x00, 0x00,
    0x00, 0x00, 0x00, 0x00, 0x00, 0x00, 0x00, 0x00, 0x00, 0x00, 0x00, 0x00, 0x00, 0x00, 0x00, 0x00,
    0x00, 0x00, 0x00, 0x00, 0x00, 0x00, 0x00, 0x00, 0x00, 0x00, 0x00, 0x00, 0x00, 0x00, 0x00, 0x00,
    0x00, 0x00, 0x00, 0x00, 0xAA, 0xA3, 0xB0, 0xF5, 0x4F, 0xE5, 0x4F, 0xE5, 0x4F, 0xED, 0x4F, 0xED,
    0x2F, 0xE5, 0x2F, 0xE5, 0x2F, 0xE5, 0x2F, 0xE5, 0x4F, 0xE5, 0x4F, 0xE5, 0x6F, 0xED, 0x4F, 0xED,
    0x4F, 0xED, 0x4F, 0xED, 0x4F, 0xED, 0x4F, 0xED, 0x2F, 0xE5, 0x2F, 0xE5, 0x4F, 0xED, 0xCE, 0xD4,
    0xCB, 0xA3, 0x90, 0xF5, 0x0E, 0xDD, 0xEC, 0xA3, 0xE8, 0x39, 0xE2, 0x28, 0x8B, 0x9B, 0x6D, 0xBC,
    0x6D, 0xC4, 0x6A, 0x93, 0x20, 0x00, 0x00, 0x00, 0x00, 0x00, 0x00, 0x00, 0x00, 0x00, 0x00, 0x00,
    0x00, 0x00, 0x00, 0x00, 0x00, 0x00, 0x00, 0x00, 0x00, 0x00, 0x00, 0x00, 0x00, 0x00, 0x00, 0x00,
    0x00, 0x00, 0x00, 0x00, 0x00, 0x00, 0x00, 0x00, 0x00, 0x00, 0x00, 0x00, 0x00, 0x00, 0x00, 0x00,
    0x00, 0x00, 0x00, 0x00, 0x00, 0x00, 0x00, 0x00, 0x00, 0x00, 0x00, 0x00, 0x00, 0x00, 0x00, 0x00,
    0x00, 0x00, 0x00, 0x00, 0x00, 0x00, 0x00, 0x00, 0x00, 0x00, 0x00, 0x00, 0x00, 0x00, 0x00, 0x00,
    0x00, 0x00, 0x00, 0x00, 0x00, 0x00, 0x00, 0x00, 0x00, 0x00, 0x00, 0x00, 0x00, 0x00, 0x00, 0x00,
    0x00, 0x00, 0x00, 0x00, 0x00, 0x00, 0x00, 0x00, 0x00, 0x00, 0x00, 0x00, 0x00, 0x00, 0x00, 0x00,
    0x00, 0x00, 0x00, 0x00, 0x00, 0x00, 0x00, 0x00, 0x00, 0x00, 0x00, 0x00, 0x00, 0x00, 0x00, 0x00,
    0x00, 0x00, 0x00, 0x00, 0x00, 0x00, 0x00, 0x00, 0x00, 0x00, 0x00, 0x00, 0x00, 0x00, 0x00, 0x00,
    0x00, 0x00, 0x00, 0x00, 0x00, 0x00, 0x00, 0x00, 0x00, 0x00, 0xA0, 0x52, 0x00, 0x00, 0x61, 0x10,
    0xEE, 0xDC, 0xD0, 0xFD, 0x70, 0xED, 0x8D, 0xCC, 0x4C, 0xBC, 0x90, 0xF5, 0x2F, 0xE5, 0x2F, 0xE5,
    0x2F, 0xE5, 0x2F, 0xE5, 0x2F, 0xE5, 0x4F, 0xED, 0x4F, 0xED, 0x4F, 0xED, 0x4F, 0xED, 0x4F, 0xED,
    0x4F, 0xED, 0x4F, 0xE5, 0x2F, 0xE5, 0x2F, 0xE5, 0x70, 0xED, 0xEB, 0xAB, 0x4D, 0xAC, 0xB1, 0xF5,
    0x2C, 0xBC, 0xD3, 0xA4, 0xBF, 0xF7, 0xA7, 0x31, 0x41, 0x08, 0x0C, 0xAC, 0x8D, 0xC4, 0x6D, 0xC4,
    0x85, 0x41, 0x00, 0x00, 0xE7, 0x79, 0x00, 0x00, 0x00, 0x00, 0x00, 0x00, 0x00, 0x00, 0x00, 0x00,
    0x00, 0x00, 0x00, 0x00, 0x00, 0x00, 0x00, 0x00, 0x00, 0x00, 0x00, 0x00, 0x00, 0x00, 0x00, 0x00,
    0x00, 0x00, 0x00, 0x00, 0x00, 0x00, 0x00, 0x00, 0x00, 0x00, 0x00, 0x00, 0x00, 0x00, 0x00, 0x00,
    0x00, 0x00, 0x00, 0x00, 0x00, 0x00, 0x00, 0x00, 0x00, 0x00, 0x00, 0x00, 0x00, 0x00, 0x00, 0x00,
    0x00, 0x00, 0x00, 0x00, 0x00, 0x00, 0x00, 0x00, 0x00, 0x00, 0x00, 0x00, 0x00, 0x00, 0x00, 0x00,
    0x00, 0x00, 0x00, 0x00, 0x00, 0x00, 0x00, 0x00, 0x00, 0x00, 0x00, 0x00, 0x00, 0x00, 0x00, 0x00,
    0x00, 0x00, 0x00, 0x00, 0x00, 0x00, 0x00, 0x00, 0x00, 0x00, 0x00, 0x00, 0x00, 0x00, 0x00, 0x00,
    0x00, 0x00, 0x00, 0x00, 0x00, 0x00, 0x00, 0x00, 0x00, 0x00, 0x00, 0x00, 0x00, 0x00, 0x00, 0x00,
    0x00, 0x00, 0x00, 0x00, 0x00, 0x00, 0x00, 0x00, 0x00, 0x00, 0x00, 0x00, 0x00, 0x00, 0x00, 0x00,
    0x00, 0x00, 0x00, 0x00, 0x00, 0x00, 0xE7, 0x39, 0x00, 0x00, 0xE5, 0x51, 0x26, 0x5A, 0x08, 0x8B,
    0xF1, 0xFD, 0x50, 0xDD, 0x2C, 0xB4, 0x70, 0xED, 0x2F, 0xE5, 0x2F, 0xE5, 0x2F, 0xE5, 0x2F, 0xE5,
    0x2F, 0xE5, 0x4F, 0xED, 0x4F, 0xED, 0x4F, 0xED, 0x4F, 0xED, 0x6F, 0xED, 0x4F, 0xED, 0x2F, 0xE5,
    0x2F, 0xE5, 0x2F, 0xE5, 0x70, 0xED, 0x2C, 0xB4, 0xCF, 0xC4, 0x50, 0xED, 0x8B, 0x9B, 0x5A, 0xCE,
    0xFF, 0xFF, 0x14, 0xA5, 0x00, 0x00, 0xA5, 0x49, 0xAE, 0xCC, 0xAE, 0xC4, 0xA8, 0x72, 0x00, 0x00,
    0xFF, 0xFF, 0x00, 0x00, 0x00, 0x00, 0x00, 0x00, 0x00, 0x00, 0x00, 0x00, 0x00, 0x00, 0x00, 0x00,
    0x00, 0x00, 0x00, 0x00, 0x00, 0x00, 0x00, 0x00, 0x00, 0x00, 0x00, 0x00, 0x00, 0x00, 0x00, 0x00,
    0x00, 0x00, 0x00, 0x00, 0x00, 0x00, 0x00, 0x00, 0x00, 0x00, 0x00, 0x00, 0x00, 0x00, 0x00, 0x00,
    0x00, 0x00, 0x00, 0x00, 0x00, 0x00, 0x00, 0x00, 0x00, 0x00, 0x00, 0x00, 0x00, 0x00, 0x00, 0x00,
    0x00, 0x00, 0x00, 0x00, 0x00, 0x00, 0x00, 0x00, 0x00, 0x00, 0x00, 0x00, 0x00, 0x00, 0x00, 0x00,
    0x00, 0x00, 0x00, 0x00, 0x00, 0x00, 0x00, 0x00, 0x00, 0x00, 0x00, 0x00, 0x00, 0x00, 0x00, 0x00,
    0x00, 0x00, 0x00, 0x00, 0x00, 0x00, 0x00, 0x00, 0x00, 0x00, 0x00, 0x00, 0x00, 0x00, 0x00, 0x00,
    0x00, 0x00, 0x00, 0x00, 0x00, 0x00, 0x00, 0x00, 0x00, 0x00, 0x00, 0x00, 0x00, 0x00, 0x00, 0x00,
    0x00, 0x00, 0x00, 0x00, 0x00, 0x00, 0x00, 0x00, 0x00, 0x00, 0x00, 0x00, 0x00, 0x00, 0x00, 0x00,
    0x00, 0x00, 0x00, 0x00, 0x00, 0x00, 0x40, 0x08, 0x25, 0x21, 0xEB, 0x62, 0x0F, 0xDD, 0x13, 0xF6,
    0xEB, 0xAB, 0x2F, 0xE5, 0x2F, 0xE5, 0x2F, 0xE5, 0x2F, 0xE5, 0x2F, 0xE5, 0x2F, 0xE5, 0x4F, 0xED,
    0x4F, 0xED, 0x4F, 0xED, 0x4F, 0xED, 0x4F, 0xED, 0x2F, 0xE5, 0x2F, 0xE5, 0x2F, 0xE5, 0x4F, 0xE5,
    0x2F, 0xE5, 0x4F, 0xE5, 0x50, 0xE5, 0xEE, 0xDC, 0x8C, 0x8B, 0x3D, 0xE7, 0xFF, 0xFF, 0x59, 0xCE,
    0x82, 0x08, 0x61, 0x08, 0xAB, 0x9B, 0xCE, 0xCC, 0x29, 0x8B, 0x00, 0x00, 0x00, 0x00, 0x00, 0x00,
    0x00, 0x00, 0x00, 0x00, 0x00, 0x00, 0x00, 0x00, 0x00, 0x00, 0x00, 0x00, 0x00, 0x00, 0x00, 0x00,
    0x00, 0x00, 0x00, 0x00, 0x00, 0x00, 0x00, 0x00, 0x00, 0x00, 0x00, 0x00, 0x00, 0x00, 0x00, 0x00,
    0x00, 0x00, 0x00, 0x00, 0x00, 0x00, 0x00, 0x00, 0x00, 0x00, 0x00, 0x00, 0x00, 0x00, 0x00, 0x00,
    0x00, 0x00, 0x00, 0x00, 0x00, 0x00, 0x00, 0x00, 0x00, 0x00, 0x00, 0x00, 0x00, 0x00, 0x00, 0x00,
    0x00, 0x00, 0x00, 0x00, 0x00, 0x00, 0x00, 0x00, 0x00, 0x00, 0x00, 0x00, 0x00, 0x00, 0x00, 0x00,
    0x00, 0x00, 0x00, 0x00, 0x00, 0x00, 0x00, 0x00, 0x00, 0x00, 0x00, 0x00, 0x00, 0x00, 0x00, 0x00,
    0x00, 0x00, 0x00, 0x00, 0x00, 0x00, 0x00, 0x00, 0x00, 0x00, 0x00, 0x00, 0x00, 0x00, 0x00, 0x00,
    0x00, 0x00, 0x00, 0x00, 0x00, 0x00, 0x00, 0x00, 0x00, 0x00, 0x00, 0x00, 0x00, 0x00, 0x00, 0x00,
    0x00, 0x00, 0x00, 0x00, 0x00, 0x00, 0x00, 0x00, 0x00, 0x00, 0x00, 0x00, 0x00, 0x00, 0x00, 0x00,
    0x00, 0x00, 0x00, 0x00, 0xAF, 0x73, 0x39, 0xC6, 0x0B, 0xB4, 0x13, 0xFE, 0xCE, 0xD4, 0x2F, 0xE5,
    0x2F, 0xE5, 0x2F, 0xE5, 0x2F, 0xE5, 0x2F, 0xE5, 0x2F, 0xE5, 0x4F, 0xED, 0x4F, 0xED, 0x4F, 0xED,
    0x4F, 0xED, 0x4F, 0xED, 0x2F, 0xE5, 0x2F, 0xE5, 0x2F, 0xE5, 0x2F, 0xE5, 0x2F, 0xE5, 0x2F, 0xE5,
    0x2F, 0xE5, 0xEE, 0xD4, 0x68, 0x5A, 0x3D, 0xE7, 0xFF, 0xFF, 0xBA, 0xD6, 0xA3, 0x10, 0x62, 0x00,
    0x47, 0x62, 0xCE, 0xCC, 0x0C, 0xB4, 0x23, 0x31, 0x00, 0x00, 0xE7, 0x39, 0x00, 0x00, 0x00, 0x00,
    0x00, 0x00, 0x00, 0x00, 0x00, 0x00, 0x00, 0x00, 0x00, 0x00, 0x00, 0x00, 0x00, 0x00, 0x00, 0x00,
    0x00, 0x00, 0x00, 0x00, 0x00, 0x00, 0x00, 0x00, 0x00, 0x00, 0x00, 0x00, 0x00, 0x00, 0x00, 0x00,
    0x00, 0x00, 0x00, 0x00, 0x00, 0x00, 0x00, 0x00, 0x00, 0x00, 0x00, 0x00, 0x00, 0x00, 0x00, 0x00,
    0x00, 0x00, 0x00, 0x00, 0x00, 0x00, 0x00, 0x00, 0x00, 0x00, 0x00, 0x00, 0x00, 0x00, 0x00, 0x00,
    0x00, 0x00, 0x00, 0x00, 0x00, 0x00, 0x00, 0x00, 0x00, 0x00, 0x00, 0x00, 0x00, 0x00, 0x00, 0x00,
    0x00, 0x00, 0x00, 0x00, 0x00, 0x00, 0x00, 0x00, 0x00, 0x00, 0x00, 0x00, 0x00, 0x00, 0x00, 0x00,
    0x00, 0x00, 0x00, 0x00, 0x00, 0x00, 0x00, 0x00, 0x00, 0x00, 0x00, 0x00, 0x00, 0x00, 0x00, 0x00,
    0x00, 0x00, 0x00, 0x00, 0x00, 0x00, 0x00, 0x00, 0x00, 0x00, 0x00, 0x00, 0x00, 0x00, 0x00, 0x00,
    0x00, 0x00, 0x00, 0x00, 0x00, 0x00, 0x00, 0x00, 0x00, 0x00, 0x00, 0x00, 0x00, 0x00, 0x00, 0x00,
    0x92, 0x8C, 0x7E, 0xEF, 0x8A, 0x9B, 0xB1, 0xFD, 0x70, 0xED, 0x2F, 0xE5, 0x2F, 0xE5, 0x2F, 0xE5,
    0x2F, 0xE5, 0x4F, 0xE5, 0x4F, 0xED, 0x4F, 0xED, 0x4F, 0xED, 0x4F, 0xED, 0x4F, 0xED, 0x4F, 0xED,
    0x2F, 0xE5, 0x2F, 0xE5, 0x2F, 0xE5, 0x2F, 0xE5, 0x2F, 0xE5, 0x4F, 0xED, 0x2F, 0xE5, 0x2F, 0xE5,
    0x23, 0x31, 0xDB, 0xD6, 0xFF, 0xFF, 0x59, 0xCE, 0x82, 0x08, 0xA2, 0x10, 0x03, 0x29, 0x6D, 0xBC,
    0x8D, 0xC4, 0xC5, 0x49, 0x00, 0x00, 0x4A, 0xAD, 0x00, 0x00, 0x00, 0x00, 0x00, 0x00, 0x00, 0x00,
    0x00, 0x00, 0x00, 0x00, 0x00, 0x00, 0x00, 0x00, 0x00, 0x00, 0x00, 0x00, 0x00, 0x00, 0x00, 0x00,
    0x00, 0x00, 0x00, 0x00, 0x00, 0x00, 0x00, 0x00, 0x00, 0x00, 0x00, 0x00, 0x00, 0x00, 0x00, 0x00,
    0x00, 0x00, 0x00, 0x00, 0x00, 0x00, 0x00, 0x00, 0x00, 0x00, 0x00, 0x00, 0x00, 0x00, 0x00, 0x00,
    0x00, 0x00, 0x00, 0x00, 0x00, 0x00, 0x00, 0x00, 0x00, 0x00, 0x00, 0x00, 0x00, 0x00, 0x00, 0x00,
    0x00, 0x00, 0x00, 0x00, 0x00, 0x00, 0x00, 0x00, 0x00, 0x00, 0x00, 0x00, 0x00, 0x00, 0x00, 0x00,
    0x00, 0x00, 0x00, 0x00, 0x00, 0x00, 0x00, 0x00, 0x00, 0x00, 0x00, 0x00, 0x00, 0x00, 0x00, 0x00,
    0x00, 0x00, 0x00, 0x00, 0x00, 0x00, 0x00, 0x00, 0x00, 0x00, 0x00, 0x00, 0x00, 0x00, 0x00, 0x00,
    0x00, 0x00, 0x00, 0x00, 0x00, 0x00, 0x00, 0x00, 0x00, 0x00, 0x00, 0x00, 0x00, 0x00, 0x00, 0x00,
    0x00, 0x00, 0x00, 0x00, 0x00, 0x00, 0x00, 0x00, 0xEF, 0xFB, 0x00, 0x00, 0xF0, 0x7B, 0xFF, 0xFF,
    0xAC, 0x8B, 0x4F, 0xED, 0x4F, 0xE5, 0x4F, 0xED, 0x4F, 0xE5, 0x4F, 0xE5, 0x4F, 0xE5, 0x4F, 0xED,
    0x4F, 0xED, 0x4F, 0xED, 0x4F, 0xED, 0x4F, 0xED, 0x4F, 0xED, 0x4F, 0xED, 0x4F, 0xE5, 0x2F, 0xE5,
    0x2F, 0xE5, 0x2F, 0xE5, 0x4F, 0xE5, 0x4F, 0xED, 0x4F, 0xED, 0x70, 0xED, 0xA1, 0x20, 0x31, 0x84,
    0xFF, 0xFF, 0x56, 0xAD, 0x41, 0x00, 0x86, 0x19, 0xC3, 0x08, 0x8B, 0x9B, 0xCE, 0xCC, 0x47, 0x62,
    0x00, 0x00, 0x00, 0x00, 0x00, 0x00, 0x00, 0x00, 0x00, 0x00, 0x00, 0x00, 0x00, 0x00, 0x00, 0x00,
    0x00, 0x00, 0x00, 0x00, 0x00, 0x00, 0x00, 0x00, 0x00, 0x00, 0x00, 0x00, 0x00, 0x00, 0x00, 0x00,
    0x00, 0x00, 0x00, 0x00, 0x00, 0x00, 0x00, 0x00, 0x00, 0x00, 0x00, 0x00, 0x00, 0x00, 0x00, 0x00,
    0x00, 0x00, 0x00, 0x00, 0x00, 0x00, 0x00, 0x00, 0x00, 0x00, 0x00, 0x00, 0x00, 0x00, 0x00, 0x00,
    0x00, 0x00, 0x00, 0x00, 0x00, 0x00, 0x00, 0x00, 0x00, 0x00, 0x00, 0x00, 0x00, 0x00, 0x00, 0x00,
    0x00, 0x00, 0x00, 0x00, 0x00, 0x00, 0x00, 0x00, 0x00, 0x00, 0x00, 0x00, 0x00, 0x00, 0x00, 0x00,
    0x00, 0x00, 0x00, 0x00, 0x00, 0x00, 0x00, 0x00, 0x00, 0x00, 0x00, 0x00, 0x00, 0x00, 0x00, 0x00,
    0x00, 0x00, 0x00, 0x00, 0x00, 0x00, 0x00, 0x00, 0x00, 0x00, 0x00, 0x00, 0x00, 0x00, 0x00, 0x00,
    0x00, 0x00, 0x00, 0x00, 0x00, 0x00, 0x00, 0x00, 0x00, 0x00, 0x00, 0x00, 0x00, 0x00, 0x00, 0x00,
    0x00, 0x00, 0x00, 0x00, 0x00, 0x28, 0x67, 0x01, 0x0D, 0x4B, 0xFF, 0xFF, 0xEE, 0x8B, 0xED, 0xDC,
    0x6F, 0xED, 0x4F, 0xED, 0x4F, 0xED, 0x4F, 0xED, 0x4F, 0xED, 0x4F, 0xED, 0x4F, 0xED, 0x4F, 0xED,
    0x4F, 0xED, 0x4F, 0xED, 0x4F, 0xED, 0x4F, 0xED, 0x4F, 0xED, 0x4F, 0xED, 0x4F, 0xED, 0x4F, 0xED,
    0x6F, 0xED, 0x4F, 0xED, 0x4F, 0xED, 0x6F, 0xED, 0x44, 0x31, 0x82, 0x08, 0xD4, 0x94, 0x6B, 0x4A,
    0x40, 0x08, 0x6B, 0x12, 0x2B, 0x02, 0x87, 0x6A, 0xEF, 0xD4, 0x6A, 0x93, 0x00, 0x00, 0x00, 0x00,
    0x00, 0x00, 0x00, 0x00, 0x00, 0x00, 0x00, 0x00, 0x00, 0x00, 0x00, 0x00, 0x00, 0x00, 0x00, 0x00,
    0x00, 0x00, 0x00, 0x00, 0x00, 0x00, 0x00, 0x00, 0x00, 0x00, 0x00, 0x00, 0x00, 0x00, 0x00, 0x00,
    0x00, 0x00, 0x00, 0x00, 0x00, 0x00, 0x00, 0x00, 0x00, 0x00, 0x00, 0x00, 0x00, 0x00, 0x00, 0x00,
    0x00, 0x00, 0x00, 0x00, 0x00, 0x00, 0x00, 0x00, 0x00, 0x00, 0x00, 0x00, 0x00, 0x00, 0x00, 0x00,
    0x00, 0x00, 0x00, 0x00, 0x00, 0x00, 0x00, 0x00, 0x00, 0x00, 0x00, 0x00, 0x00, 0x00, 0x00, 0x00,
    0x00, 0x00, 0x00, 0x00, 0x00, 0x00, 0x00, 0x00, 0x00, 0x00, 0x00, 0x00, 0x00, 0x00, 0x00, 0x00,
    0x00, 0x00, 0x00, 0x00, 0x00, 0x00, 0x00, 0x00, 0x00, 0x00, 0x00, 0x00, 0x00, 0x00, 0x00, 0x00,
    0x00, 0x00, 0x00, 0x00, 0x00, 0x00, 0x00, 0x00, 0x00, 0x00, 0x00, 0x00, 0x00, 0x00, 0x00, 0x00,
    0x00, 0x00, 0x00, 0x00, 0x00, 0x00, 0x00, 0x00, 0x00, 0x00, 0x00, 0x00, 0x00, 0x00, 0x00, 0x00,
    0x00, 0x00, 0x6C, 0x02, 0x25, 0x09, 0x1C, 0xE7, 0x54, 0xAD, 0x8C, 0xD4, 0x70, 0xED, 0x4F, 0xED,
    0x4F, 0xED, 0x4F, 0xED, 0x4F, 0xED, 0x4F, 0xED, 0x4F, 0xED, 0x4F, 0xED, 0x4F, 0xED, 0x4F, 0xED,
    0x4F, 0xED, 0x4F, 0xED, 0x4F, 0xED, 0x4F, 0xED, 0x4F, 0xED, 0x4F, 0xED, 0x4F, 0xED, 0x2F, 0xE5,
    0x4F, 0xED, 0x6F, 0xED, 0x64, 0x39, 0x05, 0x09, 0x82, 0x08, 0x82, 0x08, 0xA2, 0x18, 0x2A, 0x0A,
    0xEF, 0x02, 0x68, 0x5A, 0xAE, 0xCC, 0xEC, 0xAB, 0x82, 0x18, 0x00, 0x00, 0x00, 0x50, 0x00, 0x00,
    0x00, 0x00, 0x00, 0x00, 0x00, 0x00, 0x00, 0x00, 0x00, 0x00, 0x00, 0x00, 0x00, 0x00, 0x00, 0x00,
    0x00, 0x00, 0x00, 0x00, 0x00, 0x00, 0x00, 0x00, 0x00, 0x00, 0x00, 0x00, 0x00, 0x00, 0x00, 0x00,
    0x00, 0x00, 0x00, 0x00, 0x00, 0x00, 0x00, 0x00, 0x00, 0x00, 0x00, 0x00, 0x00, 0x00, 0x00, 0x00,
    0x00, 0x00, 0x00, 0x00, 0x00, 0x00, 0x00, 0x00, 0x00, 0x00, 0x00, 0x00, 0x00, 0x00, 0x00, 0x00,
    0x00, 0x00, 0x00, 0x00, 0x00, 0x00, 0x00, 0x00, 0x00, 0x00, 0x00, 0x00, 0x00, 0x00, 0x00, 0x00,
    0x00, 0x00, 0x00, 0x00, 0x00, 0x00, 0x00, 0x00, 0x00, 0x00, 0x00, 0x00, 0x00, 0x00, 0x00, 0x00,
    0x00, 0x00, 0x00, 0x00, 0x00, 0x00, 0x00, 0x00, 0x00, 0x00, 0x00, 0x00, 0x00, 0x00, 0x00, 0x00,
    0x00, 0x00, 0x00, 0x00, 0x00, 0x00, 0x00, 0x00, 0x00, 0x00, 0x00, 0x00, 0x00, 0x00, 0x00, 0x00,
    0x00, 0x00, 0x00, 0x00, 0x00, 0x00, 0x00, 0x00, 0x00, 0x00, 0x00, 0x00, 0x00, 0x00, 0xE9, 0x01,
    0x04, 0x09, 0x29, 0x42, 0xCB, 0x5A, 0x8D, 0xCC, 0x70, 0xED, 0x4F, 0xED, 0x4F, 0xED, 0x4F, 0xED,
    0x4F, 0xED, 0x4F, 0xE5, 0x4F, 0xE5, 0x4F, 0xED, 0x4F, 0xED, 0x4F, 0xED, 0x4F, 0xED, 0x4F, 0xED,
    0x4F, 0xED, 0x4F, 0xED, 0x4F, 0xED, 0x2F, 0xE5, 0x2F, 0xE5, 0x2F, 0xE5, 0x2F, 0xE5, 0x6F, 0xED,
    0x85, 0x39, 0x6C, 0x02, 0x45, 0x19, 0xA3, 0x10, 0xA2, 0x10, 0x8C, 0x22, 0x0F, 0x03, 0x4D, 0x6B,
    0x6D, 0xC4, 0x4D, 0xBC, 0x23, 0x31, 0x00, 0x00, 0xE7, 0x39, 0x00, 0x00, 0x00, 0x00, 0x00, 0x00,
    0x00, 0x00, 0x00, 0x00, 0x00, 0x00, 0x00, 0x00, 0x00, 0x00, 0x00, 0x00, 0x00, 0x00, 0x00, 0x00,
    0x00, 0x00, 0x00, 0x00, 0x00, 0x00, 0x00, 0x00, 0x00, 0x00, 0x00, 0x00, 0x00, 0x00, 0x00, 0x00,
    0x00, 0x00, 0x00, 0x00, 0x00, 0x00, 0x00, 0x00, 0x00, 0x00, 0x00, 0x00, 0x00, 0x00, 0x00, 0x00,
    0x00, 0x00, 0x00, 0x00, 0x00, 0x00, 0x00, 0x00, 0x00, 0x00, 0x00, 0x00, 0x00, 0x00, 0x00, 0x00,
    0x00, 0x00, 0x00, 0x00, 0x00, 0x00, 0x00, 0x00, 0x00, 0x00, 0x00, 0x00, 0x00, 0x00, 0x00, 0x00,
    0x00, 0x00, 0x00, 0x00, 0x00, 0x00, 0x00, 0x00, 0x00, 0x00, 0x00, 0x00, 0x00, 0x00, 0x00, 0x00,
    0x00, 0x00, 0x00, 0x00, 0x00, 0x00, 0x00, 0x00, 0x00, 0x00, 0x00, 0x00, 0x00, 0x00, 0x00, 0x00,
    0x00, 0x00, 0x00, 0x00, 0x00, 0x00, 0x00, 0x00, 0x00, 0x00, 0x00, 0x00, 0x00, 0x00, 0x00, 0x00,
    0x00, 0x00, 0x00, 0x00, 0x00, 0x00, 0x00, 0x00, 0x00, 0x00, 0x4A, 0x1A, 0xC8, 0x19, 0x41, 0x08,
    0x61, 0x08, 0xAD, 0xCC, 0x90, 0xF5, 0x4F, 0xED, 0x4F, 0xED, 0x4F, 0xED, 0x4F, 0xE5, 0x4F, 0xE5,
    0x4F, 0xE5, 0x4F, 0xED, 0x4F, 0xED, 0x4F, 0xED, 0x4F, 0xED, 0x4F, 0xED, 0x4F, 0xED, 0x4F, 0xED,
    0x4F, 0xED, 0x2F, 0xE5, 0x2F, 0xE5, 0x2F, 0xE5, 0x4F, 0xE5, 0x6F, 0xF5, 0x27, 0x42, 0xEF, 0x02,
    0x2A, 0x12, 0x25, 0x21, 0x04, 0x19, 0x4F, 0x33, 0x2F, 0x1B, 0x10, 0x7C, 0x8E, 0xC4, 0x8E, 0xC4,
    0xE5, 0x51, 0x00, 0x00, 0xFF, 0xFF, 0x00, 0x00, 0x00, 0x00, 0x00, 0x00, 0x00, 0x00, 0x00, 0x00,
    0x00, 0x00, 0x00, 0x00, 0x00, 0x00, 0x00, 0x00, 0x00, 0x00, 0x00, 0x00, 0x00, 0x00, 0x00, 0x00,
    0x00, 0x00, 0x00, 0x00, 0x00, 0x00, 0x00, 0x00, 0x00, 0x00, 0x00, 0x00, 0x00, 0x00, 0x00, 0x00,
    0x00, 0x00, 0x00, 0x00, 0x00, 0x00, 0x00, 0x00, 0x00, 0x00, 0x00, 0x00, 0x00, 0x00, 0x00, 0x00,
    0x00, 0x00, 0x00, 0x00, 0x00, 0x00, 0x00, 0x00, 0x00, 0x00, 0x00, 0x00, 0x00, 0x00, 0x00, 0x00,
    0x00, 0x00, 0x00, 0x00, 0x00, 0x00, 0x00, 0x00, 0x00, 0x00, 0x00, 0x00, 0x00, 0x00, 0x00, 0x00,
    0x00, 0x00, 0x00, 0x00, 0x00, 0x00, 0x00, 0x00, 0x00, 0x00, 0x00, 0x00, 0x00, 0x00, 0x00, 0x00,
    0x00, 0x00, 0x00, 0x00, 0x00, 0x00, 0x00, 0x00, 0x00, 0x00, 0x00, 0x00, 0x00, 0x00, 0x00, 0x00,
    0x00, 0x00, 0x00, 0x00, 0x00, 0x00, 0x00, 0x00, 0x00, 0x00, 0x00, 0x00, 0x00, 0x00, 0x00, 0x00,
    0x00, 0x00, 0x00, 0x00, 0x00, 0x00, 0x2E, 0x4B, 0x4E, 0x4B, 0xA2, 0x10, 0x25, 0x09, 0x2C, 0xBC,
    0x90, 0xF5, 0x4F, 0xED, 0x4F, 0xED, 0x4F, 0xE5, 0x4F, 0xE5, 0x4F, 0xE5, 0x4F, 0xE5, 0x4F, 0xED,
    0x4F, 0xED, 0x4F, 0xED, 0x4F, 0xED, 0x4F, 0xED, 0x4F, 0xED, 0x4F, 0xED, 0x4F, 0xED, 0x2F, 0xE5,
    0x2F, 0xE5, 0x2F, 0xE5, 0x4F, 0xE5, 0xB0, 0xFD, 0xC9, 0x62, 0xCE, 0x02, 0x12, 0x44, 0xB0, 0x53,
    0x0D, 0x33, 0xD1, 0x3B, 0x50, 0x23, 0xCA, 0x5A, 0x6D, 0xC4, 0x8E, 0xC4, 0x67, 0x6A, 0x00, 0x00,
    0x00, 0x00, 0x00, 0x00, 0x00, 0x00, 0x00, 0x00, 0x00, 0x00, 0x00, 0x00, 0x00, 0x00, 0x00, 0x00,
    0x00, 0x00, 0x00, 0x00, 0x00, 0x00, 0x00, 0x00, 0x00, 0x00, 0x00, 0x00, 0x00, 0x00, 0x00, 0x00,
    0x00, 0x00, 0x00, 0x00, 0x00, 0x00, 0x00, 0x00, 0x00, 0x00, 0x00, 0x00, 0x00, 0x00, 0x00, 0x00,
    0x00, 0x00, 0x00, 0x00, 0x00, 0x00, 0x00, 0x00, 0x00, 0x00, 0x00, 0x00, 0x00, 0x00, 0x00, 0x00,
    0x00, 0x00, 0x00, 0x00, 0x00, 0x00, 0x00, 0x00, 0x00, 0x00, 0x00, 0x00, 0x00, 0x00, 0x00, 0x00,
    0x00, 0x00, 0x00, 0x00, 0x00, 0x00, 0x00, 0x00, 0x00, 0x00, 0x00, 0x00, 0x00, 0x00, 0x00, 0x00,
    0x00, 0x00, 0x00, 0x00, 0x00, 0x00, 0x00, 0x00, 0x00, 0x00, 0x00, 0x00, 0x00, 0x00, 0x00, 0x00,
    0x00, 0x00, 0x00, 0x00, 0x00, 0x00, 0x00, 0x00, 0x00, 0x00, 0x00, 0x00, 0x00, 0x00, 0x00, 0x00,
    0x00, 0x00, 0x00, 0x00, 0x00, 0x00, 0x00, 0x00, 0x00, 0x00, 0x00, 0x00, 0x00, 0x00, 0x00, 0x00,
    0x00, 0x00, 0xA7, 0x29, 0xB4, 0x64, 0x4B, 0x0A, 0x4C, 0x02, 0x2C, 0xB4, 0x90, 0xF5, 0x4F, 0xE5,
    0x4F, 0xE5, 0x2F, 0xE5, 0x2F, 0xE5, 0x4F, 0xE5, 0x4F, 0xE5, 0x4F, 0xED, 0x4F, 0xED, 0x4F, 0xED,
    0x4F, 0xED, 0x4F, 0xED, 0x4F, 0xED, 0x4F, 0xED, 0x4F, 0xED, 0x2F, 0xE5, 0x2F, 0xE5, 0x4F, 0xED,
    0x4F, 0xE5, 0xB0, 0xFD, 0x4A, 0x8B, 0xEE, 0x0A, 0x94, 0x64, 0xB5, 0x5C, 0x91, 0x13, 0x6C, 0x12,
    0xAA, 0x4A, 0x8B, 0x9B, 0x4D, 0xBC, 0xAE, 0xCC, 0xA8, 0x72, 0x00, 0x00, 0x00, 0x00, 0x00, 0x00,
    0x00, 0x00, 0x00, 0x00, 0x00, 0x00, 0x00, 0x00, 0x00, 0x00, 0x00, 0x00, 0x00, 0x00, 0x00, 0x00,
    0x00, 0x00, 0x00, 0x00, 0x00, 0x00, 0x00, 0x00, 0x00, 0x00, 0x00, 0x00, 0x00, 0x00, 0x00, 0x00,
    0x00, 0x00, 0x00, 0x00, 0x00, 0x00, 0x00, 0x00, 0x00, 0x00, 0x00, 0x00, 0x00, 0x00, 0x00, 0x00,
    0x00, 0x00, 0x00, 0x00, 0x00, 0x00, 0x00, 0x00, 0x00, 0x00, 0x00, 0x00, 0x00, 0x00, 0x00, 0x00,
    0x00, 0x00, 0x00, 0x00, 0x00, 0x00, 0x00, 0x00, 0x00, 0x00, 0x00, 0x00, 0x00, 0x00, 0x00, 0x00,
    0x00, 0x00, 0x00, 0x00, 0x00, 0x00, 0x00, 0x00, 0x00, 0x00, 0x00, 0x00, 0x00, 0x00, 0x00, 0x00,
    0x00, 0x00, 0x00, 0x00, 0x00, 0x00, 0x00, 0x00, 0x00, 0x00, 0x00, 0x00, 0x00, 0x00, 0x00, 0x00,
    0x00, 0x00, 0x00, 0x00, 0x00, 0x00, 0x00, 0x00, 0x00, 0x00, 0x00, 0x00, 0x00, 0x00, 0x00, 0x00,
    0x00, 0x00, 0x00, 0x00, 0x00, 0x00, 0x00, 0x00, 0x00, 0x00, 0x00, 0x00, 0x03, 0x31, 0x88, 0x6A,
    0x4F, 0x33, 0x71, 0x03, 0x8D, 0x02, 0x2C, 0xB4, 0x90, 0xF5, 0x2F, 0xE5, 0x2F, 0xE5, 0x2F, 0xE5,
    0x2F, 0xE5, 0x2F, 0xE5, 0x4F, 0xED, 0x4F, 0xED, 0x4F, 0xED, 0x4F, 0xED, 0x4F, 0xED, 0x4F, 0xED,
    0x4F, 0xED, 0x4F, 0xED, 0x4F, 0xED, 0x4F, 0xED, 0x4F, 0xED, 0x4F, 0xED, 0x4F, 0xED, 0x70, 0xED,
    0x4C, 0xC4, 0x0A, 0x02, 0xF2, 0x3B, 0x2E, 0x43, 0x48, 0x3A, 0x09, 0x83, 0x4D, 0xC4, 0x8D, 0xC4,
    0x4D, 0xBC, 0x8E, 0xC4, 0x4A, 0x8B, 0x00, 0x00, 0x00, 0x00, 0x00, 0x00, 0x00, 0x00, 0x00, 0x00,
    0x00, 0x00, 0x00, 0x00, 0x00, 0x00, 0x00, 0x00, 0x00, 0x00, 0x00, 0x00, 0x00, 0x00, 0x00, 0x00,
    0x00, 0x00, 0x00, 0x00, 0x00, 0x00, 0x00, 0x00, 0x00, 0x00, 0x00, 0x00, 0x00, 0x00, 0x00, 0x00,
    0x00, 0x00, 0x00, 0x00, 0x00, 0x00, 0x00, 0x00, 0x00, 0x00, 0x00, 0x00, 0x00, 0x00, 0x00, 0x00,
    0x00, 0x00, 0x00, 0x00, 0x00, 0x00, 0x00, 0x00, 0x00, 0x00, 0x00, 0x00, 0x00, 0x00, 0x00, 0x00,
    0x00, 0x00, 0x00, 0x00, 0x00, 0x00, 0x00, 0x00, 0x00, 0x00, 0x00, 0x00, 0x00, 0x00, 0x00, 0x00,
    0x00, 0x00, 0x00, 0x00, 0x00, 0x00, 0x00, 0x00, 0x00, 0x00, 0x00, 0x00, 0x00, 0x00, 0x00, 0x00,
    0x00, 0x00, 0x00, 0x00, 0x00, 0x00, 0x00, 0x00, 0x00, 0x00, 0x00, 0x00, 0x00, 0x00, 0x00, 0x00,
    0x00, 0x00, 0x00, 0x00, 0x00, 0x00, 0x00, 0x00, 0x00, 0x00, 0x00, 0x00, 0x00, 0x00, 0x00, 0x00,
    0x00, 0x00, 0x00, 0x00, 0xE7, 0x79, 0x00, 0x00, 0x84, 0x41, 0x4F, 0xED, 0x49, 0x8B, 0x4A, 0x2A,
    0x2A, 0x0A, 0x4C, 0xBC, 0x90, 0xF5, 0x2F, 0xE5, 0x2F, 0xE5, 0x2F, 0xE5, 0x2F, 0xE5, 0x2F, 0xE5,
    0x4F, 0xED, 0x4F, 0xED, 0x4F, 0xED, 0x4F, 0xED, 0x4F, 0xED, 0x4F, 0xED, 0x4F, 0xED, 0x4F, 0xED,
    0x4F, 0xED, 0x4F, 0xED, 0x4F, 0xED, 0x4F, 0xED, 0x4F, 0xED, 0x2F, 0xE5, 0x4F, 0xED, 0x6A, 0x8B,
    0xAB, 0x93, 0x8D, 0xCC, 0xCE, 0xDC, 0xAE, 0xCC, 0x6D, 0xBC, 0x4D, 0xBC, 0x4D, 0xBC, 0x6D, 0xBC,
    0xAB, 0x9B, 0x20, 0x08, 0x00, 0x00, 0x00, 0x38, 0x00, 0x00, 0x00, 0x00, 0x00, 0x00, 0x00, 0x00,
    0x00, 0x00, 0x00, 0x00, 0x00, 0x00, 0x00, 0x00, 0x00, 0x00, 0x00, 0x00, 0x00, 0x00, 0x00, 0x00,
    0x00, 0x00, 0x00, 0x00, 0x00, 0x00, 0x00, 0x00, 0x00, 0x00, 0x00, 0x00, 0x00, 0x00, 0x00, 0x00,
    0x00, 0x00, 0x00, 0x00, 0x00, 0x00, 0x00, 0x00, 0x00, 0x00, 0x00, 0x00, 0x00, 0x00, 0x00, 0x00,
    0x00, 0x00, 0x00, 0x00, 0x00, 0x00, 0x00, 0x00, 0x00, 0x00, 0x00, 0x00, 0x00, 0x00, 0x00, 0x00,
    0x00, 0x00, 0x00, 0x00, 0x00, 0x00, 0x00, 0x00, 0x00, 0x00, 0x00, 0x00, 0x00, 0x00, 0x00, 0x00,
    0x00, 0x00, 0x00, 0x00, 0x00, 0x00, 0x00, 0x00, 0x00, 0x00, 0x00, 0x00, 0x00, 0x00, 0x00, 0x00,
    0x00, 0x00, 0x00, 0x00, 0x00, 0x00, 0x00, 0x00, 0x00, 0x00, 0x00, 0x00, 0x00, 0x00, 0x00, 0x00,
    0x00, 0x00, 0x00, 0x00, 0x00, 0x00, 0x00, 0x00, 0x00, 0x00, 0x00, 0x00, 0x00, 0x00, 0x00, 0x00,
    0xFF, 0xFF, 0x00, 0x00, 0x47, 0x62, 0x90, 0xF5, 0x90, 0xF5, 0x0E, 0xED, 0xAD, 0xD4, 0x4F, 0xED,
    0x4F, 0xED, 0x2F, 0xE5, 0x2F, 0xE5, 0x2F, 0xE5, 0x2F, 0xE5, 0x2F, 0xE5, 0x4F, 0xED, 0x4F, 0xED,
    0x4F, 0xED, 0x4F, 0xED, 0x4F, 0xED, 0x4F, 0xED, 0x4F, 0xED, 0x4F, 0xED, 0x4F, 0xED, 0x4F, 0xED,
    0x4F, 0xED, 0x4F, 0xED, 0x4F, 0xED, 0x4F, 0xED, 0x4F, 0xE5, 0x90, 0xF5, 0x90, 0xF5, 0xEF, 0xD4,
    0x6D, 0xBC, 0x4D, 0xBC, 0x4D, 0xBC, 0x4D, 0xBC, 0x4D, 0xBC, 0x6D, 0xBC, 0xCB, 0xA3, 0x61, 0x10,
    0x00, 0x00, 0x00, 0x38, 0x00, 0x00, 0x00, 0x00, 0x00, 0x00, 0x00, 0x00, 0x00, 0x00, 0x00, 0x00,
    0x00, 0x00, 0x00, 0x00, 0x00, 0x00, 0x00, 0x00, 0x00, 0x00, 0x00, 0x00, 0x00, 0x00, 0x00, 0x00,
    0x00, 0x00, 0x00, 0x00, 0x00, 0x00, 0x00, 0x00, 0x00, 0x00, 0x00, 0x00, 0x00, 0x00, 0x00, 0x00,
    0x00, 0x00, 0x00, 0x00, 0x00, 0x00, 0x00, 0x00, 0x00, 0x00, 0x00, 0x00, 0x00, 0x00, 0x00, 0x00,
    0x00, 0x00, 0x00, 0x00, 0x00, 0x00, 0x00, 0x00, 0x00, 0x00, 0x00, 0x00, 0x00, 0x00, 0x00, 0x00,
    0x00, 0x00, 0x00, 0x00, 0x00, 0x00, 0x00, 0x00, 0x00, 0x00, 0x00, 0x00, 0x00, 0x00, 0x00, 0x00,
    0x00, 0x00, 0x00, 0x00, 0x00, 0x00, 0x00, 0x00, 0x00, 0x00, 0x00, 0x00, 0x00, 0x00, 0x00, 0x00,
    0x00, 0x00, 0x00, 0x00, 0x00, 0x00, 0x00, 0x00, 0x00, 0x00, 0x00, 0x00, 0x00, 0x00, 0x00, 0x00,
    0x00, 0x00, 0x00, 0x00, 0x00, 0x00, 0x00, 0x00, 0x00, 0x00, 0x00, 0x00, 0x00, 0x00, 0x00, 0x00,
    0x8A, 0x9B, 0xB0, 0xF5, 0x2F, 0xE5, 0x70, 0xED, 0x90, 0xF5, 0x4F, 0xED, 0x4F, 0xED, 0x4F, 0xE5,
    0x2F, 0xE5, 0x2F, 0xE5, 0x4F, 0xE5, 0x4F, 0xE5, 0x4F, 0xED, 0x4F, 0xED, 0x4F, 0xED, 0x4F, 0xED,
    0x4F, 0xED, 0x4F, 0xED, 0x4F, 0xED, 0x4F, 0xED, 0x4F, 0xED, 0x4F, 0xED, 0x4F, 0xED, 0x4F, 0xED,
    0x4F, 0xED, 0x4F, 0xED, 0x4F, 0xED, 0x4F, 0xED, 0xCE, 0xD4, 0x4D, 0xBC, 0x6D, 0xBC, 0x4D, 0xBC,
    0x6D, 0xBC, 0x4D, 0xBC, 0x4D, 0xBC, 0x6D, 0xBC, 0xEC, 0xA3, 0xA2, 0x18, 0x00, 0x00, 0xE0, 0x39,
    0x00, 0x00, 0x00, 0x00, 0x00, 0x00, 0x00, 0x00, 0x00, 0x00, 0x00, 0x00, 0x00, 0x00, 0x00, 0x00,
    0x00, 0x00, 0x00, 0x00, 0x00, 0x00, 0x00, 0x00, 0x00, 0x00, 0x00, 0x00, 0x00, 0x00, 0x00, 0x00,
    0x00, 0x00, 0x00, 0x00, 0x00, 0x00, 0x00, 0x00, 0x00, 0x00, 0x00, 0x00, 0x00, 0x00, 0x00, 0x00,
    0x00, 0x00, 0x00, 0x00, 0x00, 0x00, 0x00, 0x00, 0x00, 0x00, 0x00, 0x00, 0x00, 0x00, 0x00, 0x00,
    0x00, 0x00, 0x00, 0x00, 0x00, 0x78, 0x00, 0x00, 0x00, 0x00, 0x00, 0x00, 0x00, 0x00, 0x00, 0x00,
    0x00, 0x00, 0x00, 0x00, 0x00, 0x00, 0x00, 0x00, 0x00, 0x00, 0x00, 0x00, 0x00, 0x00, 0x00, 0x00,
    0x00, 0x00, 0x00, 0x00, 0x00, 0x00, 0x00, 0x00, 0x00, 0x00, 0x00, 0x00, 0x00, 0x00, 0x00, 0x00,
    0x00, 0x00, 0x00, 0x00, 0x00, 0x00, 0x00, 0x00, 0x00, 0x00, 0x00, 0x00, 0x00, 0x00, 0x00, 0x00,
    0x00, 0x00, 0x00, 0x00, 0x00, 0x00, 0xAA, 0x52, 0x00, 0x00, 0x23, 0x31, 0x8E, 0xBC, 0x2F, 0xDD,
    0x4F, 0xED, 0x4F, 0xED, 0x4F, 0xED, 0x4F, 0xED, 0x4F, 0xED, 0x4F, 0xED, 0x4F, 0xE5, 0x2F, 0xE5,
    0xB2, 0xED, 0x70, 0xED, 0x4F, 0xED, 0x4F, 0xED, 0x4F, 0xED, 0x4F, 0xED, 0x4F, 0xE5, 0x4F, 0xE5,
    0x6F, 0xED, 0x4F, 0xED, 0x4F, 0xED, 0x4F, 0xED, 0x4F, 0xED, 0x4F, 0xED, 0x4F, 0xED, 0x4F, 0xED,
    0x4F, 0xED, 0x4F, 0xED, 0xCE, 0xD4, 0x6D, 0xBC, 0x4D, 0xBC, 0xAE, 0xCC, 0x8B, 0x9B, 0xAB, 0x9B,
    0x6D, 0xBC, 0x6D, 0xBC, 0xCB, 0xA3, 0x61, 0x10, 0x00, 0x00, 0x00, 0x50, 0x00, 0x00, 0x00, 0x00,
    0x00, 0x00, 0x00, 0x00, 0x00, 0x00, 0x00, 0x00, 0x00, 0x00, 0x00, 0x00, 0x00, 0x00, 0x00, 0x00,
    0x00, 0x00, 0x00, 0x00, 0x00, 0x00, 0x00, 0x00, 0x00, 0x00, 0x00, 0x00, 0x00, 0x00, 0x00, 0x00,
    0x00, 0x00, 0x00, 0x00, 0x00, 0x00, 0x00, 0x00, 0x00, 0x00, 0x00, 0x00, 0x00, 0x00, 0x00, 0x00,
    0x00, 0x00, 0x00, 0x00, 0x00, 0x00, 0x00, 0x00, 0xAA, 0x52, 0x00, 0x00, 0xA6, 0x79, 0xA6, 0x79,
    0x00, 0x00, 0xE7, 0x79, 0x00, 0x00, 0x00, 0x00, 0x00, 0x00, 0x00, 0x00, 0x00, 0x00, 0x00, 0x00,
    0x00, 0x00, 0x00, 0x00, 0x00, 0x00, 0x00, 0x00, 0x00, 0x00, 0x00, 0x00, 0x00, 0x00, 0x00, 0x00,
    0x00, 0x00, 0x00, 0x00, 0x00, 0x00, 0x00, 0x00, 0x00, 0x00, 0x00, 0x00, 0x00, 0x00, 0x00, 0x00,
    0x00, 0x00, 0x00, 0x00, 0x00, 0x00, 0x00, 0x00, 0x00, 0x00, 0x00, 0x00, 0x00, 0x00, 0x00, 0x00,
    0x00, 0x00, 0xE7, 0x7B, 0x00, 0x00, 0xE6, 0x51, 0x8E, 0xC4, 0x6A, 0x93, 0x70, 0xF5, 0x6F, 0xED,
    0x4F, 0xE5, 0x4F, 0xED, 0x4F, 0xED, 0x4F, 0xED, 0x4F, 0xED, 0x4F, 0xE5, 0x14, 0xF6, 0x70, 0xED,
    0x4F, 0xED, 0x4F, 0xED, 0x4F, 0xED, 0x2F, 0xE5, 0x2F, 0xE5, 0x2F, 0xE5, 0x0E, 0xDD, 0x4F, 0xED,
    0x4F, 0xED, 0x4F, 0xED, 0x4F, 0xED, 0x4F, 0xED, 0x4F, 0xED, 0x4F, 0xED, 0x4F, 0xED, 0xEE, 0xD4,
    0x8E, 0xC4, 0x8E, 0xC4, 0x8D, 0xC4, 0x8B, 0x9B, 0x67, 0x62, 0x4D, 0xB4, 0x4D, 0xB4, 0x8E, 0xC4,
    0xE9, 0x7A, 0x00, 0x00, 0x00, 0x00, 0x00, 0x00, 0x00, 0x00, 0x00, 0x00, 0x00, 0x00, 0x00, 0x00,
    0x00, 0x00, 0x00, 0x00, 0x00, 0x00, 0x00, 0x00, 0x00, 0x00, 0x00, 0x00, 0x00, 0x00, 0x00, 0x00,
    0x00, 0x00, 0x00, 0x00, 0x00, 0x00, 0x00, 0x00, 0x00, 0x00, 0x00, 0x00, 0x00, 0x00, 0x00, 0x00,
    0x00, 0x00, 0x00, 0x00, 0x00, 0x00, 0x00, 0x00, 0x00, 0x00, 0x00, 0x00, 0x00, 0x00, 0x00, 0x00,
    0x00, 0x00, 0x00, 0x00, 0x4A, 0xFD, 0x00, 0x00, 0xA7, 0xAA, 0x26, 0x92, 0x85, 0x50, 0xFF, 0xFF,
    0x00, 0x00, 0x00, 0x00, 0x00, 0x00, 0x00, 0x00, 0x00, 0x00, 0x00, 0x00, 0x00, 0x00, 0x00, 0x00,
    0x00, 0x00, 0x00, 0x00, 0x00, 0x00, 0x00, 0x00, 0x00, 0x00, 0x00, 0x00, 0x00, 0x00, 0x00, 0x00,
    0x00, 0x00, 0x00, 0x00, 0x00, 0x00, 0x00, 0x00, 0x00, 0x00, 0x00, 0x00, 0x00, 0x00, 0x00, 0x00,
    0x00, 0x00, 0x00, 0x00, 0x00, 0x00, 0x00, 0x00, 0x00, 0x00, 0x00, 0x00, 0x00, 0x00, 0xAA, 0xAA,
    0x00, 0x00, 0x85, 0x41, 0xAE, 0xCC, 0x09, 0x83, 0xE8, 0x7A, 0x2F, 0xE5, 0xB0, 0xFD, 0x6F, 0xED,
    0x4F, 0xE5, 0x4F, 0xED, 0x70, 0xED, 0x8D, 0xC4, 0x0D, 0xA4, 0x90, 0xED, 0x2F, 0xE5, 0x4F, 0xE5,
    0x2F, 0xE5, 0x2F, 0xE5, 0x4F, 0xED, 0x8D, 0xC4, 0x6A, 0x93, 0x70, 0xED, 0x4F, 0xED, 0x4F, 0xED,
    0x4F, 0xED, 0x4F, 0xED, 0x70, 0xED, 0x70, 0xF5, 0x0F, 0xDD, 0x8D, 0xC4, 0xCB, 0xAB, 0x4A, 0x8B,
    0x48, 0x5A, 0x23, 0x31, 0x2D, 0xB4, 0x4D, 0xBC, 0x2C, 0xB4, 0x8E, 0xC4, 0x06, 0x52, 0x00, 0x00,
    0x00, 0x00, 0x00, 0x00, 0x00, 0x00, 0x00, 0x00, 0x00, 0x00, 0x00, 0x00, 0x00, 0x00, 0x00, 0x00,
    0x00, 0x00, 0x00, 0x00, 0x00, 0x00, 0x00, 0x00, 0x00, 0x00, 0x00, 0x00, 0x00, 0x00, 0x00, 0x00,
    0x00, 0x00, 0x00, 0x00, 0x00, 0x00, 0x00, 0x00, 0x00, 0x00, 0x00, 0x00, 0x00, 0x00, 0x00, 0x00,
    0x00, 0x00, 0x00, 0x00, 0x00, 0x00, 0x00, 0x00, 0x00, 0x00, 0x00, 0x00, 0x00, 0x00, 0x00, 0x00,
    0x00, 0x00, 0x1F, 0x00, 0xC6, 0xCA, 0xCA, 0xDB, 0x88, 0x92, 0x00, 0x38, 0xE7, 0xBB, 0x00, 0x00,
    0x00, 0x00, 0x00, 0x00, 0x00, 0x00, 0x00, 0x00, 0x00, 0x00, 0x00, 0x00, 0x00, 0x00, 0x00, 0x00,
    0x00, 0x00, 0x00, 0x00, 0x00, 0x00, 0x00, 0x00, 0x00, 0x00, 0x00, 0x00, 0x00, 0x00, 0x00, 0x00,
    0x00, 0x00, 0x00, 0x00, 0x00, 0x00, 0x00, 0x00, 0x00, 0x00, 0x00, 0x00, 0x00, 0x00, 0x00, 0x00,
    0x00, 0x00, 0x00, 0x00, 0x00, 0x00, 0x00, 0x00, 0x00, 0x00, 0xE7, 0x39, 0x00, 0x00, 0x23, 0x31,
    0x2D, 0xB4, 0x8E, 0xC4, 0x8B, 0x9B, 0x67, 0x6A, 0xAA, 0x9B, 0x0E, 0xE5, 0x90, 0xF5, 0x70, 0xED,
    0x2F, 0xE5, 0x0F, 0xDD, 0xAD, 0xCC, 0x2F, 0xE5, 0x2F, 0xE5, 0x2F, 0xE5, 0x2F, 0xE5, 0x2F, 0xE5,
    0x2F, 0xE5, 0x0F, 0xDD, 0x2F, 0xE5, 0x4F, 0xED, 0x6F, 0xED, 0x90, 0xF5, 0xB0, 0xF5, 0x6F, 0xED,
    0xEE, 0xD4, 0xCB, 0xA3, 0xC8, 0x7A, 0x06, 0x52, 0x0F, 0x8C, 0x77, 0xA5, 0x4F, 0x63, 0x87, 0x72,
    0xAE, 0xC4, 0x2C, 0xB4, 0x4D, 0xBC, 0x2C, 0xB4, 0xC2, 0x20, 0x00, 0x00, 0xAA, 0x52, 0x00, 0x00,
    0x00, 0x00, 0x00, 0x00, 0x00, 0x00, 0x00, 0x00, 0x00, 0x00, 0x00, 0x00, 0x00, 0x00, 0x00, 0x00,
    0x00, 0x00, 0x00, 0x00, 0x00, 0x00, 0x00, 0x00, 0x00, 0x00, 0x00, 0x00, 0x00, 0x00, 0x00, 0x00,
    0x00, 0x00, 0x00, 0x00, 0x00, 0x00, 0x00, 0x00, 0x00, 0x00, 0x00, 0x00, 0x00, 0x00, 0x00, 0x00,
    0x00, 0x00, 0x00, 0x00, 0x00, 0x00, 0x00, 0x00, 0x00, 0x00, 0x00, 0x78, 0x00, 0x00, 0x84, 0x48,
    0xE7, 0xC2, 0x8B, 0xFC, 0x07, 0xC3, 0x66, 0x71, 0x07, 0x92, 0x00, 0x00, 0x00, 0xF8, 0x00, 0x00,
    0x00, 0x00, 0x00, 0x00, 0x00, 0x00, 0x00, 0x00, 0x00, 0x00, 0x00, 0x00, 0x00, 0x00, 0x00, 0x00,
    0x00, 0x00, 0x00, 0x00, 0x00, 0x00, 0x00, 0x00, 0x00, 0x00, 0x00, 0x00, 0x00, 0x00, 0x00, 0x00,
    0x00, 0x00, 0x00, 0x00, 0x00, 0x00, 0x00, 0x00, 0x00, 0x00, 0x00, 0x00, 0x00, 0x00, 0x00, 0x00,
    0x00, 0x00, 0x00, 0x00, 0x00, 0x00, 0x00, 0x00, 0xFF, 0xFF, 0x00, 0x00, 0xE9, 0x7A, 0xAE, 0xCC,
    0x8E, 0xC4, 0x0C, 0xB4, 0xAA, 0x5A, 0x50, 0x94, 0x6A, 0x93, 0xEE, 0xDC, 0x90, 0xF5, 0x70, 0xED,
    0x6F, 0xED, 0x2F, 0xE5, 0x2F, 0xE5, 0x2F, 0xE5, 0x2F, 0xE5, 0x2F, 0xE5, 0x4F, 0xE5, 0x4F, 0xED,
    0x90, 0xF5, 0x70, 0xF5, 0x2E, 0xDD, 0x4C, 0xBC, 0x4A, 0x93, 0x88, 0x6A, 0x28, 0x62, 0x2A, 0x62,
    0xCD, 0x82, 0x4C, 0x72, 0xF0, 0x83, 0xFE, 0xD6, 0x8A, 0x52, 0xEB, 0xAB, 0x4D, 0xBC, 0x2D, 0xB4,
    0x8E, 0xC4, 0x29, 0x8B, 0x00, 0x00, 0x00, 0x00, 0x00, 0x00, 0x00, 0x00, 0x00, 0x00, 0x00, 0x00,
    0x00, 0x00, 0x00, 0x00, 0x00, 0x00, 0x00, 0x00, 0x00, 0x00, 0x00, 0x00, 0x00, 0x00, 0x00, 0x00,
    0x00, 0x00, 0x00, 0x00, 0x00, 0x00, 0x00, 0x00, 0x00, 0x00, 0x00, 0x00, 0x00, 0x00, 0x00, 0x00,
    0x00, 0x00, 0x00, 0x00, 0x00, 0x00, 0x00, 0x00, 0x00, 0x00, 0x00, 0x00, 0x00, 0x00, 0x00, 0x00,
    0x00, 0x00, 0x00, 0x00, 0x00, 0x00, 0xE0, 0xFF, 0x00, 0x00, 0x86, 0x81, 0xCA, 0xDB, 0x87, 0xE3,
    0xE7, 0xDA, 0x67, 0xAA, 0x86, 0x61, 0x00, 0x00, 0x00, 0x78, 0x00, 0x00, 0x00, 0x00, 0x00, 0x00,
    0x00, 0x00, 0x00, 0x00, 0x00, 0x00, 0x00, 0x00, 0x00, 0x00, 0x00, 0x00, 0x00, 0x00, 0x00, 0x00,
    0x00, 0x00, 0x00, 0x00, 0x00, 0x00, 0x00, 0x00, 0x00, 0x00, 0x00, 0x00, 0x00, 0x00, 0x00, 0x00,
    0x00, 0x00, 0x00, 0x00, 0x00, 0x00, 0x00, 0x00, 0x00, 0x00, 0x00, 0x00, 0x00, 0x00, 0x00, 0x00,
    0x00, 0x00, 0x00, 0x00, 0xAA, 0x52, 0x00, 0x00, 0xA2, 0x20, 0xAB, 0x9B, 0xAE, 0xCC, 0x6D, 0xC4,
    0x8A, 0x93, 0x36, 0x9D, 0xB0, 0x6B, 0x65, 0x39, 0xC8, 0x7A, 0x0C, 0xB4, 0x0E, 0xDD, 0x4F, 0xED,
    0x4F, 0xED, 0x4F, 0xED, 0x4F, 0xE5, 0x2F, 0xDD, 0xCE, 0xD4, 0x6C, 0xBC, 0xAA, 0x9B, 0xE9, 0x82,
    0x48, 0x62, 0x09, 0x5A, 0x6C, 0x72, 0x0F, 0x8B, 0x70, 0x9B, 0x91, 0xA3, 0x70, 0xA3, 0x70, 0xA3,
    0x8C, 0x7A, 0x46, 0x29, 0xE9, 0x7A, 0x8E, 0xC4, 0x2D, 0xB4, 0x2D, 0xB4, 0x8E, 0xC4, 0xC5, 0x49,
    0x00, 0x00, 0xEF, 0xFF, 0x00, 0x00, 0x00, 0x00, 0x00, 0x00, 0x00, 0x00, 0x00, 0x00, 0x00, 0x00,
    0x00, 0x00, 0x00, 0x00, 0x00, 0x00, 0x00, 0x00, 0x00, 0x00, 0x00, 0x00, 0x00, 0x00, 0x00, 0x00,
    0x00, 0x00, 0x00, 0x00, 0x00, 0x00, 0x00, 0x00, 0x00, 0x00, 0x00, 0x00, 0x00, 0x00, 0x00, 0x00,
    0x00, 0x00, 0x00, 0x00, 0x00, 0x00, 0x00, 0x00, 0x00, 0x00, 0x00, 0x00, 0x00, 0x00, 0x00, 0x00,
    0xEF, 0xFB, 0xEB, 0xA2, 0x00, 0x00, 0x89, 0x9A, 0xE9, 0xEB, 0x26, 0xE3, 0x47, 0xEB, 0x07, 0xCB,
    0x27, 0x59, 0x00, 0x00, 0x00, 0x78, 0x00, 0x00, 0x00, 0x00, 0x00, 0x00, 0x00, 0x00, 0x00, 0x00,
    0x00, 0x00, 0x00, 0x00, 0x00, 0x00, 0x00, 0x00, 0x00, 0x00, 0x00, 0x00, 0x00, 0x00, 0x00, 0x00,
    0x00, 0x00, 0x00, 0x00, 0x00, 0x00, 0x00, 0x00, 0x00, 0x00, 0x00, 0x00, 0x00, 0x00, 0x00, 0x00,
    0x00, 0x00, 0x00, 0x00, 0x00, 0x00, 0x00, 0x00, 0x00, 0x00, 0x00, 0x00, 0x00, 0x00, 0x00, 0x00,
    0x00, 0x00, 0xAA, 0xAA, 0x00, 0x00, 0x44, 0x39, 0x0C, 0xAC, 0xAE, 0xCC, 0x4C, 0xBC, 0x2A, 0x83,
    0x88, 0x62, 0xE7, 0x49, 0xCD, 0x6A, 0x6A, 0x5A, 0x28, 0x5A, 0xC9, 0x7A, 0x4A, 0x8B, 0x4A, 0x93,
    0x2A, 0x8B, 0x89, 0x6A, 0x49, 0x6A, 0x6A, 0x6A, 0x8C, 0x72, 0xCE, 0x82, 0x2F, 0x93, 0x70, 0xA3,
    0x70, 0xA3, 0x50, 0x9B, 0x2F, 0x9B, 0x2F, 0x93, 0x2F, 0x9B, 0x90, 0xA3, 0x2F, 0x93, 0x48, 0x6A,
    0x8D, 0xC4, 0x4D, 0xB4, 0x4D, 0xB4, 0x6D, 0xBC, 0x8A, 0x93, 0x20, 0x08, 0x00, 0x00, 0x00, 0x00,
    0x00, 0x00, 0x00, 0x00, 0x00, 0x00, 0x00, 0x00, 0x00, 0x00, 0x00, 0x00, 0x00, 0x00, 0x00, 0x00,
    0x00, 0x00, 0x00, 0x00, 0x00, 0x00, 0x00, 0x00, 0x00, 0x00, 0x00, 0x00, 0x00, 0x00, 0x00, 0x00,
    0x00, 0x00, 0x00, 0x00, 0x00, 0x00, 0x00, 0x00, 0x00, 0x00, 0x00, 0x00, 0x00, 0x00, 0x00, 0x00,
    0x00, 0x00, 0x00, 0x00, 0x00, 0x00, 0x00, 0x00, 0xAA, 0x52, 0x00, 0x00, 0x65, 0x79, 0x45, 0x71,
    0x00, 0x00, 0xC8, 0xAA, 0xA8, 0xEB, 0x06, 0xDB, 0xA7, 0xE3, 0x8A, 0xCB, 0x66, 0x71, 0x00, 0x00,
    0xAA, 0x52, 0x00, 0x00, 0x00, 0x00, 0x00, 0x00, 0x00, 0x00, 0x00, 0x00, 0x00, 0x00, 0x00, 0x00,
    0x00, 0x00, 0x00, 0x00, 0x00, 0x00, 0x00, 0x00, 0x00, 0x00, 0x00, 0x00, 0x00, 0x00, 0x00, 0x00,
    0x00, 0x00, 0x00, 0x00, 0x00, 0x00, 0x00, 0x00, 0x00, 0x00, 0x00, 0x00, 0x00, 0x00, 0x00, 0x00,
    0x00, 0x00, 0x00, 0x00, 0x00, 0x00, 0x00, 0x00, 0x00, 0x00, 0x00, 0x00, 0x00, 0x00, 0x00, 0x00,
    0xAA, 0xAA, 0x00, 0x00, 0xC2, 0x20, 0x4A, 0x93, 0xAE, 0xCC, 0x6D, 0xC4, 0xAE, 0xCC, 0xAB, 0x9B,
    0x29, 0x5A, 0x4E, 0x83, 0x6F, 0x8B, 0xEE, 0x8A, 0xEE, 0x8A, 0xEE, 0x8A, 0xEF, 0x8A, 0x2F, 0x93,
    0x50, 0x9B, 0x70, 0xA3, 0x70, 0xA3, 0x70, 0xA3, 0x90, 0x9B, 0xD1, 0xA3, 0x32, 0xAC, 0x73, 0xB4,
    0x94, 0xB4, 0x94, 0xB4, 0x32, 0x9C, 0xED, 0x7A, 0xA6, 0x49, 0x2C, 0xAC, 0x6D, 0xBC, 0x4D, 0xB4,
    0x4D, 0xB4, 0x8E, 0xC4, 0x26, 0x5A, 0x00, 0x00, 0xFF, 0xFF, 0x00, 0x00, 0x00, 0x00, 0x00, 0x00,
    0x00, 0x00, 0x00, 0x00, 0x00, 0x00, 0x00, 0x00, 0x00, 0x00, 0x00, 0x00, 0x00, 0x00, 0x00, 0x00,
    0x00, 0x00, 0x00, 0x00, 0x00, 0x00, 0x00, 0x00, 0x00, 0x00, 0x00, 0x00, 0x00, 0x00, 0x00, 0x00,
    0x00, 0x00, 0x00, 0x00, 0x00, 0x00, 0x00, 0x00, 0x00, 0x00, 0x00, 0x00, 0x00, 0x00, 0x00, 0x00,
    0x00, 0x00, 0x00, 0x00, 0xEF, 0xBD, 0x00, 0xF8, 0x2B, 0xBC, 0xAB, 0xB3, 0x03, 0x30, 0xE7, 0xBA,
    0x87, 0xF3, 0x46, 0xDB, 0x0A, 0xE4, 0x89, 0xDB, 0xA6, 0x89, 0x00, 0x00, 0xAA, 0xAA, 0x00, 0x00,
    0x00, 0x00, 0x00, 0x00, 0x00, 0x00, 0x00, 0x00, 0x00, 0x00, 0x00, 0x00, 0x00, 0x00, 0x00, 0x00,
    0x00, 0x00, 0x00, 0x00, 0x00, 0x00, 0x00, 0x00, 0x00, 0x00, 0x00, 0x00, 0x00, 0x00, 0x00, 0x00,
    0x00, 0x00, 0x00, 0x00, 0x00, 0x00, 0x00, 0x00, 0x00, 0x00, 0x00, 0x00, 0x00, 0x00, 0x00, 0x00,
    0x00, 0x00, 0x00, 0x00, 0x00, 0x00, 0x00, 0x00, 0x00, 0x00, 0x00, 0x00, 0x00, 0x00, 0xAA, 0xAA,
    0x00, 0x00, 0x20, 0x08, 0xC8, 0x7A, 0x8E, 0xC4, 0x6D, 0xC4, 0x8D, 0xC4, 0x0C, 0xB4, 0x48, 0x5A,
    0xAD, 0x7A, 0x91, 0xAB, 0x50, 0xA3, 0x70, 0x9B, 0x70, 0x9B, 0x50, 0x9B, 0x2F, 0x9B, 0x70, 0x9B,
    0x32, 0xAC, 0xD5, 0xB4, 0x56, 0xC5, 0x97, 0xC5, 0xB7, 0xCD, 0xB8, 0xCD, 0xD8, 0xCD, 0x76, 0xC5,
    0x15, 0x9D, 0x2D, 0x63, 0x49, 0x93, 0x8E, 0xC4, 0x4D, 0xB4, 0x4D, 0xBC, 0x6D, 0xBC, 0x2C, 0xB4,
    0xC2, 0x20, 0x00, 0x00, 0xE7, 0x39, 0x00, 0x00, 0x00, 0x00, 0x00, 0x00, 0x00, 0x00, 0x00, 0x00,
    0x00, 0x00, 0x00, 0x00, 0x00, 0x00, 0x00, 0x00, 0x00, 0x00, 0x00, 0x00, 0x00, 0x00, 0x00, 0x00,
    0x00, 0x00, 0x00, 0x00, 0x00, 0x00, 0x00, 0x00, 0x00, 0x00, 0x00, 0x00, 0x00, 0x00, 0x00, 0x00,
    0x00, 0x00, 0x00, 0x00, 0x00, 0x00, 0x00, 0x00, 0x00, 0x00, 0x00, 0x00, 0x00, 0x00, 0x00, 0x00,
    0x00, 0x00, 0x00, 0x00, 0x2E, 0xD5, 0x12, 0xFF, 0x05, 0x61, 0x27, 0xC3, 0xA7, 0xF3, 0xE9, 0xE3,
    0xEA, 0xE3, 0x27, 0xE3, 0xE7, 0x91, 0x00, 0x00, 0xE7, 0x79, 0x00, 0x00, 0x00, 0x00, 0x00, 0x00,
    0x00, 0x00, 0x00, 0x00, 0x00, 0x00, 0x00, 0x00, 0x00, 0x00, 0x00, 0x00, 0x00, 0x00, 0x00, 0x00,
    0x00, 0x00, 0x00, 0x00, 0x00, 0x00, 0x00, 0x00, 0x00, 0x00, 0x00, 0x00, 0x00, 0x00, 0x00, 0x00,
    0x00, 0x00, 0x00, 0x00, 0x00, 0x00, 0x00, 0x00, 0x00, 0x00, 0x00, 0x00, 0x00, 0x00, 0x00, 0x00,
    0x00, 0x00, 0x00, 0x00, 0x00, 0x00, 0x00, 0x00, 0x00, 0x00, 0x00, 0x00, 0xE7, 0x39, 0x00, 0x00,
    0x00, 0x00, 0xE5, 0x51, 0xCB, 0xA3, 0x8E, 0xC4, 0xAE, 0xC4, 0x2C, 0xB4, 0xC9, 0x7A, 0x4A, 0x6A,
    0xB1, 0x8B, 0x70, 0x9B, 0x50, 0x9B, 0x4F, 0x9B, 0x53, 0xAC, 0x56, 0xC5, 0xB7, 0xCD, 0xD8, 0xCD,
    0xB8, 0xCD, 0xB7, 0xCD, 0xB7, 0xC5, 0x97, 0xC5, 0xD8, 0xCD, 0xD8, 0xCD, 0xE8, 0x41, 0x6A, 0x93,
    0x8E, 0xC4, 0x4D, 0xB4, 0x4D, 0xBC, 0x4D, 0xB4, 0xAE, 0xC4, 0xE9, 0x7A, 0x00, 0x00, 0x00, 0x00,
    0x00, 0x00, 0x00, 0x00, 0x00, 0x00, 0x00, 0x00, 0x00, 0x00, 0x00, 0x00, 0x00, 0x00, 0x00, 0x00,
    0x00, 0x00, 0x00, 0x00, 0x00, 0x00, 0x00, 0x00, 0x00, 0x00, 0x00, 0x00, 0x00, 0x00, 0x00, 0x00,
    0x00, 0x00, 0x00, 0x00, 0x00, 0x00, 0x00, 0x00, 0x00, 0x00, 0x00, 0x00, 0x00, 0x00, 0x00, 0x00,
    0x00, 0x00, 0x00, 0x00, 0x00, 0x00, 0x00, 0x00, 0xAA, 0x52, 0x00, 0x00, 0xC6, 0x81, 0x03, 0x50,
    0x2D, 0xD5, 0x6E, 0xFF, 0x87, 0x8A, 0x07, 0xC3, 0x2A, 0xEC, 0x0B, 0xE4, 0x87, 0xE3, 0x47, 0xEB,
    0x26, 0x9A, 0x00, 0x00, 0xE7, 0xB9, 0x00, 0x00, 0x00, 0x00, 0x00, 0x00, 0x00, 0x00, 0x00, 0x00,
    0x00, 0x00, 0x00, 0x00, 0x00, 0x00, 0x00, 0x00, 0x00, 0x00, 0x00, 0x00, 0x00, 0x00, 0x00, 0x00,
    0x00, 0x00, 0x00, 0x00, 0x00, 0x00, 0x00, 0x00, 0x00, 0x00, 0x00, 0x00, 0x00, 0x00, 0x00, 0x00,
    0x00, 0x00, 0x00, 0x00, 0x00, 0x00, 0x00, 0x00, 0x00, 0x00, 0x00, 0x00, 0x00, 0x00, 0x00, 0x00,
    0x00, 0x00, 0x00, 0x00, 0x00, 0x00, 0x00, 0x00, 0x00, 0x00, 0x00, 0x00, 0x00, 0x00, 0x00, 0x00,
    0x41, 0x10, 0x46, 0x62, 0x0C, 0xB4, 0xAE, 0xCC, 0xCE, 0xD4, 0xAB, 0xA3, 0x4C, 0x73, 0x2A, 0x5A,
    0x50, 0x93, 0x36, 0xC5, 0x19, 0xD6, 0xD8, 0xCD, 0xB8, 0xCD, 0xB7, 0xCD, 0xB7, 0xCD, 0xD8, 0xCD,
    0xF8, 0xD5, 0x19, 0xD6, 0x36, 0xB5, 0xCB, 0x62, 0x4A, 0x93, 0x6D, 0xC4, 0x4D, 0xB4, 0x4D, 0xBC,
    0x4D, 0xBC, 0x4D, 0xBC, 0x8E, 0xC4, 0xE5, 0x51, 0x00, 0x00, 0xFF, 0xFF, 0x00, 0x00, 0x00, 0x00,
    0x00, 0x00, 0x00, 0x00, 0x00, 0x00, 0x00, 0x00, 0x00, 0x00, 0x00, 0x00, 0x00, 0x00, 0x00, 0x00,
    0x00, 0x00, 0x00, 0x00, 0x00, 0x00, 0x00, 0x00, 0x00, 0x00, 0x00, 0x00, 0x00, 0x00, 0x00, 0x00,
    0x00, 0x00, 0x00, 0x00, 0x00, 0x00, 0x00, 0x00, 0x00, 0x00, 0x00, 0x00, 0x00, 0x00, 0x00, 0x00,
    0x00, 0x00, 0x00, 0x00, 0xE7, 0xBB, 0x00, 0x00, 0x48, 0xA3, 0x87, 0x9A, 0x6C, 0xD5, 0x8D, 0xFF,
    0x08, 0xBC, 0x09, 0xC3, 0x4C, 0xEC, 0x88, 0xE3, 0x87, 0xE3, 0xC8, 0xF3, 0xA7, 0xAA, 0x00, 0x78,
    0xE7, 0xBB, 0x00, 0x00, 0x00, 0x00, 0x00, 0x00, 0x00, 0x00, 0x00, 0x00, 0x00, 0x00, 0x00, 0x00,
    0x00, 0x00, 0x00, 0x00, 0x00, 0x00, 0x00, 0x00, 0x00, 0x00, 0x00, 0x00, 0x00, 0x00, 0x00, 0x00,
    0x00, 0x00, 0x00, 0x00, 0x00, 0x00, 0x00, 0x00, 0x00, 0x00, 0x00, 0x00, 0x00, 0x00, 0x00, 0x00,
    0x00, 0x00, 0x00, 0x00, 0x00, 0x00, 0x00, 0x00, 0x00, 0x00, 0x00, 0x00, 0x00, 0x00, 0x00, 0x00,
    0x00, 0x00, 0x00, 0x00, 0x00, 0x00, 0x00, 0x00, 0x00, 0x00, 0x00, 0x00, 0x00, 0x00, 0x00, 0x00,
    0xC2, 0x20, 0x67, 0x6A, 0xAB, 0x9B, 0xAE, 0xCC, 0xAD, 0xCC, 0xAB, 0xA3, 0xA9, 0x6A, 0x8E, 0x83,
    0x93, 0x9C, 0x36, 0xB5, 0x97, 0xC5, 0xD8, 0xCD, 0xB8, 0xC5, 0x56, 0xBD, 0x93, 0xA4, 0x6E, 0x7B,
    0xC9, 0x72, 0xEB, 0xAB, 0x8E, 0xC4, 0x2D, 0xB4, 0x4D, 0xBC, 0x4D, 0xBC, 0x4D, 0xBC, 0x6D, 0xC4,
    0x4D, 0xBC, 0xE3, 0x28, 0x00, 0x00, 0xE7, 0x59, 0x00, 0x00, 0x00, 0x00, 0x00, 0x00, 0x00, 0x00,
    0x00, 0x00, 0x00, 0x00, 0x00, 0x00, 0x00, 0x00, 0x00, 0x00, 0x00, 0x00, 0x00, 0x00, 0x00, 0x00,
    0x00, 0x00, 0x00, 0x00, 0x00, 0x00, 0x00, 0x00, 0x00, 0x00, 0x00, 0x00, 0x00, 0x00, 0x00, 0x00,
    0x00, 0x00, 0x00, 0x00, 0x00, 0x00, 0x00, 0x00, 0x00, 0x00, 0x00, 0x00, 0x00, 0x00, 0x00, 0x00,
    0xE7, 0xBB, 0x00, 0x00, 0xE8, 0xB3, 0x6C, 0xF6, 0x6C, 0xF6, 0xEC, 0xFE, 0x4A, 0xED, 0xEA, 0xE3,
    0xC8, 0xE3, 0x46, 0xE3, 0x49, 0xE4, 0x49, 0xF4, 0x09, 0xB3, 0x00, 0x00, 0x4A, 0xFD, 0x00, 0x00,
    0x00, 0x00, 0x00, 0x00, 0x00, 0x00, 0x00, 0x00, 0x00, 0x00, 0x00, 0x00, 0x00, 0x00, 0x00, 0x00,
    0x00, 0x00, 0x00, 0x00, 0x00, 0x00, 0x00, 0x00, 0x00, 0x00, 0x00, 0x00, 0x00, 0x00, 0x00, 0x00,
    0x00, 0x00, 0x00, 0x00, 0x00, 0x00, 0x00, 0x00, 0x00, 0x00, 0x00, 0x00, 0x00, 0x00, 0x00, 0x00,
    0x00, 0x00, 0x00, 0x00, 0x00, 0x00, 0x00, 0x00, 0x00, 0x00, 0x00, 0x00, 0x00, 0x00, 0x00, 0x00,
    0x00, 0x00, 0x00, 0x00, 0x00, 0x00, 0x00, 0x00, 0x00, 0x50, 0x00, 0x00, 0x00, 0x00, 0x00, 0x00,
    0x40, 0x08, 0xA5, 0x49, 0xA8, 0x72, 0x4D, 0xBC, 0xAE, 0xC4, 0xAA, 0xA3, 0xE9, 0x7A, 0x88, 0x6A,
    0xC9, 0x6A, 0x2B, 0x7B, 0x4B, 0x83, 0xEA, 0x7A, 0x09, 0x83, 0xAB, 0xA3, 0x8E, 0xC4, 0x8E, 0xC4,
    0x2D, 0xB4, 0x4D, 0xB4, 0x4D, 0xB4, 0x4D, 0xBC, 0x4D, 0xBC, 0x6D, 0xBC, 0xA8, 0x72, 0x00, 0x00,
    0x00, 0x00, 0x00, 0x00, 0x00, 0x00, 0xFF, 0xFF, 0xE7, 0x39, 0x00, 0x00, 0x00, 0x00, 0x00, 0x00,
    0x00, 0x00, 0x00, 0x00, 0x00, 0x00, 0x00, 0x00, 0x00, 0x00, 0x00, 0x00, 0x00, 0x00, 0x00, 0x00,
    0x00, 0x00, 0x00, 0x00, 0x00, 0x00, 0x00, 0x00, 0x00, 0x00, 0x00, 0x00, 0x00, 0x00, 0x00, 0x00,
    0x00, 0x00, 0x00, 0x00, 0x00, 0x00, 0x00, 0x00, 0x00, 0x00, 0x00, 0x00, 0xE7, 0xBB, 0x00, 0x00,
    0xA8, 0xAB, 0x2D, 0xFF, 0x8D, 0xFE, 0x0D, 0xF6, 0xEC, 0xEC, 0xCA, 0xE3, 0x87, 0xE3, 0x67, 0xE3,
    0xEC, 0xEC, 0xEB, 0xF4, 0x49, 0xCB, 0x25, 0x61, 0x00, 0x00, 0x86, 0x99, 0x00, 0x00, 0x00, 0x00,
    0x00, 0x00, 0x00, 0x00, 0x00, 0x00, 0x00, 0x00, 0x00, 0x00, 0x00, 0x00, 0x00, 0x00, 0x00, 0x00,
    0x00, 0x00, 0x00, 0x00, 0x00, 0x00, 0x00, 0x00, 0x00, 0x00, 0x00, 0x00, 0x00, 0x00, 0x00, 0x00,
    0x00, 0x00, 0x00, 0x00, 0x00, 0x00, 0x00, 0x00, 0x00, 0x00, 0x00, 0x00, 0x00, 0x00, 0x00, 0x00,
    0x00, 0x00, 0x00, 0x00, 0x00, 0x00, 0x00, 0x00, 0x00, 0x00, 0x00, 0x00, 0x00, 0x00, 0x00, 0x00,
    0x00, 0x00, 0x00, 0x00, 0x00, 0x00, 0x00, 0x00, 0xE7, 0x39, 0x00, 0x00, 0x00, 0x00, 0x00, 0x00,
    0x00, 0x00, 0x00, 0x00, 0xE6, 0x51, 0x2D, 0xB4, 0x8E, 0xC4, 0x6D, 0xBC, 0x4D, 0xBC, 0x6D, 0xC4,
    0x8D, 0xC4, 0x8E, 0xC4, 0xAE, 0xCC, 0x8E, 0xC4, 0x6D, 0xBC, 0x4D, 0xBC, 0x2D, 0xB4, 0x4D, 0xB4,
    0x4D, 0xB4, 0x4D, 0xB4, 0x4D, 0xB4, 0x4D, 0xBC, 0x0C, 0xAC, 0x2A, 0x8B, 0xC8, 0x7A, 0xA5, 0x49,
    0x00, 0x00, 0x00, 0x00, 0x00, 0x00, 0x00, 0x00, 0x4A, 0xAD, 0x00, 0x50, 0x00, 0x00, 0x00, 0x00,
    0x00, 0x00, 0x00, 0x00, 0x00, 0x00, 0x00, 0x00, 0x00, 0x00, 0x00, 0x00, 0x00, 0x00, 0x00, 0x00,
    0x00, 0x00, 0x00, 0x00, 0x00, 0x00, 0x00, 0x00, 0x00, 0x00, 0x00, 0x00, 0x00, 0x00, 0x00, 0x00,
    0x00, 0x00, 0x00, 0x00, 0x00, 0x00, 0x00, 0x00, 0xE7, 0xBB, 0x00, 0x00, 0xC7, 0xAA, 0x6A, 0xFD,
    0x2B, 0xED, 0xEE, 0xEC, 0x2E, 0xE4, 0x0C, 0xE4, 0xC8, 0xE3, 0x88, 0xE3, 0x2C, 0xED, 0x2D, 0xF6,
    0xE8, 0xEB, 0xA7, 0xAA, 0xE6, 0x48, 0x00, 0x00, 0xAA, 0x52, 0x00, 0x00, 0x00, 0x00, 0x00, 0x00,
    0x00, 0x00, 0x00, 0x00, 0x00, 0x00, 0x00, 0x00, 0x00, 0x00, 0x00, 0x00, 0x00, 0x00, 0x00, 0x00,
    0x00, 0x00, 0x00, 0x00, 0x00, 0x00, 0x00, 0x00, 0x00, 0x00, 0x00, 0x00, 0x00, 0x00, 0x00, 0x00,
    0x00, 0x00, 0x00, 0x00, 0x00, 0x00, 0x00, 0x00, 0x00, 0x00, 0x00, 0x00, 0x00, 0x00, 0x00, 0x00,
    0x00, 0x00, 0x00, 0x00, 0x00, 0x00, 0x00, 0x00, 0x00, 0x00, 0x00, 0x00, 0x00, 0x00, 0x00, 0x00,
    0x00, 0x00, 0x00, 0x00, 0xAA, 0xAA, 0x00, 0x00, 0x00, 0x00, 0x00, 0x00, 0x81, 0x10, 0xA8, 0x72,
    0xCB, 0xA3, 0x2C, 0xB4, 0x2D, 0xB4, 0x2D, 0xB4, 0xEC, 0xA3, 0x09, 0x83, 0x6A, 0x93, 0x8B, 0x93,
    0x4A, 0x8B, 0x0C, 0xB4, 0x6D, 0xBC, 0x4D, 0xB4, 0x2D, 0xB4, 0x4D, 0xB4, 0x4D, 0xB4, 0x4D, 0xB4,
    0x4D, 0xB4, 0x4D, 0xBC, 0x6D, 0xBC, 0xCE, 0xD4, 0x90, 0xF5, 0x6F, 0xED, 0x0B, 0xB4, 0xC8, 0x7A,
    0xE2, 0x28, 0x00, 0x00, 0x00, 0x00, 0x00, 0x00, 0x00, 0x00, 0xAA, 0x52, 0x00, 0x00, 0x00, 0x00,
    0x00, 0x00, 0x00, 0x00, 0x00, 0x00, 0x00, 0x00, 0x00, 0x00, 0x00, 0x00, 0x00, 0x00, 0x00, 0x00,
    0x00, 0x00, 0x00, 0x00, 0x00, 0x00, 0x00, 0x00, 0x00, 0x00, 0x00, 0x00, 0x00, 0x00, 0x00, 0x00,
    0x00, 0x00, 0x00, 0x00, 0xE7, 0xB9, 0x00, 0x00, 0x27, 0xA2, 0xA7, 0xEB, 0x6A, 0xEC, 0x2B, 0xE4,
    0x2D, 0xE4, 0x2C, 0xE4, 0x0A, 0xE4, 0x88, 0xE3, 0xA9, 0xEC, 0x0D, 0xFF, 0x48, 0xEC, 0xC9, 0xEB,
    0x08, 0xBB, 0x65, 0x69, 0x00, 0x00, 0xE0, 0x7B, 0x00, 0x00, 0x00, 0x00, 0x00, 0x00, 0x00, 0x00,
    0x00, 0x00, 0x00, 0x00, 0x00, 0x00, 0x00, 0x00, 0x00, 0x00, 0x00, 0x00, 0x00, 0x00, 0x00, 0x00,
    0x00, 0x00, 0x00, 0x00, 0x00, 0x00, 0x00, 0x00, 0x00, 0x00, 0x00, 0x00, 0x00, 0x00, 0x00, 0x00,
    0x00, 0x00, 0x00, 0x00, 0x00, 0x00, 0x00, 0x00, 0x00, 0x00, 0x00, 0x00, 0x00, 0x00, 0x00, 0x00,
    0x00, 0x00, 0x00, 0x00, 0x00, 0x00, 0x00, 0x00, 0x00, 0x00, 0x00, 0x00, 0x00, 0x00, 0x00, 0x00,
    0x00, 0x00, 0x00, 0x00, 0xE2, 0x20, 0xC8, 0x7A, 0x8D, 0xC4, 0x0F, 0xDD, 0x6D, 0xBC, 0x4D, 0xB4,
    0x4D, 0xB4, 0x2D, 0xB4, 0x6D, 0xBC, 0x2D, 0xBC, 0x6A, 0x9B, 0x09, 0x8B, 0x8B, 0x9B, 0x8E, 0xC4,
    0x6D, 0xBC, 0x2D, 0xB4, 0x4D, 0xB4, 0x4D, 0xB4, 0x2D, 0xB4, 0x4D, 0xB4, 0x4D, 0xB4, 0x4D, 0xBC,
    0x6D, 0xC4, 0xEE, 0xDC, 0x4F, 0xED, 0x6F, 0xED, 0x90, 0xF5, 0xB0, 0xFD, 0x0E, 0xDD, 0x6A, 0x9B,
    0x06, 0x5A, 0x20, 0x08, 0x00, 0x00, 0x00, 0x00, 0x00, 0x00, 0xAA, 0xAA, 0x00, 0x00, 0x00, 0x00,
    0x00, 0x00, 0x00, 0x00, 0x00, 0x00, 0x00, 0x00, 0x00, 0x00, 0x00, 0x00, 0x00, 0x00, 0x00, 0x00,
    0x00, 0x00, 0x00, 0x00, 0x00, 0x00, 0x00, 0x00, 0x00, 0x00, 0x00, 0x00, 0x00, 0x00, 0x00, 0x00,
    0xE7, 0xB9, 0x00, 0x00, 0x06, 0x9A, 0xC9, 0xEB, 0x4D, 0xE4, 0xEA, 0xE3, 0x0A, 0xE4, 0xE9, 0xE3,
    0x2C, 0xE4, 0x67, 0xE3, 0xC8, 0xE3, 0x0D, 0xFF, 0x8A, 0xF5, 0xC9, 0xE3, 0x29, 0xF4, 0x66, 0xAA,
    0x46, 0x61, 0x00, 0x00, 0x00, 0x78, 0x00, 0x00, 0x00, 0x00, 0x00, 0x00, 0x00, 0x00, 0x00, 0x00,
    0x00, 0x00, 0x00, 0x00, 0x00, 0x00, 0x00, 0x00, 0x00, 0x00, 0x00, 0x00, 0x00, 0x00, 0x00, 0x00,
    0x00, 0x00, 0x00, 0x00, 0x00, 0x00, 0x00, 0x00, 0x00, 0x00, 0x00, 0x00, 0x00, 0x00, 0x00, 0x00,
    0x00, 0x00, 0x00, 0x00, 0x00, 0x00, 0x00, 0x00, 0x00, 0x00, 0x00, 0x00, 0x00, 0x00, 0x00, 0x00,
    0x00, 0x00, 0x00, 0x00, 0x00, 0x00, 0x00, 0x00, 0x00, 0x00, 0x00, 0x00, 0x84, 0x41, 0x08, 0x83,
    0xEE, 0xDC, 0xD1, 0xFD, 0x90, 0xF5, 0x0F, 0xDD, 0x8D, 0xC4, 0x4D, 0xB4, 0x2D, 0xB4, 0x8E, 0xBC,
    0x0C, 0xB4, 0x2A, 0x83, 0x4F, 0x9C, 0x0E, 0x94, 0xE9, 0x72, 0x87, 0x6A, 0x2C, 0xB4, 0x8D, 0xBC,
    0x2C, 0xB4, 0x4D, 0xB4, 0x4D, 0xB4, 0x4D, 0xB4, 0x4D, 0xB4, 0x6D, 0xBC, 0xEE, 0xDC, 0x4F, 0xED,
    0x4F, 0xED, 0x4F, 0xED, 0x4F, 0xE5, 0x4F, 0xED, 0x90, 0xF5, 0xB0, 0xFD, 0x90, 0xF5, 0x8D, 0xC4,
    0x08, 0x83, 0x03, 0x31, 0x00, 0x00, 0x00, 0x00, 0x00, 0x00, 0x00, 0x00, 0xE0, 0x39, 0x00, 0x00,
    0x00, 0x00, 0x00, 0x00, 0xE7, 0x79, 0xFF, 0xFF, 0x00, 0x00, 0x00, 0x00, 0x00, 0x00, 0x00, 0x00,
    0x00, 0x00, 0x00, 0x00, 0x00, 0x00, 0x00, 0x00, 0x00, 0x00, 0x00, 0x00, 0xE7, 0xB9, 0x00, 0x00,
    0x46, 0x9A, 0x2B, 0xEC, 0x2C, 0xE4, 0x0B, 0xE4, 0xC8, 0xE3, 0xA8, 0xE3, 0xEA, 0xE3, 0x06, 0xE3,
    0x28, 0xE3, 0x6C, 0xFE, 0xCD, 0xFE, 0xEE, 0xEC, 0xA9, 0xEC, 0x49, 0xE4, 0x86, 0x79, 0x00, 0x00,
    0xE7, 0x79, 0x00, 0x00, 0x00, 0x00, 0x00, 0x00, 0x00, 0x00, 0x00, 0x00, 0x00, 0x00, 0x00, 0x00,
    0x00, 0x00, 0x00, 0x00, 0x00, 0x00, 0x00, 0x00, 0x00, 0x00, 0x00, 0x00, 0x00, 0x00, 0x00, 0x00,
    0x00, 0x00, 0x00, 0x00, 0x00, 0x00, 0x00, 0x00, 0x00, 0x00, 0x00, 0x00, 0x00, 0x00, 0x00, 0x00,
    0x00, 0x00, 0x00, 0x00, 0x00, 0x00, 0x00, 0x00, 0x00, 0x00, 0xE7, 0x39, 0x00, 0x00, 0x00, 0x00,
    0x00, 0x00, 0x00, 0x00, 0xE5, 0x51, 0x2C, 0xB4, 0x6F, 0xED, 0xB0, 0xFD, 0x90, 0xF5, 0x4F, 0xE5,
    0x6F, 0xED, 0x6D, 0xC4, 0x8D, 0xC4, 0xAE, 0xC4, 0x8E, 0xC4, 0xAB, 0xA3, 0x4B, 0x7B, 0x93, 0xBD,
    0x97, 0xDE, 0xB8, 0xE6, 0x56, 0xD6, 0xB0, 0x9C, 0x47, 0x52, 0x8A, 0x9B, 0x8E, 0xC4, 0x2D, 0xB4,
    0x4D, 0xB4, 0x4D, 0xB4, 0x6D, 0xC4, 0xEE, 0xDC, 0x4F, 0xED, 0x4F, 0xED, 0x4F, 0xED, 0x4F, 0xED,
    0x4F, 0xED, 0x4F, 0xED, 0x4F, 0xED, 0x4F, 0xE5, 0x4F, 0xED, 0x90, 0xF5, 0xD0, 0xFD, 0xEE, 0xDC,
    0x49, 0x8B, 0x84, 0x41, 0x00, 0x00, 0x00, 0x00, 0x00, 0x00, 0x00, 0x00, 0xFF, 0xFF, 0x00, 0x00,
    0x00, 0x00, 0x00, 0x00, 0x00, 0x00, 0x00, 0x00, 0x00, 0x00, 0x00, 0x00, 0x00, 0x00, 0x00, 0x00,
    0x00, 0x00, 0x00, 0x00, 0x00, 0x00, 0x00, 0x00, 0x4A, 0xFD, 0x00, 0x00, 0x87, 0xAA, 0x4D, 0xF4,
    0x0C, 0xE4, 0xC8, 0xE3, 0xA7, 0xE3, 0xC8, 0xE3, 0xA9, 0xE3, 0xA6, 0xDA, 0xE8, 0xDA, 0x2B, 0xF6,
    0x2F, 0xFF, 0x10, 0xF6, 0x6B, 0xFE, 0x2B, 0xD5, 0xA4, 0x58, 0x00, 0x00, 0x00, 0x78, 0x00, 0x00,
    0x00, 0x00, 0x00, 0x00, 0x00, 0x00, 0x00, 0x00, 0x00, 0x00, 0x00, 0x00, 0x00, 0x00, 0x00, 0x00,
    0x00, 0x00, 0x00, 0x00, 0x00, 0x00, 0x00, 0x00, 0x00, 0x00, 0x00, 0x00, 0x00, 0x00, 0x00, 0x00,
    0x00, 0x00, 0x00, 0x00, 0x00, 0x00, 0x00, 0x00, 0x00, 0x00, 0x00, 0x00, 0xE7, 0x39, 0x00, 0xF8,
    0x00, 0x00, 0xEF, 0xFF, 0x00, 0x00, 0x00, 0x00, 0x00, 0x00, 0x00, 0x00, 0xE5, 0x51, 0x0B, 0xAC,
    0xB0, 0xF5, 0xB0, 0xFD, 0x6F, 0xED, 0x4F, 0xE5, 0x4F, 0xED, 0x4F, 0xE5, 0x90, 0xF5, 0xAA, 0xA3,
    0xCE, 0xD4, 0x90, 0xF5, 0x0C, 0xBC, 0xAC, 0x83, 0x76, 0xDE, 0x56, 0xDE, 0xF5, 0xCD, 0x56, 0xD6,
    0x57, 0xDE, 0xB7, 0xE6, 0x15, 0xD6, 0x88, 0x5A, 0x6A, 0x9B, 0x8E, 0xC4, 0x4D, 0xBC, 0xAE, 0xCC,
    0x0F, 0xDD, 0x4F, 0xED, 0x4F, 0xED, 0x4F, 0xED, 0x4F, 0xED, 0x4F, 0xED, 0x4F, 0xED, 0x4F, 0xED,
    0x4F, 0xED, 0x4F, 0xED, 0x4F, 0xED, 0x4F, 0xED, 0x4F, 0xE5, 0x70, 0xED, 0xB0, 0xFD, 0x2F, 0xE5,
    0xAA, 0xA3, 0x46, 0x62, 0x81, 0x18, 0x00, 0x00, 0x00, 0x00, 0x00, 0x00, 0x63, 0x39, 0xA8, 0x6A,
    0xC5, 0x51, 0x00, 0x00, 0xFF, 0xFF, 0x00, 0x00, 0x00, 0x00, 0x00, 0x00, 0x00, 0x00, 0x00, 0x00,
    0x00, 0x00, 0x00, 0x78, 0xFF, 0xFF, 0x00, 0x40, 0x0B, 0xCC, 0xCC, 0xEC, 0xA8, 0xE3, 0xC7, 0xE3,
    0x87, 0xE3, 0x0A, 0xE4, 0x68, 0xE3, 0x87, 0xDA, 0xE7, 0xDA, 0x6C, 0xF6, 0x34, 0xFF, 0xCF, 0xFE,
    0x0C, 0xFF, 0x28, 0xA3, 0x00, 0x00, 0x4A, 0xFD, 0x00, 0x00, 0x00, 0x00, 0x00, 0x00, 0x00, 0x00,
    0x00, 0x00, 0x00, 0x00, 0x00, 0x00, 0x00, 0x00, 0x00, 0x00, 0x00, 0x00, 0x00, 0x00, 0x00, 0x00,
    0x00, 0x00, 0x00, 0x00, 0x00, 0x00, 0x00, 0x00, 0x00, 0x00, 0x00, 0x00, 0x00, 0x00, 0x00, 0x00,
    0x00, 0x00, 0x00, 0x00, 0x00, 0x00, 0x00, 0x00, 0x00, 0x00, 0x00, 0x00, 0x00, 0x00, 0x00, 0x00,
    0x00, 0x00, 0xC2, 0x20, 0x87, 0x6A, 0x4C, 0xBC, 0x90, 0xF5, 0xB0, 0xFD, 0x4F, 0xED, 0x4F, 0xE5,
    0x4F, 0xED, 0x4F, 0xED, 0x4F, 0xED, 0x4F, 0xED, 0x6F, 0xED, 0x49, 0x8B, 0x4F, 0xED, 0x0E, 0xE5,
    0x2E, 0x9C, 0x5A, 0xF7, 0xD8, 0xEE, 0x76, 0xDE, 0x56, 0xDE, 0x35, 0xD6, 0x77, 0xDE, 0x56, 0xD6,
    0x76, 0xDE, 0x77, 0xDE, 0xEA, 0x6A, 0x0C, 0xB4, 0x4F, 0xED, 0x4F, 0xE5, 0x6F, 0xED, 0x4F, 0xED,
    0x4F, 0xED, 0x4F, 0xED, 0x4F, 0xED, 0x4F, 0xED, 0x4F, 0xED, 0x4F, 0xED, 0x4F, 0xED, 0x4F, 0xED,
    0x4F, 0xED, 0x4F, 0xED, 0x4F, 0xED, 0x4F, 0xED, 0x2F, 0xE5, 0x4F, 0xED, 0x90, 0xF5, 0x90, 0xF5,
    0xCE, 0xD4, 0x49, 0x93, 0x67, 0x6A, 0xCB, 0xA3, 0x2F, 0xE5, 0x91, 0xED, 0x09, 0x83, 0x00, 0x00,
    0x20, 0x00, 0xE0, 0x7B, 0x00, 0x00, 0x00, 0x00, 0x00, 0x00, 0x00, 0x00, 0x00, 0x00, 0xE7, 0xBB,
    0x00, 0x00, 0xE7, 0xA2, 0xEF, 0xFE, 0x08, 0xE4, 0xA7, 0xE3, 0xA9, 0xEC, 0xA8, 0xE3, 0x0A, 0xE4,
    0x27, 0xE3, 0x87, 0xDA, 0x27, 0xE3, 0xAE, 0xFE, 0x14, 0xFF, 0x50, 0xFF, 0x4D, 0xD5, 0x00, 0x20,
    0xE7, 0x91, 0x00, 0x78, 0x00, 0x00, 0x00, 0x00, 0x00, 0x00, 0x00, 0x00, 0x00, 0x00, 0x00, 0x00,
    0x00, 0x00, 0x00, 0x00, 0x00, 0x00, 0x00, 0x00, 0x00, 0x00, 0x00, 0x00, 0x00, 0x00, 0x00, 0x00,
    0x00, 0x00, 0x00, 0x00, 0x00, 0x00, 0x00, 0x00, 0x00, 0x00, 0x00, 0x00, 0x00, 0x00, 0x45, 0x51,
    0xFF, 0xFF, 0x03, 0x29, 0xA5, 0x41, 0x00, 0x00, 0xA8, 0x72, 0x06, 0x5A, 0x09, 0x83, 0xEE, 0xD4,
    0xB0, 0xF5, 0x90, 0xF5, 0x4F, 0xED, 0x4F, 0xE5, 0x4F, 0xED, 0x4F, 0xED, 0x4F, 0xED, 0x4F, 0xED,
    0x4F, 0xED, 0x6F, 0xED, 0x2F, 0xE5, 0x08, 0x83, 0x90, 0xFD, 0xCC, 0x9B, 0x19, 0xE7, 0x9A, 0xFF,
    0x5A, 0xF7, 0x3A, 0xF7, 0x19, 0xF7, 0xD8, 0xEE, 0xD8, 0xEE, 0x19, 0xEF, 0xF8, 0xEE, 0x39, 0xF7,
    0x39, 0xEF, 0x2A, 0x7B, 0x0E, 0xE5, 0x90, 0xED, 0x4F, 0xED, 0x4F, 0xED, 0x4F, 0xED, 0x4F, 0xED,
    0x4F, 0xED, 0x4F, 0xED, 0x4F, 0xED, 0x4F, 0xED, 0x4F, 0xED, 0x4F, 0xED, 0x4F, 0xE5, 0x4F, 0xED,
    0x4F, 0xED, 0x4F, 0xED, 0x4F, 0xE5, 0x4F, 0xE5, 0x2F, 0xE5, 0x4F, 0xED, 0x90, 0xF5, 0xB0, 0xFD,
    0xD0, 0xFD, 0x90, 0xF5, 0xCE, 0xD4, 0xAB, 0x9B, 0x00, 0x00, 0x00, 0x00, 0x00, 0x00, 0x00, 0x00,
    0x00, 0x00, 0x00, 0x00, 0x00, 0x00, 0x00, 0x00, 0xAA, 0xAA, 0x00, 0x00, 0xE6, 0x81, 0x4C, 0xEE,
    0x4B, 0xFE, 0x06, 0xDB, 0x0A, 0xED, 0xEB, 0xF5, 0xEB, 0xE3, 0xEA, 0xE3, 0xE6, 0xDA, 0x28, 0xE3,
    0x08, 0xE4, 0xD0, 0xFE, 0x13, 0xFF, 0x54, 0xFF, 0x0C, 0xB4, 0xA6, 0x79, 0x47, 0x8A, 0x00, 0x00,
    0xAA, 0xAA, 0x00, 0x00, 0x00, 0x00, 0x00, 0x00, 0x00, 0x00, 0x00, 0x00, 0x00, 0x00, 0x00, 0x00,
    0x00, 0x00, 0x00, 0x00, 0x00, 0x00, 0x00, 0x00, 0x00, 0x00, 0x00, 0x00, 0x00, 0x00, 0x00, 0x00,
    0x00, 0x00, 0x00, 0x00, 0x00, 0x00, 0x00, 0x00, 0x00, 0x00, 0x00, 0x00, 0x00, 0x00, 0xC3, 0x18,
    0xAE, 0xCC, 0x6C, 0xC4, 0x70, 0xED, 0x70, 0xED, 0x90, 0xF5, 0x70, 0xED, 0x2F, 0xE5, 0x4F, 0xE5,
    0x4F, 0xED, 0x4F, 0xED, 0x4F, 0xED, 0x4F, 0xED, 0x4F, 0xED, 0x4F, 0xED, 0x4F, 0xED, 0x90, 0xF5,
    0x8D, 0xCC, 0x69, 0x93, 0x4C, 0xBC, 0x93, 0xB5, 0xDC, 0xFF, 0x5A, 0xF7, 0x9B, 0xFF, 0x7B, 0xFF,
    0x7B, 0xFF, 0x7B, 0xFF, 0x5A, 0xF7, 0x7B, 0xFF, 0x7B, 0xFF, 0x39, 0xF7, 0x9A, 0xFF, 0x77, 0xD6,
    0x09, 0x7B, 0x90, 0xF5, 0x4F, 0xED, 0x4F, 0xED, 0x4F, 0xED, 0x4F, 0xED, 0x4F, 0xE5, 0x4F, 0xED,
    0x4F, 0xED, 0x4F, 0xED, 0x4F, 0xED, 0x2F, 0xE5, 0x2F, 0xE5, 0x4F, 0xE5, 0x4F, 0xED, 0x4F, 0xED,
    0x4F, 0xE5, 0x2F, 0xE5, 0x4F, 0xED, 0x4F, 0xED, 0x4F, 0xED, 0x4F, 0xE5, 0x2F, 0xE5, 0x6D, 0xC4,
    0x6D, 0xBC, 0x6A, 0x93, 0x29, 0x8B, 0x8A, 0x9B, 0xAA, 0x9B, 0x43, 0x31, 0x00, 0x00, 0xEF, 0x7B,
    0x00, 0x00, 0x00, 0x78, 0xE0, 0xFF, 0x03, 0x48, 0xEA, 0xCC, 0x6D, 0xFF, 0x2A, 0xED, 0xCA, 0xEC,
    0x8C, 0xFE, 0xEC, 0xFE, 0x0C, 0xED, 0xA8, 0xE3, 0x27, 0xE3, 0xA9, 0xEC, 0x6B, 0xF5, 0x12, 0xFF,
    0x34, 0xFF, 0x73, 0xEE, 0xE6, 0x81, 0xEC, 0xB3, 0x66, 0x71, 0xE7, 0x9A, 0xE0, 0xFF, 0x00, 0x00,
    0x00, 0x00, 0x00, 0x00, 0x00, 0x00, 0x00, 0x00, 0x00, 0x00, 0x00, 0x00, 0x00, 0x00, 0x00, 0x00,
    0x00, 0x00, 0x00, 0x00, 0x00, 0x00, 0x00, 0x00, 0x00, 0x00, 0x00, 0x00, 0x00, 0x00, 0x00, 0x00,
    0x00, 0x00, 0x00, 0x00, 0x00, 0x00, 0x85, 0x41, 0xA8, 0x6A, 0xE8, 0x7A, 0x4C, 0xBC, 0xB0, 0xFD,
    0x0F, 0xDD, 0x2F, 0xE5, 0x0F, 0xE5, 0x2F, 0xE5, 0x2F, 0xE5, 0x4F, 0xED, 0x4F, 0xED, 0x4F, 0xED,
    0x4F, 0xED, 0x4F, 0xED, 0x4F, 0xED, 0x4F, 0xED, 0x4F, 0xED, 0x90, 0xF5, 0x4C, 0xBC, 0xAA, 0xA3,
    0x0D, 0x94, 0x7A, 0xF7, 0x39, 0xF7, 0x7A, 0xFF, 0x7A, 0xFF, 0x7A, 0xFF, 0x5A, 0xFF, 0x7A, 0xFF,
    0x7B, 0xFF, 0x7B, 0xFF, 0x7B, 0xFF, 0x7A, 0xFF, 0x39, 0xF7, 0xDB, 0xFF, 0xB4, 0xBD, 0x49, 0x8B,
    0xB0, 0xFD, 0x4F, 0xE5, 0x4F, 0xED, 0x2F, 0xE5, 0x2F, 0xE5, 0x4F, 0xE5, 0x4F, 0xED, 0x4F, 0xED,
    0x2F, 0xE5, 0x2F, 0xE5, 0x2F, 0xE5, 0x4F, 0xE5, 0x6F, 0xED, 0x4F, 0xED, 0x2F, 0xE5, 0x2F, 0xE5,
    0x4F, 0xE5, 0x4F, 0xED, 0x6F, 0xED, 0x70, 0xED, 0x8D, 0xC4, 0x4D, 0xBC, 0x4D, 0xBC, 0x6D, 0xBC,
    0xCE, 0xCC, 0xCE, 0xD4, 0x87, 0x6A, 0xC2, 0x20, 0xFF, 0xFF, 0x00, 0x78, 0x00, 0x00, 0xE7, 0xBB,
    0x00, 0x00, 0x48, 0xA3, 0x2D, 0xFF, 0xAC, 0xFE, 0x2C, 0xF6, 0xCC, 0xFE, 0xCC, 0xFE, 0x0E, 0xFF,
    0xCD, 0xF5, 0xAA, 0xE3, 0xE8, 0xE3, 0x4C, 0xF6, 0x8F, 0xFE, 0x11, 0xFF, 0xF4, 0xFE, 0x6E, 0xCC,
    0x6B, 0xA3, 0x6F, 0xD5, 0xC7, 0x9A, 0x67, 0x71, 0x00, 0x00, 0x00, 0xF8, 0x00, 0x00, 0x00, 0x00,
    0x00, 0x00, 0x00, 0x00, 0x00, 0x00, 0x00, 0x00, 0x00, 0x00, 0x00, 0x00, 0x00, 0x00, 0x00, 0x00,
    0x00, 0x00, 0x00, 0x00, 0x00, 0x00, 0x00, 0x00, 0x00, 0x00, 0x00, 0x00, 0x00, 0x00, 0xFF, 0xFF,
    0x40, 0x08, 0x88, 0x62, 0xB1, 0xED, 0x11, 0xFE, 0x6F, 0xED, 0x2F, 0xE5, 0x2F, 0xE5, 0x2F, 0xE5,
    0x2F, 0xE5, 0x2F, 0xE5, 0x2F, 0xE5, 0x4F, 0xE5, 0x4F, 0xED, 0x4F, 0xED, 0x4F, 0xED, 0x4F, 0xED,
    0x4F, 0xED, 0x4F, 0xED, 0x4F, 0xED, 0x90, 0xF5, 0x0B, 0xB4, 0x29, 0x8B, 0xD4, 0xC5, 0x9A, 0xFF,
    0x39, 0xF7, 0x5A, 0xF7, 0x5A, 0xFF, 0x7A, 0xFF, 0x5A, 0xF7, 0x5A, 0xF7, 0x5A, 0xF7, 0x7A, 0xFF,
    0x7B, 0xFF, 0x7A, 0xFF, 0x5A, 0xF7, 0x39, 0xF7, 0xFC, 0xFF, 0x2F, 0x8C, 0x0B, 0xBC, 0xB0, 0xF5,
    0x2F, 0xE5, 0x2F, 0xE5, 0x2F, 0xE5, 0x2F, 0xE5, 0x4F, 0xED, 0x4F, 0xED, 0x2F, 0xE5, 0x2F, 0xE5,
    0x2F, 0xE5, 0x4F, 0xED, 0x4F, 0xED, 0x2F, 0xE5, 0x2F, 0xE5, 0x2F, 0xE5, 0x2F, 0xE5, 0x6F, 0xED,
    0xCE, 0xD4, 0x8A, 0x9B, 0x8E, 0xC4, 0x4D, 0xBC, 0x4D, 0xBC, 0x4D, 0xB4, 0x4D, 0xBC, 0x64, 0x39,
    0x00, 0x00, 0x00, 0x00, 0x00, 0x00, 0x00, 0x00, 0x00, 0x00, 0x00, 0x00, 0x00, 0x00, 0x69, 0xC4,
    0x0D, 0xFF, 0x8C, 0xF6, 0xCC, 0xFE, 0xCC, 0xFE, 0xCC, 0xFE, 0x0E, 0xFF, 0xCA, 0xEC, 0xCC, 0xE3,
    0x8F, 0xED, 0xEF, 0xFE, 0xCF, 0xFE, 0xEF, 0xFE, 0xF0, 0xF5, 0xAB, 0xD3, 0x8B, 0xDC, 0x8F, 0xFF,
    0xC8, 0xB3, 0x00, 0x00, 0xEF, 0xFF, 0x00, 0x00, 0x00, 0x00, 0x00, 0x00, 0x00, 0x00, 0x00, 0x00,
    0x00, 0x00, 0x00, 0x00, 0x00, 0x00, 0x00, 0x00, 0x00, 0x00, 0x00, 0x00, 0x00, 0x00, 0x00, 0x00,
    0x00, 0x00, 0x00, 0x00, 0x00, 0x00, 0x00, 0x00, 0x00, 0x00, 0x00, 0x00, 0x00, 0x00, 0x00, 0x00,
    0x43, 0x39, 0x2C, 0xB4, 0x90, 0xF5, 0x2F, 0xE5, 0x2F, 0xE5, 0x2F, 0xE5, 0x2F, 0xE5, 0x2F, 0xE5,
    0x2F, 0xE5, 0x2F, 0xE5, 0x4F, 0xE5, 0x4F, 0xE5, 0x4F, 0xED, 0x4F, 0xED, 0x4F, 0xED, 0x4F, 0xED,
    0x4F, 0xED, 0x90, 0xF5, 0x49, 0x93, 0x4B, 0x7B, 0x5A, 0xF7, 0x59, 0xF7, 0x59, 0xF7, 0x59, 0xF7,
    0x5A, 0xF7, 0x5A, 0xFF, 0x5A, 0xF7, 0x59, 0xF7, 0x39, 0xF7, 0x59, 0xF7, 0x5A, 0xF7, 0x7A, 0xFF,
    0x7A, 0xFF, 0x5A, 0xF7, 0x5A, 0xFF, 0x9B, 0xF7, 0x4B, 0x7B, 0xEE, 0xDC, 0x4F, 0xE5, 0x2F, 0xE5,
    0x2F, 0xE5, 0x2F, 0xE5, 0x4F, 0xED, 0x4F, 0xED, 0x2F, 0xE5, 0x2F, 0xE5, 0x4F, 0xED, 0x4F, 0xED,
    0x2F, 0xE5, 0x2F, 0xE5, 0x2F, 0xE5, 0x2F, 0xE5, 0x2F, 0xE5, 0x6F, 0xED, 0xF2, 0xFD, 0x2D, 0xAC,
    0x29, 0x8B, 0x8D, 0xC4, 0x2D, 0xB4, 0x6D, 0xBC, 0xEE, 0xD4, 0xAB, 0xA3, 0x64, 0x39, 0xAA, 0xAA,
    0xE0, 0x7B, 0x00, 0x00, 0x00, 0xF8, 0x00, 0x00, 0x01, 0x08, 0xA8, 0xAB, 0xED, 0xFE, 0x6C, 0xF6,
    0xCC, 0xFE, 0xCC, 0xFE, 0xEC, 0xFE, 0xAC, 0xFE, 0xC8, 0xE3, 0x2E, 0xED, 0x34, 0xFF, 0xEE, 0xFE,
    0xED, 0xFE, 0x8E, 0xFE, 0x2E, 0xED, 0x87, 0xE3, 0xE9, 0xF4, 0x4C, 0xF6, 0x06, 0x8A, 0x00, 0x00,
    0xE7, 0xB9, 0x00, 0x00, 0x00, 0x00, 0x00, 0x00, 0x00, 0x00, 0x00, 0x00, 0x00, 0x00, 0x00, 0x00,
    0x00, 0x00, 0x00, 0x00, 0x00, 0x00, 0x00, 0x00, 0x00, 0x00, 0x00, 0x00, 0x00, 0x00, 0x00, 0x00,
    0x00, 0x00, 0x00, 0x00, 0x00, 0x00, 0x00, 0x00, 0x00, 0x00, 0x55, 0xFD, 0x00, 0x00, 0x00, 0x00,
    0x49, 0x93, 0x90, 0xF5, 0x2F, 0xE5, 0x2F, 0xE5, 0x2F, 0xE5, 0x2F, 0xE5, 0x2F, 0xE5, 0x2F, 0xE5,
    0x4F, 0xE5, 0x4F, 0xE5, 0x6F, 0xED, 0x6F, 0xED, 0x6F, 0xED, 0x6F, 0xED, 0x6F, 0xED, 0x90, 0xF5,
    0x84, 0x41, 0x32, 0xAD, 0xBB, 0xFF, 0x39, 0xF7, 0x59, 0xF7, 0x59, 0xF7, 0x59, 0xF7, 0x5A, 0xF7,
    0x5A, 0xF7, 0x59, 0xF7, 0x39, 0xF7, 0x39, 0xF7, 0x39, 0xF7, 0x59, 0xF7, 0x7A, 0xFF, 0x7A, 0xFF,
    0x5A, 0xF7, 0xBB, 0xFF, 0x56, 0xCE, 0x09, 0x83, 0x90, 0xF5, 0x2F, 0xE5, 0x70, 0xED, 0x6F, 0xED,
    0x4F, 0xED, 0x4F, 0xE5, 0x4F, 0xE5, 0x4F, 0xED, 0x4F, 0xED, 0x2F, 0xE5, 0x2F, 0xE5, 0x2F, 0xE5,
    0x2F, 0xE5, 0x2F, 0xE5, 0x6F, 0xED, 0xAD, 0xCC, 0x0C, 0xAC, 0xEF, 0xCC, 0x87, 0x6A, 0xAB, 0xA3,
    0xCE, 0xCC, 0x2C, 0xB4, 0x6A, 0x93, 0x8A, 0x9B, 0x03, 0x29, 0x00, 0x00, 0xFF, 0xFF, 0x00, 0x00,
    0x00, 0x00, 0xAA, 0x52, 0x00, 0x00, 0xA6, 0x79, 0x8C, 0xE5, 0x4D, 0xFF, 0xAC, 0xFE, 0xCC, 0xFE,
    0xEC, 0xFE, 0x0B, 0xF6, 0x69, 0xEC, 0x12, 0xFF, 0x13, 0xFF, 0xCC, 0xFE, 0xED, 0xFE, 0x31, 0xF6,
    0x6C, 0xE4, 0x26, 0xDB, 0x89, 0xF4, 0x49, 0xD4, 0x04, 0x50, 0x00, 0x00, 0x00, 0x78, 0x00, 0x00,
    0x00, 0x00, 0x00, 0x00, 0x00, 0x00, 0x00, 0x00, 0x00, 0x00, 0x00, 0x00, 0x00, 0x00, 0x00, 0x00,
    0x00, 0x00, 0x00, 0x00, 0x00, 0x00, 0x00, 0x00, 0x00, 0x00, 0x00, 0x00, 0x00, 0x00, 0x00, 0x00,
    0x00, 0x00, 0x00, 0x00, 0x00, 0x00, 0x00, 0x00, 0x26, 0x63, 0x00, 0x00, 0x00, 0x00, 0xEB, 0xAB,
    0x6F, 0xED, 0x0F, 0xDD, 0x2F, 0xE5, 0x2F, 0xE5, 0x2F, 0xE5, 0x2F, 0xE5, 0x2F, 0xE5, 0x2F, 0xE5,
    0x2F, 0xE5, 0x0F, 0xE5, 0x0E, 0xDD, 0xEE, 0xD4, 0xCE, 0xD4, 0x4C, 0xBC, 0xE6, 0x41, 0x39, 0xEF,
    0x59, 0xF7, 0x5A, 0xF7, 0x5A, 0xF7, 0x59, 0xF7, 0x59, 0xF7, 0x39, 0xF7, 0x59, 0xF7, 0x5A, 0xF7,
    0x39, 0xF7, 0x39, 0xF7, 0x39, 0xF7, 0x39, 0xF7, 0x59, 0xF7, 0x5A, 0xFF, 0x7A, 0xFF, 0x5A, 0xF7,
    0xFC, 0xFF, 0x6F, 0x94, 0xEB, 0xB3, 0x90, 0xF5, 0x0B, 0xB4, 0xEE, 0xD4, 0x90, 0xF5, 0x90, 0xF5,
    0x90, 0xF5, 0x6F, 0xED, 0x2F, 0xE5, 0x2F, 0xE5, 0x2F, 0xE5, 0x2F, 0xE5, 0x2F, 0xE5, 0x0E, 0xDD,
    0x0E, 0xDD, 0x4C, 0xBC, 0x09, 0x83, 0xE8, 0x7A, 0x4A, 0x8B, 0x2C, 0xB4, 0x09, 0x83, 0xC2, 0x20,
    0x00, 0x00, 0x00, 0x00, 0x00, 0x00, 0x00, 0x00, 0x00, 0x00, 0x00, 0x00, 0x00, 0x00, 0x00, 0x00,
    0x00, 0xF8, 0x00, 0x00, 0xE6, 0x81, 0x6B, 0xDD, 0x2D, 0xFF, 0xCC, 0xFE, 0xCC, 0xFE, 0xCC, 0xF5,
    0xEB, 0xF5, 0x32, 0xFF, 0xF0, 0xFE, 0xCB, 0xFE, 0x0F, 0xFF, 0x6F, 0xED, 0xA7, 0xE3, 0x07, 0xDB,
    0x08, 0xF4, 0x07, 0xB3, 0x00, 0x00, 0x4A, 0xAD, 0x00, 0x00, 0x00, 0x00, 0x00, 0x00, 0x00, 0x00,
    0x00, 0x00, 0x00, 0x00, 0x00, 0x00, 0x00, 0x00, 0x00, 0x00, 0x00, 0x00, 0x00, 0x00, 0x00, 0x00,
    0x00, 0x00, 0x00, 0x00, 0x00, 0x00, 0x00, 0x00, 0x00, 0x00, 0x00, 0x00, 0x00, 0x00, 0x00, 0x00,
    0x00, 0x00, 0x00, 0x00, 0x00, 0x00, 0xFF, 0xFF, 0x00, 0x00, 0xC8, 0x72, 0x12, 0xFE, 0x90, 0xF5,
    0x90, 0xF5, 0x4F, 0xE5, 0x0F, 0xD5, 0xCE, 0xCC, 0xCE, 0xCC, 0xAE, 0xCC, 0xAE, 0xCC, 0xAE, 0xCC,
    0xAE, 0xCC, 0xAE, 0xCC, 0xCF, 0xD4, 0x09, 0x8B, 0x2E, 0x8C, 0xBB, 0xFF, 0x19, 0xF7, 0x5A, 0xF7,
    0x5A, 0xFF, 0x5A, 0xF7, 0x59, 0xF7, 0x39, 0xF7, 0x39, 0xF7, 0x59, 0xF7, 0x59, 0xF7, 0x39, 0xF7,
    0x39, 0xF7, 0x39, 0xF7, 0x19, 0xF7, 0x39, 0xF7, 0x7A, 0xFF, 0x7A, 0xFF, 0x7A, 0xFF, 0x39, 0xEF,
    0xC9, 0x6A, 0x4F, 0xED, 0x2C, 0xB4, 0x67, 0x62, 0xE8, 0x7A, 0x8B, 0x9B, 0x4C, 0xBC, 0xAE, 0xCC,
    0xEF, 0xD4, 0xEE, 0xD4, 0xEE, 0xD4, 0xCE, 0xCC, 0xAE, 0xCC, 0xAE, 0xC4, 0x8E, 0xC4, 0x8D, 0xC4,
    0x4D, 0xBC, 0x8A, 0x93, 0x67, 0x6A, 0x03, 0x31, 0x00, 0x00, 0x00, 0x00, 0x00, 0x00, 0x00, 0x00,
    0xE0, 0x7B, 0x00, 0x00, 0x00, 0x00, 0x00, 0x00, 0x00, 0x00, 0x00, 0x00, 0x00, 0x00, 0xFF, 0xFF,
    0x00, 0x00, 0x05, 0x69, 0x0A, 0xD5, 0xCD, 0xFE, 0x2D, 0xF6, 0x0D, 0xF6, 0xAC, 0xFE, 0xEF, 0xFE,
    0xCC, 0xFE, 0xCC, 0xFE, 0x11, 0xFF, 0x49, 0xE4, 0x26, 0xDB, 0x47, 0xE3, 0x68, 0xD3, 0x86, 0x71,
    0x00, 0x00, 0xAA, 0x52, 0x00, 0x00, 0x00, 0x00, 0x00, 0x00, 0x00, 0x00, 0x00, 0x00, 0x00, 0x00,
    0x00, 0x00, 0x00, 0x00, 0x00, 0x00, 0x00, 0x00, 0x00, 0x00, 0x00, 0x00, 0x00, 0x00, 0x00, 0x00,
    0x00, 0x00, 0x00, 0x00, 0x00, 0x00, 0x00, 0x00, 0x00, 0x00, 0x00, 0x00, 0x00, 0x00, 0x00, 0x00,
    0x00, 0x00, 0x00, 0x00, 0x20, 0x08, 0x6E, 0xB4, 0x91, 0xE5, 0xCB, 0xAB, 0x4A, 0x93, 0x29, 0x83,
    0x09, 0x83, 0x09, 0x83, 0x09, 0x83, 0x09, 0x83, 0x09, 0x83, 0x09, 0x83, 0xC8, 0x7A, 0xA8, 0x72,
    0xE6, 0x51, 0xC2, 0x20, 0x56, 0xD6, 0x7A, 0xFF, 0x39, 0xF7, 0x59, 0xF7, 0x5A, 0xF7, 0x5A, 0xFF,
    0x5A, 0xF7, 0x59, 0xF7, 0x39, 0xF7, 0x39, 0xF7, 0x59, 0xF7, 0x39, 0xF7, 0x39, 0xF7, 0x18, 0xF7,
    0x18, 0xF7, 0x19, 0xF7, 0x59, 0xF7, 0x7A, 0xFF, 0x5A, 0xF7, 0xDC, 0xFF, 0xD1, 0xA4, 0xCA, 0xA3,
    0xF1, 0xFD, 0xAE, 0xCC, 0xEC, 0xAB, 0x4A, 0x8B, 0x88, 0x6A, 0x06, 0x52, 0x06, 0x52, 0xA8, 0x72,
    0xC8, 0x72, 0xE9, 0x7A, 0xC8, 0x7A, 0x67, 0x62, 0x06, 0x5A, 0x64, 0x39, 0x81, 0x10, 0x00, 0x00,
    0x00, 0x00, 0x00, 0x00, 0x00, 0x00, 0xFF, 0xFF, 0x00, 0x00, 0x00, 0x00, 0x00, 0x00, 0x00, 0x00,
    0x00, 0x00, 0x00, 0x00, 0x00, 0x00, 0x00, 0x00, 0x00, 0x00, 0x00, 0x00, 0xEF, 0xBD, 0x00, 0x00,
    0xC6, 0x81, 0x6D, 0xF5, 0xCE, 0xF5, 0x4C, 0xF6, 0x0F, 0xFF, 0xF1, 0xFE, 0xAB, 0xFE, 0x0F, 0xFF,
    0x71, 0xF6, 0x47, 0xE3, 0x07, 0xDB, 0xA7, 0xEB, 0xE8, 0xB2, 0x00, 0x00, 0xE0, 0xFF, 0x00, 0x00,
    0x00, 0x00, 0x00, 0x00, 0x00, 0x00, 0x00, 0x00, 0x00, 0x00, 0x00, 0x00, 0x00, 0x00, 0x00, 0x00,
    0x00, 0x00, 0x00, 0x00, 0x00, 0x00, 0x00, 0x00, 0x00, 0x00, 0x00, 0x00, 0x00, 0x00, 0x00, 0x00,
    0x00, 0x00, 0x00, 0x00, 0x00, 0x00, 0x00, 0x00, 0x00, 0x00, 0x00, 0x00, 0x00, 0x00, 0x00, 0x00,
    0xA2, 0x18, 0x06, 0x52, 0x81, 0x10, 0x00, 0x00, 0x00, 0x00, 0x00, 0x00, 0x00, 0x00, 0x00, 0x00,
    0x00, 0x00, 0x00, 0x00, 0x00, 0x00, 0x00, 0x00, 0x00, 0x00, 0x00, 0x00, 0x00, 0x00, 0x07, 0x42,
    0x39, 0xF7, 0x7A, 0xFF, 0x39, 0xF7, 0x59, 0xF7, 0x59, 0xF7, 0x5A, 0xF7, 0x5A, 0xF7, 0x59, 0xF7,
    0x39, 0xF7, 0x39, 0xF7, 0x39, 0xF7, 0x39, 0xF7, 0x39, 0xF7, 0x39, 0xF7, 0x18, 0xF7, 0x18, 0xF7,
    0x19, 0xF7, 0x5A, 0xF7, 0x7A, 0xFF, 0x7A, 0xFF, 0x39, 0xEF, 0x09, 0x73, 0x4F, 0xED, 0x2F, 0xE5,
    0xAE, 0xCC, 0x8E, 0xC4, 0x8D, 0xBC, 0x4D, 0xB4, 0x23, 0x31, 0x00, 0x00, 0x00, 0x00, 0x00, 0x00,
    0x00, 0x00, 0x00, 0x00, 0x00, 0x00, 0x00, 0x00, 0x00, 0x00, 0x00, 0x00, 0x00, 0x00, 0xAA, 0x52,
    0x00, 0x00, 0x00, 0x00, 0x00, 0x00, 0x00, 0x00, 0x00, 0x00, 0x00, 0x00, 0x00, 0x00, 0x00, 0x00,
    0x00, 0x00, 0x00, 0x00, 0x00, 0x00, 0x00, 0x00, 0xAA, 0x52, 0xAA, 0xAA, 0x24, 0x69, 0x0C, 0xCC,
    0xAE, 0xF5, 0x8C, 0xF6, 0x12, 0xFF, 0xEE, 0xFE, 0xEC, 0xFE, 0x33, 0xFF, 0x4B, 0xED, 0x07, 0xDB,
    0x47, 0xE3, 0x2B, 0xEC, 0xA9, 0xA2, 0x00, 0x00, 0x4A, 0xFD, 0x00, 0x00, 0x00, 0x00, 0x00, 0x00,
    0x00, 0x00, 0x00, 0x00, 0x00, 0x00, 0x00, 0x00, 0x00, 0x00, 0x00, 0x00, 0x00, 0x00, 0x00, 0x00,
    0x00, 0x00, 0x00, 0x00, 0x00, 0x00, 0x00, 0x00, 0x00, 0x00, 0x00, 0x00, 0x00, 0x00, 0x00, 0x00,
    0x00, 0x00, 0x00, 0x00, 0x00, 0x00, 0x00, 0x00, 0x00, 0x00, 0x00, 0x00, 0x00, 0x00, 0x00, 0x00,
    0x00, 0x00, 0x00, 0x00, 0x00, 0x00, 0x00, 0x00, 0x00, 0x00, 0x00, 0x00, 0x00, 0x00, 0x00, 0x00,
    0x00, 0x00, 0x00, 0x00, 0x00, 0x00, 0xFF, 0xFF, 0x00, 0x00, 0x0A, 0x63, 0x9B, 0xFF, 0x7A, 0xFF,
    0x5A, 0xF7, 0x59, 0xF7, 0x59, 0xF7, 0x59, 0xF7, 0x5A, 0xF7, 0x5A, 0xFF, 0x59, 0xF7, 0x39, 0xF7,
    0x39, 0xF7, 0x39, 0xF7, 0x39, 0xF7, 0x39, 0xF7, 0x19, 0xF7, 0x18, 0xF7, 0x18, 0xF7, 0x39, 0xF7,
    0x5A, 0xF7, 0x59, 0xF7, 0xDB, 0xFF, 0x90, 0x94, 0xAA, 0xA3, 0xB0, 0xFD, 0x2F, 0xE5, 0xAE, 0xCC,
    0x2D, 0xB4, 0x6D, 0xBC, 0x0C, 0xAC, 0xE2, 0x20, 0x00, 0x00, 0x00, 0x00, 0x00, 0x00, 0x00, 0x00,
    0x00, 0x00, 0xEF, 0xFF, 0xE7, 0x39, 0x00, 0x00, 0x00, 0x00, 0x00, 0x00, 0x00, 0x00, 0x00, 0x00,
    0x00, 0x00, 0x00, 0x00, 0x00, 0x00, 0x00, 0x00, 0x00, 0x00, 0x00, 0x00, 0x00, 0x00, 0x00, 0x00,
    0x00, 0x00, 0x00, 0x00, 0x00, 0xF8, 0xE0, 0xFF, 0x61, 0x40, 0xC9, 0x9A, 0x6E, 0xFE, 0x2E, 0xFF,
    0xF0, 0xFE, 0x8B, 0xF6, 0x0E, 0xE6, 0x8F, 0xF6, 0x8A, 0xF5, 0x47, 0xE3, 0xA8, 0xE3, 0x4B, 0xF4,
    0xA7, 0xAA, 0x06, 0x18, 0x00, 0x00, 0x00, 0x00, 0x00, 0x00, 0x00, 0x00, 0x00, 0x00, 0x00, 0x00,
    0x00, 0x00, 0x00, 0x00, 0x00, 0x00, 0x00, 0x00, 0x00, 0x00, 0x00, 0x00, 0x00, 0x00, 0x00, 0x00,
    0x00, 0x00, 0x00, 0x00, 0x00, 0x00, 0x00, 0x00, 0x00, 0x00, 0x00, 0x00, 0x00, 0x00, 0x00, 0x00,
    0x00, 0x00, 0x00, 0x00, 0x00, 0x00, 0x00, 0x00, 0x00, 0x00, 0xFF, 0xFF, 0xAA, 0x52, 0x00, 0x00,
    0x00, 0x00, 0x00, 0x00, 0x00, 0x00, 0x00, 0x00, 0x00, 0x00, 0x00, 0x00, 0x00, 0x00, 0x00, 0x00,
    0x00, 0x00, 0xFF, 0xFF, 0x00, 0x00, 0xEA, 0x62, 0xDC, 0xFF, 0x7B, 0xFF, 0x7B, 0xFF, 0x7A, 0xFF,
    0x5A, 0xF7, 0x59, 0xF7, 0x59, 0xF7, 0x5A, 0xF7, 0x5A, 0xF7, 0x39, 0xF7, 0x39, 0xF7, 0x39, 0xF7,
    0x39, 0xF7, 0x39, 0xF7, 0x39, 0xF7, 0x39, 0xF7, 0x18, 0xF7, 0x19, 0xF7, 0x39, 0xF7, 0x59, 0xF7,
    0x7A, 0xFF, 0xD8, 0xE6, 0x29, 0x7B, 0x8F, 0xF5, 0x4F, 0xE5, 0x4F, 0xED, 0x0E, 0xDD, 0xAE, 0xCC,
    0x0F, 0xD5, 0x29, 0x83, 0x00, 0x00, 0xFF, 0xFF, 0x00, 0x00, 0x00, 0x00, 0x00, 0x00, 0x00, 0x00,
    0x00, 0x00, 0x00, 0x00, 0x00, 0x00, 0x00, 0x00, 0x00, 0x00, 0x00, 0x00, 0x00, 0x00, 0x00, 0x00,
    0x00, 0x00, 0x00, 0x00, 0x00, 0x00, 0x00, 0x00, 0x00, 0x00, 0x00, 0x00, 0x00, 0x00, 0x00, 0x00,
    0x00, 0x00, 0xEF, 0x7B, 0x00, 0x00, 0xC5, 0x68, 0x08, 0xBC, 0xB0, 0xF6, 0x70, 0xFF, 0x8E, 0xEE,
    0x2E, 0xC5, 0x2B, 0xEE, 0x6A, 0xFD, 0x67, 0xEB, 0x0A, 0xEC, 0x07, 0xCB, 0x46, 0xA2, 0x06, 0x30,
    0xE0, 0x7B, 0x00, 0x00, 0x00, 0x00, 0x00, 0x00, 0x00, 0x00, 0x00, 0x00, 0x00, 0x00, 0x00, 0x00,
    0x00, 0x00, 0x00, 0x00, 0x00, 0x00, 0x00, 0x00, 0x00, 0x00, 0x00, 0x00, 0x00, 0x00, 0x00, 0x00,
    0x00, 0x00, 0x00, 0x00, 0x00, 0x00, 0x00, 0x00, 0x00, 0x00, 0x00, 0x00, 0x00, 0x00, 0x00, 0x00,
    0x00, 0x00, 0x00, 0x00, 0x00, 0x00, 0x00, 0x00, 0x00, 0x00, 0x00, 0x00, 0x00, 0x00, 0x00, 0x00,
    0x00, 0x00, 0x00, 0x00, 0x00, 0x00, 0x00, 0x00, 0x00, 0x00, 0x00, 0x00, 0x00, 0x00, 0xFF, 0xFF,
    0x00, 0x00, 0xAD, 0x7B, 0xFC, 0xFF, 0x7B, 0xFF, 0x7B, 0xFF, 0x7B, 0xFF, 0x7B, 0xFF, 0x5A, 0xF7,
    0x59, 0xF7, 0x5A, 0xF7, 0x5A, 0xF7, 0x5A, 0xF7, 0x39, 0xF7, 0x39, 0xF7, 0x39, 0xF7, 0x39, 0xF7,
    0x39, 0xF7, 0x39, 0xF7, 0x39, 0xF7, 0x39, 0xF7, 0x39, 0xF7, 0x39, 0xF7, 0x39, 0xF7, 0xBB, 0xFF,
    0xED, 0x8B, 0xAD, 0xD4, 0x70, 0xED, 0x4F, 0xED, 0x4F, 0xE5, 0x4F, 0xE5, 0x2F, 0xE5, 0xB0, 0xFD,
    0x67, 0x6A, 0x00, 0x00, 0x55, 0xFD, 0x00, 0x00, 0x00, 0x00, 0x00, 0x00, 0x00, 0x00, 0x00, 0x00,
    0x00, 0x00, 0x00, 0x00, 0x00, 0x00, 0x00, 0x00, 0x00, 0x00, 0x00, 0x00, 0x00, 0x00, 0x00, 0x00,
    0x00, 0x00, 0x00, 0x00, 0x00, 0x00, 0x00, 0x00, 0x00, 0x00, 0x00, 0x00, 0x00, 0x00, 0x00, 0x00,
    0x00, 0x00, 0x00, 0x00, 0x00, 0x00, 0x49, 0x8A, 0xCB, 0xCC, 0xAC, 0xBC, 0x89, 0xBC, 0x69, 0xCC,
    0x07, 0xCB, 0xC7, 0xB2, 0x68, 0x9A, 0xC6, 0x50, 0x00, 0x00, 0x00, 0x00, 0x00, 0x00, 0x00, 0x00,
    0x00, 0x00, 0x00, 0x00, 0x00, 0x00, 0x00, 0x00, 0x00, 0x00, 0x00, 0x00, 0x00, 0x00, 0x00, 0x00,
    0x00, 0x00, 0x00, 0x00, 0x00, 0x00, 0x00, 0x00, 0x00, 0x00, 0x00, 0x00, 0x00, 0x00, 0x00, 0x00,
    0x00, 0x00, 0x00, 0x00, 0x00, 0x00, 0x00, 0x00, 0x00, 0x00, 0x00, 0x00, 0x00, 0x00, 0x00, 0x00,
    0x00, 0x00, 0x00, 0x00, 0x00, 0x00, 0x00, 0x00, 0x00, 0x00, 0x00, 0x00, 0x00, 0x00, 0x00, 0x00,
    0x00, 0x00, 0x00, 0x00, 0x00, 0x00, 0x00, 0x00, 0x00, 0x00, 0x20, 0x00, 0x00, 0x00, 0x6F, 0x94,
    0xFD, 0xFF, 0x7B, 0xF7, 0x7B, 0xFF, 0x7B, 0xFF, 0x7B, 0xFF, 0x7B, 0xFF, 0x5A, 0xF7, 0x59, 0xF7,
    0x5A, 0xF7, 0x5A, 0xF7, 0x59, 0xF7, 0x39, 0xF7, 0x19, 0xF7, 0x18, 0xF7, 0x19, 0xF7, 0x39, 0xF7,
    0x39, 0xF7, 0x39, 0xF7, 0x39, 0xF7, 0x39, 0xF7, 0x39, 0xF7, 0xBB, 0xFF, 0x73, 0xB5, 0xCB, 0xAB,
    0xB0, 0xF5, 0x4F, 0xE5, 0x4F, 0xED, 0x4F, 0xED, 0x4F, 0xE5, 0x90, 0xF5, 0x0F, 0xDD, 0x03, 0x29,
    0x00, 0x00, 0xAA, 0x52, 0x00, 0x00, 0x00, 0x00, 0x00, 0x00, 0x00, 0x00, 0x00, 0x00, 0x00, 0x00,
    0x00, 0x00, 0x00, 0x00, 0x00, 0x00, 0x00, 0x00, 0x00, 0x00, 0x00, 0x00, 0x00, 0x00, 0x00, 0x00,
    0x00, 0x00, 0x00, 0x00, 0x00, 0x00, 0x00, 0x00, 0x00, 0x00, 0x00, 0x00, 0x00, 0x00, 0x00, 0x78,
    0x00, 0x00, 0x00, 0x00, 0x00, 0x00, 0x06, 0x62, 0x2F, 0xE5, 0x26, 0x72, 0x06, 0x30, 0x00, 0x00,
    0x00, 0x00, 0x00, 0x00, 0xE0, 0xFF, 0x00, 0x00, 0x00, 0x00, 0x00, 0x00, 0x00, 0x00, 0x00, 0x00,
    0x00, 0x00, 0x00, 0x00, 0x00, 0x00, 0x00, 0x00, 0x00, 0x00, 0x00, 0x00, 0x00, 0x00, 0x00, 0x00,
    0x00, 0x00, 0x00, 0x00, 0x00, 0x00, 0x00, 0x00, 0x00, 0x00, 0x00, 0x00, 0x00, 0x00, 0x00, 0x00,
    0x00, 0x00, 0x00, 0x00, 0x00, 0x00, 0x00, 0x00, 0x00, 0x00, 0x00, 0x00, 0x00, 0x00, 0x00, 0x00,
    0x00, 0x00, 0x00, 0x00, 0x00, 0x00, 0x00, 0x00, 0x00, 0x00, 0x00, 0x00, 0x00, 0x00, 0x00, 0x00,
    0x00, 0x00, 0x00, 0x00, 0x00, 0x00, 0x20, 0x00, 0x00, 0x00, 0x4F, 0x94, 0xFD, 0xFF, 0x5B, 0xF7,
    0x7B, 0xFF, 0x7B, 0xFF, 0x7B, 0xFF, 0x7B, 0xFF, 0x7B, 0xFF, 0x5A, 0xF7, 0x59, 0xF7, 0x59, 0xF7,
    0x59, 0xF7, 0x39, 0xF7, 0x39, 0xF7, 0x18, 0xF7, 0x18, 0xF7, 0x19, 0xF7, 0x39, 0xF7, 0x39, 0xF7,
    0x39, 0xF7, 0x39, 0xF7, 0x39, 0xF7, 0x7A, 0xFF, 0xD8, 0xE6, 0x4A, 0x83, 0x90, 0xF5, 0x4F, 0xED,
    0x4F, 0xED, 0x4F, 0xED, 0x4F, 0xED, 0x4F, 0xE5, 0xD1, 0xFD, 0x8A, 0x9B, 0x00, 0x00, 0x00, 0x00,
    0x00, 0x00, 0x00, 0x00, 0x00, 0x00, 0x00, 0x00, 0x00, 0x00, 0x00, 0x00, 0x00, 0x00, 0x00, 0x00,
    0x00, 0x00, 0x00, 0x00, 0x00, 0x00, 0x00, 0x00, 0x00, 0x00, 0x00, 0x00, 0x00, 0x00, 0x00, 0x00,
    0x00, 0x00, 0x00, 0x00, 0x00, 0x00, 0x00, 0x00, 0x00, 0x00, 0x00, 0x00, 0x00, 0x00, 0xFF, 0xFF,
    0x01, 0x21, 0x08, 0x83, 0x52, 0xFE, 0x67, 0x6A, 0x00, 0x00, 0xF7, 0xFF, 0xE7, 0xB9, 0x00, 0x78,
    0x00, 0x00, 0x00, 0x00, 0x00, 0x00, 0x00, 0x00, 0x00, 0x00, 0x00, 0x00, 0x00, 0x00, 0x00, 0x00,
    0x00, 0x00, 0x00, 0x00, 0x00, 0x00, 0x00, 0x00, 0x00, 0x00, 0x00, 0x00, 0x00, 0x00, 0x00, 0x00,
    0x00, 0x00, 0x00, 0x00, 0x00, 0x00, 0x00, 0x00, 0x00, 0x00, 0x00, 0x00, 0x00, 0x00, 0x00, 0x00,
    0x00, 0x00, 0x00, 0x00, 0x00, 0x00, 0x00, 0x00, 0x00, 0x00, 0x00, 0x00, 0x00, 0x00, 0x00, 0x00,
    0x00, 0x00, 0x00, 0x00, 0x00, 0x00, 0x00, 0x00, 0x00, 0x00, 0x00, 0x00, 0x00, 0x00, 0x00, 0x00,
    0x00, 0x00, 0x20, 0x00, 0x00, 0x00, 0x70, 0x94, 0xFD, 0xFF, 0x5B, 0xF7, 0x7B, 0xFF, 0x7B, 0xFF,
    0x7B, 0xFF, 0x5A, 0xFF, 0x5A, 0xF7, 0x7B, 0xFF, 0x5A, 0xF7, 0x39, 0xF7, 0x39, 0xF7, 0x39, 0xF7,
    0x39, 0xF7, 0x19, 0xF7, 0x18, 0xF7, 0x18, 0xF7, 0x19, 0xF7, 0x39, 0xF7, 0x39, 0xF7, 0x39, 0xF7,
    0x39, 0xF7, 0x39, 0xF7, 0x9B, 0xFF, 0xCD, 0x8B, 0xEE, 0xDC, 0x70, 0xED, 0x4F, 0xED, 0x4F, 0xED,
    0x4F, 0xED, 0x4F, 0xED, 0x4F, 0xED, 0x90, 0xF5, 0xE5, 0x51, 0x00, 0x00, 0xEF, 0xBB, 0x00, 0x00,
    0x00, 0x00, 0x00, 0x00, 0x00, 0x00, 0x00, 0x00, 0x00, 0x00, 0x00, 0x00, 0x00, 0x00, 0x00, 0x00,
    0x00, 0x00, 0x00, 0x00, 0x00, 0x00, 0x00, 0x00, 0x00, 0x00, 0x00, 0x00, 0x00, 0x00, 0x00, 0x00,
    0x00, 0x00, 0x00, 0x00, 0x00, 0x00, 0x00, 0x00, 0x00, 0x00, 0x00, 0x00, 0x20, 0x00, 0x4C, 0xBC,
    0xF1, 0xFD, 0x67, 0x6A, 0x00, 0xF8, 0xFF, 0xFF, 0x00, 0x00, 0x00, 0x00, 0x00, 0x00, 0x00, 0x00,
    0x00, 0x00, 0x00, 0x00, 0x00, 0x00, 0x00, 0x00, 0x00, 0x00, 0x00, 0x00, 0x00, 0x00, 0x00, 0x00,
    0x00, 0x00, 0x00, 0x00, 0x00, 0x00, 0x00, 0x00, 0x00, 0x00, 0x00, 0x00, 0x00, 0x00, 0x00, 0x00,
    0x00, 0x00, 0x00, 0x00, 0x00, 0x00, 0x00, 0x00, 0x00, 0x00, 0x00, 0x00, 0x00, 0x00, 0x00, 0x00,
    0x00, 0x00, 0x00, 0x00, 0x00, 0x00, 0x00, 0x00, 0x00, 0x00, 0x00, 0x00, 0x00, 0x00, 0x00, 0x00,
    0x00, 0x00, 0x00, 0x00, 0x00, 0x00, 0x00, 0x00, 0x00, 0x00, 0x00, 0x00, 0x00, 0x00, 0x00, 0x00,
    0x00, 0x00, 0x32, 0xAD, 0xFD, 0xFF, 0x5B, 0xF7, 0x7B, 0xFF, 0x7B, 0xFF, 0x7B, 0xFF, 0x7A, 0xFF,
    0x39, 0xF7, 0x5A, 0xF7, 0x7B, 0xFF, 0x59, 0xF7, 0x39, 0xF7, 0x39, 0xF7, 0x39, 0xF7, 0x39, 0xF7,
    0x18, 0xF7, 0x18, 0xF7, 0x18, 0xF7, 0x39, 0xF7, 0x59, 0xF7, 0x59, 0xF7, 0x39, 0xF7, 0x39, 0xF7,
    0xBB, 0xFF, 0x32, 0xAD, 0x4C, 0xC4, 0x90, 0xF5, 0x4F, 0xED, 0x4F, 0xED, 0x4F, 0xED, 0x4F, 0xED,
    0x4F, 0xED, 0x90, 0xF5, 0x8D, 0xCC, 0x81, 0x10, 0x00, 0x00, 0xA0, 0x52, 0x00, 0x00, 0x00, 0x00,
    0x00, 0x00, 0x00, 0x00, 0x00, 0x00, 0x00, 0x00, 0x00, 0x00, 0x00, 0x00, 0x00, 0x00, 0x00, 0x00,
    0x00, 0x00, 0x00, 0x00, 0x00, 0x00, 0x00, 0x00, 0x00, 0x00, 0x00, 0x00, 0x00, 0x00, 0x00, 0x00,
    0x00, 0x00, 0x00, 0x00, 0xFF, 0xFF, 0x00, 0x00, 0xC5, 0x51, 0x90, 0xF5, 0xB0, 0xF5, 0x87, 0x72,
    0x00, 0x00, 0xFF, 0xFF, 0x00, 0x00, 0x00, 0x00, 0x00, 0x00, 0x00, 0x00, 0x00, 0x00, 0x00, 0x00,
    0x00, 0x00, 0x00, 0x00, 0x00, 0x00, 0x00, 0x00, 0x00, 0x00, 0x00, 0x00, 0x00, 0x00, 0x00, 0x00,
    0x00, 0x00, 0x00, 0x00, 0x00, 0x00, 0x00, 0x00, 0x00, 0x00, 0x00, 0x00, 0x00, 0x00, 0x00, 0x00,
    0x00, 0x00, 0x00, 0x00, 0x00, 0x00, 0x00, 0x00, 0x00, 0x00, 0x00, 0x00, 0x00, 0x00, 0x00, 0x00,
    0x00, 0x00, 0x00, 0x00, 0x00, 0x00, 0x00, 0x00, 0x00, 0x00, 0x00, 0x00, 0x00, 0x00, 0x00, 0x00,
    0x00, 0x00, 0x00, 0x00, 0x00, 0x00, 0x00, 0x00, 0x00, 0x00, 0x00, 0x00, 0x00, 0x00, 0xD5, 0xC5,
    0xFD, 0xFF, 0x7B, 0xF7, 0x7B, 0xFF, 0x7B, 0xFF, 0x7B, 0xFF, 0x7B, 0xFF, 0x5A, 0xF7, 0x38, 0xF7,
    0x5A, 0xF7, 0x7A, 0xFF, 0x39, 0xF7, 0x39, 0xF7, 0x39, 0xF7, 0x39, 0xF7, 0x18, 0xF7, 0x18, 0xF7,
    0x18, 0xF7, 0x19, 0xF7, 0x39, 0xF7, 0x5A, 0xF7, 0x59, 0xF7, 0x39, 0xF7, 0x9A, 0xFF, 0x56, 0xCE,
    0xCB, 0xA3, 0xB0, 0xF5, 0x4F, 0xE5, 0x4F, 0xED, 0x4F, 0xED, 0x4F, 0xED, 0x4F, 0xED, 0x2F, 0xE5,
    0xD1, 0xFD, 0xE8, 0x82, 0x00, 0x00, 0xFF, 0xFF, 0x00, 0x00, 0x00, 0x00, 0x00, 0x00, 0x00, 0x00,
    0x00, 0x00, 0x00, 0x00, 0x00, 0x00, 0x00, 0x00, 0x00, 0x00, 0x00, 0x00, 0x00, 0x00, 0x00, 0x00,
    0x00, 0x00, 0x00, 0x00, 0x00, 0x00, 0x00, 0x00, 0x00, 0x00, 0x00, 0x00, 0x00, 0x00, 0x00, 0x00,
    0x00, 0x00, 0x00, 0x00, 0xEB, 0xAB, 0xB0, 0xFD, 0x90, 0xF5, 0x26, 0x62, 0x00, 0x00, 0xFF, 0xFF,
    0x00, 0x00, 0x00, 0x00, 0x00, 0x00, 0x00, 0x00, 0x00, 0x00, 0x00, 0x00, 0x00, 0x00, 0x00, 0x00,
    0x00, 0x00, 0x00, 0x00, 0x00, 0x00, 0x00, 0x00, 0x00, 0x00, 0x00, 0x00, 0x00, 0x00, 0x00, 0x00,
    0x00, 0x00, 0x00, 0x00, 0x00, 0x00, 0x00, 0x00, 0x00, 0x00, 0x00, 0x00, 0x00, 0x00, 0x00, 0x00,
    0x00, 0x00, 0x00, 0x00, 0x00, 0x00, 0x00, 0x00, 0x00, 0x00, 0x00, 0x00, 0x00, 0x00, 0x00, 0x00,
    0x00, 0x00, 0x00, 0x00, 0x00, 0x00, 0x00, 0x00, 0x00, 0x00, 0x00, 0x00, 0x00, 0x00, 0x00, 0x00,
    0x00, 0x00, 0x00, 0x00, 0x00, 0x00, 0x00, 0x00, 0x00, 0x00, 0xB4, 0xBD, 0xFD, 0xFF, 0x7B, 0xF7,
    0x7B, 0xFF, 0x7B, 0xFF, 0x7B, 0xFF, 0x7B, 0xFF, 0x7B, 0xFF, 0x39, 0xF7, 0x18, 0xF7, 0x5A, 0xF7,
    0x5A, 0xF7, 0x39, 0xF7, 0x19, 0xF7, 0x19, 0xF7, 0x18, 0xF7, 0x18, 0xF7, 0x18, 0xF7, 0x18, 0xF7,
    0x39, 0xF7, 0x5A, 0xF7, 0x5A, 0xFF, 0x5A, 0xF7, 0x7A, 0xFF, 0x19, 0xE7, 0xCC, 0x9B, 0x6F, 0xF5,
    0x4F, 0xED, 0x4F, 0xED, 0x4F, 0xED, 0x4F, 0xED, 0x4F, 0xED, 0x4F, 0xED, 0x6F, 0xED, 0x4F, 0xED,
    0x23, 0x31, 0x00, 0x00, 0xE7, 0x7B, 0x00, 0x00, 0x00, 0x00, 0x00, 0x00, 0x00, 0x00, 0x00, 0x00,
    0x00, 0x00, 0x00, 0x00, 0x00, 0x00, 0x00, 0x00, 0x00, 0x00, 0x00, 0x00, 0x00, 0x00, 0x00, 0x00,
    0x00, 0x00, 0x00, 0x00, 0x00, 0x00, 0x00, 0x00, 0x00, 0x00, 0xEF, 0xFF, 0x00, 0x00, 0xA5, 0x49,
    0xEE, 0xD4, 0x2F, 0xE5, 0x6F, 0xED, 0x84, 0x41, 0x00, 0x00, 0x4A, 0xAD, 0x00, 0x00, 0x00, 0x00,
    0x00, 0x00, 0x00, 0x00, 0x00, 0x00, 0x00, 0x00, 0x00, 0x00, 0x00, 0x00, 0x00, 0x00, 0x00, 0x00,
    0x00, 0x00, 0x00, 0x00, 0x00, 0x00, 0x00, 0x00, 0x00, 0x00, 0x00, 0x00, 0x00, 0x00, 0x00, 0x00,
    0x00, 0x00, 0x00, 0x00, 0x00, 0x00, 0x00, 0x00, 0x00, 0x00, 0x00, 0x00, 0x00, 0x00, 0x00, 0x00,
    0x00, 0x00, 0x00, 0x00, 0x00, 0x00, 0x00, 0x00, 0x00, 0x00, 0x00, 0x00, 0x00, 0x00, 0x00, 0x00,
    0x00, 0x00, 0x00, 0x00, 0x00, 0x00, 0x00, 0x00, 0x00, 0x00, 0x00, 0x00, 0x00, 0x00, 0x00, 0x00,
    0x00, 0x00, 0xFF, 0xFF, 0xEF, 0xFB, 0xB4, 0xBD, 0xFD, 0xFF, 0x7B, 0xFF, 0x7B, 0xFF, 0x7B, 0xFF,
    0x7B, 0xFF, 0x7B, 0xFF, 0x7B, 0xFF, 0x7B, 0xFF, 0x39, 0xF7, 0x39, 0xF7, 0x7A, 0xFF, 0x39, 0xF7,
    0x18, 0xF7, 0x18, 0xF7, 0x18, 0xF7, 0x18, 0xF7, 0x18, 0xF7, 0x18, 0xF7, 0x19, 0xF7, 0x39, 0xF7,
    0x5A, 0xFF, 0x7A, 0xFF, 0x5A, 0xF7, 0x9B, 0xFF, 0x2D, 0x9C, 0x2E, 0xE5, 0x70, 0xED, 0x4F, 0xED,
    0x4F, 0xED, 0x4F, 0xED, 0x4F, 0xED, 0x4F, 0xED, 0x4F, 0xE5, 0xD0, 0xFD, 0xEB, 0xAB, 0x00, 0x00,
    0x00, 0x00, 0x00, 0x00, 0x00, 0x00, 0x00, 0x00, 0x00, 0x00, 0x00, 0x00, 0x00, 0x00, 0x00, 0x00,
    0x00, 0x00, 0x00, 0x00, 0x00, 0x00, 0x00, 0x00, 0x00, 0x00, 0x00, 0x00, 0x00, 0x00, 0x00, 0x00,
    0x00, 0x00, 0x00, 0x00, 0x00, 0x30, 0x00, 0x00, 0x20, 0x08, 0xCB, 0xA3, 0x6D, 0xC4, 0x0F, 0xDD,
    0xEE, 0xDC, 0x81, 0x18, 0x00, 0x00, 0xE0, 0x39, 0x00, 0x00, 0x00, 0x00, 0x00, 0x00, 0x00, 0x00,
    0x00, 0x00, 0x00, 0x00, 0x00, 0x00, 0x00, 0x00, 0x00, 0x00, 0x00, 0x00, 0x00, 0x00, 0x00, 0x00,
    0x00, 0x00, 0x00, 0x00, 0x00, 0x00, 0x00, 0x00, 0x00, 0x00, 0x00, 0x00, 0x00, 0x00, 0x00, 0x00,
    0x00, 0x00, 0x00, 0x00, 0x00, 0x00, 0x00, 0x00, 0x00, 0x00, 0x00, 0x00, 0x00, 0x00, 0x00, 0x00,
    0x00, 0x00, 0x00, 0x00, 0x00, 0x00, 0x00, 0x00, 0x00, 0x00, 0x00, 0x00, 0x00, 0x00, 0x00, 0x00,
    0x00, 0x00, 0x00, 0x00, 0x00, 0x00, 0x00, 0x00, 0x00, 0x00, 0x00, 0x00, 0x26, 0x63, 0x00, 0x00,
    0x00, 0x00, 0x4F, 0x8C, 0xFD, 0xFF, 0x5B, 0xF7, 0x7B, 0xFF, 0x7B, 0xFF, 0x7B, 0xFF, 0x7B, 0xFF,
    0x7B, 0xFF, 0x9B, 0xFF, 0x7A, 0xF7, 0x39, 0xF7, 0x5A, 0xF7, 0x5A, 0xF7, 0x19, 0xF7, 0x18, 0xF7,
    0x18, 0xF7, 0x18, 0xF7, 0x18, 0xF7, 0x18, 0xF7, 0x18, 0xF7, 0x19, 0xF7, 0x59, 0xF7, 0x7A, 0xFF,
    0x5A, 0xF7, 0xBB, 0xFF, 0x8F, 0xA4, 0xCD, 0xDC, 0x90, 0xF5, 0x4F, 0xED, 0x4F, 0xED, 0x4F, 0xED,
    0x6F, 0xED, 0x4F, 0xED, 0x4F, 0xED, 0x4F, 0xE5, 0xB0, 0xF5, 0xE5, 0x51, 0x00, 0x00, 0x55, 0xFD,
    0x00, 0x00, 0x00, 0x00, 0x00, 0x00, 0x00, 0x00, 0x00, 0x00, 0x00, 0x00, 0x00, 0x00, 0x00, 0x00,
    0x00, 0x00, 0x00, 0x00, 0x00, 0x00, 0x00, 0x00, 0x00, 0x00, 0x00, 0x00, 0x00, 0x00, 0x00, 0x00,
    0x00, 0x00, 0x00, 0x00, 0x47, 0x62, 0x8E, 0xC4, 0x2C, 0xB4, 0x2F, 0xE5, 0x69, 0x93, 0x00, 0x00,
    0x00, 0x00, 0x00, 0x00, 0x00, 0x00, 0x00, 0x00, 0x00, 0x00, 0x00, 0x00, 0x00, 0x00, 0x00, 0x00,
    0x00, 0x00, 0x00, 0x00, 0x00, 0x00, 0x00, 0x00, 0x00, 0x00, 0x00, 0x00, 0x00, 0x00, 0x00, 0x00,
    0x00, 0x00, 0x00, 0x00, 0x00, 0x00, 0x00, 0x00, 0x00, 0x00, 0x00, 0x00, 0x00, 0x00, 0x00, 0x00,
    0x00, 0x00, 0x00, 0x00, 0x00, 0x00, 0x00, 0x00, 0x00, 0x00, 0x00, 0x00, 0x00, 0x00, 0x00, 0x00,
    0x00, 0x00, 0x00, 0x00, 0x00, 0x00, 0x00, 0x00, 0x00, 0x00, 0x00, 0x00, 0x00, 0x00, 0x00, 0x00,
    0x00, 0x00, 0x00, 0x00, 0x00, 0x00, 0xFF, 0xFF, 0x00, 0x00, 0x00, 0x00, 0x4A, 0x93, 0x6F, 0xA4,
    0xBC, 0xFF, 0x7B, 0xFF, 0x7B, 0xFF, 0x7B, 0xFF, 0x7B, 0xFF, 0x7B, 0xFF, 0x7B, 0xFF, 0x7B, 0xFF,
    0x9B, 0xFF, 0x5A, 0xF7, 0x5A, 0xF7, 0x7B, 0xFF, 0x39, 0xF7, 0x18, 0xF7, 0x18, 0xF7, 0x18, 0xF7,
    0x18, 0xF7, 0x18, 0xF7, 0x18, 0xF7, 0x18, 0xF7, 0x39, 0xF7, 0x39, 0xF7, 0x39, 0xF7, 0x7A, 0xFF,
    0x12, 0xAD, 0x29, 0x93, 0x4F, 0xED, 0x6F, 0xED, 0x4F, 0xED, 0x4F, 0xED, 0x4F, 0xED, 0x4F, 0xED,
    0x4F, 0xED, 0x4F, 0xE5, 0x70, 0xED, 0x8D, 0xCC, 0x61, 0x10, 0x00, 0x00, 0xE0, 0x39, 0x00, 0x00,
    0x00, 0x00, 0x00, 0x00, 0x00, 0x00, 0x00, 0x00, 0x00, 0x00, 0x00, 0x00, 0x00, 0x00, 0x00, 0x00,
    0x00, 0x00, 0x00, 0x00, 0x00, 0x00, 0x00, 0x00, 0x00, 0x00, 0x00, 0x00, 0x00, 0x00, 0x44, 0x31,
    0x6D, 0xBC, 0x4D, 0xB4, 0x4D, 0xB4, 0xCE, 0xD4, 0x64, 0x39, 0x00, 0x00, 0x00, 0x00, 0x00, 0x00,
    0x00, 0x00, 0x00, 0x00, 0x00, 0x00, 0x00, 0x00, 0x00, 0x00, 0x00, 0x00, 0x00, 0x00, 0x00, 0x00,
    0x00, 0x00, 0x00, 0x00, 0x00, 0x00, 0x00, 0x00, 0x00, 0x00, 0x00, 0x00, 0x00, 0x00, 0x00, 0x00,
    0x00, 0x00, 0x00, 0x00, 0x00, 0x00, 0x00, 0x00, 0x00, 0x00, 0x00, 0x00, 0x00, 0x00, 0x00, 0x00,
    0x00, 0x00, 0x00, 0x00, 0x00, 0x00, 0x00, 0x00, 0x00, 0x00, 0x00, 0x00, 0x00, 0x00, 0x00, 0x00,
    0x00, 0x00, 0x00, 0x00, 0x00, 0x00, 0x00, 0x00, 0x00, 0x00, 0x00, 0x00, 0x00, 0x00, 0x00, 0x00,
    0xFF, 0xFF, 0x00, 0x00, 0xE6, 0x51, 0x6E, 0xBC, 0x12, 0xFE, 0xAC, 0x93, 0xD8, 0xE6, 0x9B, 0xFF,
    0x7B, 0xFF, 0x7B, 0xFF, 0x7B, 0xFF, 0x7B, 0xFF, 0x7B, 0xFF, 0x7B, 0xFF, 0x7B, 0xFF, 0x7B, 0xFF,
    0x7B, 0xFF, 0x7B, 0xFF, 0x5A, 0xF7, 0x18, 0xF7, 0x18, 0xF7, 0x18, 0xF7, 0x18, 0xF7, 0x18, 0xF7,
    0x18, 0xF7, 0x18, 0xEF, 0xF8, 0xEE, 0xD8, 0xEE, 0xB7, 0xE6, 0xF8, 0xEE, 0xD1, 0xA4, 0xAA, 0xA3,
    0x90, 0xF5, 0x4F, 0xED, 0x4F, 0xED, 0x4F, 0xED, 0x4F, 0xED, 0x4F, 0xED, 0x4F, 0xED, 0x4F, 0xE5,
    0x2F, 0xE5, 0xB0, 0xFD, 0xE8, 0x82, 0x00, 0x00, 0x00, 0x00, 0x00, 0x00, 0x00, 0x00, 0x00, 0x00,
    0x00, 0x00, 0x00, 0x00, 0x00, 0x00, 0x00, 0x00, 0x00, 0x00, 0x00, 0x00, 0x00, 0x00, 0x00, 0x00,
    0x00, 0x00, 0x00, 0x00, 0x00, 0x00, 0x00, 0x00, 0x03, 0x29, 0xEC, 0xA3, 0x6D, 0xBC, 0x2C, 0xB4,
    0x6D, 0xBC, 0xEC, 0xA3, 0x65, 0x29, 0x00, 0x00, 0xEF, 0xFB, 0x00, 0x00, 0x00, 0x00, 0x00, 0x00,
    0x00, 0x00, 0x00, 0x00, 0x00, 0x00, 0x00, 0x00, 0x00, 0x00, 0x00, 0x00, 0x00, 0x00, 0x00, 0x00,
    0x00, 0x00, 0x00, 0x00, 0x00, 0x00, 0x00, 0x00, 0x00, 0x00, 0x00, 0x00, 0x00, 0x00, 0x00, 0x00,
    0x00, 0x00, 0x00, 0x00, 0x00, 0x00, 0x00, 0x00, 0x00, 0x00, 0x00, 0x00, 0x00, 0x00, 0x00, 0x00,
    0x00, 0x00, 0x00, 0x00, 0x00, 0x00, 0x00, 0x00, 0x00, 0x00, 0x00, 0x00, 0x00, 0x00, 0x00, 0x00,
    0x00, 0x00, 0x00, 0x00, 0x00, 0x00, 0x00, 0x00, 0x00, 0x00, 0xF5, 0xFF, 0x00, 0x00, 0x67, 0x62,
    0x71, 0xE5, 0xD2, 0xF5, 0xB2, 0xF5, 0x2C, 0xB4, 0x94, 0xBD, 0x9B, 0xFF, 0x7A, 0xFF, 0x7B, 0xFF,
    0x7B, 0xFF, 0x7B, 0xFF, 0x7B, 0xFF, 0x7B, 0xFF, 0x7B, 0xFF, 0x7B, 0xFF, 0x7B, 0xFF, 0x7B, 0xFF,
    0x7A, 0xFF, 0x39, 0xF7, 0x18, 0xEF, 0x18, 0xF7, 0x18, 0xEF, 0xF8, 0xEE, 0xD7, 0xEE, 0x97, 0xE6,
    0x76, 0xDE, 0x36, 0xD6, 0x36, 0xD6, 0x36, 0xD6, 0xCC, 0x9B, 0x6F, 0xF5, 0x70, 0xED, 0x91, 0xED,
    0x70, 0xED, 0x4F, 0xED, 0x4F, 0xED, 0x4F, 0xED, 0x4F, 0xE5, 0x4F, 0xE5, 0x2F, 0xE5, 0x2F, 0xE5,
    0x4F, 0xED, 0x03, 0x29, 0x00, 0x00, 0xFF, 0xFF, 0x00, 0x00, 0x00, 0x00, 0x00, 0x00, 0x00, 0x00,
    0x00, 0x00, 0x00, 0x00, 0x00, 0x00, 0x00, 0x00, 0x00, 0x00, 0x00, 0x00, 0x00, 0x00, 0x00, 0x00,
    0x00, 0x00, 0x44, 0x31, 0xCC, 0xA3, 0x4D, 0xBC, 0x2C, 0xB4, 0x4D, 0xB4, 0x4D, 0xBC, 0x2A, 0x7B,
    0xA2, 0x10, 0x00, 0x00, 0xE0, 0x39, 0x00, 0x00, 0x00, 0x00, 0x00, 0x00, 0x00, 0x00, 0x00, 0x00,
    0x00, 0x00, 0x00, 0x00, 0x00, 0x00, 0x00, 0x00, 0x00, 0x00, 0x00, 0x00, 0x00, 0x00, 0x00, 0x00,
    0x00, 0x00, 0x00, 0x00, 0x00, 0x00, 0x00, 0x00, 0x00, 0x00, 0x00, 0x00, 0x00, 0x00, 0x00, 0x00,
    0x00, 0x00, 0x00, 0x00, 0x00, 0x00, 0x00, 0x00, 0x00, 0x00, 0x00, 0x00, 0x00, 0x00, 0x00, 0x00,
    0x00, 0x00, 0x00, 0x00, 0x00, 0x00, 0x00, 0x00, 0x00, 0x00, 0x00, 0x00, 0x00, 0x00, 0x00, 0x00,
    0x00, 0x00, 0x00, 0x00, 0xEF, 0xBB, 0x00, 0x00, 0x67, 0x62, 0x91, 0xED, 0xD1, 0xF5, 0x70, 0xE5,
    0xB1, 0xF5, 0xEF, 0xD4, 0x2E, 0x94, 0x19, 0xEF, 0x19, 0xEF, 0x7A, 0xFF, 0x7B, 0xFF, 0x7B, 0xFF,
    0x7B, 0xFF, 0x7B, 0xFF, 0x7B, 0xFF, 0x7B, 0xFF, 0x7A, 0xFF, 0x5A, 0xF7, 0x5A, 0xF7, 0x39, 0xF7,
    0xF8, 0xEE, 0xB7, 0xE6, 0x97, 0xE6, 0x56, 0xDE, 0x36, 0xD6, 0x35, 0xD6, 0x15, 0xD6, 0x15, 0xD6,
    0x76, 0xDE, 0xD0, 0xA4, 0x6C, 0xC4, 0xD2, 0xED, 0x14, 0xEE, 0x34, 0xF6, 0xD2, 0xED, 0x4F, 0xED,
    0x4F, 0xED, 0x4F, 0xED, 0x4F, 0xED, 0x4F, 0xE5, 0x2F, 0xE5, 0x2F, 0xE5, 0xB0, 0xF5, 0xCB, 0xAB,
    0x00, 0x00, 0xEF, 0xFF, 0x00, 0x00, 0x00, 0x00, 0x00, 0x00, 0x00, 0x00, 0x00, 0x00, 0x00, 0x00,
    0x00, 0x00, 0xAA, 0x52, 0x00, 0x00, 0x00, 0x00, 0x00, 0x00, 0x20, 0x00, 0x26, 0x5A, 0xEC, 0xAB,
    0x2D, 0xB4, 0x2C, 0xAC, 0x2D, 0xB4, 0x4D, 0xB4, 0xED, 0xA3, 0x89, 0x52, 0x00, 0x00, 0x00, 0x00,
    0x00, 0x00, 0x00, 0x00, 0x00, 0x00, 0x00, 0x00, 0x00, 0x00, 0x00, 0x00, 0x00, 0x00, 0x00, 0x00,
    0x00, 0x00, 0x00, 0x00, 0x00, 0x00, 0x00, 0x00, 0x00, 0x00, 0x00, 0x00, 0x00, 0x00, 0x00, 0x00,
    0x00, 0x00, 0x00, 0x00, 0x00, 0x00, 0x00, 0x00, 0x00, 0x00, 0x00, 0x00, 0x00, 0x00, 0x00, 0x00,
    0x00, 0x00, 0x00, 0x00, 0x00, 0x00, 0x00, 0x00, 0x00, 0x00, 0x00, 0x00, 0x00, 0x00, 0x00, 0x00,
    0x00, 0x00, 0x00, 0x00, 0x00, 0x00, 0x00, 0x00, 0x00, 0x00, 0x00, 0x00, 0x00, 0x00, 0xAA, 0xAA,
    0x00, 0x00, 0xE6, 0x49, 0x71, 0xE5, 0xD2, 0xFD, 0x71, 0xED, 0x91, 0xED, 0x71, 0xED, 0xD1, 0xFD,
    0x8B, 0x8B, 0xB4, 0xC5, 0x97, 0xE6, 0xB8, 0xE6, 0xF9, 0xEE, 0x19, 0xEF, 0x19, 0xF7, 0x39, 0xF7,
    0x3A, 0xF7, 0x3A, 0xF7, 0x19, 0xEF, 0xD8, 0xEE, 0xB8, 0xE6, 0xB7, 0xE6, 0x77, 0xDE, 0x36, 0xD6,
    0x35, 0xD6, 0x15, 0xD6, 0x15, 0xD6, 0x15, 0xD6, 0x15, 0xD6, 0x15, 0xD6, 0x35, 0xD6, 0xEC, 0x9B,
    0xB2, 0xED, 0x15, 0xE6, 0x55, 0xEE, 0x55, 0xF6, 0xF3, 0xED, 0x6F, 0xED, 0x4F, 0xED, 0x4F, 0xED,
    0x4F, 0xED, 0x4F, 0xE5, 0x4F, 0xE5, 0x4F, 0xED, 0x4F, 0xED, 0x90, 0xF5, 0x05, 0x5A, 0x00, 0x00,
    0x20, 0x00, 0x00, 0x00, 0x00, 0x00, 0x00, 0x00, 0x00, 0x00, 0x00, 0x00, 0x00, 0x00, 0x00, 0x00,
    0x00, 0x00, 0x20, 0x00, 0x85, 0x41, 0x2A, 0x8B, 0x2D, 0xB4, 0x0C, 0xAC, 0x0C, 0xAC, 0xEC, 0xA3,
    0x6D, 0xBC, 0x6A, 0x9B, 0x32, 0xAD, 0x07, 0x42, 0x00, 0x00, 0x55, 0xAD, 0x00, 0x00, 0x00, 0x00,
    0x00, 0x00, 0x00, 0x00, 0x00, 0x00, 0x00, 0x00, 0x00, 0x00, 0x00, 0x00, 0x00, 0x00, 0x00, 0x00,
    0x00, 0x00, 0x00, 0x00, 0x00, 0x00, 0x00, 0x00, 0x00, 0x00, 0x00, 0x00, 0x00, 0x00, 0x00, 0x00,
    0x00, 0x00, 0x00, 0x00, 0x00, 0x00, 0x00, 0x00, 0x00, 0x00, 0x00, 0x00, 0x00, 0x00, 0x00, 0x00,
    0x00, 0x00, 0x00, 0x00, 0x00, 0x00, 0x00, 0x00, 0x00, 0x00, 0x00, 0x00, 0x00, 0x00, 0x00, 0x00,
    0x00, 0x00, 0x00, 0x00, 0x00, 0x00, 0x00, 0x00, 0xEF, 0x7B, 0x00, 0x00, 0x61, 0x10, 0xAF, 0xBC,
    0x13, 0xFE, 0xB1, 0xED, 0xB1, 0xED, 0x91, 0xED, 0x91, 0xED, 0xD2, 0xF5, 0x6D, 0xC4, 0x4F, 0x94,
    0x97, 0xE6, 0x36, 0xD6, 0x77, 0xDE, 0x97, 0xDE, 0x97, 0xDE, 0x97, 0xE6, 0x98, 0xE6, 0x98, 0xE6,
    0x77, 0xDE, 0x76, 0xDE, 0x56, 0xDE, 0x36, 0xD6, 0x56, 0xDE, 0x56, 0xDE, 0x57, 0xDE, 0x56, 0xD6,
    0x36, 0xD6, 0x15, 0xD6, 0x15, 0xD6, 0x56, 0xDE, 0x32, 0xB5, 0xAE, 0xC4, 0x35, 0xF6, 0x35, 0xEE,
    0x35, 0xEE, 0x55, 0xEE, 0xF3, 0xED, 0x6F, 0xED, 0x4F, 0xED, 0x4F, 0xED, 0x4F, 0xED, 0x4F, 0xED,
    0x4F, 0xED, 0x4F, 0xED, 0x4F, 0xED, 0x70, 0xF5, 0x6A, 0x93, 0x00, 0x00, 0x00, 0x00, 0x00, 0x00,
    0x00, 0x00, 0x00, 0x00, 0x00, 0x00, 0x00, 0x00, 0x00, 0x00, 0xE2, 0x20, 0xE6, 0x51, 0x2A, 0x8B,
    0x2D, 0xAC, 0x0D, 0xAC, 0xEC, 0xAB, 0xEC, 0xA3, 0xCC, 0x9B, 0x0C, 0xA4, 0x8A, 0x9B, 0x4E, 0x9C,
    0x90, 0x94, 0x00, 0x00, 0x00, 0x00, 0x00, 0x00, 0x00, 0x00, 0x00, 0x00, 0x00, 0x00, 0x00, 0x00,
    0x00, 0x00, 0x00, 0x00, 0x00, 0x00, 0x00, 0x00, 0x00, 0x00, 0x00, 0x00, 0x00, 0x00, 0x00, 0x00,
    0x00, 0x00, 0x00, 0x00, 0x00, 0x00, 0x00, 0x00, 0x00, 0x00, 0x00, 0x00, 0x00, 0x00, 0x00, 0x00,
    0x00, 0x00, 0x00, 0x00, 0x00, 0x00, 0x00, 0x00, 0x00, 0x00, 0x00, 0x00, 0x00, 0x00, 0x00, 0x00,
    0x00, 0x00, 0x00, 0x00, 0x00, 0x00, 0x00, 0x00, 0x00, 0x00, 0x00, 0x00, 0x00, 0x00, 0x00, 0x00,
    0x00, 0x00, 0x00, 0x00, 0xFF, 0xFF, 0x00, 0x00, 0x8B, 0x8B, 0xB6, 0xFE, 0x35, 0xEE, 0x55, 0xF6,
    0x13, 0xEE, 0x91, 0xED, 0x91, 0xED, 0x71, 0xED, 0xB1, 0xF5, 0x6A, 0x8B, 0xD4, 0xC5, 0x56, 0xDE,
    0x77, 0xDE, 0x98, 0xDE, 0x77, 0xDE, 0x77, 0xDE, 0x77, 0xDE, 0x77, 0xDE, 0x77, 0xDE, 0x77, 0xDE,
    0x56, 0xDE, 0x56, 0xDE, 0x56, 0xDE, 0x77, 0xDE, 0x97, 0xDE, 0x77, 0xDE, 0x57, 0xDE, 0x36, 0xD6,
    0x15, 0xD6, 0x56, 0xDE, 0x4E, 0x9C, 0x51, 0xDD, 0x56, 0xF6, 0x35, 0xEE, 0x35, 0xEE, 0x35, 0xEE,
    0xD2, 0xED, 0x4F, 0xED, 0x4F, 0xED, 0x4F, 0xED, 0x4F, 0xED, 0x4F, 0xED, 0x4F, 0xED, 0x4F, 0xED,
    0x6F, 0xED, 0x2F, 0xE5, 0x4D, 0xBC, 0x64, 0x39, 0x88, 0x6A, 0xA8, 0x6A, 0xE6, 0x51, 0xE6, 0x51,
    0x06, 0x5A, 0x47, 0x62, 0x0A, 0x83, 0xCC, 0xA3, 0x2D, 0xB4, 0x0D, 0xAC, 0xCC, 0xA3, 0xEC, 0xA3,
    0xEC, 0xA3, 0xCC, 0x9B, 0xCC, 0x9B, 0xCC, 0xA3, 0xE9, 0x72, 0xD4, 0xC5, 0x24, 0x29, 0x00, 0x00,
    0xAA, 0xAA, 0x00, 0x00, 0x00, 0x00, 0x00, 0x00, 0x00, 0x00, 0x00, 0x00, 0x00, 0x00, 0x00, 0x00,
    0x00, 0x00, 0x00, 0x00, 0x00, 0x00, 0x00, 0x00, 0x00, 0x00, 0x00, 0x00, 0x00, 0x00, 0x00, 0x00,
    0x00, 0x00, 0x00, 0x00, 0x00, 0x00, 0x00, 0x00, 0x00, 0x00, 0x00, 0x00, 0x00, 0x00, 0x00, 0x00,
    0x00, 0x00, 0x00, 0x00, 0x00, 0x00, 0x00, 0x00, 0x00, 0x00, 0x00, 0x00, 0x00, 0x00, 0x00, 0x00,
    0x00, 0x00, 0x00, 0x00, 0x00, 0x00, 0x00, 0x00, 0x00, 0x00, 0x00, 0x00, 0x00, 0x00, 0xAA, 0x52,
    0x00, 0x00, 0x44, 0x31, 0x15, 0xEE, 0x96, 0xF6, 0x56, 0xF6, 0x76, 0xF6, 0x34, 0xF6, 0xB2, 0xED,
    0x91, 0xED, 0x70, 0xED, 0xB1, 0xF5, 0x4C, 0xBC, 0xCD, 0x8B, 0xB7, 0xE6, 0x36, 0xD6, 0x97, 0xDE,
    0x98, 0xDE, 0x97, 0xDE, 0x77, 0xDE, 0x77, 0xDE, 0x77, 0xDE, 0x56, 0xDE, 0x56, 0xDE, 0x56, 0xDE,
    0x56, 0xDE, 0x77, 0xDE, 0x77, 0xDE, 0x56, 0xDE, 0x77, 0xDE, 0x77, 0xDE, 0x36, 0xD6, 0x36, 0xD6,
    0xCC, 0x93, 0xF3, 0xED, 0x55, 0xF6, 0x35, 0xEE, 0x35, 0xEE, 0x14, 0xEE, 0x70, 0xED, 0x4F, 0xED,
    0x4F, 0xED, 0x4F, 0xED, 0x4F, 0xED, 0x4F, 0xED, 0x4F, 0xED, 0x4F, 0xED, 0x6F, 0xED, 0x0E, 0xDD,
    0x8E, 0xC4, 0x67, 0x6A, 0xAC, 0x9B, 0x2D, 0xAC, 0x0D, 0xAC, 0x0D, 0xAC, 0x0D, 0xAC, 0x0D, 0xAC,
    0x0D, 0xAC, 0xEC, 0xA3, 0xCC, 0xA3, 0xCC, 0xA3, 0xEC, 0xA3, 0xCC, 0xA3, 0xCC, 0xA3, 0xCC, 0x9B,
    0xEC, 0xA3, 0x88, 0x6A, 0x94, 0xBD, 0xA9, 0x5A, 0x00, 0x00, 0xFF, 0xFF, 0x00, 0x00, 0x00, 0x00,
    0x00, 0x00, 0x00, 0x00, 0x00, 0x00, 0x00, 0x00, 0x00, 0x00, 0x00, 0x00, 0x00, 0x00, 0x00, 0x00,
    0x00, 0x00, 0x00, 0x00, 0x00, 0x00, 0x00, 0x00, 0x00, 0x00, 0x00, 0x00, 0x00, 0x00, 0x00, 0x00,
    0x00, 0x00, 0x00, 0x00, 0x00, 0x00, 0x00, 0x00, 0x00, 0x00, 0x00, 0x00, 0x00, 0x00, 0x00, 0x00,
    0x00, 0x00, 0x00, 0x00, 0x00, 0x00, 0x00, 0x00, 0x00, 0x00, 0x00, 0x00, 0x00, 0x00, 0x00, 0x00,
    0x00, 0x00, 0x00, 0x00, 0x00, 0x00, 0x00, 0x00, 0x00, 0x00, 0x00, 0x00, 0x00, 0x00, 0x6B, 0x83,
    0xD7, 0xFE, 0x55, 0xEE, 0x76, 0xF6, 0x55, 0xEE, 0x14, 0xEE, 0x91, 0xED, 0x70, 0xED, 0x70, 0xED,
    0x4F, 0xE5, 0xEE, 0xD4, 0x29, 0x83, 0x32, 0xB5, 0x97, 0xE6, 0x56, 0xD6, 0x97, 0xDE, 0x77, 0xDE,
    0x97, 0xDE, 0x77, 0xDE, 0x57, 0xDE, 0x56, 0xDE, 0x56, 0xDE, 0x56, 0xDE, 0x56, 0xDE, 0x77, 0xDE,
    0x77, 0xDE, 0x36, 0xD6, 0x56, 0xDE, 0x97, 0xDE, 0x77, 0xDE, 0x15, 0xCE, 0xAB, 0x8B, 0x34, 0xF6,
    0x35, 0xEE, 0x35, 0xEE, 0x34, 0xEE, 0xB1, 0xED, 0x4F, 0xED, 0x4F, 0xED, 0x4F, 0xED, 0x4F, 0xED,
    0x4F, 0xED, 0x4F, 0xED, 0x4F, 0xED, 0x4F, 0xED, 0x4F, 0xED, 0xCE, 0xD4, 0xAE, 0xCC, 0xC8, 0x7A,
    0xA8, 0x72, 0x0C, 0xAC, 0xAB, 0x9B, 0xCC, 0xA3, 0xCC, 0xA3, 0xCC, 0x9B, 0xCC, 0x9B, 0xCC, 0xA3,
    0xCC, 0xA3, 0xCC, 0xA3, 0xCC, 0xA3, 0xCC, 0xA3, 0xCC, 0x9B, 0xED, 0xAB, 0x88, 0x6A, 0x33, 0xAD,
    0x0F, 0x8C, 0x00, 0x00, 0x00, 0x00, 0x00, 0x00, 0x00, 0x00, 0x00, 0x00, 0x00, 0x00, 0x00, 0x00,
    0x00, 0x00, 0x00, 0x00, 0x00, 0x00, 0x00, 0x00, 0x00, 0x00, 0x00, 0x00, 0x00, 0x00, 0x00, 0x00,
    0x00, 0x00, 0x00, 0x00, 0x00, 0x00, 0x00, 0x00, 0x00, 0x00, 0x00, 0x00, 0x00, 0x00, 0x00, 0x00,
    0x00, 0x00, 0x00, 0x00, 0x00, 0x00, 0x00, 0x00, 0x00, 0x00, 0x00, 0x00, 0x00, 0x00, 0x00, 0x00,
    0x00, 0x00, 0x00, 0x00, 0x00, 0x00, 0x00, 0x00, 0x00, 0x00, 0x00, 0x00, 0x00, 0x00, 0x00, 0x00,
    0x00, 0x00, 0x00, 0x00, 0x00, 0x00, 0x00, 0x00, 0x20, 0x00, 0x11, 0xC5, 0xB7, 0xFE, 0x56, 0xEE,
    0x35, 0xEE, 0xF4, 0xED, 0xB2, 0xED, 0x70, 0xED, 0x70, 0xED, 0x4F, 0xED, 0xCE, 0xD4, 0x4D, 0xBC,
    0x6D, 0xBC, 0xC9, 0x72, 0x73, 0xBD, 0x97, 0xE6, 0x57, 0xDE, 0x77, 0xDE, 0x77, 0xDE, 0x77, 0xDE,
    0x56, 0xDE, 0x56, 0xDE, 0x56, 0xDE, 0x56, 0xDE, 0x56, 0xDE, 0x97, 0xDE, 0x77, 0xDE, 0x36, 0xD6,
    0x56, 0xDE, 0x77, 0xDE, 0x98, 0xE6, 0x36, 0xCE, 0x6B, 0x8B, 0xF3, 0xF5, 0x35, 0xEE, 0x14, 0xEE,
    0xB1, 0xED, 0x4F, 0xED, 0x4F, 0xED, 0x4F, 0xED, 0x4F, 0xED, 0x4F, 0xED, 0x4F, 0xED, 0x4F, 0xED,
    0x4F, 0xED, 0x4F, 0xE5, 0x2F, 0xE5, 0x8D, 0xC4, 0x8E, 0xC4, 0x8A, 0x93, 0x06, 0x52, 0x0D, 0xAC,
    0xCC, 0xA3, 0xCC, 0xA3, 0xCC, 0xA3, 0xCC, 0xA3, 0xCC, 0xA3, 0xCC, 0xA3, 0xCC, 0xA3, 0xCC, 0xA3,
    0xCC, 0xA3, 0xCC, 0xA3, 0xEC, 0xA3, 0xA8, 0x72, 0x70, 0x94, 0x94, 0xBD, 0x61, 0x08, 0x00, 0x00,
    0xE7, 0x39, 0x00, 0x00, 0x00, 0x00, 0x00, 0x00, 0x00, 0x00, 0x00, 0x00, 0x00, 0x00, 0x00, 0x00,
    0x00, 0x00, 0x00, 0x00, 0x00, 0x00, 0x00, 0x00, 0x00, 0x00, 0x00, 0x00, 0x00, 0x00, 0x00, 0x00,
    0x00, 0x00, 0x00, 0x00, 0x00, 0x00, 0x00, 0x00, 0x00, 0x00, 0x00, 0x00, 0x00, 0x00, 0x00, 0x00,
    0x00, 0x00, 0x00, 0x00, 0x00, 0x00, 0x00, 0x00, 0x00, 0x00, 0x00, 0x00, 0x00, 0x00, 0x00, 0x00,
    0x00, 0x00, 0x00, 0x00, 0x00, 0x00, 0x00, 0x00, 0x00, 0x00, 0x00, 0x00, 0x00, 0x00, 0x00, 0x00,
    0xE7, 0x79, 0x00, 0x00, 0xE3, 0x28, 0xF4, 0xE5, 0x96, 0xF6, 0x35, 0xEE, 0xF4, 0xED, 0xB2, 0xE5,
    0x50, 0xE5, 0x4F, 0xED, 0x4F, 0xED, 0xCE, 0xD4, 0x4D, 0xBC, 0x4D, 0xBC, 0x6D, 0xBC, 0x2C, 0xBC,
    0xA8, 0x6A, 0x73, 0xBD, 0xB7, 0xE6, 0x77, 0xDE, 0x77, 0xDE, 0x97, 0xDE, 0x77, 0xDE, 0x56, 0xDE,
    0x56, 0xDE, 0x56, 0xDE, 0x77, 0xDE, 0x97, 0xDE, 0x57, 0xDE, 0x56, 0xD6, 0x77, 0xDE, 0x77, 0xDE,
    0x77, 0xDE, 0x57, 0xD6, 0x6B, 0x8B, 0x6F, 0xED, 0x91, 0xED, 0x70, 0xED, 0x4F, 0xED, 0x4F, 0xED,
    0x4F, 0xE5, 0x4F, 0xED, 0x4F, 0xED, 0x4F, 0xED, 0x4F, 0xED, 0x4F, 0xED, 0x4F, 0xE5, 0x4F, 0xE5,
    0xEE, 0xD4, 0x6D, 0xBC, 0x4D, 0xBC, 0x2C, 0xB4, 0x06, 0x52, 0xCC, 0x9B, 0xCC, 0x9B, 0xCC, 0xA3,
    0xCC, 0xA3, 0xCC, 0xA3, 0xCC, 0xA3, 0xCC, 0xA3, 0xCC, 0xA3, 0xCC, 0xA3, 0xEC, 0xAB, 0xCC, 0xA3,
    0xA8, 0x6A, 0x90, 0x9C, 0xD4, 0xC5, 0x65, 0x31, 0x00, 0x00, 0xEF, 0x7B, 0x00, 0x00, 0x00, 0x00,
    0x00, 0x00, 0x00, 0x00, 0x00, 0x00, 0x00, 0x00, 0x00, 0x00, 0x00, 0x00, 0x00, 0x00, 0x00, 0x00,
    0x00, 0x00, 0x00, 0x00, 0x00, 0x00, 0x00, 0x00, 0x00, 0x00, 0x00, 0x00, 0x00, 0x00, 0x00, 0x00,
    0x00, 0x00, 0x00, 0x00, 0x00, 0x00, 0x00, 0x00, 0x00, 0x00, 0x00, 0x00, 0x00, 0x00, 0x00, 0x00,
    0x00, 0x00, 0x00, 0x00, 0x00, 0x00, 0x00, 0x00, 0x00, 0x00, 0x00, 0x00, 0x00, 0x00, 0x00, 0x00,
    0x00, 0x00, 0x00, 0x00, 0x00, 0x00, 0x00, 0x00, 0x00, 0x00, 0x00, 0x00, 0xFF, 0xFF, 0x00, 0x00,
    0xC5, 0x49, 0x14, 0xF6, 0x14, 0xEE, 0xD3, 0xE5, 0x91, 0xE5, 0x2F, 0xE5, 0x4F, 0xE5, 0x2F, 0xE5,
    0xAE, 0xCC, 0x4D, 0xBC, 0x4D, 0xBC, 0x4D, 0xBC, 0x4D, 0xBC, 0x6D, 0xBC, 0x4D, 0xBC, 0xA8, 0x6A,
    0x32, 0xAD, 0xD8, 0xEE, 0x97, 0xDE, 0x77, 0xDE, 0x77, 0xDE, 0x56, 0xDE, 0x56, 0xDE, 0x56, 0xDE,
    0x77, 0xDE, 0x77, 0xDE, 0x56, 0xDE, 0x56, 0xDE, 0x77, 0xDE, 0x98, 0xDE, 0x77, 0xDE, 0x77, 0xDE,
    0xAB, 0x8B, 0x4F, 0xED, 0x4F, 0xED, 0x4F, 0xED, 0x4F, 0xED, 0x4F, 0xE5, 0x2F, 0xE5, 0x2F, 0xE5,
    0x4F, 0xED, 0x4F, 0xED, 0x4F, 0xED, 0x4F, 0xED, 0x4F, 0xED, 0x0E, 0xDD, 0x8D, 0xC4, 0x4D, 0xBC,
    0x4D, 0xB4, 0x6D, 0xBC, 0x26, 0x5A, 0x6B, 0x8B, 0xCC, 0xA3, 0xCC, 0x9B, 0xCC, 0xA3, 0xCC, 0xA3,
    0xCC, 0xA3, 0xCC, 0x9B, 0xCC, 0xA3, 0x0D, 0xAC, 0x6A, 0x93, 0xA9, 0x62, 0x32, 0xAD, 0xB4, 0xC5,
    0xE6, 0x41, 0x00, 0x00, 0xFF, 0xFF, 0x00, 0x00, 0x00, 0x00, 0x00, 0x00, 0x00, 0x00, 0x00, 0x00,
    0x00, 0x00, 0x00, 0x00, 0x00, 0x00, 0x00, 0x00, 0x00, 0x00, 0x00, 0x00, 0x00, 0x00, 0x00, 0x00,
    0x00, 0x00, 0x00, 0x00, 0x00, 0x00, 0x00, 0x00, 0x00, 0x00, 0x00, 0x00, 0x00, 0x00, 0x00, 0x00,
    0x00, 0x00, 0x00, 0x00, 0x00, 0x00, 0x00, 0x00, 0x00, 0x00, 0x00, 0x00, 0x00, 0x00, 0x00, 0x00,
    0x00, 0x00, 0x00, 0x00, 0x00, 0x00, 0x00, 0x00, 0x00, 0x00, 0x00, 0x00, 0x00, 0x00, 0x00, 0x00,
    0x00, 0x00, 0x00, 0x00, 0x00, 0x00, 0x00, 0x00, 0x00, 0x00, 0x00, 0x00, 0x46, 0x62, 0xF2, 0xFD,
    0x71, 0xE5, 0x50, 0xE5, 0x2F, 0xE5, 0x2F, 0xE5, 0xEE, 0xDC, 0x6D, 0xC4, 0x4D, 0xB4, 0x4D, 0xBC,
    0x4D, 0xBC, 0x4D, 0xBC, 0x4D, 0xBC, 0x4D, 0xBC, 0x6D, 0xC4, 0x6D, 0xBC, 0xC8, 0x72, 0xED, 0x83,
    0x97, 0xDE, 0xF9, 0xEE, 0x77, 0xDE, 0x56, 0xD6, 0x56, 0xD6, 0x56, 0xDE, 0x77, 0xDE, 0x77, 0xDE,
    0x56, 0xDE, 0x56, 0xDE, 0x77, 0xDE, 0x77, 0xDE, 0x77, 0xDE, 0xB8, 0xE6, 0x6B, 0x7B, 0xCD, 0xD4,
    0x90, 0xF5, 0x4F, 0xED, 0x4F, 0xE5, 0x2F, 0xE5, 0x2F, 0xE5, 0x2F, 0xE5, 0x4F, 0xE5, 0x6F, 0xED,
    0x6F, 0xED, 0x4F, 0xED, 0x0E, 0xDD, 0x8D, 0xC4, 0x4D, 0xBC, 0x4D, 0xBC, 0x2D, 0xB4, 0x6D, 0xBC,
    0xA8, 0x6A, 0x2A, 0x83, 0xEC, 0xA3, 0xCC, 0x9B, 0xCC, 0x9B, 0xCC, 0x9B, 0xEC, 0xA3, 0x0D, 0xAC,
    0xCC, 0xA3, 0xE9, 0x7A, 0x8C, 0x7B, 0xD5, 0xC5, 0x94, 0xBD, 0xC6, 0x39, 0x00, 0x00, 0xFF, 0xFF,
    0x00, 0x00, 0x00, 0x00, 0x00, 0x00, 0x00, 0x00, 0x00, 0x00, 0x00, 0x00, 0x00, 0x00, 0x00, 0x00,
    0x00, 0x00, 0x00, 0x00, 0x00, 0x00, 0x00, 0x00, 0x00, 0x00, 0x00, 0x00, 0x00, 0x00, 0x00, 0x00,
    0x00, 0x00, 0x00, 0x00, 0x00, 0x00, 0x00, 0x00, 0x00, 0x00, 0x00, 0x00, 0x00, 0x00, 0x00, 0x00,
    0x00, 0x00, 0x00, 0x00, 0x00, 0x00, 0x00, 0x00, 0x00, 0x00, 0x00, 0x00, 0x00, 0x00, 0x00, 0x00,
    0x00, 0x00, 0x00, 0x00, 0x00, 0x00, 0x00, 0x00, 0x00, 0x00, 0x00, 0x00, 0x00, 0x00, 0x00, 0x00,
    0x00, 0x00, 0x00, 0x00, 0x00, 0x00, 0x00, 0x00, 0x26, 0x5A, 0x90, 0xF5, 0x2F, 0xE5, 0x2F, 0xE5,
    0x0E, 0xDD, 0xAE, 0xCC, 0x4D, 0xB4, 0x4D, 0xB4, 0x4D, 0xBC, 0x4D, 0xBC, 0x4D, 0xBC, 0x4D, 0xBC,
    0x4D, 0xBC, 0x6D, 0xBC, 0x4D, 0xBC, 0x6D, 0xBC, 0xAE, 0xC4, 0x6A, 0x93, 0xE9, 0x6A, 0xF2, 0xAC,
    0xB8, 0xE6, 0xF9, 0xEE, 0x97, 0xE6, 0x56, 0xDE, 0x56, 0xDE, 0x77, 0xDE, 0x56, 0xDE, 0x77, 0xDE,
    0x77, 0xDE, 0x77, 0xDE, 0x77, 0xDE, 0xF9, 0xEE, 0x90, 0x9C, 0x6A, 0x93, 0x2F, 0xE5, 0x0E, 0xDD,
    0x2F, 0xE5, 0x2F, 0xE5, 0x2F, 0xE5, 0x2F, 0xE5, 0x4F, 0xE5, 0x4F, 0xED, 0x0F, 0xDD, 0xCE, 0xD4,
    0x6D, 0xC4, 0x4D, 0xBC, 0x6D, 0xBC, 0x4D, 0xBC, 0x2D, 0xB4, 0x8D, 0xBC, 0xC8, 0x7A, 0x09, 0x7B,
    0xEC, 0xA3, 0xCC, 0xA3, 0xED, 0xA3, 0xEC, 0xA3, 0x6B, 0x93, 0xE9, 0x7A, 0xC9, 0x6A, 0xD1, 0x9C,
    0x57, 0xD6, 0xD1, 0xA4, 0xA5, 0x31, 0x00, 0x00, 0xFF, 0xFF, 0x00, 0x00, 0x00, 0x00, 0x00, 0x00,
    0x00, 0x00, 0x00, 0x00, 0x00, 0x00, 0x00, 0x00, 0x00, 0x00, 0x00, 0x00, 0x00, 0x00, 0x00, 0x00,
    0x00, 0x00, 0x00, 0x00, 0x00, 0x00, 0x00, 0x00, 0x00, 0x00, 0x00, 0x00, 0x00, 0x00, 0x00, 0x00,
    0x00, 0x00, 0x00, 0x00, 0x00, 0x00, 0x00, 0x00, 0x00, 0x00, 0x00, 0x00, 0x00, 0x00, 0x00, 0x00,
    0x00, 0x00, 0x00, 0x00, 0x00, 0x00, 0x00, 0x00, 0x00, 0x00, 0x00, 0x00, 0x00, 0x00, 0x00, 0x00,
    0x00, 0x00, 0x00, 0x00, 0x00, 0x00, 0x00, 0x00, 0x00, 0x00, 0x00, 0x00, 0x00, 0x00, 0x00, 0x00,
    0xFF, 0xFF, 0x00, 0x00, 0xA4, 0x41, 0x0F, 0xDD, 0xCE, 0xD4, 0xAE, 0xCC, 0x6D, 0xBC, 0x4D, 0xB4,
    0x4D, 0xB4, 0x4D, 0xBC, 0x4D, 0xBC, 0x4D, 0xB4, 0x4D, 0xBC, 0x4D, 0xBC, 0x4D, 0xBC, 0x4D, 0xBC,
    0x6D, 0xBC, 0x4D, 0xBC, 0x4D, 0xBC, 0x8E, 0xC4, 0x2C, 0xBC, 0x09, 0x83, 0x2A, 0x73, 0x4F, 0x94,
    0xB4, 0xBD, 0x98, 0xDE, 0xD9, 0xEE, 0xD9, 0xEE, 0x97, 0xE6, 0x77, 0xDE, 0x77, 0xDE, 0x57, 0xDE,
    0x77, 0xDE, 0x77, 0xDE, 0x77, 0xDE, 0xE9, 0x72, 0x4D, 0xBC, 0x6D, 0xBC, 0x8D, 0xC4, 0x8E, 0xC4,
    0x8E, 0xC4, 0xAE, 0xC4, 0xAE, 0xCC, 0x8D, 0xC4, 0x6D, 0xC4, 0x6D, 0xBC, 0x4D, 0xBC, 0x6D, 0xBC,
    0x6D, 0xBC, 0x4D, 0xBC, 0x2D, 0xB4, 0x8D, 0xBC, 0xE9, 0x7A, 0xE9, 0x7A, 0xEC, 0xA3, 0x4A, 0x8B,
    0xE9, 0x7A, 0xC9, 0x6A, 0x4B, 0x73, 0x91, 0x94, 0x16, 0xCE, 0xD5, 0xC5, 0x4C, 0x6B, 0xC3, 0x18,
    0x00, 0x00, 0xFF, 0xFF, 0x00, 0x00, 0x00, 0x00, 0x00, 0x00, 0x00, 0x00, 0x00, 0x00, 0x00, 0x00,
    0x00, 0x00, 0x00, 0x00, 0x00, 0x00, 0x00, 0x00, 0x00, 0x00, 0x00, 0x00, 0x00, 0x00, 0x00, 0x00,
    0x00, 0x00, 0x00, 0x00, 0x00, 0x00, 0x00, 0x00, 0x00, 0x00, 0x00, 0x00, 0x00, 0x00, 0x00, 0x00,
    0x00, 0x00, 0x00, 0x00, 0x00, 0x00, 0x00, 0x00, 0x00, 0x00, 0x00, 0x00, 0x00, 0x00, 0x00, 0x00,
    0x00, 0x00, 0x00, 0x00, 0x00, 0x00, 0x00, 0x00, 0x00, 0x00, 0x00, 0x00, 0x00, 0x00, 0x00, 0x00,
    0x00, 0x00, 0x00, 0x00, 0x00, 0x00, 0x00, 0x00, 0x00, 0x00, 0x00, 0x00, 0xE7, 0x39, 0x00, 0x00,
    0xA1, 0x18, 0x2C, 0xB4, 0x6D, 0xBC, 0x4D, 0xB4, 0x4D, 0xB4, 0x4D, 0xBC, 0x4D, 0xBC, 0x4D, 0xBC,
    0x4D, 0xBC, 0x4D, 0xB4, 0x4D, 0xBC, 0x4D, 0xBC, 0x4D, 0xBC, 0x4D, 0xBC, 0x6D, 0xBC, 0x4D, 0xBC,
    0x4D, 0xBC, 0x4D, 0xB4, 0x6D, 0xBC, 0xAE, 0xCC, 0x6D, 0xBC, 0xAB, 0xA3, 0x2A, 0x83, 0x8B, 0x83,
    0x90, 0xA4, 0x94, 0xBD, 0x77, 0xDE, 0xF9, 0xEE, 0xF9, 0xEE, 0xD8, 0xEE, 0xB8, 0xE6, 0x97, 0xE6,
    0x19, 0xF7, 0xF2, 0xA4, 0xE8, 0x82, 0x8E, 0xC4, 0x2D, 0xB4, 0x4D, 0xB4, 0x4D, 0xB4, 0x4D, 0xBC,
    0x4D, 0xBC, 0x4D, 0xBC, 0x4D, 0xBC, 0x6D, 0xBC, 0x6D, 0xBC, 0x6D, 0xBC, 0x4D, 0xBC, 0x4D, 0xBC,
    0x2D, 0xB4, 0x6D, 0xBC, 0x4A, 0x8B, 0xE6, 0x49, 0x4B, 0x7B, 0x4C, 0x73, 0x70, 0x94, 0xB5, 0xBD,
    0x78, 0xD6, 0xD5, 0xC5, 0xAD, 0x7B, 0x44, 0x29, 0x00, 0x00, 0x00, 0x00, 0x4A, 0xAD, 0x00, 0x00,
    0x00, 0x00, 0x00, 0x00, 0x00, 0x00, 0x00, 0x00, 0x00, 0x00, 0x00, 0x00, 0x00, 0x00, 0x00, 0x00,
    0x00, 0x00, 0x00, 0x00, 0x00, 0x00, 0x00, 0x00, 0x00, 0x00, 0x00, 0x00, 0x00, 0x00, 0x00, 0x00,
    0x00, 0x00, 0x00, 0x00, 0x00, 0x00, 0x00, 0x00, 0x00, 0x00, 0x00, 0x00, 0x00, 0x00, 0x00, 0x00,
    0x00, 0x00, 0x00, 0x00, 0x00, 0x00, 0x00, 0x00, 0x00, 0x00, 0x00, 0x00, 0x00, 0x00, 0x00, 0x00,
    0x00, 0x00, 0x00, 0x00, 0x00, 0x00, 0x00, 0x00, 0x00, 0x00, 0x00, 0x00, 0x00, 0x00, 0x00, 0x00,
    0x00, 0x00, 0x00, 0x00, 0x00, 0x00, 0x00, 0x00, 0x00, 0x00, 0x00, 0x00, 0x00, 0x00, 0x29, 0x83,
    0x8D, 0xC4, 0x4D, 0xB4, 0x6D, 0xBC, 0x4D, 0xBC, 0x4D, 0xBC, 0x6D, 0xBC, 0x6D, 0xBC, 0x4D, 0xBC,
    0x4D, 0xBC, 0x4D, 0xBC, 0x4D, 0xBC, 0x4D, 0xBC, 0x6D, 0xBC, 0x4D, 0xBC, 0x4D, 0xBC, 0xAE, 0xC4,
    0xAE, 0xC4, 0x2C, 0xB4, 0x8B, 0x9B, 0x09, 0x83, 0xC8, 0x7A, 0x06, 0x62, 0xE2, 0x28, 0x41, 0x08,
    0xC6, 0x39, 0x6C, 0x73, 0x0E, 0x8C, 0x90, 0x9C, 0x73, 0xBD, 0xD5, 0xCD, 0x15, 0xD6, 0xB8, 0xE6,
    0xC9, 0x62, 0xCB, 0xA3, 0x8D, 0xC4, 0x4D, 0xBC, 0x6D, 0xBC, 0x6D, 0xBC, 0x4D, 0xBC, 0x4D, 0xBC,
    0x4D, 0xBC, 0x6D, 0xBC, 0x6D, 0xBC, 0x6D, 0xBC, 0x4D, 0xBC, 0x4D, 0xBC, 0x4D, 0xB4, 0x8E, 0xC4,
    0x49, 0x8B, 0x8C, 0x7B, 0x16, 0xCE, 0x16, 0xCE, 0x16, 0xCE, 0xF2, 0xA4, 0x0B, 0x63, 0x24, 0x29,
    0x00, 0x00, 0x00, 0x00, 0x00, 0x00, 0xAA, 0x52, 0x00, 0x00, 0x00, 0x00, 0x00, 0x00, 0x00, 0x00,
    0x00, 0x00, 0x00, 0x00, 0x00, 0x00, 0x00, 0x00, 0x00, 0x00, 0x00, 0x00, 0x00, 0x00, 0x00, 0x00,
    0x00, 0x00, 0x00, 0x00, 0x00, 0x00, 0x00, 0x00, 0x00, 0x00, 0x00, 0x00, 0x00, 0x00, 0x00, 0x00,
    0x00, 0x00, 0x00, 0x00, 0x00, 0x00, 0x00, 0x00, 0x00, 0x00, 0x00, 0x00, 0x00, 0x00, 0x00, 0x00,
    0x00, 0x00, 0x00, 0x00, 0x00, 0x00, 0x00, 0x00, 0x00, 0x00, 0x00, 0x00, 0x00, 0x00, 0x00, 0x00,
    0x00, 0x00, 0x00, 0x00, 0x00, 0x00, 0x00, 0x00, 0x00, 0x00, 0x00, 0x00, 0x00, 0x00, 0x00, 0x00,
    0x00, 0x00, 0x00, 0x00, 0x00, 0x00, 0xEF, 0xFF, 0xE3, 0x38, 0x64, 0x41, 0x8E, 0xC4, 0x6D, 0xBC,
    0x4D, 0xBC, 0x4D, 0xBC, 0x4D, 0xBC, 0x4D, 0xBC, 0x6D, 0xBC, 0x4D, 0xBC, 0x4D, 0xBC, 0x4D, 0xBC,
    0x4D, 0xBC, 0x6D, 0xBC, 0x4D, 0xBC, 0x6D, 0xC4, 0x6D, 0xBC, 0xE9, 0x7A, 0xC5, 0x49, 0xE2, 0x28,
    0x00, 0x00, 0x00, 0x00, 0x00, 0x00, 0x00, 0x00, 0x00, 0x00, 0x00, 0x00, 0x00, 0x00, 0x00, 0x00,
    0x00, 0x00, 0x00, 0x00, 0x00, 0x00, 0xA2, 0x10, 0xC2, 0x18, 0x24, 0x29, 0xA2, 0x10, 0x43, 0x39,
    0x8D, 0xC4, 0x6D, 0xC4, 0x4D, 0xBC, 0x4D, 0xBC, 0x4D, 0xBC, 0x4D, 0xBC, 0x4D, 0xBC, 0x6D, 0xBC,
    0x4D, 0xBC, 0x4D, 0xBC, 0x4D, 0xBC, 0x4D, 0xBC, 0x4D, 0xBC, 0x8E, 0xC4, 0x8A, 0x9B, 0x6C, 0x73,
    0xF1, 0xA4, 0x6C, 0x73, 0x07, 0x42, 0x20, 0x00, 0x00, 0x00, 0x00, 0x00, 0x00, 0x00, 0xAA, 0x52,
    0x00, 0x00, 0x00, 0x00, 0x00, 0x00, 0x00, 0x00, 0x00, 0x00, 0x00, 0x00, 0x00, 0x00, 0x00, 0x00,
    0x00, 0x00, 0x00, 0x00, 0x00, 0x00, 0x00, 0x00, 0x00, 0x00, 0x00, 0x00, 0x00, 0x00, 0x00, 0x00,
    0x00, 0x00, 0x00, 0x00, 0x00, 0x00, 0x00, 0x00, 0x00, 0x00, 0x00, 0x00, 0x00, 0x00, 0x00, 0x00,
    0x00, 0x00, 0x00, 0x00, 0x00, 0x00, 0x00, 0x00, 0x00, 0x00, 0x00, 0x00, 0x00, 0x00, 0x00, 0x00,
    0x00, 0x00, 0x00, 0x00, 0x00, 0x00, 0x00, 0x00, 0x00, 0x00, 0x00, 0x00, 0x00, 0x00, 0x00, 0x00,
    0x00, 0x00, 0x00, 0x00, 0x00, 0x00, 0x00, 0x00, 0x00, 0x00, 0x00, 0x00, 0x00, 0x00, 0x00, 0x00,
    0x00, 0x00, 0xE7, 0x7B, 0x00, 0x00, 0x00, 0x00, 0x26, 0x5A, 0x8D, 0xC4, 0x4D, 0xB4, 0x2D, 0xB4,
    0x4D, 0xBC, 0x4D, 0xBC, 0x6D, 0xBC, 0x4D, 0xBC, 0x4D, 0xB4, 0x4D, 0xB4, 0x4D, 0xBC, 0x4D, 0xBC,
    0x6D, 0xC4, 0xCB, 0xA3, 0x23, 0x31, 0x00, 0x00, 0x00, 0x00, 0x00, 0x00, 0x00, 0x00, 0x00, 0x00,
    0x00, 0x00, 0x00, 0x00, 0xEF, 0xFB, 0xE7, 0x39, 0xEF, 0x7B, 0xFF, 0xFF, 0x00, 0x00, 0x00, 0x00,
    0x00, 0x00, 0x00, 0x00, 0x00, 0x00, 0x00, 0x00, 0x00, 0x00, 0x00, 0x00, 0xA5, 0x49, 0x6D, 0xC4,
    0x6D, 0xBC, 0x4D, 0xBC, 0x4D, 0xBC, 0x4D, 0xBC, 0x6D, 0xBC, 0x4D, 0xBC, 0x4D, 0xBC, 0x4D, 0xBC,
    0x4D, 0xBC, 0x4D, 0xBC, 0x4D, 0xBC, 0x8D, 0xC4, 0x0C, 0xAC, 0x81, 0x10, 0x20, 0x00, 0x00, 0x00,
    0x00, 0x00, 0x00, 0x00, 0x00, 0x00, 0xE7, 0x39, 0x00, 0x00, 0x00, 0x00, 0x00, 0x00, 0x00, 0x00,
    0x00, 0x00, 0x00, 0x00, 0x00, 0x00, 0x00, 0x00, 0x00, 0x00, 0x00, 0x00, 0x00, 0x00, 0x00, 0x00,
    0x00, 0x00, 0x00, 0x00, 0x00, 0x00, 0x00, 0x00, 0x00, 0x00, 0x00, 0x00, 0x00, 0x00, 0x00, 0x00,
    0x00, 0x00, 0x00, 0x00, 0x00, 0x00, 0x00, 0x00, 0x00, 0x00, 0x00, 0x00, 0x00, 0x00, 0x00, 0x00,
    0x00, 0x00, 0x00, 0x00, 0x00, 0x00, 0x00, 0x00, 0x00, 0x00, 0x00, 0x00, 0x00, 0x00, 0x00, 0x00,
    0x00, 0x00, 0x00, 0x00, 0x00, 0x00, 0x00, 0x00, 0x00, 0x00, 0x00, 0x00, 0x00, 0x00, 0x00, 0x00,
    0x00, 0x00, 0x00, 0x00, 0x00, 0x00, 0x00, 0x00, 0x00, 0x00, 0xAA, 0x02, 0x00, 0x00, 0x00, 0x00,
    0x84, 0x41, 0xAE, 0xC4, 0x0C, 0xAC, 0xE9, 0x7A, 0x6D, 0xBC, 0x4D, 0xB4, 0x4D, 0xB4, 0x4D, 0xBC,
    0x4D, 0xBC, 0x4D, 0xB4, 0x4D, 0xB4, 0x4D, 0xB4, 0x4D, 0xBC, 0x6D, 0xBC, 0x4D, 0xBC, 0x4A, 0x8B,
    0x84, 0x41, 0x00, 0x00, 0xCC, 0xCC, 0xE7, 0x39, 0x00, 0x00, 0x00, 0x00, 0x00, 0x00, 0x00, 0x00,
    0x00, 0x00, 0x00, 0x00, 0x00, 0x00, 0x00, 0x00, 0x00, 0x00, 0x00, 0x00, 0x00, 0x00, 0xE7, 0x39,
    0xE7, 0x39, 0xAA, 0x52, 0x86, 0x31, 0x00, 0x00, 0x00, 0x00, 0x26, 0x5A, 0xAE, 0xCC, 0x4D, 0xBC,
    0x4D, 0xBC, 0x6D, 0xBC, 0x4D, 0xBC, 0x4D, 0xBC, 0x4D, 0xBC, 0x4D, 0xBC, 0x4D, 0xBC, 0x4D, 0xBC,
    0x4D, 0xBC, 0x6D, 0xC4, 0x2C, 0xB4, 0x64, 0x41, 0x00, 0x00, 0x20, 0x00, 0xFF, 0xFF, 0x00, 0x38,
    0x00, 0x00, 0x00, 0x00, 0x00, 0x00, 0x00, 0x00, 0x00, 0x00, 0x00, 0x00, 0x00, 0x00, 0x00, 0x00,
    0x00, 0x00, 0x00, 0x00, 0x00, 0x00, 0x00, 0x00, 0x00, 0x00, 0x00, 0x00, 0x00, 0x00, 0x00, 0x00,
    0x00, 0x00, 0x00, 0x00, 0x00, 0x00, 0x00, 0x00, 0x00, 0x00, 0x00, 0x00, 0x00, 0x00, 0x00, 0x00,
    0x00, 0x00, 0x00, 0x00, 0x00, 0x00, 0x00, 0x00, 0x00, 0x00, 0x00, 0x00, 0x00, 0x00, 0x00, 0x00,
    0x00, 0x00, 0x00, 0x00, 0x00, 0x00, 0x00, 0x00, 0x00, 0x00, 0x00, 0x00, 0x00, 0x00, 0x00, 0x00,
    0x00, 0x00, 0x00, 0x00, 0x00, 0x00, 0x00, 0x00, 0x00, 0x00, 0x00, 0x00, 0x00, 0x00, 0x00, 0x00,
    0x00, 0x00, 0x00, 0x00, 0xE7, 0x39, 0x00, 0x00, 0x00, 0x00, 0x26, 0x5A, 0x0F, 0xDD, 0xEF, 0xD4,
    0x2F, 0xDD, 0x09, 0x83, 0x4A, 0x8B, 0x2D, 0xB4, 0x4D, 0xBC, 0x6D, 0xBC, 0x4D, 0xB4, 0x2D, 0xB4,
    0x2D, 0xB4, 0x2D, 0xB4, 0x2D, 0xB4, 0x4D, 0xBC, 0x4D, 0xBC, 0xEF, 0xD4, 0x26, 0x5A, 0x00, 0x00,
    0xEF, 0xFF, 0x00, 0x00, 0x00, 0x00, 0x00, 0x00, 0x00, 0x00, 0x00, 0x00, 0x00, 0x00, 0x00, 0x00,
    0x00, 0x00, 0x00, 0x00, 0x00, 0x00, 0x00, 0x00, 0x00, 0x00, 0x00, 0x00, 0x00, 0x00, 0x00, 0x00,
    0x00, 0x00, 0x00, 0x00, 0x00, 0x00, 0x00, 0x00, 0x4A, 0x8B, 0xAE, 0xCC, 0x4D, 0xBC, 0x6D, 0xBC,
    0x4D, 0xBC, 0x4D, 0xBC, 0x4D, 0xBC, 0x4D, 0xB4, 0x4D, 0xBC, 0x4D, 0xBC, 0x4D, 0xBC, 0x6D, 0xC4,
    0x2D, 0xB4, 0xC2, 0x20, 0x00, 0x00, 0x24, 0x21, 0x00, 0x00, 0x00, 0x00, 0x00, 0x00, 0x00, 0x00,
    0x00, 0x00, 0x00, 0x00, 0x00, 0x00, 0x00, 0x00, 0x00, 0x00, 0x00, 0x00, 0x00, 0x00, 0x00, 0x00,
    0x00, 0x00, 0x00, 0x00, 0x00, 0x00, 0x00, 0x00, 0x00, 0x00, 0x00, 0x00, 0x00, 0x00, 0x00, 0x00,
    0x00, 0x00, 0x00, 0x00, 0x00, 0x00, 0x00, 0x00, 0x00, 0x00, 0x00, 0x00, 0x00, 0x00, 0x00, 0x00,
    0x00, 0x00, 0x00, 0x00, 0x00, 0x00, 0x00, 0x00, 0x00, 0x00, 0x00, 0x00, 0x00, 0x00, 0x00, 0x00,
    0x00, 0x00, 0x00, 0x00, 0x00, 0x00, 0x00, 0x00, 0x00, 0x00, 0x00, 0x00, 0x00, 0x00, 0x00, 0x00,
    0x00, 0x00, 0x00, 0x00, 0x00, 0x00, 0x00, 0x00, 0x00, 0x00, 0x00, 0x00, 0x00, 0x00, 0xAA, 0x52,
    0x00, 0x00, 0x40, 0x08, 0x55, 0xA5, 0x96, 0xB5, 0x0A, 0x73, 0x34, 0xA5, 0x4A, 0x8B, 0xAE, 0xCC,
    0xAA, 0xA3, 0x2C, 0xB4, 0x6D, 0xC4, 0x4D, 0xBC, 0x2D, 0xB4, 0x2D, 0xB4, 0x4D, 0xBC, 0x6D, 0xBC,
    0x8E, 0xC4, 0xAE, 0xCC, 0x8E, 0xCC, 0x8A, 0x9B, 0xC2, 0x20, 0x00, 0x00, 0xAA, 0x52, 0x00, 0x00,
    0x00, 0x00, 0x00, 0x00, 0x00, 0x00, 0x00, 0x00, 0x00, 0x00, 0x00, 0x00, 0x00, 0x00, 0x00, 0x00,
    0x00, 0x00, 0x00, 0x00, 0x00, 0x00, 0x00, 0x00, 0x00, 0x00, 0x00, 0x00, 0x00, 0x00, 0x00, 0x00,
    0x86, 0x61, 0x00, 0x00, 0x23, 0x31, 0x4D, 0xBC, 0x6D, 0xC4, 0x4D, 0xBC, 0x4D, 0xBC, 0x4D, 0xBC,
    0x4D, 0xB4, 0x4D, 0xB4, 0x4D, 0xB4, 0x4D, 0xBC, 0x4D, 0xBC, 0x4D, 0xBC, 0x8D, 0xC4, 0xC8, 0x7A,
    0xC3, 0x20, 0x00, 0x00, 0x00, 0x38, 0x00, 0x00, 0x00, 0x00, 0x00, 0x00, 0x00, 0x00, 0x00, 0x00,
    0x00, 0x00, 0x00, 0x00, 0x00, 0x00, 0x00, 0x00, 0x00, 0x00, 0x00, 0x00, 0x00, 0x00, 0x00, 0x00,
    0x00, 0x00, 0x00, 0x00, 0x00, 0x00, 0x00, 0x00, 0x00, 0x00, 0x00, 0x00, 0x00, 0x00, 0x00, 0x00,
    0x00, 0x00, 0x00, 0x00, 0x00, 0x00, 0x00, 0x00, 0x00, 0x00, 0x00, 0x00, 0x00, 0x00, 0x00, 0x00,
    0x00, 0x00, 0x00, 0x00, 0x00, 0x00, 0x00, 0x00, 0x00, 0x00, 0x00, 0x00, 0x00, 0x00, 0x00, 0x00,
    0x00, 0x00, 0x00, 0x00, 0x00, 0x00, 0x00, 0x00, 0x00, 0x00, 0x00, 0x00, 0x00, 0x00, 0x00, 0x00,
    0x00, 0x00, 0x00, 0x00, 0x00, 0x00, 0x00, 0x00, 0xEF, 0x7B, 0x00, 0x00, 0x20, 0x00, 0x35, 0xA5,
    0xDF, 0xF7, 0x52, 0x84, 0x59, 0xC6, 0xBF, 0xF7, 0x93, 0x8C, 0x46, 0x62, 0xB1, 0x9C, 0x6C, 0x7B,
    0xEB, 0xAB, 0x8E, 0xC4, 0x8D, 0xBC, 0x8E, 0xC4, 0x2C, 0xB4, 0x8A, 0x93, 0xE9, 0x82, 0x26, 0x62,
    0x64, 0x39, 0x00, 0x00, 0x00, 0x00, 0x00, 0x00, 0x00, 0x00, 0x00, 0x00, 0x00, 0x00, 0x00, 0x00,
    0x00, 0x00, 0x00, 0x00, 0x00, 0x00, 0x00, 0x00, 0x00, 0x00, 0x00, 0x00, 0x00, 0x00, 0x00, 0x00,
    0x00, 0x00, 0x00, 0x00, 0x00, 0x00, 0x00, 0x00, 0x00, 0x00, 0x00, 0x00, 0x00, 0x00, 0xFF, 0xFF,
    0x00, 0x00, 0xC8, 0x7A, 0xAE, 0xCC, 0x4D, 0xB4, 0x4D, 0xBC, 0x4D, 0xBC, 0x4D, 0xB4, 0x4D, 0xB4,
    0x4D, 0xB4, 0x4D, 0xBC, 0x4D, 0xBC, 0x6D, 0xBC, 0x6D, 0xBC, 0xCE, 0xCC, 0x64, 0x39, 0x00, 0x00,
    0x00, 0x00, 0xE7, 0x39, 0x00, 0x00, 0x00, 0x00, 0x00, 0x00, 0x00, 0x00, 0x00, 0x00, 0x00, 0x00,
    0x00, 0x00, 0x00, 0x00, 0x00, 0x00, 0x00, 0x00, 0x00, 0x00, 0x00, 0x00, 0x00, 0x00, 0x00, 0x00,
    0x00, 0x00, 0x00, 0x00, 0x00, 0x00, 0x00, 0x00, 0x00, 0x00, 0x00, 0x00, 0x00, 0x00, 0x00, 0x00,
    0x00, 0x00, 0x00, 0x00, 0x00, 0x00, 0x00, 0x00, 0x00, 0x00, 0x00, 0x00, 0x00, 0x00, 0x00, 0x00,
    0x00, 0x00, 0x00, 0x00, 0x00, 0x00, 0x00, 0x00, 0x00, 0x00, 0x00, 0x00, 0x00, 0x00, 0x00, 0x00,
    0x00, 0x00, 0x00, 0x00, 0x00, 0x00, 0x00, 0x00, 0x00, 0x00, 0x00, 0x00, 0x00, 0x00, 0x00, 0x00,
    0x00, 0x00, 0x00, 0x00, 0x00, 0x00, 0x21, 0x08, 0x93, 0x8C, 0x9F, 0xEF, 0x11, 0x84, 0x54, 0xAD,
    0x7F, 0xEF, 0x1E, 0xDF, 0x97, 0xB5, 0x92, 0x94, 0xFF, 0xFF, 0x9C, 0xCE, 0x8C, 0x83, 0x0C, 0xAC,
    0x09, 0x83, 0x06, 0x52, 0x03, 0x29, 0x00, 0x00, 0x00, 0x00, 0x00, 0x00, 0x00, 0x00, 0x00, 0x00,
    0x00, 0x00, 0x00, 0x00, 0x00, 0x00, 0x00, 0x00, 0x00, 0x00, 0x00, 0x00, 0x00, 0x00, 0x00, 0x00,
    0x00, 0x00, 0x00, 0x00, 0x00, 0x00, 0x00, 0x00, 0x00, 0x00, 0x00, 0x00, 0x00, 0x00, 0x00, 0x00,
    0x00, 0x00, 0x00, 0x00, 0x00, 0x00, 0x00, 0x00, 0x00, 0x00, 0xE7, 0x79, 0x00, 0x00, 0xC5, 0x49,
    0x6D, 0xC4, 0x4D, 0xBC, 0x4D, 0xBC, 0x4D, 0xBC, 0x4D, 0xB4, 0x6D, 0xBC, 0x4D, 0xB4, 0x2D, 0xB4,
    0x6D, 0xBC, 0x2C, 0xB4, 0x2C, 0xB4, 0x4A, 0x8B, 0x73, 0x8C, 0x8E, 0x73, 0x00, 0x00, 0x00, 0x00,
    0x00, 0x00, 0x00, 0x00, 0x00, 0x00, 0x00, 0x00, 0x00, 0x00, 0x00, 0x00, 0x00, 0x00, 0x00, 0x00,
    0x00, 0x00, 0x00, 0x00, 0x00, 0x00, 0x00, 0x00, 0x00, 0x00, 0x00, 0x00, 0x00, 0x00, 0x00, 0x00,
    0x00, 0x00, 0x00, 0x00, 0x00, 0x00, 0x00, 0x00, 0x00, 0x00, 0x00, 0x00, 0x00, 0x00, 0x00, 0x00,
    0x00, 0x00, 0x00, 0x00, 0x00, 0x00, 0x00, 0x00, 0x00, 0x00, 0x00, 0x00, 0x00, 0x00, 0x00, 0x00,
    0x00, 0x00, 0x00, 0x00, 0x00, 0x00, 0x00, 0x00, 0x00, 0x00, 0x00, 0x00, 0x00, 0x00, 0x00, 0x00,
    0x00, 0x00, 0x00, 0x00, 0x00, 0x00, 0x00, 0x00, 0x00, 0x00, 0x00, 0x00, 0x00, 0x00, 0x00, 0x00,
    0x00, 0x00, 0x62, 0x08, 0xD0, 0x73, 0xAB, 0x52, 0xAA, 0x52, 0xFF, 0xFF, 0xDD, 0xD6, 0xD3, 0x9C,
    0x30, 0x84, 0xFF, 0xFF, 0x7B, 0xCE, 0x96, 0xB5, 0x8A, 0x52, 0x61, 0x10, 0x00, 0x00, 0x00, 0x00,
    0x00, 0x00, 0x00, 0x00, 0x00, 0x00, 0x00, 0x00, 0xEF, 0xFF, 0x00, 0x00, 0x00, 0x00, 0x00, 0x00,
    0x00, 0x00, 0x00, 0x00, 0x00, 0x00, 0x00, 0x00, 0x00, 0x00, 0x00, 0x00, 0x00, 0x00, 0x00, 0x00,
    0x00, 0x00, 0x00, 0x00, 0x00, 0x00, 0x00, 0x00, 0x00, 0x00, 0x00, 0x00, 0x00, 0x00, 0x00, 0x00,
    0x00, 0x00, 0x00, 0x00, 0x00, 0x00, 0x00, 0x00, 0xFF, 0xFF, 0x40, 0x08, 0x8B, 0x9B, 0x6D, 0xC4,
    0x2C, 0xB4, 0x4D, 0xBC, 0x4D, 0xBC, 0x8A, 0x9B, 0x2C, 0xB4, 0x6D, 0xBC, 0x2C, 0xB4, 0x6D, 0x7B,
    0xCB, 0x5A, 0x82, 0x18, 0xFA, 0xB5, 0xDF, 0xFF, 0x92, 0x94, 0xE3, 0x18, 0x00, 0x00, 0xEF, 0x7B,
    0x00, 0x00, 0x00, 0x00, 0x00, 0x00, 0x00, 0x00, 0x00, 0x00, 0x00, 0x00, 0x00, 0x00, 0x00, 0x00,
    0x00, 0x00, 0x00, 0x00, 0x00, 0x00, 0x00, 0x00, 0x00, 0x00, 0x00, 0x00, 0x00, 0x00, 0x00, 0x00,
    0x00, 0x00, 0x00, 0x00, 0x00, 0x00, 0x00, 0x00, 0x00, 0x00, 0x00, 0x00, 0x00, 0x00, 0x00, 0x00,
    0x00, 0x00, 0x00, 0x00, 0x00, 0x00, 0x00, 0x00, 0x00, 0x00, 0x00, 0x00, 0x00, 0x00, 0x00, 0x00,
    0x00, 0x00, 0x00, 0x00, 0x00, 0x00, 0x00, 0x00, 0x00, 0x00, 0x00, 0x00, 0x00, 0x00, 0x00, 0x00,
    0x00, 0x00, 0x00, 0x00, 0x00, 0x00, 0x00, 0x00, 0x00, 0x00, 0x00, 0x00, 0x00, 0x00, 0x00, 0x00,
    0x00, 0x00, 0x00, 0x00, 0xD7, 0xB5, 0x36, 0xA5, 0x8E, 0x6B, 0x45, 0x29, 0xF8, 0xBD, 0xD0, 0x73,
    0xE8, 0x39, 0x00, 0x00, 0x00, 0x00, 0x00, 0x00, 0x00, 0x00, 0xFF, 0xFF, 0xE7, 0x39, 0x00, 0x00,
    0x00, 0x00, 0x00, 0x00, 0x00, 0x00, 0x00, 0x00, 0x00, 0x00, 0x00, 0x00, 0x00, 0x00, 0x00, 0x00,
    0x00, 0x00, 0x00, 0x00, 0x00, 0x00, 0x00, 0x00, 0x00, 0x00, 0x00, 0x00, 0x00, 0x00, 0x00, 0x00,
    0x00, 0x00, 0x00, 0x00, 0x00, 0x00, 0x00, 0x00, 0x00, 0x00, 0x00, 0x00, 0x00, 0x00, 0x00, 0x00,
    0x00, 0x00, 0x00, 0x00, 0xFF, 0xFF, 0x00, 0x00, 0x87, 0x6A, 0xCE, 0xD4, 0x8E, 0xC4, 0x4D, 0xBC,
    0xCC, 0x9B, 0xB2, 0x9C, 0x47, 0x5A, 0x4C, 0xBC, 0x6B, 0x93, 0x37, 0x9D, 0x1E, 0xDF, 0x72, 0x8C,
    0x4A, 0x42, 0x37, 0xA5, 0xBC, 0xD6, 0x8E, 0x6B, 0x00, 0x00, 0x00, 0x00, 0x00, 0x00, 0x00, 0x00,
    0x00, 0x00, 0x00, 0x00, 0x00, 0x00, 0x00, 0x00, 0x00, 0x00, 0x00, 0x00, 0x00, 0x00, 0x00, 0x00,
    0x00, 0x00, 0x00, 0x00, 0x00, 0x00, 0x00, 0x00, 0x00, 0x00, 0x00, 0x00, 0x00, 0x00, 0x00, 0x00,
    0x00, 0x00, 0x00, 0x00, 0x00, 0x00, 0x00, 0x00, 0x00, 0x00, 0x00, 0x00, 0x00, 0x00, 0x00, 0x00,
    0x00, 0x00, 0x00, 0x00, 0x00, 0x00, 0x00, 0x00, 0x00, 0x00, 0x00, 0x00, 0x00, 0x00, 0x00, 0x00,
    0x00, 0x00, 0x00, 0x00, 0x00, 0x00, 0x00, 0x00, 0x00, 0x00, 0x00, 0x00, 0x00, 0x00, 0x00, 0x00,
    0x00, 0x00, 0x00, 0x00, 0x00, 0x00, 0x00, 0x00, 0x00, 0x00, 0x00, 0x00, 0xFF, 0xAF, 0xA2, 0x10,
    0x08, 0x3A, 0x00, 0x00, 0x00, 0x00, 0xA6, 0x31, 0x66, 0x29, 0x00, 0x00, 0x00, 0x00, 0x00, 0x00,
    0xFF, 0xFF, 0x00, 0x38, 0x00, 0x00, 0x00, 0x00, 0x00, 0x00, 0x00, 0x00, 0x00, 0x00, 0x00, 0x00,
    0x00, 0x00, 0x00, 0x00, 0x00, 0x00, 0x00, 0x00, 0x00, 0x00, 0x00, 0x00, 0x00, 0x00, 0x00, 0x00,
    0x00, 0x00, 0x00, 0x00, 0x00, 0x00, 0x00, 0x00, 0x00, 0x00, 0x00, 0x00, 0x00, 0x00, 0x00, 0x00,
    0x00, 0x00, 0x00, 0x00, 0x00, 0x00, 0x00, 0x00, 0x00, 0x00, 0x00, 0x00, 0x00, 0x00, 0x00, 0x00,
    0x00, 0x00, 0x00, 0x00, 0x00, 0x00, 0x84, 0x41, 0x8A, 0x93, 0x0B, 0xB4, 0x10, 0x8C, 0xFF, 0xFF,
    0x9A, 0xCE, 0x06, 0x52, 0x4D, 0x73, 0x9D, 0xCE, 0x3B, 0xC6, 0xBF, 0xF7, 0x76, 0xAD, 0x81, 0x08,
    0x00, 0x00, 0x25, 0x21, 0x00, 0x00, 0x00, 0x00, 0x00, 0x00, 0x00, 0x00, 0x00, 0x00, 0x00, 0x00,
    0x00, 0x00, 0x00, 0x00, 0x00, 0x00, 0x00, 0x00, 0x00, 0x00, 0x00, 0x00, 0x00, 0x00, 0x00, 0x00,
    0x00, 0x00, 0x00, 0x00, 0x00, 0x00, 0x00, 0x00, 0x00, 0x00, 0x00, 0x00, 0x00, 0x00, 0x00, 0x00,
    0x00, 0x00, 0x00, 0x00, 0x00, 0x00, 0x00, 0x00, 0x00, 0x00, 0x00, 0x00, 0x00, 0x00, 0x00, 0x00,
    0x00, 0x00, 0x00, 0x00, 0x00, 0x00, 0x00, 0x00, 0x00, 0x00, 0x00, 0x00, 0x00, 0x00, 0x00, 0x00,
    0x00, 0x00, 0x00, 0x00, 0x00, 0x00, 0x00, 0x00, 0x00, 0x00, 0x00, 0x00, 0x00, 0x00, 0x00, 0x00,
    0x00, 0x00, 0x00, 0x00, 0x00, 0x00, 0x00, 0x00, 0x00, 0x00, 0x00, 0x00, 0x00, 0x00, 0x00, 0x00,
    0x5F, 0xAD, 0x00, 0x00, 0x00, 0x00, 0x00, 0x00, 0xEF, 0x7B, 0x00, 0x00, 0x00, 0x00, 0x00, 0x00,
    0x00, 0x00, 0x00, 0x00, 0x00, 0x00, 0x00, 0x00, 0x00, 0x00, 0x00, 0x00, 0x00, 0x00, 0x00, 0x00,
    0x00, 0x00, 0x00, 0x00, 0x00, 0x00, 0x00, 0x00, 0x00, 0x00, 0x00, 0x00, 0x00, 0x00, 0x00, 0x00,
    0x00, 0x00, 0x00, 0x00, 0x00, 0x00, 0x00, 0x00, 0x00, 0x00, 0x00, 0x00, 0x00, 0x00, 0x00, 0x00,
    0x00, 0x00, 0x00, 0x00, 0x00, 0x00, 0x00, 0x00, 0x00, 0x00, 0x00, 0x00, 0x00, 0x00, 0x00, 0x00,
    0x00, 0x00, 0x00, 0x00, 0x00, 0x00, 0x02, 0x29, 0xE8, 0x41, 0x5B, 0xC6, 0xFF, 0xFF, 0xBA, 0xD6,
    0xC3, 0x18, 0xED, 0x5A, 0x11, 0x7C, 0x78, 0xA5, 0x5F, 0xE7, 0xF5, 0x9C, 0x20, 0x00, 0x00, 0x00,
    0x00, 0x00, 0x00, 0x00, 0x00, 0x00, 0x00, 0x00, 0x00, 0x00, 0x00, 0x00, 0x00, 0x00, 0x00, 0x00,
    0x00, 0x00, 0x00, 0x00, 0x00, 0x00, 0x00, 0x00, 0x00, 0x00, 0x00, 0x00, 0x00, 0x00, 0x00, 0x00,
    0x00, 0x00, 0x00, 0x00, 0x00, 0x00, 0x00, 0x00, 0x00, 0x00, 0x00, 0x00, 0x00, 0x00, 0x00, 0x00,
    0x00, 0x00, 0x00, 0x00, 0x00, 0x00, 0x00, 0x00, 0x00, 0x00, 0x00, 0x00, 0x00, 0x00, 0x00, 0x00,
    0x00, 0x00, 0x00, 0x00, 0x00, 0x00, 0x00, 0x00, 0x00, 0x00, 0x00, 0x00, 0x00, 0x00, 0x00, 0x00,
    0x00, 0x00, 0x00, 0x00, 0x00, 0x00, 0x00, 0x00, 0x00, 0x00, 0x00, 0x00, 0x00, 0x00, 0x00, 0x00,
    0x00, 0x00, 0x00, 0x00, 0x00, 0x00, 0x00, 0x00, 0xEF, 0x7B, 0x00, 0x00, 0x00, 0x00, 0xEF, 0x7B,
    0xE7, 0x39, 0x00, 0x00, 0x00, 0x00, 0x00, 0x00, 0x00, 0x00, 0x00, 0x00, 0x00, 0x00, 0x00, 0x00,
    0x00, 0x00, 0x00, 0x00, 0x00, 0x00, 0x00, 0x00, 0x00, 0x00, 0x00, 0x00, 0x00, 0x00, 0x00, 0x00,
    0x00, 0x00, 0x00, 0x00, 0x00, 0x00, 0x00, 0x00, 0x00, 0x00, 0x00, 0x00, 0x00, 0x00, 0x00, 0x00,
    0x00, 0x00, 0x00, 0x00, 0x00, 0x00, 0x00, 0x00, 0x00, 0x00, 0x00, 0x00, 0x00, 0x00, 0x00, 0x00,
    0x00, 0x00, 0x00, 0x00, 0x00, 0x00, 0x00, 0x00, 0x00, 0x00, 0x00, 0x00, 0x00, 0x00, 0x00, 0x00,
    0x00, 0x00, 0x00, 0x00, 0x00, 0x00, 0x25, 0x21, 0x2D, 0x63, 0x9A, 0xD6, 0x55, 0xA5, 0x00, 0x00,
    0x00, 0x00, 0xE4, 0x18, 0x29, 0x42, 0x4A, 0x42, 0x41, 0x08, 0x00, 0x00, 0x00, 0x00, 0x00, 0x00,
    0x00, 0x00, 0x00, 0x00, 0x00, 0x00, 0x00, 0x00, 0x00, 0x00, 0x00, 0x00, 0x00, 0x00, 0x00, 0x00,
    0x00, 0x00, 0x00, 0x00, 0x00, 0x00, 0x00, 0x00, 0x00, 0x00, 0x00, 0x00, 0x00, 0x00, 0x00, 0x00,
    0x00, 0x00, 0x00, 0x00, 0x00, 0x00, 0x00, 0x00, 0x00, 0x00, 0x00, 0x00, 0x00, 0x00, 0x00, 0x00,
    0x00, 0x00, 0x00, 0x00, 0x00, 0x00, 0x00, 0x00, 0x00, 0x00, 0x00, 0x00, 0x00, 0x00, 0x00, 0x00,
    0x00, 0x00, 0x00, 0x00, 0x00, 0x00, 0x00, 0x00, 0x00, 0x00, 0x00, 0x00, 0x00, 0x00, 0x00, 0x00,
    0x00, 0x00, 0x00, 0x00, 0x00, 0x00, 0x00, 0x00, 0x00, 0x00, 0x00, 0x00, 0x00, 0x00, 0x00, 0x00,
    0x00, 0x00, 0x00, 0x00, 0x00, 0x00, 0x00, 0x00, 0x00, 0x00, 0x00, 0x00, 0x00, 0x00, 0x00, 0x00,
    0x00, 0x00, 0x00, 0x00, 0x00, 0x00, 0x00, 0x00, 0x00, 0x00, 0x00, 0x00, 0x00, 0x00, 0x00, 0x00,
    0x00, 0x00, 0x00, 0x00, 0x00, 0x00, 0x00, 0x00, 0x00, 0x00, 0x00, 0x00, 0x00, 0x00, 0x00, 0x00,
    0x00, 0x00, 0x00, 0x00, 0x00, 0x00, 0x00, 0x00, 0x00, 0x00, 0x00, 0x00, 0x00, 0x00, 0x00, 0x00,
    0x00, 0x00, 0x00, 0x00, 0x00, 0x00, 0x00, 0x00, 0x00, 0x00, 0x00, 0x00, 0x00, 0x00, 0x00, 0x00,
    0x00, 0x00, 0x00, 0x00, 0x00, 0x00, 0x00, 0x00, 0x00, 0x00, 0x00, 0x00, 0x00, 0x00, 0xEF, 0xFB,
    0x00, 0x00, 0x00, 0x00, 0x00, 0x00, 0x00, 0x00, 0xCB, 0x52, 0xC3, 0x18, 0x00, 0x00, 0x00, 0x00,
    0x00, 0x00, 0x00, 0x00, 0x00, 0x00, 0x00, 0x00, 0x00, 0x00, 0x00, 0x00, 0x00, 0x00, 0x00, 0x00,
    0x00, 0x00, 0x00, 0x00, 0x00, 0x00, 0x00, 0x00, 0x00, 0x00, 0x00, 0x00, 0x00, 0x00, 0x00, 0x00,
    0x00, 0x00, 0x00, 0x00, 0x00, 0x00, 0x00, 0x00, 0x00, 0x00, 0x00, 0x00, 0x00, 0x00, 0x00, 0x00,
    0x00, 0x00, 0x00, 0x00, 0x00, 0x00, 0x00, 0x00, 0x00, 0x00, 0x00, 0x00, 0x00, 0x00, 0x00, 0x00,
    0x00, 0x00, 0x00, 0x00, 0x00, 0x00, 0x00, 0x00, 0x00, 0x00, 0x00, 0x00, 0x00, 0x00, 0x00, 0x00,
    0x00, 0x00, 0x00, 0x00, 0x00, 0x00, 0x00, 0x00, 0x00, 0x00, 0x00, 0x00, 0x00, 0x00, 0x00, 0x00,
    0x00, 0x00, 0x00, 0x00, 0x00, 0x00, 0x00, 0x00, 0x00, 0x00, 0x00, 0x00, 0x00, 0x00, 0x00, 0x00,
    0x00, 0x00, 0x00, 0x00, 0x00, 0x00, 0x00, 0x00, 0x00, 0x00, 0x00, 0x00, 0x00, 0x00, 0x00, 0x00,
    0x00, 0x00, 0x00, 0x00, 0x00, 0x00, 0x00, 0x00, 0x00, 0x00, 0x00, 0x00, 0x00, 0x00, 0x00, 0x00,
    0x00, 0x00, 0x00, 0x00, 0x00, 0x00, 0x00, 0x00, 0x00, 0x00, 0x00, 0x00, 0x00, 0x00, 0x00, 0x00,
    0x00, 0x00, 0x00, 0x00, 0x00, 0x00, 0x00, 0x00, 0x00, 0x00, 0x00, 0x00, 0x00, 0x00, 0x00, 0x00,
    0x00, 0x00, 0x00, 0x00, 0x00, 0x00, 0x00, 0x00, 0x00, 0x00, 0x00, 0x00, 0x00, 0x00, 0x00, 0x00,
    0x00, 0x00, 0x00, 0x00, 0x00, 0x00, 0x00, 0x00, 0x00, 0x00, 0x00, 0x00, 0x00, 0x00, 0xAA, 0x52,
    0x00, 0x00, 0x00, 0x00, 0x00, 0x00, 0x00, 0x00, 0x00, 0x00, 0xE7, 0x39, 0x55, 0xAD, 0x55, 0xAD,
    0x00, 0x00, 0x00, 0x00, 0x00, 0x00, 0x00, 0x00, 0x00, 0x00, 0x00, 0x00, 0x00, 0x00, 0x00, 0x00,
    0x00, 0x00, 0x00, 0x00, 0x00, 0x00, 0x00, 0x00, 0x00, 0x00, 0x00, 0x00, 0x00, 0x00, 0x00, 0x00,
    0x00, 0x00, 0x00, 0x00, 0x00, 0x00, 0x00, 0x00, 0x00, 0x00, 0x00, 0x00, 0x00, 0x00, 0x00, 0x00,
    0x00, 0x00, 0x00, 0x00, 0x00, 0x00, 0x00, 0x00, 0x00, 0x00, 0x00, 0x00, 0x00, 0x00, 0x00, 0x00,
    0x00, 0x00, 0x00, 0x00, 0x00, 0x00, 0x00, 0x00, 0x00, 0x00, 0x00, 0x00, 0x00, 0x00, 0x00, 0x00,
    0x00, 0x00, 0x00, 0x00, 0x00, 0x00, 0x00, 0x00, 0x00, 0x00, 0x00, 0x00, 0x00, 0x00, 0x00, 0x00,
    0x00, 0x00, 0x00, 0x00, 0x00, 0x00, 0x00, 0x00, 0x00, 0x00, 0x00, 0x00, 0x00, 0x00, 0x00, 0x00,
    0x00, 0x00, 0x00, 0x00, 0x00, 0x00, 0x00, 0x00, 0x00, 0x00, 0x00, 0x00, 0x00, 0x00, 0x00, 0x00,
    0x00, 0x00, 0x00, 0x00, 0x00, 0x00, 0x00, 0x00, 0x00, 0x00, 0x00, 0x00, 0x00, 0x00, 0x00, 0x00,
    0x00, 0x00, 0x00, 0x00, 0x00, 0x00, 0x00, 0x00, 0x00, 0x00, 0x00, 0x00, 0x00, 0x00, 0x00, 0x00,
    0x00, 0x00, 0x00, 0x00, 0x00, 0x00, 0x00, 0x00, 0x00, 0x00, 0x00, 0x00, 0x00, 0x00, 0x00, 0x00,
    0x00, 0x00, 0x00, 0x00, 0x00, 0x00, 0x00, 0x00, 0x00, 0x00, 0x00, 0x00, 0x00, 0x00, 0x00, 0x00,
    0x00, 0x00, 0x00, 0x00, 0x00, 0x00, 0x00, 0x00, 0x00, 0x00, 0x00, 0x00, 0x00, 0x00, 0xAA, 0x52,
    0xFF, 0xFF, 0x00, 0x00, 0x00, 0x00, 0x00, 0x00, 0x00, 0x00, 0x00, 0x00, 0x00, 0x00, 0x00, 0x00,
    0x00, 0x00, 0x00, 0x00, 0x00, 0x00, 0x00, 0x00, 0x00, 0x00, 0x00, 0x00, 0x00, 0x00, 0x00, 0x00,
    0x00, 0x00, 0x00, 0x00, 0x00, 0x00, 0x00, 0x00, 0x00, 0x00, 0x00, 0x00, 0x00, 0x00, 0x00, 0x00,
    0x00, 0x00, 0x00, 0x00, 0x00, 0x00, 0x00, 0x00, 0x00, 0x00, 0x00, 0x00, 0x00, 0x00, 0x00, 0x00,
    0x00, 0x00, 0x00, 0x00, 0x00, 0x00, 0x00, 0x00, 0x00, 0x00, 0x00, 0x00, 0x00, 0x00, 0x00, 0x00,
    0x00, 0x00, 0x00, 0x00, 0x00, 0x00, 0x00, 0x00, 0x00, 0x00, 0x00, 0x00, 0x00, 0x00, 0x00, 0x00,
    0x00, 0x00, 0x00, 0x00, 0x00, 0x00, 0x00, 0x00, 0x00, 0x00, 0x00, 0x00, 0x00, 0x00, 0x00, 0x00,
    0x00, 0x00, 0x00, 0x00, 0x00, 0x00, 0x00, 0x00, 0x00, 0x00, 0x00, 0x00, 0x00, 0x00, 0x00, 0x00,
    0x00, 0x00, 0x00, 0x00, 0x00, 0x00, 0x00, 0x00, 0x00, 0x00, 0x00, 0x00, 0x00, 0x00, 0x00, 0x00,
    0x00, 0x00, 0x00, 0x00, 0x00, 0x00, 0x00, 0x00, 0x00, 0x00, 0x00, 0x00, 0x00, 0x00, 0x00, 0x00,
    0x00, 0x00, 0x00, 0x00, 0x00, 0x00, 0x00, 0x00, 0x00, 0x00, 0x00, 0x00, 0x00, 0x00, 0x00, 0x00,
    0x00, 0x00, 0x00, 0x00, 0x00, 0x00, 0x00, 0x00, 0x00, 0x00, 0x00, 0x00, 0x00, 0x00, 0x00, 0x00,
    0x00, 0x00, 0x00, 0x00, 0x00, 0x00, 0x00, 0x00, 0x00, 0x00, 0x00, 0x00, 0x00, 0x00, 0x00, 0x00,
    0x00, 0x00, 0x00, 0x00, 0x00, 0x00, 0x00, 0x00, 0x00, 0x00, 0x00, 0x00, 0x00, 0x00, 0x00, 0x00,
    0x00, 0x00, 0x00, 0x00, 0x00, 0x00, 0x00, 0x00, 0x00, 0x00, 0x00, 0x00, 0x00, 0x00, 0x00, 0x00,
    0x00, 0x00, 0x00, 0x00, 0x00, 0x00, 0x00, 0x00, 0x00, 0x00, 0x00, 0x00, 0x00, 0x00, 0x00, 0x00,
    0x00, 0x00, 0x00, 0x00, 0x00, 0x00, 0x00, 0x00, 0x00, 0x00, 0x00, 0x00, 0x00, 0x00, 0x00, 0x00,
    0x00, 0x00, 0x00, 0x00, 0x00, 0x00, 0x00, 0x00, 0x00, 0x00, 0x00, 0x00, 0x00, 0x00, 0x00, 0x00,
    0x00, 0x00, 0x00, 0x00, 0x00, 0x00, 0x00, 0x00, 0x00, 0x00, 0x00, 0x00, 0x00, 0x00, 0x00, 0x00,
    0x00, 0x00, 0x00, 0x00, 0x00, 0x00, 0x00, 0x00, 0x00, 0x00, 0x00, 0x00, 0x00, 0x00, 0x00, 0x00,
    0x00, 0x00, 0x00, 0x00, 0x00, 0x00, 0x00, 0x00, 0x00, 0x00, 0x00, 0x00, 0x00, 0x00, 0x00, 0x00,
    0x00, 0x00, 0x00, 0x00, 0x00, 0x00, 0x00, 0x00, 0x00, 0x00, 0x00, 0x00, 0x00, 0x00, 0x00, 0x00,
    0x00, 0x00, 0x00, 0x00, 0x00, 0x00, 0x00, 0x00, 0x00, 0x00, 0x00, 0x00, 0x00, 0x00, 0x00, 0x00,
    0x00, 0x00, 0x00, 0x00, 0x00, 0x00, 0x00, 0x00, 0x00, 0x00, 0x00, 0x00, 0x00, 0x00, 0x00, 0x00,
    0x00, 0x00, 0x00, 0x00, 0x00, 0x00, 0x00, 0x00, 0x00, 0x00, 0x00, 0x00, 0x00, 0x00, 0x00, 0x00,
    0x00, 0x00, 0x00, 0x00, 0x00, 0x00, 0x00, 0x00, 0x00, 0x00, 0x00, 0x00, 0x00, 0x00, 0x00, 0x00,
    0x00, 0x00, 0x00, 0x00, 0x00, 0x00, 0x00, 0x00, 0x00, 0x00, 0x00, 0x00, 0x00, 0x00, 0x00, 0x00,
    0x00, 0x00, 0x00, 0x00, 0x00, 0x00, 0x00, 0x00, 0x00, 0x00, 0x00, 0x00, 0x00, 0x00, 0x00, 0x00,
    0x00, 0x00, 0x00, 0x00, 0x00, 0x00, 0x00, 0x00, 0x00, 0x00, 0x00, 0x00, 0x00, 0x00, 0x00, 0x00,
    0x00, 0x00, 0x00, 0x00, 0x00, 0x00, 0x00, 0x00, 0x00, 0x00, 0x00, 0x00, 0x00, 0x00, 0x00, 0x00,
    0x00, 0x00, 0x00, 0x00, 0x00, 0x00, 0x00, 0x00, 0x00, 0x00, 0x00, 0x00, 0x00, 0x00, 0x00, 0x00,
    0x00, 0x00, 0x00, 0x00, 0x00, 0x00, 0x00, 0x00, 0x00, 0x00, 0x00, 0x00, 0x00, 0x00, 0x00, 0x00,
    0x00, 0x00, 0x00, 0x00, 0x00, 0x00, 0x00, 0x00, 0x00, 0x00, 0x00, 0x00, 0x00, 0x00, 0x00, 0x00,
    0x00, 0x00, 0x00, 0x00, 0x00, 0x00, 0x00, 0x00, 0x00, 0x00, 0x00, 0x00, 0x00, 0x00, 0x00, 0x00,
    0x00, 0x00, 0x00, 0x00, 0x00, 0x00, 0x00, 0x00, 0x00, 0x00, 0x00, 0x00, 0x00, 0x00, 0x00, 0x00,
    0x00, 0x00, 0x00, 0x00, 0x00, 0x00, 0x00, 0x00, 0x00, 0x00, 0x00, 0x00, 0x00, 0x00, 0x00, 0x00,
    0x00, 0x00, 0x00, 0x00, 0x00, 0x00, 0x00, 0x00, 0x00, 0x00, 0x00, 0x00, 0x00, 0x00, 0x00, 0x00,
    0x00, 0x00, 0x00, 0x00, 0x00, 0x00, 0x00, 0x00, 0x00, 0x00, 0x00, 0x00, 0x00, 0x00, 0x00, 0x00,
    0x00, 0x00, 0x00, 0x00, 0x00, 0x00, 0x00, 0x00, 0x00, 0x00, 0x00, 0x00, 0x00, 0x00, 0x00, 0x00,
    0x00, 0x00, 0x00, 0x00, 0x00, 0x00, 0x00, 0x00, 0x00, 0x00, 0x00, 0x00, 0x00, 0x00, 0x00, 0x00,
    0x00, 0x00, 0x00, 0x00, 0x00, 0x00, 0x00, 0x00, 0x00, 0x00, 0x00, 0x00, 0x00, 0x00, 0x00, 0x00,
    0x00, 0x00, 0x00, 0x00, 0x00, 0x00, 0x00, 0x00, 0x00, 0x00, 0x00, 0x00, 0x00, 0x00, 0x00, 0x00,
    0x00, 0x00, 0x00, 0x00, 0x00, 0x00, 0x00, 0x00, 0x00, 0x00, 0x00, 0x00, 0x00, 0x00, 0x00, 0x00,
    0x00, 0x00, 0x00, 0x00, 0x00, 0x00, 0x00, 0x00, 0x00, 0x00, 0x00, 0x00, 0x00, 0x00, 0x00, 0x00,
    0x00, 0x00, 0x00, 0x00, 0x00, 0x00, 0x00, 0x00, 0x00, 0x00, 0x00, 0x00, 0x00, 0x00, 0x00, 0x00,
    0x00, 0x00, 0x00, 0x00, 0x00, 0x00, 0x00, 0x00, 0x00, 0x00, 0x00, 0x00, 0x00, 0x00, 0x00, 0x00,
    0x00, 0x00, 0x00, 0x00, 0x00, 0x00, 0x00, 0x00, 0x00, 0x00, 0x00, 0x00, 0x00, 0x00, 0x00, 0x00,
    0x00, 0x00, 0x00, 0x00, 0x00, 0x00, 0x00, 0x00, 0x00, 0x00, 0x00, 0x00, 0x00, 0x00, 0x00, 0x00,
    0x00, 0x00, 0x00, 0x00, 0x00, 0x00, 0x00, 0x00, 0x00, 0x00, 0x00, 0x00, 0x00, 0x00, 0x00, 0x00,
    0x00, 0x00, 0x00, 0x00, 0x00, 0x00, 0x00, 0x00, 0x00, 0x00, 0x00, 0x00, 0x00, 0x00, 0x00, 0x00,
    0x00, 0x00, 0x00, 0x00, 0x00, 0x00, 0x00, 0x00, 0x00, 0x00, 0x00, 0x00, 0x00, 0x00, 0x00, 0x00,
    0x00, 0x00, 0x00, 0x00, 0x00, 0x00, 0x00, 0x00, 0x00, 0x00, 0x00, 0x00, 0x00, 0x00, 0x00, 0x00,
    0x00, 0x00, 0x00, 0x00, 0x00, 0x00, 0x00, 0x00, 0x00, 0x00, 0x00, 0x00, 0x00, 0x00, 0x00, 0x00,
    0x00, 0x00, 0x00, 0x00, 0x00, 0x00, 0x00, 0x00, 0x00, 0x00, 0x00, 0x00, 0x00, 0x00, 0x00, 0x00,
    0x00, 0x00, 0x00, 0x00, 0x00, 0x00, 0x00, 0x00, 0x00, 0x00, 0x00, 0x00, 0x00, 0x00, 0x00, 0x00,
    0x00, 0x00, 0x00, 0x00, 0x00, 0x00, 0x00, 0x00, 0x00, 0x00, 0x00, 0x00, 0x00, 0x00, 0x00, 0x00,
    0x00, 0x00, 0x00, 0x00, 0x00, 0x00, 0x00, 0x00, 0x00, 0x00, 0x00, 0x00, 0x00, 0x00, 0x00, 0x00,
    0x00, 0x00, 0x00, 0x00, 0x00, 0x00, 0x00, 0x00, 0x00, 0x00, 0x00, 0x00, 0x00, 0x00, 0x00, 0x00,
    0x00, 0x00, 0x00, 0x00, 0x00, 0x00, 0x00, 0x00, 0x00, 0x00, 0x00, 0x00, 0x00, 0x00, 0x00, 0x00,
    0x00, 0x00, 0x00, 0x00, 0x00, 0x00, 0x00, 0x00, 0x00, 0x00, 0x00, 0x00, 0x00, 0x00, 0x00, 0x00,
    0x00, 0x00, 0x00, 0x00, 0x00, 0x00, 0x00, 0x00, 0x00, 0x00, 0x00, 0x00, 0x00, 0x00, 0x00, 0x00,
    0x00, 0x00, 0x00, 0x00, 0x00, 0x00, 0x00, 0x00, 0x00, 0x00, 0x00, 0x00, 0x00, 0x00, 0x00, 0x00,
    0x00, 0x00, 0x00, 0x00, 0x00, 0x00, 0x00, 0x00, 0x00, 0x01, 0x00, 0x00, 0x00, 0x00, 0x00, 0x00,
    0x00, 0x00, 0x00, 0x00, 0x00, 0x00, 0x00, 0x00, 0x00, 0x00, 0x00, 0x00, 0x00, 0x00, 0x00, 0x00,
    0x00, 0x00, 0x00, 0x00, 0x00, 0x00, 0x00, 0x00, 0x00, 0x00, 0x00, 0x00, 0x00, 0x00, 0x00, 0x00,
    0x00, 0x00, 0x00, 0x00, 0x00, 0x00, 0x00, 0x00, 0x00, 0x00, 0x00, 0x00, 0x00, 0x00, 0x00, 0x00,
    0x00, 0x00, 0x00, 0x00, 0x00, 0x00, 0x00, 0x00, 0x00, 0x00, 0x00, 0x00, 0x00, 0x00, 0x00, 0x00,
    0x00, 0x00, 0x00, 0x00, 0x00, 0x00, 0x00, 0x00, 0x00, 0x00, 0x00, 0x00, 0x00, 0x00, 0x00, 0x00,
    0x00, 0x00, 0x00, 0x00, 0x00, 0x00, 0x00, 0x00, 0x00, 0x00, 0x00, 0x00, 0x00, 0x00, 0x00, 0x00,
    0x00, 0x00, 0x01, 0x03, 0x03, 0x01, 0x00, 0x00, 0x00, 0x03, 0x04, 0x03, 0x01, 0x00, 0x00, 0x00,
    0x00, 0x00, 0x00, 0x00, 0x00, 0x00, 0x00, 0x00, 0x00, 0x00, 0x00, 0x00, 0x00, 0x00, 0x00, 0x00,
    0x00, 0x00, 0x00, 0x00, 0x00, 0x00, 0x00, 0x00, 0x00, 0x00, 0x00, 0x00, 0x00, 0x00, 0x00, 0x00,
    0x00, 0x00, 0x00, 0x00, 0x00, 0x00, 0x00, 0x00, 0x00, 0x00, 0x00, 0x00, 0x00, 0x00, 0x00, 0x00,
    0x00, 0x00, 0x00, 0x00, 0x00, 0x00, 0x00, 0x00, 0x00, 0x00, 0x00, 0x00, 0x00, 0x00, 0x00, 0x00,
    0x00, 0x00, 0x00, 0x00, 0x00, 0x00, 0x00, 0x00, 0x00, 0x00, 0x00, 0x00, 0x00, 0x00, 0x00, 0x00,
    0x00, 0x00, 0x00, 0x00, 0x00, 0x00, 0x00, 0x00, 0x00, 0x00, 0x00, 0x00, 0x00, 0x01, 0x04, 0x02,
    0x00, 0x00, 0x00, 0x00, 0x00, 0x00, 0x00, 0x00, 0x00, 0x00, 0x00, 0x04, 0x02, 0x00, 0x00, 0x00,
    0x00, 0x00, 0x00, 0x00, 0x00, 0x00, 0x00, 0x00, 0x00, 0x00, 0x00, 0x00, 0x00, 0x00, 0x00, 0x00,
    0x00, 0x00, 0x00, 0x00, 0x00, 0x00, 0x00, 0x00, 0x00, 0x00, 0x00, 0x00, 0x00, 0x00, 0x00, 0x00,
    0x00, 0x00, 0x00, 0x00, 0x00, 0x00, 0x00, 0x00, 0x00, 0x00, 0x00, 0x00, 0x00, 0x00, 0x00, 0x00,
    0x00, 0x00, 0x00, 0x00, 0x00, 0x00, 0x00, 0x00, 0x00, 0x00, 0x00, 0x00, 0x00, 0x00, 0x00, 0x00,
    0x00, 0x00, 0x00, 0x00, 0x00, 0x00, 0x00, 0x00, 0x00, 0x00, 0x00, 0x00, 0x00, 0x00, 0x00, 0x00,
    0x00, 0x00, 0x00, 0x00, 0x00, 0x00, 0x00, 0x00, 0x00, 0x01, 0x03, 0x00, 0x00, 0x00, 0x1B, 0x50,
    0x98, 0xC0, 0xD4, 0xD5, 0xCE, 0xAD, 0x80, 0x4B, 0x0A, 0x00, 0x00, 0x03, 0x01, 0x00, 0x00, 0x00,
    0x00, 0x00, 0x00, 0x00, 0x00, 0x00, 0x00, 0x00, 0x00, 0x00, 0x00, 0x00, 0x00, 0x00, 0x00, 0x00,
    0x00, 0x00, 0x00, 0x00, 0x00, 0x00, 0x00, 0x00, 0x00, 0x00, 0x00, 0x00, 0x00, 0x00, 0x00, 0x00,
    0x00, 0x00, 0x00, 0x00, 0x00, 0x00, 0x00, 0x00, 0x00, 0x00, 0x00, 0x00, 0x00, 0x00, 0x00, 0x00,
    0x00, 0x00, 0x00, 0x00, 0x00, 0x00, 0x00, 0x00, 0x00, 0x00, 0x00, 0x00, 0x00, 0x00, 0x00, 0x00,
    0x00, 0x00, 0x00, 0x00, 0x00, 0x00, 0x00, 0x00, 0x00, 0x00, 0x00, 0x00, 0x00, 0x00, 0x00, 0x00,
    0x00, 0x00, 0x00, 0x00, 0x00, 0x00, 0x02, 0x00, 0x00, 0x11, 0x64, 0xB5, 0xF1, 0xFF, 0xFF, 0xFF,
    0xFF, 0xFF, 0xFF, 0xFF, 0xFF, 0xFF, 0xDB, 0x82, 0x2B, 0x00, 0x00, 0x02, 0x00, 0x00, 0x00, 0x00,
    0x00, 0x00, 0x00, 0x00, 0x00, 0x00, 0x00, 0x00, 0x00, 0x00, 0x00, 0x00, 0x00, 0x00, 0x00, 0x00,
    0x00, 0x00, 0x00, 0x00, 0x00, 0x00, 0x00, 0x00, 0x00, 0x00, 0x00, 0x00, 0x00, 0x00, 0x00, 0x00,
    0x00, 0x00, 0x00, 0x00, 0x00, 0x00, 0x00, 0x00, 0x00, 0x00, 0x00, 0x00, 0x00, 0x00, 0x00, 0x00,
    0x00, 0x00, 0x00, 0x00, 0x00, 0x00, 0x00, 0x00, 0x00, 0x00, 0x00, 0x00, 0x00, 0x00, 0x00, 0x00,
    0x00, 0x00, 0x00, 0x00, 0x00, 0x00, 0x00, 0x00, 0x00, 0x00, 0x00, 0x00, 0x00, 0x00, 0x00, 0x00,
    0x00, 0x00, 0x00, 0x03, 0x00, 0x03, 0x77, 0xE4, 0xFF, 0xFF, 0xFF, 0xFC, 0xFB, 0xFC, 0xFD, 0xFD,
    0xFD, 0xFC, 0xFB, 0xFD, 0xFF, 0xFF, 0xF8, 0x8E, 0x0F, 0x00, 0x02, 0x00, 0x00, 0x00, 0x00, 0x00,
    0x00, 0x00, 0x00, 0x00, 0x00, 0x00, 0x00, 0x00, 0x00, 0x00, 0x00, 0x00, 0x00, 0x00, 0x00, 0x00,
    0x00, 0x00, 0x00, 0x00, 0x00, 0x00, 0x00, 0x00, 0x00, 0x00, 0x00, 0x00, 0x00, 0x00, 0x00, 0x00,
    0x00, 0x00, 0x00, 0x00, 0x00, 0x00, 0x00, 0x00, 0x00, 0x00, 0x00, 0x00, 0x00, 0x00, 0x00, 0x00,
    0x00, 0x00, 0x00, 0x00, 0x00, 0x00, 0x00, 0x00, 0x00, 0x00, 0x00, 0x00, 0x00, 0x00, 0x00, 0x00,
    0x00, 0x00, 0x00, 0x00, 0x00, 0x00, 0x00, 0x00, 0x00, 0x00, 0x00, 0x00, 0x00, 0x00, 0x00, 0x00,
    0x04, 0x00, 0x35, 0xC5, 0xFF, 0xFF, 0xFC, 0xFC, 0xFE, 0xFF, 0xFF, 0xFF, 0xFF, 0xFF, 0xFF, 0xFF,
    0xFF, 0xFF, 0xFD, 0xFB, 0xFF, 0xFF, 0xD4, 0x29, 0x00, 0x02, 0x00, 0x00, 0x00, 0x00, 0x00, 0x00,
    0x00, 0x00, 0x00, 0x00, 0x00, 0x00, 0x00, 0x00, 0x00, 0x00, 0x00, 0x00, 0x00, 0x00, 0x00, 0x00,
    0x00, 0x00, 0x00, 0x00, 0x00, 0x00, 0x00, 0x00, 0x00, 0x00, 0x00, 0x00, 0x00, 0x00, 0x00, 0x00,
    0x00, 0x00, 0x00, 0x00, 0x00, 0x00, 0x00, 0x00, 0x00, 0x00, 0x00, 0x00, 0x00, 0x00, 0x00, 0x00,
    0x00, 0x00, 0x00, 0x00, 0x00, 0x00, 0x00, 0x00, 0x00, 0x00, 0x00, 0x00, 0x00, 0x00, 0x00, 0x00,
    0x00, 0x00, 0x00, 0x00, 0x00, 0x00, 0x00, 0x00, 0x00, 0x00, 0x00, 0x00, 0x00, 0x04, 0x00, 0x5B,
    0xF8, 0xFF, 0xFB, 0xFE, 0xFF, 0xFF, 0xFF, 0xFF, 0xFF, 0xFF, 0xFF, 0xFF, 0xFF, 0xFF, 0xFF, 0xFF,
    0xFF, 0xFF, 0xFE, 0xFA, 0xFF, 0xE1, 0x1A, 0x01, 0x02, 0x00, 0x00, 0x00, 0x00, 0x00, 0x00, 0x00,
    0x00, 0x00, 0x00, 0x00, 0x00, 0x00, 0x00, 0x00, 0x00, 0x00, 0x00, 0x00, 0x00, 0x00, 0x00, 0x00,
    0x00, 0x00, 0x00, 0x00, 0x00, 0x00, 0x00, 0x00, 0x00, 0x00, 0x00, 0x00, 0x00, 0x00, 0x00, 0x00,
    0x00, 0x00, 0x00, 0x00, 0x00, 0x00, 0x00, 0x00, 0x00, 0x00, 0x00, 0x00, 0x00, 0x00, 0x00, 0x00,
    0x00, 0x00, 0x00, 0x00, 0x00, 0x00, 0x00, 0x00, 0x00, 0x00, 0x00, 0x00, 0x00, 0x00, 0x00, 0x00,
    0x00, 0x00, 0x00, 0x00, 0x00, 0x00, 0x00, 0x00, 0x00, 0x00, 0x04, 0x00, 0x72, 0xFF, 0xFF, 0xFC,
    0xFF, 0xFF, 0xFF, 0xFF, 0xFF, 0xFF, 0xFF, 0xFF, 0xFF, 0xFF, 0xFF, 0xFF, 0xFF, 0xFF, 0xFF, 0xFF,
    0xFF, 0xFF, 0xFA, 0xFF, 0xB9, 0x02, 0x03, 0x00, 0x00, 0x00, 0x00, 0x00, 0x00, 0x00, 0x00, 0x00,
    0x00, 0x00, 0x00, 0x00, 0x00, 0x00, 0x00, 0x00, 0x00, 0x00, 0x00, 0x00, 0x00, 0x00, 0x00, 0x00,
    0x00, 0x00, 0x00, 0x00, 0x00, 0x00, 0x00, 0x00, 0x00, 0x00, 0x00, 0x00, 0x00, 0x00, 0x00, 0x00,
    0x00, 0x00, 0x00, 0x00, 0x00, 0x00, 0x00, 0x00, 0x00, 0x00, 0x00, 0x00, 0x00, 0x00, 0x00, 0x00,
    0x00, 0x00, 0x00, 0x00, 0x00, 0x00, 0x00, 0x00, 0x00, 0x00, 0x00, 0x00, 0x00, 0x00, 0x00, 0x00,
    0x00, 0x00, 0x00, 0x00, 0x00, 0x00, 0x00, 0x03, 0x00, 0x67, 0xFF, 0xFC, 0xFE, 0xFF, 0xFF, 0xFF,
    0xFF, 0xFF, 0xFF, 0xFF, 0xFF, 0xFF, 0xFF, 0xFF, 0xFF, 0xFF, 0xFF, 0xFF, 0xFF, 0xFF, 0xFF, 0xFF,
    0xFF, 0xFB, 0xFF, 0x6E, 0x00, 0x03, 0x00, 0x00, 0x00, 0x00, 0x00, 0x00, 0x00, 0x00, 0x00, 0x00,
    0x00, 0x00, 0x00, 0x00, 0x00, 0x00, 0x00, 0x00, 0x00, 0x00, 0x00, 0x00, 0x00, 0x00, 0x00, 0x00,
    0x00, 0x00, 0x00, 0x00, 0x00, 0x00, 0x00, 0x00, 0x00, 0x00, 0x00, 0x00, 0x00, 0x00, 0x00, 0x00,
    0x00, 0x00, 0x00, 0x00, 0x00, 0x00, 0x00, 0x00, 0x00, 0x00, 0x00, 0x00, 0x00, 0x00, 0x00, 0x00,
    0x00, 0x00, 0x00, 0x00, 0x00, 0x00, 0x00, 0x00, 0x00, 0x00, 0x00, 0x00, 0x00, 0x00, 0x00, 0x00,
    0x00, 0x00, 0x00, 0x00, 0x03, 0x00, 0x39, 0xFC, 0xFC, 0xFD, 0xFF, 0xFF, 0xFF, 0xFF, 0xFF, 0xFF,
    0xFF, 0xFF, 0xFF, 0xFF, 0xFF, 0xFF, 0xFF, 0xFF, 0xFF, 0xFF, 0xFF, 0xFF, 0xFF, 0xFF, 0xFF, 0xFD,
    0xFD, 0xEC, 0x17, 0x01, 0x01, 0x00, 0x00, 0x00, 0x00, 0x00, 0x00, 0x00, 0x00, 0x00, 0x00, 0x00,
    0x00, 0x00, 0x00, 0x00, 0x00, 0x00, 0x00, 0x00, 0x00, 0x00, 0x00, 0x00, 0x00, 0x00, 0x00, 0x00,
    0x00, 0x00, 0x00, 0x00, 0x00, 0x00, 0x00, 0x00, 0x00, 0x00, 0x00, 0x00, 0x00, 0x00, 0x00, 0x00,
    0x00, 0x00, 0x00, 0x00, 0x00, 0x00, 0x00, 0x00, 0x00, 0x00, 0x00, 0x00, 0x00, 0x00, 0x00, 0x00,
    0x00, 0x00, 0x00, 0x00, 0x00, 0x00, 0x00, 0x00, 0x00, 0x00, 0x00, 0x00, 0x00, 0x00, 0x00, 0x00,
    0x00, 0x01, 0x02, 0x0A, 0xDA, 0xFF, 0xFC, 0xFF, 0xFF, 0xFF, 0xFF, 0xFF, 0xFF, 0xFF, 0xFF, 0xFF,
    0xFF, 0xFF, 0xFF, 0xFF, 0xFF, 0xFF, 0xFF, 0xFF, 0xFF, 0xFF, 0xFF, 0xFF, 0xFF, 0xFF, 0xFB, 0xFF,
    0x7C, 0x00, 0x04, 0x00, 0x00, 0x00, 0x00, 0x00, 0x00, 0x00, 0x00, 0x00, 0x00, 0x00, 0x00, 0x00,
    0x00, 0x00, 0x00, 0x00, 0x00, 0x00, 0x00, 0x00, 0x00, 0x00, 0x00, 0x00, 0x00, 0x00, 0x00, 0x00,
    0x00, 0x00, 0x00, 0x00, 0x00, 0x00, 0x00, 0x00, 0x00, 0x00, 0x00, 0x00, 0x00, 0x00, 0x00, 0x00,
    0x00, 0x00, 0x00, 0x00, 0x00, 0x00, 0x00, 0x00, 0x00, 0x00, 0x00, 0x00, 0x00, 0x00, 0x00, 0x00,
    0x00, 0x00, 0x00, 0x00, 0x00, 0x00, 0x00, 0x00, 0x00, 0x00, 0x00, 0x00, 0x00, 0x00, 0x00, 0x03,
    0x00, 0x94, 0xFF, 0xFC, 0xFF, 0xFF, 0xFF, 0xFF, 0xFF, 0xFF, 0xFF, 0xFF, 0xFF, 0xFF, 0xFF, 0xFF,
    0xFF, 0xFF, 0xFF, 0xFF, 0xFF, 0xFF, 0xFF, 0xFF, 0xFF, 0xFF, 0xFF, 0xFF, 0xFD, 0xFE, 0xE1, 0x0F,
    0x01, 0x01, 0x00, 0x00, 0x00, 0x00, 0x00, 0x00, 0x00, 0x00, 0x00, 0x00, 0x00, 0x00, 0x00, 0x00,
    0x00, 0x00, 0x00, 0x00, 0x00, 0x00, 0x00, 0x00, 0x00, 0x00, 0x00, 0x00, 0x00, 0x00, 0x00, 0x00,
    0x00, 0x00, 0x00, 0x00, 0x00, 0x00, 0x00, 0x00, 0x00, 0x00, 0x00, 0x00, 0x00, 0x00, 0x00, 0x00,
    0x00, 0x00, 0x00, 0x00, 0x00, 0x00, 0x00, 0x00, 0x00, 0x00, 0x00, 0x00, 0x00, 0x00, 0x00, 0x00,
    0x00, 0x00, 0x00, 0x00, 0x00, 0x00, 0x00, 0x00, 0x00, 0x00, 0x00, 0x00, 0x03, 0x00, 0x38, 0xFF,
    0xFC, 0xFE, 0xFF, 0xFF, 0xFF, 0xFF, 0xFF, 0xFF, 0xFF, 0xFF, 0xFF, 0xFF, 0xFF, 0xFF, 0xFF, 0xFF,
    0xFF, 0xFF, 0xFF, 0xFF, 0xFF, 0xFF, 0xFF, 0xFF, 0xFF, 0xFF, 0xFF, 0xFC, 0xFF, 0x64, 0x00, 0x04,
    0x00, 0x00, 0x00, 0x00, 0x00, 0x00, 0x00, 0x00, 0x00, 0x00, 0x00, 0x00, 0x00, 0x00, 0x00, 0x00,
    0x00, 0x00, 0x00, 0x00, 0x00, 0x00, 0x00, 0x00, 0x00, 0x00, 0x00, 0x00, 0x00, 0x00, 0x00, 0x00,
    0x00, 0x00, 0x00, 0x00, 0x00, 0x00, 0x00, 0x00, 0x00, 0x00, 0x00, 0x00, 0x00, 0x00, 0x00, 0x00,
    0x00, 0x00, 0x00, 0x00, 0x00, 0x00, 0x00, 0x00, 0x00, 0x00, 0x00, 0x00, 0x00, 0x00, 0x00, 0x00,
    0x00, 0x00, 0x00, 0x00, 0x00, 0x00, 0x00, 0x00, 0x00, 0x00, 0x02, 0x00, 0xBD, 0xFF, 0xFC, 0xFF,
    0xFF, 0xFF, 0xFF, 0xFF, 0xFF, 0xFF, 0xFF, 0xFF, 0xFF, 0xFF, 0xFF, 0xFF, 0xFF, 0xFF, 0xFF, 0xFF,
    0xFF, 0xFF, 0xFF, 0xFF, 0xFF, 0xFF, 0xFF, 0xFF, 0xFF, 0xFC, 0xFE, 0xC6, 0x02, 0x01, 0x00, 0x00,
    0x00, 0x00, 0x00, 0x00, 0x00, 0x00, 0x00, 0x00, 0x00, 0x00, 0x00, 0x00, 0x00, 0x00, 0x00, 0x00,
    0x00, 0x00, 0x00, 0x00, 0x00, 0x00, 0x00, 0x00, 0x00, 0x00, 0x00, 0x00, 0x00, 0x00, 0x00, 0x00,
    0x00, 0x00, 0x00, 0x00, 0x00, 0x00, 0x00, 0x00, 0x00, 0x00, 0x00, 0x00, 0x00, 0x00, 0x00, 0x00,
    0x00, 0x00, 0x00, 0x00, 0x00, 0x00, 0x00, 0x00, 0x00, 0x00, 0x00, 0x00, 0x00, 0x00, 0x00, 0x00,
    0x00, 0x00, 0x00, 0x00, 0x00, 0x00, 0x00, 0x02, 0x00, 0x1C, 0xF5, 0xFE, 0xFE, 0xFF, 0xFF, 0xFF,
    0xFF, 0xFF, 0xFF, 0xFF, 0xFF, 0xFF, 0xFF, 0xFF, 0xFF, 0xFF, 0xFF, 0xFF, 0xFF, 0xFF, 0xFF, 0xFF,
    0xFF, 0xFF, 0xFF, 0xFF, 0xFF, 0xFF, 0xFF, 0xFF, 0xFE, 0xFE, 0x31, 0x00, 0x03, 0x00, 0x00, 0x00,
    0x00, 0x00, 0x00, 0x00, 0x00, 0x00, 0x00, 0x00, 0x00, 0x00, 0x00, 0x00, 0x00, 0x00, 0x00, 0x00,
    0x00, 0x00, 0x00, 0x00, 0x00, 0x00, 0x00, 0x00, 0x00, 0x00, 0x00, 0x00, 0x00, 0x00, 0x00, 0x00,
    0x00, 0x00, 0x00, 0x00, 0x00, 0x00, 0x00, 0x00, 0x00, 0x00, 0x00, 0x00, 0x00, 0x00, 0x00, 0x00,
    0x00, 0x00, 0x00, 0x00, 0x00, 0x00, 0x00, 0x00, 0x00, 0x00, 0x00, 0x00, 0x00, 0x00, 0x00, 0x00,
    0x00, 0x00, 0x00, 0x00, 0x00, 0x03, 0x00, 0x49, 0xFF, 0xFD, 0xFF, 0xFF, 0xFF, 0xFF, 0xFF, 0xFF,
    0xFF, 0xFF, 0xFF, 0xFF, 0xFF, 0xFF, 0xFF, 0xFF, 0xFF, 0xFF, 0xFF, 0xFF, 0xFF, 0xFF, 0xFF, 0xFF,
    0xFF, 0xFF, 0xFF, 0xFF, 0xFF, 0xFF, 0xFB, 0xFF, 0x8B, 0x00, 0x04, 0x00, 0x00, 0x00, 0x00, 0x00,
    0x00, 0x00, 0x00, 0x00, 0x00, 0x00, 0x00, 0x00, 0x00, 0x00, 0x00, 0x00, 0x00, 0x00, 0x00, 0x00,
    0x00, 0x00, 0x00, 0x00, 0x00, 0x00, 0x00, 0x00, 0x00, 0x00, 0x00, 0x00, 0x00, 0x00, 0x00, 0x00,
    0x00, 0x00, 0x00, 0x00, 0x00, 0x00, 0x00, 0x00, 0x00, 0x00, 0x00, 0x00, 0x00, 0x00, 0x00, 0x00,
    0x00, 0x00, 0x00, 0x00, 0x00, 0x00, 0x00, 0x00, 0x00, 0x00, 0x00, 0x00, 0x00, 0x00, 0x00, 0x00,
    0x00, 0x00, 0x00, 0x04, 0x00, 0x62, 0xFF, 0xFB, 0xFF, 0xFF, 0xFF, 0xFF, 0xFF, 0xFF, 0xFF, 0xFF,
    0xFF, 0xFF, 0xFF, 0xFF, 0xFF, 0xFF, 0xFF, 0xFF, 0xFF, 0xFF, 0xFF, 0xFF, 0xFF, 0xFF, 0xFF, 0xFF,
    0xFF, 0xFF, 0xFF, 0xFF, 0xFC, 0xFF, 0xD0, 0x00, 0x01, 0x00, 0x00, 0x00, 0x00, 0x00, 0x00, 0x00,
    0x00, 0x00, 0x00, 0x00, 0x00, 0x00, 0x00, 0x00, 0x00, 0x00, 0x00, 0x00, 0x00, 0x00, 0x00, 0x00,
    0x00, 0x00, 0x00, 0x00, 0x00, 0x00, 0x00, 0x00, 0x00, 0x00, 0x00, 0x00, 0x00, 0x00, 0x00, 0x00,
    0x00, 0x00, 0x00, 0x00, 0x00, 0x00, 0x00, 0x00, 0x00, 0x00, 0x00, 0x00, 0x00, 0x00, 0x00, 0x00,
    0x00, 0x00, 0x00, 0x00, 0x00, 0x00, 0x00, 0x00, 0x00, 0x00, 0x00, 0x00, 0x00, 0x00, 0x00, 0x00,
    0x00, 0x03, 0x00, 0x4A, 0xFF, 0xFD, 0xFF, 0xFF, 0xFF, 0xFF, 0xFF, 0xFF, 0xFF, 0xFF, 0xFF, 0xFF,
    0xFF, 0xFF, 0xFF, 0xFF, 0xFF, 0xFF, 0xFF, 0xFF, 0xFF, 0xFF, 0xFF, 0xFF, 0xFF, 0xFF, 0xFF, 0xFF,
    0xFF, 0xFF, 0xFE, 0xFF, 0xF7, 0x28, 0x00, 0x02, 0x00, 0x00, 0x00, 0x00, 0x00, 0x00, 0x00, 0x00,
    0x00, 0x00, 0x00, 0x00, 0x00, 0x00, 0x00, 0x00, 0x00, 0x00, 0x00, 0x00, 0x00, 0x00, 0x00, 0x00,
    0x00, 0x00, 0x00, 0x00, 0x00, 0x00, 0x00, 0x00, 0x00, 0x00, 0x00, 0x00, 0x00, 0x00, 0x00, 0x00,
    0x00, 0x00, 0x00, 0x00, 0x00, 0x00, 0x00, 0x00, 0x00, 0x00, 0x00, 0x00, 0x00, 0x00, 0x00, 0x00,
    0x00, 0x00, 0x00, 0x00, 0x00, 0x00, 0x00, 0x00, 0x00, 0x00, 0x00, 0x00, 0x00, 0x00, 0x00, 0x04,
    0x00, 0x61, 0xFF, 0xFC, 0xFF, 0xFF, 0xFF, 0xFF, 0xFF, 0xFF, 0xFF, 0xFF, 0xFF, 0xFF, 0xFF, 0xFF,
    0xFF, 0xFF, 0xFF, 0xFF, 0xFF, 0xFF, 0xFF, 0xFF, 0xFF, 0xFF, 0xFF, 0xFF, 0xFF, 0xFF, 0xFF, 0xFF,
    0xFF, 0xFB, 0xFF, 0x67, 0x00, 0x04, 0x00, 0x00, 0x00, 0x00, 0x00, 0x00, 0x00, 0x00, 0x00, 0x00,
    0x00, 0x00, 0x00, 0x00, 0x00, 0x00, 0x00, 0x00, 0x00, 0x00, 0x00, 0x00, 0x00, 0x00, 0x00, 0x00,
    0x00, 0x00, 0x00, 0x00, 0x00, 0x00, 0x00, 0x00, 0x00, 0x00, 0x00, 0x00, 0x00, 0x00, 0x00, 0x00,
    0x00, 0x00, 0x00, 0x00, 0x00, 0x00, 0x00, 0x00, 0x00, 0x00, 0x00, 0x00, 0x00, 0x00, 0x00, 0x00,
    0x00, 0x00, 0x00, 0x00, 0x00, 0x00, 0x00, 0x00, 0x00, 0x00, 0x00, 0x00, 0x00, 0x03, 0x00, 0xAD,
    0xFF, 0xFB, 0xFF, 0xFF, 0xFF, 0xFF, 0xFF, 0xFF, 0xFF, 0xFF, 0xFF, 0xFF, 0xFF, 0xFF, 0xFF, 0xFF,
    0xFF, 0xFF, 0xFF, 0xFF, 0xFF, 0xFF, 0xFF, 0xFF, 0xFF, 0xFF, 0xFF, 0xFF, 0xFF, 0xFF, 0xFF, 0xFB,
    0xFF, 0xA2, 0x00, 0x03, 0x00, 0x00, 0x00, 0x00, 0x00, 0x00, 0x00, 0x00, 0x00, 0x00, 0x00, 0x00,
    0x00, 0x00, 0x00, 0x00, 0x00, 0x00, 0x00, 0x00, 0x00, 0x00, 0x00, 0x00, 0x00, 0x00, 0x00, 0x00,
    0x00, 0x00, 0x00, 0x00, 0x00, 0x00, 0x00, 0x00, 0x00, 0x00, 0x00, 0x00, 0x00, 0x00, 0x00, 0x00,
    0x00, 0x00, 0x00, 0x00, 0x00, 0x00, 0x00, 0x00, 0x00, 0x00, 0x00, 0x00, 0x00, 0x00, 0x00, 0x00,
    0x00, 0x00, 0x00, 0x00, 0x00, 0x00, 0x00, 0x00, 0x00, 0x00, 0x01, 0x00, 0x02, 0xD7, 0xFF, 0xFD,
    0xFF, 0xFF, 0xFF, 0xFF, 0xFF, 0xFF, 0xFF, 0xFF, 0xFF, 0xFF, 0xFF, 0xFF, 0xFF, 0xFF, 0xFF, 0xFF,
    0xFF, 0xFF, 0xFF, 0xFF, 0xFF, 0xFF, 0xFF, 0xFF, 0xFF, 0xFF, 0xFF, 0xFF, 0xFF, 0xFD, 0xFF, 0xE4,
    0x0A, 0x00, 0x01, 0x00, 0x00, 0x00, 0x00, 0x00, 0x00, 0x00, 0x00, 0x00, 0x00, 0x00, 0x00, 0x00,
    0x00, 0x00, 0x00, 0x00, 0x00, 0x00, 0x00, 0x00, 0x00, 0x00, 0x00, 0x00, 0x00, 0x00, 0x00, 0x00,
    0x00, 0x00, 0x00, 0x00, 0x00, 0x00, 0x00, 0x00, 0x00, 0x00, 0x00, 0x00, 0x00, 0x00, 0x00, 0x00,
    0x00, 0x00, 0x00, 0x00, 0x00, 0x00, 0x00, 0x00, 0x00, 0x00, 0x00, 0x00, 0x00, 0x00, 0x00, 0x00,
    0x00, 0x00, 0x00, 0x00, 0x00, 0x00, 0x00, 0x00, 0x01, 0x00, 0x12, 0xEB, 0xFF, 0xFE, 0xFF, 0xFF,
    0xFF, 0xFF, 0xFF, 0xFF, 0xFF, 0xFF, 0xFF, 0xFF, 0xFF, 0xFF, 0xFF, 0xFF, 0xFF, 0xFF, 0xFF, 0xFF,
    0xFF, 0xFF, 0xFF, 0xFF, 0xFF, 0xFF, 0xFF, 0xFF, 0xFF, 0xFF, 0xFF, 0xFE, 0xFF, 0xF8, 0x24, 0x00,
    0x02, 0x00, 0x00, 0x00, 0x00, 0x00, 0x00, 0x00, 0x00, 0x00, 0x00, 0x00, 0x00, 0x00, 0x00, 0x00,
    0x00, 0x00, 0x00, 0x00, 0x00, 0x00, 0x00, 0x00, 0x00, 0x00, 0x00, 0x00, 0x00, 0x00, 0x00, 0x00,
    0x00, 0x00, 0x00, 0x00, 0x00, 0x00, 0x00, 0x00, 0x00, 0x00, 0x00, 0x00, 0x00, 0x00, 0x00, 0x00,
    0x00, 0x00, 0x00, 0x00, 0x00, 0x00, 0x00, 0x00, 0x00, 0x00, 0x00, 0x00, 0x00, 0x00, 0x00, 0x00,
    0x00, 0x00, 0x00, 0x00, 0x00, 0x00, 0x02, 0x00, 0x22, 0xF9, 0xFF, 0xFE, 0xFF, 0xFF, 0xFF, 0xFF,
    0xFF, 0xFF, 0xFF, 0xFF, 0xFF, 0xFF, 0xFF, 0xFF, 0xFF, 0xFF, 0xFF, 0xFF, 0xFF, 0xFF, 0xFF, 0xFF,
    0xFF, 0xFF, 0xFF, 0xFF, 0xFF, 0xFF, 0xFF, 0xFF, 0xFF, 0xFF, 0xFD, 0xFF, 0x4E, 0x00, 0x03, 0x00,
    0x00, 0x00, 0x00, 0x00, 0x00, 0x00, 0x00, 0x00, 0x00, 0x00, 0x00, 0x00, 0x00, 0x00, 0x00, 0x00,
    0x00, 0x00, 0x00, 0x00, 0x00, 0x00, 0x00, 0x00, 0x00, 0x00, 0x00, 0x00, 0x00, 0x00, 0x00, 0x00,
    0x00, 0x00, 0x00, 0x00, 0x00, 0x00, 0x00, 0x00, 0x00, 0x00, 0x00, 0x00, 0x00, 0x00, 0x00, 0x00,
    0x00, 0x00, 0x00, 0x00, 0x00, 0x00, 0x00, 0x00, 0x00, 0x00, 0x00, 0x00, 0x00, 0x00, 0x00, 0x00,
    0x00, 0x00, 0x00, 0x00, 0x02, 0x00, 0x2B, 0xFE, 0xFF, 0xFE, 0xFF, 0xFF, 0xFF, 0xFF, 0xFF, 0xFF,
    0xFF, 0xFF, 0xFF, 0xFF, 0xFF, 0xFF, 0xFF, 0xFF, 0xFF, 0xFF, 0xFF, 0xFF, 0xFF, 0xFF, 0xFF, 0xFF,
    0xFF, 0xFF, 0xFF, 0xFF, 0xFF, 0xFF, 0xFF, 0xFF, 0xFB, 0xFF, 0x8E, 0x00, 0x04, 0x00, 0x00, 0x00,
    0x00, 0x00, 0x00, 0x00, 0x00, 0x00, 0x00, 0x00, 0x00, 0x00, 0x00, 0x00, 0x00, 0x00, 0x00, 0x00,
    0x00, 0x00, 0x00, 0x00, 0x00, 0x00, 0x00, 0x00, 0x00, 0x00, 0x00, 0x00, 0x00, 0x00, 0x00, 0x00,
    0x00, 0x00, 0x00, 0x00, 0x00, 0x00, 0x00, 0x00, 0x00, 0x00, 0x00, 0x00, 0x00, 0x00, 0x00, 0x00,
    0x00, 0x00, 0x00, 0x00, 0x00, 0x00, 0x00, 0x00, 0x00, 0x00, 0x00, 0x00, 0x00, 0x00, 0x00, 0x00,
    0x00, 0x00, 0x02, 0x00, 0x1E, 0xF5, 0xFF, 0xFE, 0xFF, 0xFF, 0xFF, 0xFF, 0xFF, 0xFF, 0xFF, 0xFF,
    0xFF, 0xFF, 0xFF, 0xFF, 0xFF, 0xFF, 0xFF, 0xFF, 0xFF, 0xFF, 0xFF, 0xFF, 0xFF, 0xFF, 0xFF, 0xFF,
    0xFF, 0xFF, 0xFF, 0xFF, 0xFF, 0xFF, 0xFC, 0xFF, 0xCA, 0x00, 0x01, 0x00, 0x00, 0x00, 0x00, 0x00,
    0x00, 0x00, 0x00, 0x00, 0x00, 0x00, 0x00, 0x00, 0x00, 0x00, 0x00, 0x00, 0x00, 0x00, 0x00, 0x00,
    0x00, 0x00, 0x00, 0x00, 0x00, 0x00, 0x00, 0x00, 0x00, 0x00, 0x00, 0x00, 0x00, 0x00, 0x00, 0x00,
    0x00, 0x00, 0x00, 0x00, 0x00, 0x00, 0x00, 0x00, 0x00, 0x00, 0x00, 0x00, 0x00, 0x00, 0x00, 0x00,
    0x00, 0x00, 0x00, 0x00, 0x00, 0x00, 0x00, 0x00, 0x00, 0x00, 0x00, 0x00, 0x00, 0x00, 0x00, 0x00,
    0x01, 0x00, 0x10, 0xE8, 0xFF, 0xFE, 0xFF, 0xFF, 0xFF, 0xFF, 0xFF, 0xFF, 0xFF, 0xFF, 0xFF, 0xFF,
    0xFF, 0xFF, 0xFF, 0xFF, 0xFF, 0xFF, 0xFF, 0xFF, 0xFF, 0xFF, 0xFF, 0xFF, 0xFF, 0xFF, 0xFF, 0xFF,
    0xFF, 0xFF, 0xFF, 0xFF, 0xFE, 0xFF, 0xEB, 0x10, 0x00, 0x01, 0x00, 0x00, 0x00, 0x00, 0x00, 0x00,
    0x00, 0x00, 0x00, 0x00, 0x00, 0x00, 0x00, 0x00, 0x00, 0x00, 0x00, 0x00, 0x00, 0x00, 0x00, 0x00,
    0x00, 0x00, 0x00, 0x00, 0x00, 0x00, 0x00, 0x00, 0x00, 0x00, 0x00, 0x00, 0x00, 0x00, 0x00, 0x00,
    0x00, 0x00, 0x00, 0x00, 0x00, 0x00, 0x00, 0x00, 0x00, 0x00, 0x00, 0x00, 0x00, 0x00, 0x00, 0x00,
    0x00, 0x00, 0x00, 0x00, 0x00, 0x00, 0x00, 0x00, 0x00, 0x00, 0x00, 0x00, 0x00, 0x00, 0x02, 0x00,
    0x1D, 0xF7, 0xFF, 0xFE, 0xFF, 0xFF, 0xFF, 0xFF, 0xFF, 0xFF, 0xFF, 0xFF, 0xFF, 0xFF, 0xFF, 0xFF,
    0xFF, 0xFF, 0xFF, 0xFF, 0xFF, 0xFF, 0xFF, 0xFF, 0xFF, 0xFF, 0xFF, 0xFF, 0xFF, 0xFF, 0xFF, 0xFF,
    0xFF, 0xFF, 0xFE, 0xFF, 0xFD, 0x2D, 0x00, 0x02, 0x00, 0x00, 0x00, 0x00, 0x00, 0x00, 0x00, 0x00,
    0x00, 0x00, 0x00, 0x00, 0x00, 0x00, 0x00, 0x00, 0x00, 0x00, 0x00, 0x00, 0x00, 0x00, 0x00, 0x00,
    0x00, 0x00, 0x00, 0x00, 0x00, 0x00, 0x00, 0x00, 0x00, 0x00, 0x00, 0x00, 0x00, 0x00, 0x00, 0x00,
    0x00, 0x00, 0x00, 0x00, 0x00, 0x00, 0x00, 0x00, 0x00, 0x00, 0x00, 0x00, 0x00, 0x00, 0x00, 0x00,
    0x00, 0x00, 0x00, 0x00, 0x00, 0x00, 0x00, 0x00, 0x00, 0x00, 0x00, 0x00, 0x03, 0x00, 0x3B, 0xFE,
    0xFE, 0xFF, 0xFF, 0xFF, 0xFF, 0xFF, 0xFF, 0xFF, 0xFF, 0xFF, 0xFF, 0xFF, 0xFF, 0xFF, 0xFF, 0xFF,
    0xFF, 0xFF, 0xFF, 0xFF, 0xFF, 0xFF, 0xFF, 0xFF, 0xFF, 0xFF, 0xFF, 0xFF, 0xFF, 0xFF, 0xFF, 0xFF,
    0xFF, 0xFD, 0xFF, 0x4D, 0x00, 0x03, 0x00, 0x00, 0x00, 0x00, 0x00, 0x00, 0x00, 0x00, 0x00, 0x00,
    0x00, 0x00, 0x00, 0x00, 0x00, 0x00, 0x00, 0x00, 0x00, 0x00, 0x00, 0x00, 0x00, 0x00, 0x00, 0x00,
    0x00, 0x00, 0x00, 0x00, 0x00, 0x00, 0x00, 0x00, 0x00, 0x00, 0x00, 0x00, 0x00, 0x00, 0x00, 0x00,
    0x00, 0x00, 0x00, 0x00, 0x00, 0x00, 0x00, 0x00, 0x00, 0x00, 0x00, 0x00, 0x00, 0x00, 0x00, 0x00,
    0x00, 0x00, 0x00, 0x00, 0x00, 0x00, 0x00, 0x00, 0x00, 0x00, 0x04, 0x00, 0x7A, 0xFF, 0xFB, 0xFF,
    0xFF, 0xFF, 0xFF, 0xFF, 0xFF, 0xFF, 0xFF, 0xFF, 0xFF, 0xFF, 0xFF, 0xFF, 0xFF, 0xFF, 0xFF, 0xFF,
    0xFF, 0xFF, 0xFF, 0xFF, 0xFF, 0xFF, 0xFF, 0xFF, 0xFF, 0xFF, 0xFF, 0xFF, 0xFF, 0xFF, 0xFF, 0xFC,
    0xFF, 0x61, 0x00, 0x04, 0x00, 0x00, 0x00, 0x00, 0x00, 0x00, 0x00, 0x00, 0x00, 0x00, 0x00, 0x00,
    0x00, 0x00, 0x00, 0x00, 0x00, 0x00, 0x00, 0x00, 0x00, 0x00, 0x00, 0x00, 0x00, 0x00, 0x00, 0x00,
    0x00, 0x00, 0x00, 0x00, 0x00, 0x00, 0x00, 0x00, 0x00, 0x00, 0x00, 0x00, 0x00, 0x00, 0x00, 0x00,
    0x00, 0x00, 0x00, 0x00, 0x00, 0x00, 0x00, 0x00, 0x00, 0x00, 0x00, 0x00, 0x00, 0x00, 0x00, 0x00,
    0x00, 0x00, 0x00, 0x00, 0x00, 0x00, 0x00, 0x00, 0x02, 0x00, 0xBE, 0xFF, 0xFC, 0xFF, 0xFF, 0xFF,
    0xFF, 0xFF, 0xFF, 0xFF, 0xFF, 0xFF, 0xFF, 0xFF, 0xFF, 0xFF, 0xFF, 0xFF, 0xFF, 0xFF, 0xFF, 0xFF,
    0xFF, 0xFF, 0xFF, 0xFF, 0xFF, 0xFF, 0xFF, 0xFF, 0xFF, 0xFF, 0xFF, 0xFF, 0xFF, 0xFB, 0xFF, 0x74,
    0x00, 0x04, 0x00, 0x00, 0x00, 0x00, 0x00, 0x00, 0x00, 0x00, 0x00, 0x00, 0x00, 0x00, 0x00, 0x00,
    0x00, 0x00, 0x00, 0x00, 0x00, 0x00, 0x00, 0x00, 0x00, 0x00, 0x00, 0x00, 0x00, 0x00, 0x00, 0x00,
    0x00, 0x00, 0x00, 0x01, 0x00, 0x00, 0x00, 0x00, 0x00, 0x00, 0x00, 0x00, 0x00, 0x00, 0x00, 0x00,
    0x00, 0x00, 0x00, 0x00, 0x00, 0x00, 0x00, 0x00, 0x00, 0x00, 0x00, 0x00, 0x00, 0x00, 0x00, 0x00,
    0x00, 0x00, 0x00, 0x00, 0x00, 0x02, 0x00, 0x1A, 0xF3, 0xFF, 0xFE, 0xFF, 0xFF, 0xFF, 0xFF, 0xFF,
    0xFF, 0xFF, 0xFF, 0xFF, 0xFF, 0xFF, 0xFF, 0xFF, 0xFF, 0xFF, 0xFF, 0xFF, 0xFF, 0xFF, 0xFF, 0xFF,
    0xFF, 0xFF, 0xFF, 0xFF, 0xFF, 0xFF, 0xFF, 0xFF, 0xFF, 0xFF, 0xFF, 0xFB, 0xFF, 0x69, 0x00, 0x04,
    0x00, 0x00, 0x00, 0x00, 0x00, 0x00, 0x00, 0x00, 0x00, 0x00, 0x00, 0x00, 0x00, 0x00, 0x00, 0x00,
    0x00, 0x00, 0x00, 0x00, 0x00, 0x00, 0x00, 0x00, 0x00, 0x00, 0x00, 0x00, 0x00, 0x00, 0x00, 0x00,
    0x00, 0x00, 0x02, 0x00, 0x00, 0x00, 0x00, 0x00, 0x00, 0x00, 0x00, 0x00, 0x00, 0x00, 0x00, 0x00,
    0x00, 0x00, 0x00, 0x00, 0x00, 0x00, 0x00, 0x00, 0x00, 0x00, 0x00, 0x00, 0x00, 0x00, 0x00, 0x00,
    0x00, 0x00, 0x00, 0x03, 0x00, 0x4B, 0xFF, 0xFD, 0xFF, 0xFF, 0xFF, 0xFF, 0xFF, 0xFF, 0xFF, 0xFF,
    0xFF, 0xFF, 0xFF, 0xFF, 0xFF, 0xFF, 0xFF, 0xFF, 0xFF, 0xFF, 0xFF, 0xFF, 0xFF, 0xFF, 0xFF, 0xFF,
    0xFF, 0xFF, 0xFF, 0xFF, 0xFF, 0xFF, 0xFF, 0xFF, 0xFF, 0xFD, 0xFF, 0x41, 0x00, 0x03, 0x00, 0x00,
    0x00, 0x00, 0x00, 0x00, 0x00, 0x00, 0x00, 0x00, 0x00, 0x00, 0x00, 0x00, 0x00, 0x00, 0x00, 0x00,
    0x00, 0x00, 0x00, 0x00, 0x00, 0x00, 0x00, 0x00, 0x00, 0x00, 0x00, 0x00, 0x03, 0x00, 0x61, 0x41,
    0x00, 0x04, 0x00, 0x00, 0x00, 0x00, 0x00, 0x00, 0x00, 0x00, 0x00, 0x00, 0x00, 0x00, 0x00, 0x00,
    0x00, 0x00, 0x00, 0x00, 0x00, 0x00, 0x00, 0x00, 0x00, 0x00, 0x00, 0x00, 0x00, 0x00, 0x00, 0x00,
    0x00, 0x04, 0x00, 0x83, 0xFF, 0xFB, 0xFF, 0xFF, 0xFF, 0xFF, 0xFF, 0xFF, 0xFF, 0xFF, 0xFF, 0xFF,
    0xFF, 0xFF, 0xFF, 0xFF, 0xFF, 0xFF, 0xFF, 0xFF, 0xFF, 0xFF, 0xFF, 0xFF, 0xFF, 0xFF, 0xFF, 0xFF,
    0xFF, 0xFF, 0xFF, 0xFF, 0xFF, 0xFF, 0xFF, 0xFF, 0xFF, 0x2D, 0x00, 0x02, 0x00, 0x00, 0x00, 0x00,
    0x00, 0x00, 0x00, 0x00, 0x00, 0x00, 0x00, 0x00, 0x00, 0x00, 0x00, 0x00, 0x00, 0x00, 0x00, 0x00,
    0x00, 0x00, 0x00, 0x00, 0x00, 0x00, 0x00, 0x00, 0x00, 0x00, 0x03, 0x00, 0xB7, 0xBC, 0x1F, 0x01,
    0x00, 0x00, 0x00, 0x00, 0x00, 0x00, 0x00, 0x00, 0x00, 0x00, 0x00, 0x00, 0x00, 0x00, 0x00, 0x00,
    0x00, 0x00, 0x00, 0x00, 0x00, 0x00, 0x00, 0x00, 0x00, 0x00, 0x00, 0x00, 0x00, 0x00, 0x00, 0x03,
    0x00, 0x9D, 0xFE, 0xFB, 0xFF, 0xFF, 0xFF, 0xFF, 0xFF, 0xFF, 0xFF, 0xFF, 0xFF, 0xFF, 0xFF, 0xFF,
    0xFF, 0xFF, 0xFF, 0xFF, 0xFF, 0xFF, 0xFF, 0xFF, 0xFF, 0xFF, 0xFF, 0xFF, 0xFF, 0xFF, 0xFF, 0xFF,
    0xFF, 0xFF, 0xFF, 0xFF, 0xFD, 0xFF, 0xE1, 0x0C, 0x00, 0x01, 0x00, 0x00, 0x00, 0x00, 0x00, 0x00,
    0x00, 0x00, 0x00, 0x00, 0x00, 0x00, 0x00, 0x00, 0x00, 0x00, 0x00, 0x00, 0x00, 0x00, 0x00, 0x00,
    0x00, 0x00, 0x00, 0x00, 0x00, 0x00, 0x00, 0x00, 0x00, 0x01, 0xCC, 0xFF, 0xCB, 0x09, 0x04, 0x00,
    0x00, 0x00, 0x00, 0x00, 0x00, 0x00, 0x00, 0x00, 0x00, 0x00, 0x00, 0x00, 0x00, 0x00, 0x00, 0x00,
    0x00, 0x00, 0x00, 0x00, 0x00, 0x00, 0x00, 0x00, 0x00, 0x00, 0x00, 0x00, 0x00, 0x04, 0x00, 0x67,
    0xFF, 0xFC, 0xFF, 0xFF, 0xFF, 0xFF, 0xFF, 0xFF, 0xFF, 0xFF, 0xFF, 0xFF, 0xFF, 0xFF, 0xFF, 0xFF,
    0xFF, 0xFF, 0xFF, 0xFF, 0xFF, 0xFF, 0xFF, 0xFF, 0xFF, 0xFF, 0xFF, 0xFF, 0xFF, 0xFF, 0xFF, 0xFF,
    0xFF, 0xFF, 0xFB, 0xFF, 0x95, 0x00, 0x03, 0x00, 0x00, 0x00, 0x00, 0x00, 0x00, 0x00, 0x00, 0x00,
    0x00, 0x00, 0x00, 0x00, 0x00, 0x00, 0x00, 0x00, 0x00, 0x00, 0x00, 0x00, 0x00, 0x00, 0x00, 0x00,
    0x00, 0x00, 0x00, 0x00, 0x00, 0x02, 0x00, 0x1B, 0xF4, 0xFE, 0xF7, 0xB1, 0x1B, 0x00, 0x01, 0x00,
    0x00, 0x00, 0x00, 0x00, 0x00, 0x00, 0x00, 0x00, 0x00, 0x00, 0x00, 0x00, 0x00, 0x00, 0x00, 0x00,
    0x00, 0x00, 0x00, 0x00, 0x00, 0x00, 0x00, 0x00, 0x00, 0x00, 0x00, 0x01, 0x01, 0x11, 0xE5, 0xFD,
    0xFD, 0xFF, 0xFF, 0xFF, 0xFF, 0xFF, 0xFF, 0xFF, 0xFF, 0xFF, 0xFF, 0xFF, 0xFF, 0xFF, 0xFF, 0xFF,
    0xFF, 0xFF, 0xFF, 0xFF, 0xFF, 0xFF, 0xFF, 0xFF, 0xFF, 0xFF, 0xFF, 0xFF, 0xFF, 0xFF, 0xFF, 0xFF,
    0xFE, 0xFB, 0x32, 0x00, 0x03, 0x00, 0x00, 0x00, 0x00, 0x00, 0x00, 0x00, 0x00, 0x00, 0x00, 0x00,
    0x00, 0x00, 0x00, 0x00, 0x00, 0x00, 0x00, 0x00, 0x00, 0x00, 0x00, 0x00, 0x00, 0x00, 0x00, 0x00,
    0x00, 0x00, 0x00, 0x01, 0x00, 0x3C, 0xFF, 0xFD, 0xFF, 0xFF, 0x24, 0x00, 0x02, 0x00, 0x00, 0x00,
    0x00, 0x00, 0x00, 0x00, 0x00, 0x00, 0x00, 0x00, 0x00, 0x00, 0x00, 0x00, 0x00, 0x00, 0x00, 0x00,
    0x00, 0x00, 0x00, 0x00, 0x00, 0x00, 0x00, 0x00, 0x00, 0x00, 0x03, 0x00, 0x57, 0xFF, 0xFA, 0xFE,
    0xFF, 0xFF, 0xFF, 0xFF, 0xFF, 0xFF, 0xFF, 0xFF, 0xFF, 0xFF, 0xFF, 0xFF, 0xFF, 0xFF, 0xFF, 0xFF,
    0xFF, 0xFF, 0xFF, 0xFF, 0xFF, 0xFF, 0xFF, 0xFF, 0xFF, 0xFF, 0xFF, 0xFF, 0xFF, 0xFC, 0xFF, 0xC2,
    0x00, 0x02, 0x00, 0x00, 0x00, 0x00, 0x00, 0x00, 0x00, 0x00, 0x00, 0x00, 0x00, 0x00, 0x00, 0x00,
    0x00, 0x00, 0x00, 0x00, 0x00, 0x00, 0x00, 0x00, 0x00, 0x00, 0x00, 0x00, 0x00, 0x00, 0x00, 0x00,
    0x02, 0x0B, 0x01, 0x68, 0xFF, 0xFB, 0xFF, 0xFA, 0x27, 0x00, 0x02, 0x00, 0x00, 0x00, 0x00, 0x00,
    0x00, 0x00, 0x00, 0x00, 0x00, 0x00, 0x00, 0x00, 0x00, 0x00, 0x00, 0x00, 0x00, 0x00, 0x00, 0x00,
    0x00, 0x00, 0x00, 0x00, 0x00, 0x00, 0x00, 0x00, 0x00, 0x03, 0x00, 0x8D, 0xFF, 0xFC, 0xFE, 0xFF,
    0xFF, 0xFF, 0xFF, 0xFF, 0xFF, 0xFF, 0xFF, 0xFF, 0xFF, 0xFF, 0xFF, 0xFF, 0xFF, 0xFF, 0xFF, 0xFF,
    0xFF, 0xFF, 0xFF, 0xFF, 0xFF, 0xFF, 0xFF, 0xFF, 0xFF, 0xFF, 0xFF, 0xFD, 0xFF, 0x4D, 0x00, 0x03,
    0x00, 0x00, 0x00, 0x00, 0x00, 0x00, 0x00, 0x00, 0x00, 0x00, 0x00, 0x00, 0x00, 0x00, 0x00, 0x00,
    0x00, 0x00, 0x00, 0x00, 0x00, 0x00, 0x00, 0x00, 0x00, 0x00, 0x00, 0x00, 0x03, 0x00, 0x43, 0x66,
    0x00, 0x98, 0xFF, 0xFB, 0xFE, 0xFF, 0x34, 0x00, 0x03, 0x00, 0x00, 0x00, 0x00, 0x00, 0x00, 0x00,
    0x00, 0x00, 0x00, 0x00, 0x00, 0x00, 0x00, 0x00, 0x00, 0x00, 0x00, 0x00, 0x00, 0x00, 0x00, 0x00,
    0x00, 0x00, 0x00, 0x00, 0x00, 0x00, 0x00, 0x01, 0x03, 0x00, 0x7D, 0xFF, 0xFF, 0xFC, 0xFF, 0xFF,
    0xFF, 0xFF, 0xFF, 0xFF, 0xFF, 0xFF, 0xFF, 0xFF, 0xFF, 0xFF, 0xFF, 0xFF, 0xFF, 0xFF, 0xFF, 0xFF,
    0xFF, 0xFF, 0xFF, 0xFF, 0xFF, 0xFF, 0xFF, 0xFF, 0xFD, 0xFF, 0xCD, 0x00, 0x01, 0x00, 0x00, 0x00,
    0x00, 0x00, 0x00, 0x00, 0x00, 0x00, 0x00, 0x00, 0x00, 0x00, 0x00, 0x00, 0x00, 0x00, 0x00, 0x00,
    0x00, 0x00, 0x00, 0x00, 0x00, 0x00, 0x00, 0x00, 0x00, 0x00, 0x04, 0x01, 0x85, 0xE0, 0x1F, 0xAE,
    0xFF, 0xFC, 0xFD, 0xFF, 0x4A, 0x00, 0x03, 0x00, 0x00, 0x00, 0x00, 0x00, 0x00, 0x00, 0x00, 0x00,
    0x00, 0x00, 0x00, 0x00, 0x00, 0x00, 0x00, 0x00, 0x00, 0x00, 0x00, 0x00, 0x00, 0x00, 0x00, 0x00,
    0x00, 0x00, 0x00, 0x00, 0x00, 0x00, 0x01, 0x03, 0x00, 0x59, 0xF2, 0xFF, 0xFC, 0xFD, 0xFF, 0xFF,
    0xFF, 0xFF, 0xFF, 0xFF, 0xFF, 0xFF, 0xFF, 0xFF, 0xFF, 0xFF, 0xFF, 0xFF, 0xFF, 0xFF, 0xFF, 0xFF,
    0xFF, 0xFF, 0xFF, 0xFF, 0xFF, 0xFF, 0xFB, 0xFF, 0x84, 0x00, 0x04, 0x00, 0x00, 0x00, 0x00, 0x00,
    0x00, 0x00, 0x00, 0x00, 0x00, 0x00, 0x00, 0x00, 0x00, 0x00, 0x00, 0x00, 0x00, 0x00, 0x00, 0x00,
    0x00, 0x00, 0x00, 0x00, 0x00, 0x00, 0x00, 0x00, 0x00, 0x00, 0xCA, 0xFF, 0x64, 0xC1, 0xFF, 0xFD,
    0xFC, 0xFF, 0x58, 0x00, 0x04, 0x00, 0x00, 0x00, 0x00, 0x00, 0x00, 0x00, 0x00, 0x00, 0x00, 0x00,
    0x00, 0x00, 0x00, 0x00, 0x00, 0x00, 0x00, 0x00, 0x00, 0x00, 0x00, 0x00, 0x00, 0x00, 0x00, 0x00,
    0x00, 0x00, 0x00, 0x00, 0x00, 0x00, 0x04, 0x00, 0x2F, 0xC7, 0xFF, 0xFF, 0xFC, 0xFD, 0xFF, 0xFF,
    0xFF, 0xFF, 0xFF, 0xFF, 0xFF, 0xFF, 0xFF, 0xFF, 0xFF, 0xFF, 0xFF, 0xFF, 0xFF, 0xFF, 0xFF, 0xFF,
    0xFF, 0xFF, 0xFF, 0xFE, 0xFE, 0xF3, 0x29, 0x00, 0x02, 0x00, 0x00, 0x00, 0x00, 0x00, 0x00, 0x00,
    0x00, 0x00, 0x00, 0x00, 0x00, 0x00, 0x00, 0x00, 0x00, 0x00, 0x00, 0x00, 0x00, 0x00, 0x00, 0x00,
    0x00, 0x00, 0x00, 0x00, 0x03, 0x00, 0x4B, 0x47, 0xE5, 0xFD, 0xB0, 0xE1, 0xFF, 0xFE, 0xFB, 0xFF,
    0x6F, 0x00, 0x04, 0x00, 0x00, 0x00, 0x00, 0x00, 0x00, 0x00, 0x00, 0x00, 0x00, 0x00, 0x00, 0x00,
    0x00, 0x00, 0x00, 0x00, 0x00, 0x00, 0x00, 0x00, 0x00, 0x00, 0x00, 0x00, 0x00, 0x00, 0x00, 0x00,
    0x00, 0x00, 0x00, 0x00, 0x00, 0x03, 0x00, 0x03, 0x5F, 0xD4, 0xFF, 0xFF, 0xFC, 0xFC, 0xFE, 0xFF,
    0xFF, 0xFF, 0xFF, 0xFF, 0xFF, 0xFF, 0xFF, 0xFF, 0xFF, 0xFF, 0xFF, 0xFF, 0xFF, 0xFF, 0xFF, 0xFF,
    0xFF, 0xFC, 0xFF, 0xB0, 0x00, 0x02, 0x00, 0x00, 0x00, 0x00, 0x00, 0x00, 0x00, 0x00, 0x00, 0x00,
    0x00, 0x00, 0x00, 0x00, 0x00, 0x00, 0x00, 0x00, 0x00, 0x00, 0x00, 0x00, 0x00, 0x00, 0x00, 0x00,
    0x00, 0x00, 0x04, 0x00, 0x6D, 0xEE, 0xF7, 0xFF, 0xFF, 0xFF, 0xFF, 0xFF, 0xFB, 0xFF, 0x99, 0x02,
    0x04, 0x00, 0x00, 0x00, 0x00, 0x00, 0x00, 0x00, 0x00, 0x00, 0x00, 0x00, 0x00, 0x00, 0x00, 0x00,
    0x00, 0x00, 0x00, 0x00, 0x00, 0x00, 0x00, 0x00, 0x00, 0x00, 0x00, 0x00, 0x00, 0x00, 0x00, 0x00,
    0x00, 0x00, 0x00, 0x00, 0x02, 0x00, 0x00, 0x08, 0x6D, 0xD4, 0xFF, 0xFF, 0xFF, 0xFD, 0xFF, 0xFF,
    0xFF, 0xFF, 0xFF, 0xFF, 0xFF, 0xFF, 0xFF, 0xFF, 0xFF, 0xFF, 0xFF, 0xFF, 0xFF, 0xFF, 0xFF, 0xFB,
    0xFF, 0x79, 0x00, 0x08, 0x02, 0x00, 0x00, 0x00, 0x00, 0x00, 0x00, 0x00, 0x00, 0x00, 0x00, 0x00,
    0x00, 0x00, 0x00, 0x00, 0x00, 0x00, 0x00, 0x00, 0x00, 0x00, 0x00, 0x00, 0x00, 0x00, 0x00, 0x00,
    0x04, 0x00, 0x6F, 0xFF, 0xFC, 0xFF, 0xFF, 0xFF, 0xFF, 0xFF, 0xFC, 0xFF, 0xC7, 0x00, 0x03, 0x00,
    0x00, 0x00, 0x00, 0x00, 0x00, 0x00, 0x00, 0x00, 0x00, 0x00, 0x00, 0x00, 0x00, 0x00, 0x00, 0x00,
    0x00, 0x00, 0x00, 0x00, 0x00, 0x00, 0x00, 0x00, 0x00, 0x00, 0x00, 0x00, 0x00, 0x00, 0x00, 0x00,
    0x00, 0x00, 0x00, 0x00, 0x03, 0x00, 0x00, 0x06, 0x59, 0xB3, 0xF5, 0xFF, 0xFF, 0xFF, 0xFF, 0xFF,
    0xFF, 0xFF, 0xFF, 0xFF, 0xFF, 0xFF, 0xFF, 0xFF, 0xFF, 0xFF, 0xFF, 0xFF, 0xFF, 0xFC, 0xFF, 0x86,
    0x03, 0x00, 0x00, 0x01, 0x04, 0x01, 0x00, 0x00, 0x00, 0x00, 0x00, 0x00, 0x00, 0x00, 0x00, 0x00,
    0x00, 0x00, 0x00, 0x00, 0x00, 0x00, 0x00, 0x00, 0x00, 0x00, 0x00, 0x00, 0x00, 0x00, 0x04, 0x00,
    0x7C, 0xFE, 0xFB, 0xFF, 0xFF, 0xFF, 0xFF, 0xFF, 0xFE, 0xFD, 0xF7, 0x3D, 0x00, 0x05, 0x00, 0x00,
    0x00, 0x00, 0x00, 0x00, 0x00, 0x00, 0x00, 0x00, 0x00, 0x00, 0x00, 0x00, 0x00, 0x00, 0x00, 0x00,
    0x00, 0x00, 0x00, 0x00, 0x00, 0x00, 0x00, 0x00, 0x00, 0x00, 0x00, 0x00, 0x00, 0x00, 0x00, 0x00,
    0x00, 0x00, 0x00, 0x01, 0x04, 0x00, 0x00, 0x00, 0x0E, 0x92, 0xFF, 0xFD, 0xFF, 0xFF, 0xFF, 0xFF,
    0xFF, 0xFF, 0xFF, 0xFF, 0xFF, 0xFF, 0xFF, 0xFF, 0xFF, 0xFF, 0xFF, 0xFF, 0xFE, 0xFD, 0xD3, 0x89,
    0x39, 0x00, 0x00, 0x00, 0x03, 0x03, 0x00, 0x00, 0x00, 0x00, 0x00, 0x00, 0x00, 0x00, 0x00, 0x00,
    0x00, 0x00, 0x00, 0x00, 0x00, 0x00, 0x00, 0x00, 0x00, 0x00, 0x00, 0x00, 0x04, 0x00, 0x88, 0xFF,
    0xFB, 0xFF, 0xFF, 0xFF, 0xFF, 0xFF, 0xFF, 0xFD, 0xFF, 0xE8, 0x2D, 0x00, 0x03, 0x00, 0x00, 0x00,
    0x00, 0x00, 0x00, 0x00, 0x00, 0x00, 0x00, 0x00, 0x00, 0x00, 0x00, 0x00, 0x00, 0x00, 0x00, 0x00,
    0x00, 0x00, 0x00, 0x00, 0x00, 0x00, 0x00, 0x00, 0x00, 0x00, 0x00, 0x00, 0x00, 0x00, 0x00, 0x00,
    0x01, 0x03, 0x03, 0x00, 0x00, 0x10, 0x68, 0xDA, 0xFE, 0xFE, 0xFF, 0xFF, 0xFF, 0xFF, 0xFF, 0xFF,
    0xFF, 0xFF, 0xFF, 0xFF, 0xFF, 0xFF, 0xFF, 0xFF, 0xFF, 0xFF, 0xFF, 0xFF, 0xFF, 0xFF, 0xFF, 0xC5,
    0x69, 0x18, 0x00, 0x00, 0x00, 0x03, 0x01, 0x00, 0x00, 0x00, 0x00, 0x00, 0x00, 0x00, 0x00, 0x00,
    0x00, 0x00, 0x00, 0x00, 0x00, 0x00, 0x00, 0x00, 0x00, 0x00, 0x04, 0x00, 0x83, 0xFF, 0xFB, 0xFF,
    0xFF, 0xFF, 0xFF, 0xFF, 0xFF, 0xFF, 0xFD, 0xFF, 0xEB, 0x49, 0x00, 0x02, 0x00, 0x00, 0x00, 0x00,
    0x00, 0x00, 0x00, 0x00, 0x00, 0x00, 0x00, 0x00, 0x00, 0x00, 0x00, 0x00, 0x00, 0x00, 0x00, 0x00,
    0x00, 0x00, 0x00, 0x00, 0x00, 0x00, 0x00, 0x00, 0x00, 0x00, 0x00, 0x00, 0x01, 0x03, 0x00, 0x00,
    0x00, 0x19, 0x7F, 0xDF, 0xFF, 0xFF, 0xFF, 0xFF, 0xFF, 0xFF, 0xFF, 0xFF, 0xFF, 0xFF, 0xFF, 0xFF,
    0xFF, 0xFF, 0xFF, 0xFF, 0xFF, 0xFF, 0xFF, 0xFF, 0xFF, 0xFF, 0xFD, 0xFB, 0xFE, 0xFF, 0xFF, 0xED,
    0xA6, 0x43, 0x00, 0x00, 0x00, 0x03, 0x03, 0x00, 0x00, 0x00, 0x00, 0x00, 0x00, 0x00, 0x01, 0x00,
    0x00, 0x00, 0x00, 0x00, 0x00, 0x00, 0x00, 0x00, 0x04, 0x00, 0x7D, 0xFF, 0xFB, 0xFF, 0xFF, 0xFF,
    0xFF, 0xFF, 0xFF, 0xFF, 0xFF, 0xFC, 0xFF, 0xF8, 0x31, 0x01, 0x02, 0x00, 0x00, 0x00, 0x00, 0x00,
    0x00, 0x00, 0x00, 0x00, 0x00, 0x00, 0x00, 0x00, 0x00, 0x00, 0x00, 0x00, 0x00, 0x00, 0x00, 0x00,
    0x00, 0x00, 0x00, 0x00, 0x00, 0x00, 0x00, 0x00, 0x01, 0x04, 0x00, 0x00, 0x01, 0x54, 0xA4, 0xEA,
    0xFF, 0xFF, 0xFC, 0xFE, 0xFF, 0xFF, 0xFF, 0xFF, 0xFF, 0xFF, 0xFF, 0xFF, 0xFF, 0xFF, 0xFF, 0xFF,
    0xFF, 0xFF, 0xFF, 0xFF, 0xFF, 0xFF, 0xFF, 0xFF, 0xFF, 0xFF, 0xFF, 0xFC, 0xFC, 0xFF, 0xFF, 0xFF,
    0xCC, 0x66, 0x15, 0x00, 0x00, 0x00, 0x04, 0x02, 0x00, 0x02, 0x04, 0x01, 0x00, 0x00, 0x00, 0x00,
    0x00, 0x00, 0x00, 0x00, 0x00, 0x00, 0x04, 0x01, 0x86, 0xFF, 0xFB, 0xFF, 0xFF, 0xFF, 0xFF, 0xFF,
    0xFF, 0xFF, 0xFF, 0xFF, 0xFA, 0xFF, 0x6C, 0x00, 0x04, 0x00, 0x00, 0x00, 0x00, 0x00, 0x00, 0x00,
    0x00, 0x00, 0x00, 0x00, 0x00, 0x00, 0x00, 0x00, 0x00, 0x00, 0x00, 0x00, 0x00, 0x00, 0x00, 0x00,
    0x00, 0x00, 0x01, 0x00, 0x02, 0x04, 0x00, 0x00, 0x06, 0x54, 0xC5, 0xFF, 0xFF, 0xFF, 0xFB, 0xFD,
    0xFF, 0xFF, 0xFF, 0xFF, 0xFF, 0xFF, 0xFF, 0xFF, 0xFF, 0xFF, 0xFF, 0xFF, 0xFF, 0xFF, 0xFF, 0xFF,
    0xFF, 0xFF, 0xFF, 0xFF, 0xFF, 0xFF, 0xFF, 0xFF, 0xFF, 0xFF, 0xFF, 0xFE, 0xFC, 0xFE, 0xFF, 0xFF,
    0xEA, 0x95, 0x39, 0x00, 0x00, 0x00, 0x01, 0x00, 0x00, 0x00, 0x09, 0x00, 0x00, 0x00, 0x00, 0x00,
    0x00, 0x00, 0x00, 0x00, 0x03, 0x00, 0xAB, 0xFF, 0xFB, 0xFF, 0xFF, 0xFF, 0xFF, 0xFF, 0xFF, 0xFF,
    0xFF, 0xFE, 0xFE, 0xF4, 0x22, 0x00, 0x02, 0x00, 0x00, 0x00, 0x00, 0x00, 0x00, 0x00, 0x00, 0x00,
    0x00, 0x00, 0x00, 0x00, 0x00, 0x00, 0x00, 0x00, 0x00, 0x00, 0x00, 0x00, 0x00, 0x03, 0x04, 0x01,
    0x00, 0x02, 0x00, 0x00, 0x0E, 0x67, 0xD0, 0xFF, 0xFF, 0xFC, 0xFC, 0xFE, 0xFF, 0xFF, 0xFF, 0xFF,
    0xFF, 0xFF, 0xFF, 0xFF, 0xFF, 0xFF, 0xFF, 0xFF, 0xFF, 0xFF, 0xFF, 0xFF, 0xFF, 0xFF, 0xFF, 0xFF,
    0xFF, 0xFF, 0xFF, 0xFF, 0xFF, 0xFF, 0xFF, 0xFF, 0xFF, 0xFF, 0xFF, 0xFF, 0xFD, 0xFC, 0xFF, 0xFF,
    0xFF, 0xC6, 0x70, 0x1E, 0x00, 0x24, 0x79, 0xC2, 0xE5, 0x23, 0x01, 0x02, 0x00, 0x00, 0x00, 0x00,
    0x00, 0x02, 0x01, 0x16, 0xEE, 0xFE, 0xFE, 0xFF, 0xFF, 0xFF, 0xFF, 0xFF, 0xFF, 0xFF, 0xFF, 0xFB,
    0xFF, 0x9B, 0x00, 0x03, 0x00, 0x00, 0x00, 0x00, 0x00, 0x00, 0x00, 0x00, 0x00, 0x00, 0x00, 0x00,
    0x00, 0x00, 0x00, 0x00, 0x00, 0x00, 0x00, 0x00, 0x00, 0x00, 0x00, 0x00, 0x00, 0x00, 0x18, 0x00,
    0x23, 0x81, 0xDF, 0xFF, 0xFF, 0xFC, 0xFD, 0xFF, 0xFF, 0xFF, 0xFF, 0xFF, 0xFF, 0xFF, 0xFF, 0xFF,
    0xFF, 0xFF, 0xFF, 0xFF, 0xFF, 0xFF, 0xFF, 0xFF, 0xFF, 0xFF, 0xFF, 0xFF, 0xFF, 0xFF, 0xFF, 0xFF,
    0xFF, 0xFF, 0xFF, 0xFF, 0xFF, 0xFF, 0xFF, 0xFF, 0xFF, 0xFF, 0xFF, 0xFF, 0xFE, 0xFC, 0xFE, 0xFF,
    0xFF, 0xF0, 0xC8, 0xF6, 0xFF, 0xFF, 0xB3, 0x00, 0x00, 0x02, 0x00, 0x00, 0x00, 0x00, 0x00, 0x04,
    0x00, 0x98, 0xFF, 0xFC, 0xFF, 0xFF, 0xFF, 0xFF, 0xFF, 0xFF, 0xFF, 0xFF, 0xFE, 0xFE, 0xF1, 0x17,
    0x0C, 0x02, 0x00, 0x00, 0x00, 0x00, 0x00, 0x00, 0x00, 0x00, 0x00, 0x00, 0x00, 0x00, 0x00, 0x00,
    0x00, 0x00, 0x00, 0x00, 0x00, 0x00, 0x01, 0x06, 0x01, 0x61, 0x70, 0x62, 0xEF, 0xBA, 0xF4, 0xFF,
    0xFF, 0xFC, 0xFD, 0xFF, 0xFF, 0xFF, 0xFF, 0xFF, 0xFF, 0xFF, 0xFF, 0xFF, 0xFF, 0xFF, 0xFF, 0xFF,
    0xFF, 0xFF, 0xFF, 0xFF, 0xFF, 0xFF, 0xFF, 0xFF, 0xFF, 0xFF, 0xFF, 0xFF, 0xFF, 0xFF, 0xFF, 0xFF,
    0xFF, 0xFF, 0xFF, 0xFF, 0xFF, 0xFF, 0xFF, 0xFF, 0xFF, 0xFF, 0xFF, 0xFF, 0xFF, 0xFD, 0xFC, 0xFF,
    0xFF, 0xFF, 0xF9, 0xFC, 0x66, 0x1C, 0x12, 0x00, 0x00, 0x00, 0x00, 0x00, 0x03, 0x00, 0x53, 0xFF,
    0xFC, 0xFF, 0xFF, 0xFF, 0xFF, 0xFF, 0xFF, 0xFF, 0xFF, 0xFF, 0xFB, 0xFF, 0x78, 0x51, 0x64, 0x00,
    0x03, 0x00, 0x00, 0x00, 0x00, 0x00, 0x00, 0x00, 0x00, 0x00, 0x00, 0x00, 0x00, 0x00, 0x00, 0x00,
    0x00, 0x00, 0x00, 0x00, 0x00, 0x00, 0x00, 0x78, 0xFF, 0xFF, 0xFF, 0xFF, 0xFF, 0xFB, 0xFD, 0xFF,
    0xFF, 0xFF, 0xFF, 0xFF, 0xFF, 0xFF, 0xFF, 0xFF, 0xFF, 0xFF, 0xFF, 0xFF, 0xFF, 0xFF, 0xFF, 0xFF,
    0xFF, 0xFF, 0xFF, 0xFF, 0xFF, 0xFF, 0xFF, 0xFF, 0xFF, 0xFF, 0xFF, 0xFF, 0xFF, 0xFF, 0xFF, 0xFF,
    0xFF, 0xFF, 0xFF, 0xFF, 0xFF, 0xFF, 0xFF, 0xFF, 0xFF, 0xFF, 0xFF, 0xFF, 0xFF, 0xFE, 0xFC, 0xFE,
    0xFF, 0xFF, 0xFC, 0xF2, 0xEB, 0x8B, 0x00, 0x02, 0x00, 0x02, 0x01, 0x18, 0xED, 0xFE, 0xFD, 0xFF,
    0xFF, 0xFF, 0xFF, 0xFF, 0xFF, 0xFF, 0xFF, 0xFF, 0xFE, 0xFB, 0x72, 0xDE, 0x42, 0x08, 0x01, 0x00,
    0x00, 0x00, 0x00, 0x00, 0x00, 0x00, 0x00, 0x00, 0x00, 0x00, 0x00, 0x00, 0x00, 0x00, 0x00, 0x00,
    0x01, 0x00, 0x19, 0x8A, 0xBD, 0xD7, 0xFB, 0xFE, 0xFE, 0xFC, 0xFE, 0xFF, 0xFF, 0xFF, 0xFF, 0xFF,
    0xFF, 0xFF, 0xFF, 0xFF, 0xFF, 0xFF, 0xFF, 0xFF, 0xFF, 0xFF, 0xFF, 0xFF, 0xFF, 0xFF, 0xFF, 0xFF,
    0xFF, 0xFF, 0xFF, 0xFF, 0xFF, 0xFF, 0xFF, 0xFF, 0xFF, 0xFF, 0xFF, 0xFF, 0xFF, 0xFF, 0xFF, 0xFF,
    0xFF, 0xFF, 0xFF, 0xFF, 0xFF, 0xFF, 0xFF, 0xFF, 0xFF, 0xFF, 0xFF, 0xFF, 0xFF, 0xFF, 0xFF, 0xFF,
    0xFF, 0xFF, 0xF9, 0x5A, 0x01, 0x02, 0x00, 0x04, 0x00, 0x8A, 0xFF, 0xFB, 0xFF, 0xFF, 0xFF, 0xFF,
    0xFF, 0xFF, 0xFF, 0xFF, 0xFF, 0xFF, 0xFF, 0xFD, 0xFE, 0xF1, 0xDA, 0x1B, 0x00, 0x01, 0x00, 0x00,
    0x00, 0x00, 0x00, 0x00, 0x00, 0x00, 0x00, 0x00, 0x00, 0x00, 0x00, 0x00, 0x00, 0x00, 0x01, 0x01,
    0x16, 0xCA, 0xFF, 0xFF, 0xFE, 0xFF, 0xFF, 0xFF, 0xFF, 0xFF, 0xFF, 0xFF, 0xFF, 0xFF, 0xFF, 0xFF,
    0xFF, 0xFF, 0xFF, 0xFF, 0xFF, 0xFF, 0xFF, 0xFF, 0xFF, 0xFF, 0xFF, 0xFF, 0xFF, 0xFF, 0xFF, 0xFF,
    0xFF, 0xFF, 0xFF, 0xFF, 0xFF, 0xFF, 0xFF, 0xFF, 0xFF, 0xFF, 0xFF, 0xFF, 0xFF, 0xFF, 0xFF, 0xFF,
    0xFF, 0xFF, 0xFF, 0xFF, 0xFF, 0xFF, 0xFF, 0xFF, 0xFF, 0xFF, 0xFF, 0xFF, 0xFF, 0xFD, 0xFD, 0xD4,
    0x22, 0x00, 0x02, 0x00, 0x01, 0x00, 0x08, 0xDC, 0xFE, 0xFD, 0xFF, 0xFF, 0xFF, 0xFF, 0xFF, 0xFF,
    0xFF, 0xFF, 0xFF, 0xFF, 0xFF, 0xFF, 0xFD, 0xFF, 0xC2, 0x02, 0x02, 0x00, 0x00, 0x00, 0x00, 0x00,
    0x00, 0x00, 0x00, 0x00, 0x00, 0x00, 0x00, 0x00, 0x00, 0x00, 0x00, 0x00, 0x00, 0x01, 0x00, 0x00,
    0x80, 0xFF, 0xFF, 0xFE, 0xFF, 0xFF, 0xFF, 0xFF, 0xFF, 0xFF, 0xFF, 0xFF, 0xFF, 0xFF, 0xFF, 0xFF,
    0xFF, 0xFF, 0xFF, 0xFF, 0xFF, 0xFF, 0xFF, 0xFF, 0xFF, 0xFF, 0xFF, 0xFF, 0xFF, 0xFF, 0xFF, 0xFF,
    0xFF, 0xFF, 0xFF, 0xFF, 0xFF, 0xFF, 0xFF, 0xFF, 0xFF, 0xFF, 0xFF, 0xFF, 0xFF, 0xFF, 0xFF, 0xFF,
    0xFF, 0xFF, 0xFF, 0xFF, 0xFF, 0xFF, 0xFF, 0xFF, 0xFF, 0xFF, 0xFF, 0xFB, 0xFB, 0xE7, 0x4A, 0x03,
    0x02, 0x00, 0x01, 0x00, 0x11, 0xF2, 0xFC, 0xFE, 0xFF, 0xFF, 0xFF, 0xFF, 0xFF, 0xFF, 0xFF, 0xFF,
    0xFF, 0xFF, 0xFF, 0xFF, 0xFB, 0xFF, 0x65, 0x00, 0x04, 0x00, 0x00, 0x00, 0x00, 0x00, 0x00, 0x00,
    0x00, 0x00, 0x00, 0x00, 0x00, 0x00, 0x00, 0x00, 0x00, 0x00, 0x00, 0x00, 0x01, 0x03, 0x00, 0x59,
    0xF7, 0xFF, 0xFE, 0xFF, 0xFF, 0xFF, 0xFF, 0xFF, 0xFF, 0xFF, 0xFF, 0xFF, 0xFF, 0xFF, 0xFF, 0xFF,
    0xFF, 0xFF, 0xFF, 0xFF, 0xFF, 0xFF, 0xFF, 0xFF, 0xFF, 0xFF, 0xFF, 0xFF, 0xFF, 0xFF, 0xFF, 0xFF,
    0xFF, 0xFF, 0xFF, 0xFF, 0xFF, 0xFF, 0xFF, 0xFF, 0xFF, 0xFF, 0xFF, 0xFF, 0xFF, 0xFF, 0xFF, 0xFF,
    0xFF, 0xFF, 0xFF, 0xFF, 0xFF, 0xFF, 0xFE, 0xFB, 0xFE, 0xFF, 0xFF, 0xF1, 0x92, 0x00, 0x01, 0x00,
    0x00, 0x03, 0x00, 0x93, 0xFF, 0xFA, 0xFE, 0xFF, 0xFF, 0xFF, 0xFF, 0xFF, 0xFF, 0xFF, 0xFF, 0xFF,
    0xFF, 0xFE, 0xFF, 0xF6, 0x1C, 0x00, 0x02, 0x00, 0x00, 0x00, 0x00, 0x00, 0x00, 0x00, 0x00, 0x00,
    0x00, 0x00, 0x00, 0x00, 0x00, 0x00, 0x00, 0x00, 0x00, 0x00, 0x00, 0x00, 0x05, 0x00, 0x4B, 0xF1,
    0xFD, 0xFE, 0xFE, 0xFE, 0xFE, 0xFE, 0xFE, 0xFE, 0xFE, 0xFE, 0xFE, 0xFD, 0xFD, 0xFD, 0xFF, 0xFF,
    0xFF, 0xFF, 0xFF, 0xFF, 0xFF, 0xFF, 0xFF, 0xFF, 0xFF, 0xFF, 0xFF, 0xFF, 0xFF, 0xFF, 0xFF, 0xFF,
    0xFF, 0xFF, 0xFF, 0xFF, 0xFF, 0xFF, 0xFF, 0xFF, 0xFF, 0xFF, 0xFE, 0xFE, 0xFE, 0xFF, 0xFF, 0xFE,
    0xFD, 0xFC, 0xFB, 0xFD, 0xFF, 0xFF, 0xFF, 0xB7, 0x57, 0x14, 0x00, 0x00, 0x00, 0x00, 0x00, 0x01,
    0x01, 0x03, 0xA0, 0xFF, 0xFE, 0xFF, 0xFF, 0xFF, 0xFF, 0xFF, 0xFF, 0xFF, 0xFF, 0xFF, 0xFF, 0xFB,
    0xFF, 0xA7, 0x00, 0x03, 0x00, 0x00, 0x00, 0x00, 0x00, 0x00, 0x00, 0x00, 0x00, 0x00, 0x00, 0x00,
    0x00, 0x00, 0x00, 0x00, 0x00, 0x00, 0x00, 0x00, 0x00, 0x00, 0x00, 0x03, 0x00, 0xCB, 0xFC, 0xFA,
    0xFF, 0xFF, 0xFF, 0xFF, 0xFF, 0xFF, 0xFF, 0xFF, 0xFF, 0xFF, 0xFF, 0xFF, 0xFF, 0xFF, 0xFF, 0xFF,
    0xFF, 0xFF, 0xFF, 0xFF, 0xFF, 0xFF, 0xFF, 0xFF, 0xFF, 0xFF, 0xFF, 0xFF, 0xFF, 0xFF, 0xFF, 0xFF,
    0xFF, 0xFF, 0xFF, 0xFF, 0xFF, 0xFF, 0xFF, 0xFF, 0xFF, 0xFF, 0xFF, 0xFF, 0xFF, 0xFF, 0xFF, 0xFF,
    0xFF, 0xFF, 0xE3, 0x94, 0x3B, 0x00, 0x00, 0x00, 0x02, 0x00, 0x00, 0x00, 0x00, 0x00, 0x01, 0x01,
    0x00, 0x63, 0xFA, 0xFE, 0xFE, 0xFF, 0xFF, 0xFF, 0xFF, 0xFF, 0xFF, 0xFF, 0xFF, 0xFD, 0xFE, 0x38,
    0x00, 0x03, 0x00, 0x00, 0x00, 0x00, 0x00, 0x00, 0x00, 0x00, 0x00, 0x00, 0x00, 0x00, 0x00, 0x00,
    0x00, 0x00, 0x00, 0x00, 0x00, 0x00, 0x00, 0x00, 0x02, 0x00, 0x27, 0xFF, 0xFF, 0xFF, 0xF2, 0xEF,
    0xF9, 0xFD, 0xFF, 0xFF, 0xFC, 0xF9, 0xE7, 0xDF, 0xD1, 0xCB, 0xFF, 0xFE, 0xFF, 0xFF, 0xFF, 0xFF,
    0xFF, 0xFF, 0xFF, 0xFF, 0xFF, 0xFF, 0xFF, 0xFF, 0xFF, 0xFF, 0xFF, 0xFF, 0xFF, 0xFF, 0xFF, 0xFF,
    0xFF, 0xFF, 0xFF, 0xFF, 0xFF, 0xFF, 0xE8, 0xF3, 0xFE, 0xFF, 0xFF, 0xF4, 0xDF, 0xBC, 0x87, 0x46,
    0x0F, 0x00, 0x00, 0x01, 0x03, 0x01, 0x00, 0x00, 0x00, 0x00, 0x00, 0x00, 0x00, 0x01, 0x04, 0x00,
    0x79, 0xFE, 0xFC, 0xFF, 0xFF, 0xFF, 0xFF, 0xFF, 0xFF, 0xFF, 0xFD, 0xFF, 0xCA, 0x01, 0x01, 0x00,
    0x00, 0x00, 0x00, 0x00, 0x00, 0x00, 0x00, 0x00, 0x00, 0x00, 0x00, 0x00, 0x00, 0x00, 0x00, 0x00,
    0x00, 0x00, 0x00, 0x00, 0x00, 0x00, 0x02, 0x00, 0x32, 0xC8, 0x97, 0x51, 0x1B, 0x16, 0x23, 0x28,
    0x2D, 0x2D, 0x28, 0x22, 0x0F, 0x0B, 0x00, 0x6E, 0xFF, 0xFB, 0xFF, 0xFF, 0xFF, 0xFF, 0xFF, 0xFF,
    0xFF, 0xFF, 0xFF, 0xFF, 0xFF, 0xFF, 0xFF, 0xFF, 0xFF, 0xFF, 0xFF, 0xFF, 0xFF, 0xFF, 0xFF, 0xFF,
    0xFF, 0xFF, 0xFD, 0xFF, 0xB9, 0x1C, 0x2D, 0x32, 0x30, 0x1C, 0x09, 0x00, 0x00, 0x00, 0x00, 0x03,
    0x03, 0x00, 0x00, 0x00, 0x00, 0x00, 0x00, 0x00, 0x00, 0x00, 0x00, 0x00, 0x03, 0x03, 0x2F, 0xFF,
    0xFC, 0xFF, 0xFF, 0xFF, 0xFF, 0xFF, 0xFF, 0xFF, 0xFC, 0xFE, 0xAB, 0x00, 0x03, 0x00, 0x00, 0x00,
    0x00, 0x00, 0x00, 0x00, 0x00, 0x00, 0x00, 0x00, 0x00, 0x00, 0x00, 0x00, 0x00, 0x00, 0x00, 0x00,
    0x00, 0x00, 0x00, 0x00, 0x00, 0x00, 0x00, 0x00, 0x00, 0x00, 0x00, 0x00, 0x00, 0x00, 0x00, 0x00,
    0x00, 0x00, 0x00, 0x02, 0x00, 0x96, 0xFF, 0xFB, 0xFF, 0xFF, 0xFF, 0xFF, 0xFF, 0xFF, 0xFF, 0xFF,
    0xFF, 0xFF, 0xFF, 0xFF, 0xFF, 0xFF, 0xFF, 0xFF, 0xFF, 0xFF, 0xFF, 0xFF, 0xFF, 0xFF, 0xFF, 0xFF,
    0xFF, 0xFC, 0xFF, 0x6B, 0x00, 0x00, 0x00, 0x00, 0x00, 0x02, 0x04, 0x03, 0x01, 0x00, 0x00, 0x00,
    0x00, 0x00, 0x00, 0x00, 0x00, 0x00, 0x00, 0x00, 0x00, 0x00, 0x01, 0x01, 0x12, 0xEB, 0xFF, 0xFC,
    0xFB, 0xFE, 0xFF, 0xFF, 0xFE, 0xFC, 0xF9, 0xFF, 0xE7, 0x0A, 0x00, 0x01, 0x00, 0x00, 0x00, 0x00,
    0x00, 0x00, 0x00, 0x00, 0x00, 0x00, 0x00, 0x00, 0x00, 0x00, 0x00, 0x00, 0x00, 0x00, 0x00, 0x00,
    0x00, 0x00, 0x00, 0x00, 0x00, 0x01, 0x03, 0x03, 0x02, 0x01, 0x02, 0x02, 0x02, 0x02, 0x02, 0x02,
    0x01, 0x03, 0x01, 0xB4, 0xFF, 0xFC, 0xFF, 0xFF, 0xFF, 0xFF, 0xFF, 0xFF, 0xFF, 0xFF, 0xFF, 0xFF,
    0xFF, 0xFF, 0xFF, 0xFF, 0xFF, 0xFF, 0xFF, 0xFF, 0xFF, 0xFF, 0xFF, 0xFF, 0xFF, 0xFF, 0xFF, 0xFE,
    0xFD, 0xF6, 0x34, 0x02, 0x05, 0x01, 0x01, 0x00, 0x00, 0x00, 0x00, 0x00, 0x00, 0x00, 0x00, 0x00,
    0x00, 0x00, 0x00, 0x00, 0x00, 0x00, 0x00, 0x00, 0x00, 0x02, 0x00, 0x3D, 0xCE, 0xFF, 0xFF, 0xFF,
    0xFF, 0xFF, 0xFF, 0xFF, 0xFF, 0xF9, 0x9C, 0x05, 0x02, 0x00, 0x00, 0x00, 0x00, 0x00, 0x00, 0x00,
    0x00, 0x00, 0x00, 0x00, 0x00, 0x00, 0x00, 0x00, 0x00, 0x00, 0x00, 0x00, 0x00, 0x00, 0x00, 0x00,
    0x00, 0x00, 0x00, 0x00, 0x00, 0x00, 0x00, 0x00, 0x00, 0x00, 0x00, 0x00, 0x00, 0x00, 0x00, 0x01,
    0x00, 0xC7, 0xFF, 0xFC, 0xFF, 0xFF, 0xFF, 0xFF, 0xFF, 0xFF, 0xFF, 0xFF, 0xFF, 0xFF, 0xFF, 0xFF,
    0xFF, 0xFF, 0xFF, 0xFF, 0xFF, 0xFF, 0xFF, 0xFF, 0xFF, 0xFF, 0xFF, 0xFF, 0xFF, 0xFF, 0xFC, 0xFF,
    0xD0, 0x04, 0x03, 0x01, 0x00, 0x00, 0x00, 0x00, 0x00, 0x00, 0x00, 0x00, 0x00, 0x00, 0x00, 0x00,
    0x00, 0x00, 0x00, 0x00, 0x00, 0x00, 0x00, 0x00, 0x01, 0x00, 0x02, 0x47, 0x99, 0xED, 0xFE, 0xFD,
    0xEC, 0xBB, 0x78, 0x25, 0x00, 0x00, 0x00, 0x00, 0x00, 0x00, 0x00, 0x00, 0x00, 0x00, 0x00, 0x00,
    0x00, 0x00, 0x00, 0x00, 0x00, 0x00, 0x00, 0x00, 0x00, 0x00, 0x00, 0x00, 0x00, 0x00, 0x00, 0x00,
    0x00, 0x00, 0x00, 0x00, 0x00, 0x00, 0x00, 0x00, 0x00, 0x00, 0x00, 0x00, 0x01, 0x00, 0x09, 0xE0,
    0xFF, 0xFD, 0xFF, 0xFF, 0xFF, 0xFF, 0xFF, 0xFF, 0xFF, 0xFF, 0xFF, 0xFF, 0xFF, 0xFF, 0xFF, 0xFF,
    0xFF, 0xFF, 0xFF, 0xFF, 0xFF, 0xFF, 0xFF, 0xFF, 0xFF, 0xFF, 0xFF, 0xFF, 0xFF, 0xFB, 0xFF, 0x73,
    0x00, 0x03, 0x00, 0x00, 0x00, 0x00, 0x00, 0x00, 0x00, 0x00, 0x00, 0x00, 0x00, 0x00, 0x00, 0x00,
    0x00, 0x00, 0x00, 0x00, 0x00, 0x00, 0x00, 0x02, 0x00, 0x00, 0x00, 0xBD, 0xFF, 0xC5, 0x14, 0x00,
    0x00, 0x00, 0x01, 0x00, 0x00, 0x00, 0x00, 0x00, 0x00, 0x00, 0x00, 0x00, 0x00, 0x00, 0x00, 0x00,
    0x00, 0x00, 0x00, 0x00, 0x00, 0x00, 0x00, 0x00, 0x00, 0x00, 0x00, 0x00, 0x00, 0x00, 0x00, 0x00,
    0x00, 0x00, 0x00, 0x00, 0x00, 0x00, 0x00, 0x00, 0x00, 0x00, 0x01, 0x00, 0x19, 0xF1, 0xFF, 0xFE,
    0xFF, 0xFF, 0xFF, 0xFF, 0xFF, 0xFF, 0xFF, 0xFF, 0xFF, 0xFF, 0xFF, 0xFF, 0xFF, 0xFF, 0xFF, 0xFF,
    0xFF, 0xFF, 0xFF, 0xFF, 0xFF, 0xFF, 0xFF, 0xFF, 0xFF, 0xFF, 0xFF, 0xFE, 0xFD, 0xF3, 0x21, 0x00,
    0x02, 0x00, 0x00, 0x00, 0x00, 0x00, 0x00, 0x00, 0x00, 0x00, 0x00, 0x00, 0x00, 0x00, 0x00, 0x00,
    0x00, 0x00, 0x00, 0x00, 0x00, 0x00, 0x02, 0x03, 0x17, 0xED, 0xFF, 0xBB, 0x00, 0x04, 0x04, 0x02,
    0x00, 0x00, 0x00, 0x00, 0x00, 0x00, 0x00, 0x00, 0x00, 0x00, 0x00, 0x00, 0x00, 0x00, 0x00, 0x00,
    0x00, 0x00, 0x00, 0x00, 0x00, 0x00, 0x00, 0x00, 0x00, 0x00, 0x00, 0x00, 0x00, 0x00, 0x00, 0x00,
    0x00, 0x00, 0x00, 0x00, 0x00, 0x00, 0x00, 0x00, 0x01, 0x00, 0x1B, 0xF2, 0xFF, 0xFE, 0xFF, 0xFF,
    0xFF, 0xFF, 0xFF, 0xFF, 0xFF, 0xFF, 0xFF, 0xFF, 0xFF, 0xFF, 0xFF, 0xFF, 0xFF, 0xFF, 0xFF, 0xFF,
    0xFF, 0xFF, 0xFF, 0xFF, 0xFF, 0xFF, 0xFF, 0xFF, 0xFF, 0xFF, 0xFC, 0xFF, 0xAE, 0x00, 0x04, 0x00,
    0x00, 0x00, 0x00, 0x00, 0x00, 0x00, 0x00, 0x00, 0x00, 0x00, 0x00, 0x00, 0x00, 0x00, 0x00, 0x00,
    0x00, 0x00, 0x00, 0x00, 0x04, 0x00, 0x62, 0xFF, 0xFF, 0xC2, 0x01, 0x01, 0x00, 0x00, 0x00, 0x00,
    0x00, 0x00, 0x00, 0x00, 0x00, 0x00, 0x00, 0x00, 0x00, 0x00, 0x00, 0x00, 0x00, 0x00, 0x00, 0x00,
    0x00, 0x00, 0x00, 0x00, 0x00, 0x00, 0x00, 0x00, 0x00, 0x00, 0x00, 0x00, 0x00, 0x00, 0x00, 0x00,
    0x00, 0x00, 0x00, 0x00, 0x00, 0x00, 0x01, 0x00, 0x17, 0xF0, 0xFF, 0xFE, 0xFF, 0xFF, 0xFF, 0xFF,
    0xFF, 0xFF, 0xFF, 0xFF, 0xFF, 0xFF, 0xFF, 0xFF, 0xFF, 0xFF, 0xFF, 0xFF, 0xFF, 0xFF, 0xFF, 0xFF,
    0xFF, 0xFF, 0xFF, 0xFF, 0xFF, 0xFF, 0xFF, 0xFF, 0xFF, 0xFB, 0xFF, 0x6B, 0x00, 0x03, 0x00, 0x00,
    0x00, 0x00, 0x00, 0x00, 0x00, 0x00, 0x00, 0x00, 0x00, 0x00, 0x00, 0x00, 0x00, 0x00, 0x00, 0x00,
    0x00, 0x01, 0x02, 0x03, 0xD1, 0xFF, 0xFF, 0xC0, 0x00, 0x01, 0x00, 0x00, 0x00, 0x00, 0x00, 0x00,
    0x00, 0x00, 0x00, 0x00, 0x00, 0x00, 0x00, 0x00, 0x00, 0x00, 0x00, 0x00, 0x00, 0x00, 0x00, 0x00,
    0x00, 0x00, 0x00, 0x00, 0x00, 0x00, 0x00, 0x00, 0x00, 0x00, 0x00, 0x00, 0x00, 0x00, 0x00, 0x00,
    0x00, 0x00, 0x00, 0x00, 0x01, 0x00, 0x14, 0xED, 0xFF, 0xFE, 0xFF, 0xFF, 0xFF, 0xFF, 0xFF, 0xFF,
    0xFF, 0xFF, 0xFF, 0xFF, 0xFF, 0xFF, 0xFF, 0xFF, 0xFF, 0xFF, 0xFF, 0xFF, 0xFF, 0xFF, 0xFF, 0xFF,
    0xFF, 0xFF, 0xFF, 0xFF, 0xFF, 0xFF, 0xFF, 0xFE, 0xFD, 0xF0, 0x1B, 0x01, 0x02, 0x00, 0x00, 0x00,
    0x00, 0x00, 0x00, 0x00, 0x00, 0x00, 0x00, 0x00, 0x00, 0x00, 0x00, 0x00, 0x00, 0x00, 0x00, 0x03,
    0x00, 0x58, 0xFF, 0xFA, 0xFF, 0xB5, 0x00, 0x02, 0x00, 0x00, 0x00, 0x00, 0x00, 0x00, 0x00, 0x00,
    0x00, 0x00, 0x00, 0x00, 0x00, 0x00, 0x00, 0x00, 0x00, 0x00, 0x00, 0x00, 0x00, 0x00, 0x00, 0x00,
    0x00, 0x00, 0x00, 0x00, 0x00, 0x00, 0x00, 0x00, 0x00, 0x00, 0x00, 0x00, 0x00, 0x00, 0x00, 0x00,
    0x00, 0x00, 0x01, 0x00, 0x1B, 0xF2, 0xFF, 0xFE, 0xFF, 0xFF, 0xFF, 0xFF, 0xFF, 0xFF, 0xFF, 0xFF,
    0xFF, 0xFF, 0xFF, 0xFF, 0xFF, 0xFF, 0xFF, 0xFF, 0xFF, 0xFF, 0xFF, 0xFF, 0xFF, 0xFF, 0xFF, 0xFF,
    0xFF, 0xFF, 0xFF, 0xFF, 0xFF, 0xFF, 0xFC, 0xFF, 0xA3, 0x00, 0x04, 0x00, 0x00, 0x00, 0x00, 0x00,
    0x00, 0x00, 0x00, 0x00, 0x00, 0x00, 0x00, 0x00, 0x00, 0x00, 0x00, 0x00, 0x01, 0x02, 0x0A, 0xDC,
    0xFE, 0xF9, 0xFF, 0xA1, 0x00, 0x03, 0x00, 0x00, 0x00, 0x00, 0x00, 0x00, 0x00, 0x00, 0x00, 0x00,
    0x00, 0x00, 0x00, 0x00, 0x00, 0x00, 0x00, 0x00, 0x00, 0x00, 0x00, 0x00, 0x00, 0x00, 0x00, 0x00,
    0x00, 0x00, 0x00, 0x00, 0x00, 0x00, 0x00, 0x00, 0x00, 0x00, 0x00, 0x00, 0x00, 0x00, 0x00, 0x00,
    0x01, 0x03, 0x02, 0xE1, 0xFF, 0xFD, 0xFF, 0xFF, 0xFF, 0xFF, 0xFF, 0xFF, 0xFF, 0xFF, 0xFF, 0xFF,
    0xFF, 0xFF, 0xFF, 0xFF, 0xFF, 0xFF, 0xFF, 0xFF, 0xFF, 0xFF, 0xFF, 0xFF, 0xFF, 0xFF, 0xFF, 0xFF,
    0xFF, 0xFF, 0xFF, 0xFF, 0xFF, 0xFC, 0xFF, 0x44, 0x00, 0x03, 0x00, 0x00, 0x00, 0x00, 0x00, 0x00,
    0x00, 0x00, 0x00, 0x00, 0x00, 0x00, 0x00, 0x00, 0x00, 0x00, 0x05, 0x00, 0x76, 0xFF, 0xFC, 0xFB,
    0xFF, 0x79, 0x00, 0x04, 0x00, 0x00, 0x00, 0x00, 0x00, 0x00, 0x00, 0x00, 0x00, 0x00, 0x00, 0x00,
    0x00, 0x00, 0x00, 0x00, 0x00, 0x00, 0x00, 0x00, 0x00, 0x00, 0x00, 0x00, 0x00, 0x00, 0x00, 0x00,
    0x00, 0x00, 0x00, 0x00, 0x00, 0x00, 0x00, 0x00, 0x00, 0x00, 0x00, 0x00, 0x00, 0x01, 0x05, 0x00,
    0x3C, 0xEE, 0xFD, 0xFE, 0xFF, 0xFF, 0xFF, 0xFF, 0xFF, 0xFF, 0xFF, 0xFF, 0xFF, 0xFF, 0xFF, 0xFF,
    0xFF, 0xFF, 0xFF, 0xFF, 0xFF, 0xFF, 0xFF, 0xFF, 0xFF, 0xFF, 0xFF, 0xFF, 0xFF, 0xFF, 0xFF, 0xFF,
    0xFF, 0xFF, 0xFF, 0xFD, 0xFE, 0xD9, 0x0E, 0x03, 0x01, 0x00, 0x00, 0x00, 0x00, 0x00, 0x00, 0x00,
    0x00, 0x00, 0x00, 0x00, 0x00, 0x00, 0x00, 0x04, 0x00, 0x2B, 0xF3, 0xFC, 0xFD, 0xFD, 0xFE, 0x40,
    0x00, 0x03, 0x00, 0x00, 0x00, 0x00, 0x00, 0x00, 0x00, 0x00, 0x00, 0x00, 0x00, 0x00, 0x00, 0x00,
    0x00, 0x00, 0x00, 0x00, 0x00, 0x00, 0x00, 0x00, 0x00, 0x00, 0x00, 0x00, 0x00, 0x00, 0x00, 0x00,
    0x00, 0x00, 0x00, 0x00, 0x00, 0x00, 0x00, 0x00, 0x00, 0x00, 0x01, 0x02, 0x00, 0x5F, 0xF6, 0xFF,
    0xFE, 0xFF, 0xFF, 0xFF, 0xFF, 0xFF, 0xFF, 0xFF, 0xFF, 0xFF, 0xFF, 0xFF, 0xFF, 0xFF, 0xFF, 0xFF,
    0xFF, 0xFF, 0xFF, 0xFF, 0xFF, 0xFF, 0xFF, 0xFF, 0xFF, 0xFF, 0xFF, 0xFF, 0xFF, 0xFF, 0xFF, 0xFF,
    0xFF, 0xFF, 0xFB, 0xFF, 0x8C, 0x00, 0x04, 0x00, 0x00, 0x00, 0x00, 0x00, 0x00, 0x00, 0x00, 0x00,
    0x00, 0x00, 0x00, 0x00, 0x03, 0x00, 0x10, 0xD6, 0xFF, 0xFD, 0xFE, 0xFF, 0xED, 0x0F, 0x00, 0x01,
    0x00, 0x00, 0x00, 0x00, 0x00, 0x00, 0x00, 0x00, 0x00, 0x00, 0x00, 0x00, 0x00, 0x00, 0x00, 0x00,
    0x00, 0x00, 0x00, 0x00, 0x00, 0x00, 0x00, 0x00, 0x00, 0x00, 0x00, 0x00, 0x00, 0x00, 0x00, 0x00,
    0x00, 0x00, 0x00, 0x00, 0x00, 0x00, 0x00, 0x01, 0x02, 0x00, 0x7E, 0xFF, 0xFF, 0xFE, 0xFF, 0xFF,
    0xFF, 0xFF, 0xFF, 0xFF, 0xFF, 0xFF, 0xFF, 0xFF, 0xFF, 0xFF, 0xFF, 0xFF, 0xFF, 0xFF, 0xFF, 0xFF,
    0xFF, 0xFF, 0xFF, 0xFF, 0xFF, 0xFF, 0xFF, 0xFF, 0xFF, 0xFF, 0xFF, 0xFF, 0xFF, 0xFF, 0xFF, 0xFF,
    0xFE, 0xFC, 0xF8, 0x44, 0x00, 0x02, 0x00, 0x00, 0x00, 0x00, 0x00, 0x00, 0x00, 0x00, 0x00, 0x00,
    0x01, 0x05, 0x00, 0x16, 0xC7, 0xFF, 0xFC, 0xFF, 0xFC, 0xFE, 0xBC, 0x01, 0x02, 0x00, 0x00, 0x00,
    0x00, 0x00, 0x00, 0x00, 0x00, 0x00, 0x00, 0x00, 0x00, 0x00, 0x00, 0x00, 0x00, 0x00, 0x00, 0x00,
    0x00, 0x00, 0x00, 0x00, 0x00, 0x00, 0x00, 0x00, 0x00, 0x00, 0x00, 0x00, 0x00, 0x00, 0x00, 0x00,
    0x00, 0x00, 0x00, 0x00, 0x01, 0x03, 0x00, 0x99, 0xFF, 0xFC, 0xFE, 0xFF, 0xFF, 0xFF, 0xFF, 0xFF,
    0xFF, 0xFF, 0xFF, 0xFF, 0xFF, 0xFF, 0xFF, 0xFF, 0xFF, 0xFF, 0xFF, 0xFF, 0xFF, 0xFF, 0xFF, 0xFF,
    0xFF, 0xFF, 0xFF, 0xFF, 0xFF, 0xFF, 0xFF, 0xFF, 0xFF, 0xFF, 0xFF, 0xFF, 0xFF, 0xFF, 0xFF, 0xFC,
    0xFF, 0xD6, 0x01, 0x01, 0x00, 0x00, 0x00, 0x00, 0x00, 0x00, 0x00, 0x00, 0x01, 0x04, 0x00, 0x00,
    0x2E, 0xD0, 0xFF, 0xFC, 0xFF, 0xFF, 0xFC, 0xFF, 0x62, 0x00, 0x04, 0x00, 0x00, 0x00, 0x00, 0x00,
    0x00, 0x00, 0x00, 0x00, 0x00, 0x00, 0x00, 0x00, 0x00, 0x00, 0x00, 0x00, 0x00, 0x00, 0x00, 0x00,
    0x00, 0x00, 0x00, 0x00, 0x00, 0x00, 0x00, 0x00, 0x00, 0x00, 0x00, 0x00, 0x00, 0x00, 0x00, 0x00,
    0x00, 0x00, 0x04, 0x00, 0x86, 0xFF, 0xFA, 0xFF, 0xFF, 0xFF, 0xFF, 0xFF, 0xFF, 0xFF, 0xFF, 0xFF,
    0xFF, 0xFF, 0xFF, 0xFF, 0xFF, 0xFF, 0xFF, 0xFF, 0xFF, 0xFF, 0xFF, 0xFF, 0xFF, 0xFF, 0xFF, 0xFF,
    0xFF, 0xFF, 0xFF, 0xFF, 0xFF, 0xFF, 0xFF, 0xFF, 0xFF, 0xFF, 0xFF, 0xFF, 0xFF, 0xFF, 0xFC, 0xFF,
    0x53, 0x02, 0x05, 0x01, 0x01, 0x01, 0x01, 0x02, 0x03, 0x03, 0x00, 0x00, 0x0A, 0x74, 0xF3, 0xFF,
    0xFC, 0xFF, 0xFF, 0xFE, 0xFF, 0xF0, 0x14, 0x00, 0x01, 0x00, 0x00, 0x00, 0x00, 0x00, 0x00, 0x00,
    0x00, 0x00, 0x00, 0x00, 0x00, 0x00, 0x00, 0x00, 0x00, 0x00, 0x00, 0x00, 0x00, 0x00, 0x00, 0x00,
    0x00, 0x00, 0x00, 0x00, 0x00, 0x00, 0x00, 0x00, 0x00, 0x00, 0x00, 0x00, 0x00, 0x00, 0x00, 0x03,
    0x00, 0x69, 0xFF, 0xFA, 0xFF, 0xFF, 0xFF, 0xFF, 0xFF, 0xFF, 0xFF, 0xFF, 0xFF, 0xFF, 0xFF, 0xFF,
    0xFF, 0xFF, 0xFF, 0xFF, 0xFF, 0xFF, 0xFF, 0xFF, 0xFF, 0xFF, 0xFF, 0xFF, 0xFF, 0xFF, 0xFF, 0xFF,
    0xFF, 0xFF, 0xFF, 0xFF, 0xFF, 0xFF, 0xFF, 0xFF, 0xFF, 0xFF, 0xFF, 0xFF, 0xFC, 0xFF, 0xC6, 0x00,
    0x00, 0x00, 0x00, 0x00, 0x00, 0x00, 0x00, 0x00, 0x1C, 0x75, 0xD9, 0xFF, 0xFF, 0xFD, 0xFF, 0xFF,
    0xFF, 0xFB, 0xFF, 0xA2, 0x00, 0x03, 0x00, 0x00, 0x00, 0x00, 0x00, 0x00, 0x00, 0x00, 0x00, 0x00,
    0x00, 0x00, 0x00, 0x00, 0x00, 0x00, 0x00, 0x00, 0x00, 0x00, 0x00, 0x00, 0x00, 0x00, 0x00, 0x00,
    0x00, 0x00, 0x00, 0x00, 0x00, 0x00, 0x00, 0x00, 0x00, 0x00, 0x00, 0x00, 0x02, 0x00, 0x34, 0xF9,
    0xFC, 0xFE, 0xFF, 0xFF, 0xFF, 0xFF, 0xFF, 0xFF, 0xFF, 0xFF, 0xFF, 0xFF, 0xFF, 0xFF, 0xFF, 0xFF,
    0xFF, 0xFF, 0xFF, 0xFF, 0xFF, 0xFF, 0xFF, 0xFF, 0xFF, 0xFF, 0xFF, 0xFF, 0xFF, 0xFF, 0xFF, 0xFF,
    0xFF, 0xFF, 0xFF, 0xFF, 0xFF, 0xFF, 0xFF, 0xFF, 0xFF, 0xFF, 0xFF, 0xFE, 0xFD, 0x75, 0x1C, 0x07,
    0x01, 0x05, 0x12, 0x28, 0x5E, 0xAA, 0xF0, 0xFF, 0xFF, 0xFC, 0xFE, 0xFF, 0xFF, 0xFF, 0xFF, 0xFD,
    0xFC, 0x2E, 0x00, 0x02, 0x00, 0x00, 0x00, 0x00, 0x00, 0x00, 0x00, 0x00, 0x00, 0x00, 0x00, 0x00,
    0x00, 0x00, 0x00, 0x00, 0x00, 0x00, 0x00, 0x00, 0x00, 0x00, 0x00, 0x00, 0x00, 0x00, 0x00, 0x00,
    0x00, 0x00, 0x00, 0x00, 0x00, 0x00, 0x00, 0x00, 0x00, 0x01, 0x02, 0x0A, 0xDA, 0xFF, 0xFD, 0xFF,
    0xFF, 0xFF, 0xFF, 0xFF, 0xFF, 0xFF, 0xFF, 0xFF, 0xFF, 0xFF, 0xFF, 0xFF, 0xFF, 0xFF, 0xFF, 0xFF,
    0xFF, 0xFF, 0xFF, 0xFF, 0xFF, 0xFF, 0xFF, 0xFF, 0xFF, 0xFF, 0xFF, 0xFF, 0xFF, 0xFF, 0xFF, 0xFF,
    0xFF, 0xFF, 0xFF, 0xFF, 0xFF, 0xFF, 0xFF, 0xFF, 0xFF, 0xFF, 0xFF, 0xFF, 0xF4, 0xDB, 0xD5, 0xDA,
    0xEA, 0xFC, 0xFF, 0xFF, 0xFF, 0xFC, 0xFD, 0xFF, 0xFF, 0xFF, 0xFF, 0xFF, 0xFB, 0xFF, 0xA3, 0x00,
    0x03, 0x00, 0x00, 0x00, 0x00, 0x00, 0x00, 0x00, 0x00, 0x00, 0x00, 0x00, 0x00, 0x00, 0x00, 0x00,
    0x00, 0x00, 0x00, 0x00, 0x00, 0x00, 0x00, 0x00, 0x00, 0x00, 0x00, 0x00, 0x00, 0x00, 0x00, 0x00,
    0x00, 0x00, 0x00, 0x00, 0x00, 0x00, 0x00, 0x03, 0x00, 0x74, 0xFF, 0xFB, 0xFF, 0xFF, 0xFF, 0xFF,
    0xFF, 0xFF, 0xFF, 0xFF, 0xFF, 0xFF, 0xFF, 0xFF, 0xFF, 0xFF, 0xFF, 0xFF, 0xFF, 0xFF, 0xFF, 0xFF,
    0xFF, 0xFF, 0xFF, 0xFF, 0xFF, 0xFF, 0xFF, 0xFF, 0xFF, 0xFF, 0xFF, 0xFF, 0xFF, 0xFF, 0xFF, 0xFF,
    0xFF, 0xFF, 0xFF, 0xFF, 0xFF, 0xFF, 0xFF, 0xFF, 0xFF, 0xFC, 0xFF, 0xFF, 0xFF, 0xFF, 0xFF, 0xFF,
    0xFC, 0xFC, 0xFE, 0xFF, 0xFF, 0xFF, 0xFF, 0xFF, 0xFF, 0xFD, 0xFF, 0xE3, 0x18, 0x02, 0x02, 0x00,
    0x00, 0x00, 0x00, 0x00, 0x00, 0x00, 0x00, 0x00, 0x00, 0x00, 0x00, 0x00, 0x00, 0x00, 0x00, 0x00,
    0x00, 0x00, 0x00, 0x00, 0x00, 0x00, 0x00, 0x00, 0x00, 0x00, 0x00, 0x00, 0x00, 0x00, 0x00, 0x00,
    0x00, 0x00, 0x00, 0x00, 0x01, 0x00, 0x0A, 0xE3, 0xFE, 0xFD, 0xFF, 0xFF, 0xFF, 0xFF, 0xFF, 0xFF,
    0xFF, 0xFF, 0xFF, 0xFF, 0xFF, 0xFF, 0xFF, 0xFF, 0xFF, 0xFF, 0xFF, 0xFF, 0xFF, 0xFF, 0xFF, 0xFF,
    0xFF, 0xFF, 0xFF, 0xFF, 0xFF, 0xFF, 0xFF, 0xFF, 0xFF, 0xFF, 0xFF, 0xFF, 0xFF, 0xFF, 0xFF, 0xFF,
    0xFF, 0xFF, 0xFF, 0xFF, 0xFF, 0xFF, 0xFF, 0xFF, 0xFE, 0xFD, 0xFD, 0xFD, 0xFE, 0xFE, 0xFF, 0xFF,
    0xFF, 0xFF, 0xFF, 0xFF, 0xFF, 0xFF, 0xFE, 0xFB, 0xFC, 0x3B, 0x00, 0x02, 0x00, 0x00, 0x00, 0x00,
    0x00, 0x00, 0x00, 0x00, 0x00, 0x00, 0x00, 0x00, 0x00, 0x00, 0x00, 0x00, 0x00, 0x00, 0x00, 0x00,
    0x00, 0x00, 0x00, 0x00, 0x00, 0x00, 0x00, 0x00, 0x00, 0x00, 0x00, 0x00, 0x00, 0x00, 0x00, 0x00,
    0x00, 0x00, 0x03, 0x00, 0x50, 0xFF, 0xFD, 0xFF, 0xFF, 0xFF, 0xFF, 0xFF, 0xFF, 0xFF, 0xFF, 0xFF,
    0xFF, 0xFF, 0xFF, 0xFF, 0xFF, 0xFF, 0xFF, 0xFF, 0xFF, 0xFF, 0xFF, 0xFF, 0xFF, 0xFF, 0xFF, 0xFF,
    0xFF, 0xFF, 0xFF, 0xFF, 0xFF, 0xFF, 0xFF, 0xFF, 0xFF, 0xFF, 0xFF, 0xFF, 0xFF, 0xFF, 0xFF, 0xFF,
    0xFF, 0xFF, 0xFF, 0xFF, 0xFF, 0xFF, 0xFF, 0xFF, 0xFF, 0xFF, 0xFF, 0xFF, 0xFF, 0xFF, 0xFF, 0xFF,
    0xFF, 0xFF, 0xFF, 0xFF, 0xFA, 0xFF, 0x81, 0x00, 0x04, 0x00, 0x00, 0x00, 0x00, 0x00, 0x00, 0x00,
    0x00, 0x00, 0x00, 0x00, 0x00, 0x00, 0x00, 0x00, 0x00, 0x00, 0x00, 0x00, 0x00, 0x00, 0x00, 0x00,
    0x00, 0x00, 0x00, 0x00, 0x00, 0x00, 0x00, 0x00, 0x00, 0x00, 0x00, 0x00, 0x00, 0x00, 0x00, 0x00,
    0x04, 0x00, 0x91, 0xFE, 0xFB, 0xFF, 0xFF, 0xFF, 0xFF, 0xFF, 0xFF, 0xFF, 0xFF, 0xFF, 0xFF, 0xFF,
    0xFF, 0xFF, 0xFF, 0xFF, 0xFF, 0xFF, 0xFF, 0xFF, 0xFF, 0xFF, 0xFF, 0xFF, 0xFF, 0xFF, 0xFF, 0xFF,
    0xFF, 0xFF, 0xFF, 0xFF, 0xFF, 0xFF, 0xFF, 0xFF, 0xFF, 0xFF, 0xFF, 0xFF, 0xFF, 0xFF, 0xFF, 0xFF,
    0xFF, 0xFF, 0xFF, 0xFF, 0xFF, 0xFF, 0xFF, 0xFF, 0xFF, 0xFF, 0xFF, 0xFF, 0xFF, 0xFF, 0xFF, 0xFF,
    0xFF, 0xFB, 0xFF, 0x97, 0x00, 0x04, 0x00, 0x00, 0x00, 0x00, 0x00, 0x00, 0x00, 0x00, 0x00, 0x00,
    0x00, 0x00, 0x00, 0x00, 0x00, 0x00, 0x00, 0x00, 0x00, 0x00, 0x00, 0x00, 0x00, 0x00, 0x00, 0x00,
    0x00, 0x00, 0x00, 0x00, 0x00, 0x00, 0x00, 0x00, 0x00, 0x00, 0x00, 0x00, 0x00, 0x00, 0x02, 0x00,
    0xB8, 0xFF, 0xFC, 0xFF, 0xFF, 0xFF, 0xFF, 0xFF, 0xFF, 0xFF, 0xFF, 0xFF, 0xFF, 0xFF, 0xFF, 0xFF,
    0xFF, 0xFF, 0xFF, 0xFF, 0xFF, 0xFF, 0xFF, 0xFF, 0xFF, 0xFF, 0xFF, 0xFF, 0xFF, 0xFF, 0xFF, 0xFF,
    0xFF, 0xFF, 0xFF, 0xFF, 0xFF, 0xFF, 0xFF, 0xFF, 0xFF, 0xFF, 0xFF, 0xFF, 0xFF, 0xFF, 0xFF, 0xFF,
    0xFF, 0xFF, 0xFF, 0xFF, 0xFF, 0xFF, 0xFF, 0xFF, 0xFF, 0xFF, 0xFF, 0xFF, 0xFF, 0xFF, 0xFA, 0xFF,
    0xB8, 0x00, 0x01, 0x01, 0x00, 0x00, 0x00, 0x00, 0x00, 0x00, 0x00, 0x00, 0x00, 0x00, 0x00, 0x00,
    0x00, 0x00, 0x00, 0x00, 0x00, 0x00, 0x00, 0x00, 0x00, 0x00, 0x00, 0x00, 0x00, 0x00, 0x00, 0x00,
    0x00, 0x00, 0x00, 0x00, 0x00, 0x00, 0x00, 0x00, 0x00, 0x00, 0x00, 0x01, 0x00, 0x03, 0xD4, 0xFF,
    0xFD, 0xFF, 0xFF, 0xFF, 0xFF, 0xFF, 0xFF, 0xFF, 0xFF, 0xFF, 0xFF, 0xFF, 0xFF, 0xFF, 0xFF, 0xFF,
    0xFF, 0xFF, 0xFF, 0xFF, 0xFF, 0xFF, 0xFF, 0xFF, 0xFF, 0xFF, 0xFF, 0xFF, 0xFF, 0xFF, 0xFF, 0xFF,
    0xFF, 0xFF, 0xFF, 0xFF, 0xFF, 0xFF, 0xFF, 0xFF, 0xFF, 0xFF, 0xFF, 0xFF, 0xFF, 0xFF, 0xFF, 0xFF,
    0xFF, 0xFF, 0xFF, 0xFF, 0xFF, 0xFF, 0xFF, 0xFF, 0xFF, 0xFF, 0xFE, 0xFB, 0xFF, 0xAB, 0x04, 0x02,
    0x01, 0x00, 0x00, 0x00, 0x00, 0x00, 0x00, 0x00, 0x00, 0x00, 0x00, 0x00, 0x00, 0x00, 0x00, 0x00,
    0x00, 0x00, 0x00, 0x00, 0x00, 0x00, 0x00, 0x00, 0x00, 0x00, 0x00, 0x00, 0x00, 0x00, 0x00, 0x00,
    0x00, 0x00, 0x00, 0x00, 0x00, 0x00, 0x00, 0x00, 0x00, 0x01, 0x00, 0x04, 0xD9, 0xFF, 0xFD, 0xFF,
    0xFF, 0xFF, 0xFF, 0xFF, 0xFF, 0xFF, 0xFF, 0xFF, 0xFF, 0xFF, 0xFF, 0xFF, 0xFF, 0xFF, 0xFF, 0xFF,
    0xFF, 0xFF, 0xFF, 0xFF, 0xFF, 0xFF, 0xFF, 0xFF, 0xFF, 0xFF, 0xFF, 0xFF, 0xFF, 0xFF, 0xFF, 0xFF,
    0xFF, 0xFF, 0xFF, 0xFF, 0xFF, 0xFF, 0xFF, 0xFF, 0xFF, 0xFF, 0xFF, 0xFF, 0xFF, 0xFF, 0xFF, 0xFF,
    0xFF, 0xFF, 0xFF, 0xFF, 0xFF, 0xFF, 0xFE, 0xFB, 0xFF, 0xFF, 0x90, 0x02, 0x01, 0x01, 0x00, 0x00,
    0x00, 0x00, 0x00, 0x00, 0x00, 0x00, 0x00, 0x00, 0x00, 0x00, 0x00, 0x00, 0x00, 0x00, 0x00, 0x00,
    0x00, 0x00, 0x00, 0x00, 0x00, 0x00, 0x00, 0x00, 0x00, 0x00, 0x00, 0x00, 0x00, 0x00, 0x00, 0x00,
    0x00, 0x00, 0x00, 0x00, 0x00, 0x00, 0x00, 0x00, 0x01, 0x00, 0xC7, 0xFF, 0xFD, 0xFF, 0xFF, 0xFF,
    0xFF, 0xFF, 0xFF, 0xFF, 0xFF, 0xFF, 0xFF, 0xFF, 0xFF, 0xFF, 0xFF, 0xFF, 0xFF, 0xFF, 0xFF, 0xFE,
    0xFD, 0xFC, 0xFC, 0xFB, 0xFB, 0xFC, 0xFD, 0xFE, 0xFF, 0xFF, 0xFF, 0xFF, 0xFF, 0xFF, 0xFF, 0xFF,
    0xFF, 0xFF, 0xFF, 0xFF, 0xFF, 0xFF, 0xFF, 0xFF, 0xFF, 0xFF, 0xFF, 0xFF, 0xFF, 0xFF, 0xFF, 0xFF,
    0xFF, 0xFF, 0xFE, 0xFB, 0xFF, 0xFF, 0xED, 0x64, 0x00, 0x01, 0x01, 0x00, 0x00, 0x00, 0x00, 0x00,
    0x00, 0x00, 0x00, 0x00, 0x00, 0x00, 0x00, 0x00, 0x00, 0x00, 0x00, 0x00, 0x00, 0x00, 0x00, 0x00,
    0x00, 0x00, 0x00, 0x00, 0x00, 0x00, 0x00, 0x00, 0x00, 0x00, 0x00, 0x00, 0x00, 0x00, 0x00, 0x00,
    0x00, 0x00, 0x00, 0x00, 0x00, 0x00, 0x04, 0x00, 0xA1, 0xFE, 0xFB, 0xFF, 0xFF, 0xFF, 0xFF, 0xFF,
    0xFF, 0xFF, 0xFF, 0xFF, 0xFF, 0xFF, 0xFF, 0xFF, 0xFF, 0xFE, 0xFC, 0xFB, 0xFD, 0xFF, 0xFF, 0xFF,
    0xFF, 0xFF, 0xFF, 0xFF, 0xFF, 0xFF, 0xFE, 0xFC, 0xFB, 0xFB, 0xFB, 0xFD, 0xFF, 0xFF, 0xFF, 0xFF,
    0xFF, 0xFF, 0xFF, 0xFF, 0xFF, 0xFF, 0xFF, 0xFF, 0xFF, 0xFF, 0xFF, 0xFF, 0xFF, 0xFE, 0xFC, 0xFC,
    0xFF, 0xFF, 0xF7, 0xA1, 0x22, 0x00, 0x03, 0x01, 0x00, 0x00, 0x00, 0x00, 0x00, 0x00, 0x00, 0x00,
    0x00, 0x00, 0x00, 0x00, 0x00, 0x00, 0x00, 0x00, 0x00, 0x00, 0x00, 0x00, 0x00, 0x00, 0x00, 0x00,
    0x00, 0x00, 0x00, 0x00, 0x00, 0x00, 0x00, 0x00, 0x00, 0x00, 0x00, 0x00, 0x00, 0x00, 0x00, 0x00,
    0x00, 0x00, 0x00, 0x00, 0x03, 0x00, 0x51, 0xFF, 0xFD, 0xFF, 0xFF, 0xFF, 0xFF, 0xFF, 0xFF, 0xFF,
    0xFF, 0xFF, 0xFF, 0xFF, 0xFF, 0xFF, 0xFE, 0xFF, 0xFF, 0xFF, 0xFF, 0xF6, 0xD6, 0xCB, 0xB8, 0x9E,
    0x8C, 0xB5, 0xE0, 0xF4, 0xFF, 0xFF, 0xFF, 0xFF, 0xFF, 0xFF, 0xFD, 0xFF, 0xFF, 0xFF, 0xFF, 0xFF,
    0xFF, 0xFF, 0xFF, 0xFF, 0xFF, 0xFF, 0xFF, 0xFF, 0xFF, 0xFD, 0xFE, 0xFF, 0xFF, 0xFF, 0xE1, 0x87,
    0x29, 0x00, 0x00, 0x03, 0x00, 0x00, 0x00, 0x00, 0x00, 0x00, 0x00, 0x00, 0x00, 0x00, 0x00, 0x00,
    0x00, 0x00, 0x00, 0x00, 0x00, 0x00, 0x00, 0x00, 0x00, 0x00, 0x00, 0x00, 0x00, 0x00, 0x00, 0x00,
    0x00, 0x00, 0x00, 0x00, 0x00, 0x00, 0x00, 0x00, 0x00, 0x00, 0x00, 0x00, 0x00, 0x00, 0x00, 0x00,
    0x00, 0x00, 0x00, 0x02, 0x08, 0xC3, 0xFF, 0xFD, 0xFF, 0xFF, 0xFF, 0xFF, 0xFF, 0xFF, 0xFF, 0xFF,
    0xFF, 0xFF, 0xFF, 0xFE, 0xFF, 0xFE, 0xBA, 0x76, 0x4C, 0x1F, 0x02, 0x00, 0x00, 0x00, 0x00, 0x00,
    0x09, 0x1C, 0x3D, 0x5D, 0x7E, 0x98, 0x99, 0xD9, 0xFF, 0xFC, 0xFF, 0xFF, 0xFF, 0xFF, 0xFF, 0xFF,
    0xFF, 0xFF, 0xFF, 0xFF, 0xFF, 0xFF, 0xFF, 0xFF, 0xFF, 0xE8, 0xB7, 0x64, 0x0F, 0x00, 0x00, 0x03,
    0x02, 0x00, 0x00, 0x00, 0x00, 0x00, 0x00, 0x00, 0x00, 0x00, 0x00, 0x00, 0x00, 0x00, 0x00, 0x00,
    0x00, 0x00, 0x00, 0x00, 0x00, 0x00, 0x00, 0x00, 0x00, 0x00, 0x00, 0x00, 0x00, 0x00, 0x00, 0x00,
    0x00, 0x00, 0x00, 0x00, 0x00, 0x00, 0x00, 0x00, 0x00, 0x00, 0x00, 0x00, 0x00, 0x00, 0x00, 0x00,
    0x02, 0x04, 0x00, 0x5E, 0xFF, 0xFD, 0xFF, 0xFF, 0xFF, 0xFF, 0xFF, 0xFF, 0xFF, 0xFF, 0xFF, 0xFF,
    0xFD, 0xFE, 0xDF, 0x38, 0x00, 0x00, 0x00, 0x00, 0x00, 0x00, 0x02, 0x04, 0x04, 0x02, 0x00, 0x00,
    0x00, 0x00, 0x00, 0x00, 0x00, 0x1D, 0xD7, 0xFF, 0xFC, 0xFF, 0xFF, 0xFF, 0xFF, 0xFF, 0xFF, 0xFF,
    0xFF, 0xFF, 0xFF, 0xFD, 0xFF, 0xB5, 0x38, 0x13, 0x00, 0x00, 0x00, 0x04, 0x02, 0x00, 0x00, 0x00,
    0x00, 0x00, 0x00, 0x00, 0x00, 0x00, 0x00, 0x00, 0x00, 0x00, 0x00, 0x00, 0x00, 0x00, 0x00, 0x00,
    0x00, 0x00, 0x00, 0x00, 0x00, 0x00, 0x00, 0x00, 0x00, 0x00, 0x00, 0x00, 0x00, 0x00, 0x00, 0x00,
    0x00, 0x00, 0x00, 0x00, 0x00, 0x00, 0x00, 0x00, 0x00, 0x00, 0x00, 0x00, 0x00, 0x03, 0x00, 0x00,
    0x73, 0xF5, 0xFD, 0xFF, 0xFF, 0xFF, 0xFF, 0xFF, 0xFF, 0xFF, 0xFF, 0xFF, 0xFF, 0xFF, 0xFB, 0xFF,
    0xA7, 0x00, 0x05, 0x04, 0x03, 0x02, 0x01, 0x00, 0x00, 0x00, 0x00, 0x00, 0x01, 0x02, 0x03, 0x04,
    0x04, 0x03, 0x05, 0x00, 0x1A, 0xD2, 0xFF, 0xFD, 0xFF, 0xFF, 0xFF, 0xFF, 0xFF, 0xFF, 0xFF, 0xFF,
    0xFF, 0xFC, 0xFF, 0x4D, 0x00, 0x00, 0x02, 0x04, 0x01, 0x00, 0x00, 0x00, 0x00, 0x00, 0x00, 0x00,
    0x00, 0x00, 0x00, 0x00, 0x00, 0x00, 0x00, 0x00, 0x00, 0x00, 0x00, 0x00, 0x00, 0x00, 0x00, 0x00,
    0x00, 0x00, 0x00, 0x00, 0x00, 0x00, 0x00, 0x00, 0x00, 0x00, 0x00, 0x00, 0x00, 0x00, 0x00, 0x00,
    0x00, 0x00, 0x00, 0x00, 0x00, 0x00, 0x00, 0x00, 0x00, 0x00, 0x04, 0x00, 0x1C, 0xB4, 0xFF, 0xFF,
    0xFF, 0xFF, 0xFF, 0xFF, 0xFF, 0xFF, 0xFF, 0xFF, 0xFF, 0xFF, 0xFE, 0xFD, 0xF9, 0xFB, 0xB9, 0x02,
    0x02, 0x00, 0x00, 0x00, 0x00, 0x00, 0x00, 0x00, 0x00, 0x00, 0x00, 0x00, 0x00, 0x00, 0x00, 0x00,
    0x00, 0x03, 0x00, 0x1E, 0xEB, 0xFD, 0xFE, 0xFF, 0xFF, 0xFF, 0xFF, 0xFF, 0xFF, 0xFF, 0xFF, 0xFB,
    0xFF, 0x71, 0x00, 0x07, 0x00, 0x00, 0x00, 0x00, 0x00, 0x00, 0x00, 0x00, 0x00, 0x00, 0x00, 0x00,
    0x00, 0x00, 0x00, 0x00, 0x00, 0x00, 0x00, 0x00, 0x00, 0x00, 0x00, 0x00, 0x00, 0x00, 0x00, 0x00,
    0x00, 0x00, 0x00, 0x00, 0x00, 0x00, 0x00, 0x00, 0x00, 0x00, 0x00, 0x00, 0x00, 0x00, 0x00, 0x00,
    0x00, 0x00, 0x00, 0x00, 0x00, 0x00, 0x00, 0x03, 0x00, 0x3D, 0xDF, 0xFF, 0xFB, 0xFE, 0xFF, 0xFF,
    0xFF, 0xFF, 0xFF, 0xFF, 0xFE, 0xFC, 0xFB, 0xFC, 0xFF, 0xFF, 0xFF, 0xFF, 0xA2, 0x00, 0x03, 0x00,
    0x00, 0x00, 0x00, 0x00, 0x00, 0x00, 0x00, 0x00, 0x00, 0x00, 0x00, 0x00, 0x00, 0x00, 0x00, 0x00,
    0x05, 0x00, 0x84, 0xFF, 0xFB, 0xFF, 0xFF, 0xFF, 0xFF, 0xFF, 0xFF, 0xFF, 0xFF, 0xFD, 0xFE, 0xDF,
    0x1D, 0x00, 0x04, 0x00, 0x00, 0x00, 0x00, 0x00, 0x00, 0x00, 0x00, 0x00, 0x00, 0x00, 0x00, 0x00,
    0x00, 0x00, 0x00, 0x00, 0x00, 0x00, 0x00, 0x00, 0x00, 0x00, 0x00, 0x00, 0x00, 0x00, 0x00, 0x00,
    0x00, 0x00, 0x00, 0x00, 0x00, 0x00, 0x00, 0x00, 0x00, 0x00, 0x00, 0x00, 0x00, 0x00, 0x00, 0x00,
    0x00, 0x00, 0x00, 0x00, 0x02, 0x00, 0x45, 0xF4, 0xFF, 0xFB, 0xFF, 0xFF, 0xFF, 0xFF, 0xFF, 0xFE,
    0xFC, 0xFC, 0xFF, 0xFF, 0xFF, 0xFF, 0xFA, 0xE3, 0xB9, 0x7E, 0x11, 0x00, 0x01, 0x00, 0x00, 0x00,
    0x00, 0x00, 0x00, 0x00, 0x00, 0x00, 0x00, 0x00, 0x00, 0x00, 0x00, 0x00, 0x00, 0x00, 0x01, 0x02,
    0x14, 0xE4, 0xFE, 0xFE, 0xFF, 0xFF, 0xFF, 0xFF, 0xFF, 0xFF, 0xFF, 0xFF, 0xFD, 0xFF, 0xE1, 0x34,
    0x00, 0x04, 0x00, 0x00, 0x00, 0x00, 0x00, 0x00, 0x00, 0x00, 0x00, 0x00, 0x00, 0x00, 0x00, 0x00,
    0x00, 0x00, 0x00, 0x00, 0x00, 0x00, 0x00, 0x00, 0x00, 0x00, 0x00, 0x00, 0x00, 0x00, 0x00, 0x00,
    0x00, 0x00, 0x00, 0x00, 0x00, 0x00, 0x00, 0x00, 0x00, 0x00, 0x00, 0x00, 0x00, 0x00, 0x00, 0x00,
    0x00, 0x03, 0x00, 0x3F, 0xFF, 0xFF, 0xFD, 0xFE, 0xFC, 0xFF, 0xFF, 0xFE, 0xFB, 0xFF, 0xFF, 0xFF,
    0xF6, 0xC8, 0x8E, 0x51, 0x25, 0x0B, 0x00, 0x00, 0x00, 0x00, 0x00, 0x00, 0x00, 0x00, 0x00, 0x00,
    0x00, 0x00, 0x00, 0x00, 0x00, 0x00, 0x00, 0x00, 0x00, 0x00, 0x00, 0x00, 0x00, 0x04, 0x00, 0x84,
    0xFF, 0xFB, 0xFF, 0xFF, 0xFF, 0xFF, 0xFF, 0xFF, 0xFF, 0xFF, 0xFF, 0xFD, 0xFF, 0xF3, 0x4C, 0x00,
    0x02, 0x00, 0x00, 0x00, 0x00, 0x00, 0x00, 0x00, 0x00, 0x00, 0x00, 0x00, 0x00, 0x00, 0x00, 0x00,
    0x00, 0x00, 0x00, 0x00, 0x00, 0x00, 0x00, 0x00, 0x00, 0x00, 0x00, 0x00, 0x00, 0x00, 0x00, 0x00,
    0x00, 0x00, 0x00, 0x00, 0x00, 0x00, 0x00, 0x00, 0x00, 0x00, 0x00, 0x00, 0x00, 0x00, 0x00, 0x03,
    0x00, 0x69, 0xA8, 0x6D, 0xE6, 0xFF, 0xFF, 0xF5, 0xFB, 0xFF, 0xFF, 0xFD, 0xBF, 0x6D, 0x22, 0x00,
    0x00, 0x00, 0x00, 0x00, 0x02, 0x04, 0x01, 0x00, 0x00, 0x00, 0x00, 0x00, 0x00, 0x00, 0x00, 0x00,
    0x00, 0x00, 0x00, 0x00, 0x00, 0x00, 0x00, 0x00, 0x00, 0x00, 0x00, 0x03, 0x01, 0x35, 0xFD, 0xFD,
    0xFF, 0xFF, 0xFF, 0xFF, 0xFF, 0xFF, 0xFF, 0xFF, 0xFF, 0xFF, 0xFD, 0xFF, 0xFB, 0x56, 0x00, 0x02,
    0x00, 0x00, 0x00, 0x00, 0x00, 0x00, 0x00, 0x00, 0x00, 0x00, 0x00, 0x00, 0x00, 0x00, 0x00, 0x00,
    0x00, 0x00, 0x00, 0x00, 0x00, 0x00, 0x00, 0x00, 0x00, 0x00, 0x00, 0x00, 0x00, 0x00, 0x00, 0x00,
    0x00, 0x00, 0x00, 0x00, 0x00, 0x00, 0x00, 0x00, 0x00, 0x00, 0x00, 0x00, 0x00, 0x00, 0x00, 0x00,
    0x00, 0x47, 0xFF, 0xEF, 0x7F, 0xAB, 0xFF, 0xE4, 0x88, 0x2F, 0x00, 0x00, 0x00, 0x01, 0x04, 0x03,
    0x02, 0x01, 0x00, 0x00, 0x00, 0x00, 0x00, 0x00, 0x00, 0x00, 0x00, 0x00, 0x00, 0x00, 0x00, 0x00,
    0x00, 0x00, 0x00, 0x00, 0x00, 0x00, 0x00, 0x00, 0x00, 0x00, 0x01, 0x02, 0xCE, 0xFF, 0xF9, 0xFC,
    0xFE, 0xFF, 0xFF, 0xFF, 0xFE, 0xFD, 0xFF, 0xFF, 0xFF, 0xFB, 0xFF, 0xFA, 0x16, 0x00, 0x01, 0x00,
    0x00, 0x00, 0x00, 0x00, 0x00, 0x00, 0x00, 0x00, 0x00, 0x00, 0x00, 0x00, 0x00, 0x00, 0x00, 0x00,
    0x00, 0x00, 0x00, 0x00, 0x00, 0x00, 0x00, 0x00, 0x00, 0x00, 0x00, 0x00, 0x00, 0x00, 0x00, 0x00,
    0x00, 0x00, 0x00, 0x00, 0x00, 0x00, 0x00, 0x00, 0x00, 0x00, 0x00, 0x00, 0x00, 0x04, 0x03, 0x6E,
    0x8B, 0x1C, 0x00, 0x96, 0x6D, 0x12, 0x00, 0x00, 0x01, 0x04, 0x02, 0x00, 0x00, 0x00, 0x00, 0x00,
    0x00, 0x00, 0x00, 0x00, 0x00, 0x00, 0x00, 0x00, 0x00, 0x00, 0x00, 0x00, 0x00, 0x00, 0x00, 0x00,
    0x00, 0x00, 0x00, 0x00, 0x00, 0x00, 0x00, 0x00, 0x03, 0x00, 0x49, 0xED, 0xFF, 0xFF, 0xFF, 0xFC,
    0xFE, 0xFF, 0xFF, 0xFF, 0xFF, 0xF9, 0xFC, 0xBA, 0x45, 0x3F, 0x0A, 0x00, 0x01, 0x00, 0x00, 0x00,
    0x00, 0x00, 0x00, 0x00, 0x00, 0x00, 0x00, 0x00, 0x00, 0x00, 0x00, 0x00, 0x00, 0x00, 0x00, 0x00,
    0x00, 0x00, 0x00, 0x00, 0x00, 0x00, 0x00, 0x00, 0x00, 0x00, 0x00, 0x00, 0x00, 0x00, 0x00, 0x00,
    0x00, 0x00, 0x00, 0x00, 0x00, 0x00, 0x00, 0x00, 0x00, 0x00, 0x00, 0x00, 0x00, 0x00, 0x00, 0x00,
    0x03, 0x00, 0x00, 0x00, 0x04, 0x02, 0x00, 0x00, 0x00, 0x00, 0x00, 0x00, 0x00, 0x00, 0x00, 0x00,
    0x00, 0x00, 0x00, 0x00, 0x00, 0x00, 0x00, 0x00, 0x00, 0x00, 0x00, 0x00, 0x00, 0x00, 0x00, 0x00,
    0x00, 0x00, 0x00, 0x00, 0x00, 0x00, 0x00, 0x01, 0x00, 0x1B, 0x74, 0xBF, 0xFD, 0xFF, 0xFF, 0xFC,
    0xE8, 0xD2, 0xFF, 0xFF, 0xFF, 0xFF, 0x64, 0x00, 0x01, 0x00, 0x00, 0x00, 0x00, 0x00, 0x00, 0x00,
    0x00, 0x00, 0x00, 0x00, 0x00, 0x00, 0x00, 0x00, 0x00, 0x00, 0x00, 0x00, 0x00, 0x00, 0x00, 0x00,
    0x00, 0x00, 0x00, 0x00, 0x00, 0x00, 0x00, 0x00, 0x00, 0x00, 0x00, 0x00, 0x00, 0x00, 0x00, 0x00,
    0x00, 0x00, 0x00, 0x00, 0x00, 0x00, 0x00, 0x00, 0x00, 0x00, 0x00, 0x02, 0x04, 0x02, 0x00, 0x02,
    0x04, 0x01, 0x00, 0x00, 0x00, 0x00, 0x00, 0x00, 0x00, 0x00, 0x00, 0x00, 0x00, 0x00, 0x00, 0x00,
    0x00, 0x00, 0x00, 0x00, 0x00, 0x00, 0x00, 0x00, 0x00, 0x00, 0x00, 0x00, 0x00, 0x00, 0x00, 0x00,
    0x00, 0x00, 0x00, 0x00, 0x00, 0x00, 0x02, 0x00, 0x00, 0x00, 0x3C, 0xA9, 0xE5, 0xFF, 0xFF, 0x5F,
    0x33, 0x80, 0xA0, 0xA4, 0x59, 0x03, 0x02, 0x00, 0x00, 0x00, 0x00, 0x00, 0x00, 0x00, 0x00, 0x00,
    0x00, 0x00, 0x00, 0x00, 0x00, 0x00, 0x00, 0x00, 0x00, 0x00, 0x00, 0x00, 0x00, 0x00, 0x00, 0x00,
    0x00, 0x00, 0x00, 0x00, 0x00, 0x00, 0x00, 0x00, 0x00, 0x00, 0x00, 0x00, 0x00, 0x00, 0x00, 0x00,
    0x00, 0x00, 0x00, 0x00, 0x00, 0x00, 0x00, 0x00, 0x00, 0x00, 0x00, 0x00, 0x00, 0x00, 0x00, 0x00,
    0x00, 0x00, 0x00, 0x00, 0x00, 0x00, 0x00, 0x00, 0x00, 0x00, 0x00, 0x00, 0x00, 0x00, 0x00, 0x00,
    0x00, 0x00, 0x00, 0x00, 0x00, 0x00, 0x00, 0x00, 0x00, 0x00, 0x00, 0x00, 0x00, 0x00, 0x00, 0x00,
    0x00, 0x00, 0x00, 0x00, 0x00, 0x02, 0x03, 0x02, 0x00, 0x00, 0x11, 0x5B, 0xB6, 0xB8, 0x00, 0x00,
    0x00, 0x00, 0x00, 0x00, 0x00, 0x00, 0x00, 0x00, 0x00, 0x00, 0x00, 0x00, 0x00, 0x00, 0x00, 0x00,
    0x00, 0x00, 0x00, 0x00, 0x00, 0x00, 0x00, 0x00, 0x00, 0x00, 0x00, 0x00, 0x00, 0x00, 0x00, 0x00,
    0x00, 0x00, 0x00, 0x00, 0x00, 0x00, 0x00, 0x00, 0x00, 0x00, 0x00, 0x00, 0x00, 0x00, 0x00, 0x00,
    0x00, 0x00, 0x00, 0x00, 0x00, 0x00, 0x00, 0x00, 0x00, 0x00, 0x00, 0x00, 0x00, 0x00, 0x00, 0x00,
    0x00, 0x00, 0x00, 0x00, 0x00, 0x00, 0x00, 0x00, 0x00, 0x00, 0x00, 0x00, 0x00, 0x00, 0x00, 0x00,
    0x00, 0x00, 0x00, 0x00, 0x00, 0x00, 0x00, 0x00, 0x00, 0x00, 0x00, 0x00, 0x00, 0x00, 0x00, 0x00,
    0x00, 0x00, 0x00, 0x00, 0x00, 0x00, 0x02, 0x03, 0x00, 0x00, 0x00, 0x00, 0x02, 0x04, 0x03, 0x03,
    0x03, 0x00, 0x00, 0x00, 0x00, 0x00, 0x00, 0x00, 0x00, 0x00, 0x00, 0x00, 0x00, 0x00, 0x00, 0x00,
    0x00, 0x00, 0x00, 0x00, 0x00, 0x00, 0x00, 0x00, 0x00, 0x00, 0x00, 0x00, 0x00, 0x00, 0x00, 0x00,
    0x00, 0x00, 0x00, 0x00, 0x00, 0x00, 0x00, 0x00, 0x00, 0x00, 0x00, 0x00, 0x00, 0x00, 0x00, 0x00,
    0x00, 0x00, 0x00, 0x00, 0x00, 0x00, 0x00, 0x00, 0x00, 0x00, 0x00, 0x00, 0x00, 0x00, 0x00, 0x00,
    0x00, 0x00, 0x00, 0x00, 0x00, 0x00, 0x00, 0x00, 0x00, 0x00, 0x00, 0x00, 0x00, 0x00, 0x00, 0x00,
    0x00, 0x00, 0x00, 0x00, 0x00, 0x00, 0x00, 0x00, 0x00, 0x00, 0x00, 0x00, 0x00, 0x00, 0x00, 0x00,
    0x00, 0x00, 0x00, 0x00, 0x00, 0x00, 0x01, 0x03, 0x02, 0x00, 0x00, 0x00, 0x00, 0x00, 0x00, 0x00,
    0x00, 0x00, 0x00, 0x00, 0x00, 0x00, 0x00, 0x00, 0x00, 0x00, 0x00, 0x00, 0x00, 0x00, 0x00, 0x00,
    0x00, 0x00, 0x00, 0x00, 0x00, 0x00, 0x00, 0x00, 0x00, 0x00, 0x00, 0x00, 0x00, 0x00, 0x00, 0x00,
    0x00, 0x00, 0x00, 0x00, 0x00, 0x00, 0x00, 0x00, 0x00, 0x00, 0x00, 0x00, 0x00, 0x00, 0x00, 0x00,
    0x00, 0x00, 0x00, 0x00, 0x00, 0x00, 0x00, 0x00, 0x00, 0x00, 0x00, 0x00, 0x00, 0x00, 0x00, 0x00,
    0x00, 0x00, 0x00, 0x00, 0x00, 0x00, 0x00, 0x00, 0x00, 0x00, 0x00, 0x00, 0x00, 0x00, 0x00, 0x00,
    0x00, 0x00, 0x00, 0x00, 0x00, 0x00, 0x00, 0x00, 0x00, 0x00, 0x00, 0x00, 0x00, 0x00, 0x00, 0x00,
    0x00, 0x00, 0x00, 0x00, 0x00, 0x00, 0x00, 0x00, 0x00, 0x00, 0x00, 0x00, 0x00, 0x00, 0x00, 0x00,
    0x00, 0x00, 0x00, 0x00, 0x00, 0x00, 0x00, 0x00, 0x00, 0x00, 0x00, 0x00, 0x00, 0x00, 0x00, 0x00,
    0x00, 0x00, 0x00, 0x00, 0x00, 0x00, 0x00, 0x00, 0x00, 0x00, 0x00, 0x00, 0x00, 0x00, 0x00, 0x00,
    0x00, 0x00, 0x00, 0x00, 0x00, 0x00, 0x00, 0x00, 0x00, 0x00, 0x00, 0x00, 0x00, 0x00, 0x00, 0x00,
    0x00, 0x00, 0x00, 0x00, 0x00, 0x00, 0x00, 0x00, 0x00, 0x00, 0x00, 0x00, 0x00, 0x00, 0x00, 0x00,
    0x00, 0x00, 0x00, 0x00, 0x00, 0x00, 0x00, 0x00, 0x00, 0x00, 0x00, 0x00, 0x00, 0x00, 0x00, 0x00,
    0x00, 0x00, 0x00, 0x00, 0x00, 0x00, 0x00, 0x00, 0x00, 0x00, 0x00, 0x00, 0x00, 0x00, 0x00, 0x00,
    0x00, 0x00, 0x00, 0x00, 0x00, 0x00, 0x00, 0x00, 0x00, 0x00, 0x00, 0x00, 0x00, 0x00, 0x00, 0x00,
    0x00, 0x00, 0x00, 0x00, 0x00, 0x00, 0x00, 0x00, 0x00, 0x00, 0x00, 0x00, 0x00, 0x00, 0x00, 0x00,
    0x00, 0x00, 0x00, 0x00, 0x00, 0x00, 0x00, 0x00, 0x00, 0x00, 0x00, 0x00, 0x00, 0x00, 0x00, 0x00,
    0x00, 0x00, 0x00, 0x00, 0x00, 0x00, 0x00, 0x00, 0x00, 0x00, 0x00, 0x00, 0x00, 0x00, 0x00, 0x00,
    0x00, 0x00, 0x00, 0x00, 0x00, 0x00, 0x00, 0x00, 0x00, 0x00, 0x00, 0x00, 0x00, 0x00, 0x00, 0x00,
    0x00, 0x00, 0x00, 0x00, 0x00, 0x00, 0x00, 0x00, 0x00, 0x00, 0x00, 0x00, 0x00, 0x00, 0x00, 0x00,
    0x00, 0x00, 0x00, 0x00, 0x00, 0x00, 0x00, 0x00, 0x00, 0x00, 0x00, 0x00, 0x00, 0x00, 0x00, 0x00,
    0x00, 0x00, 0x00, 0x00, 0x00, 0x00, 0x00, 0x00, 0x00, 0x00, 0x00, 0x00, 0x00, 0x00, 0x00, 0x00,
    0x00, 0x00, 0x00, 0x00, 0x00, 0x00, 0x00, 0x00, 0x00, 0x00, 0x00, 0x00, 0x00, 0x00, 0x00, 0x00,
    0x00, 0x00, 0x00, 0x00, 0x00, 0x00, 0x00, 0x00, 0x00, 0x00, 0x00, 0x00,
};

const lv_image_dsc_t charmander_large = {
    .header = {
        .magic = LV_IMAGE_HEADER_MAGIC,
        .cf = LV_COLOR_FORMAT_RGB565A8,
        .flags = 0,
        .w = 110,
        .h = 110,
        .stride = 220,
    },
    .data_size = sizeof(charmander_large_map),
    .data = charmander_large_map,
};

static LV_ATTRIBUTE_MEM_ALIGN LV_ATTRIBUTE_LARGE_CONST const uint8_t charmander_small_map[] = {
    0x00, 0x00, 0x00, 0x00, 0x00, 0x00, 0x00, 0x00, 0x00, 0x00, 0x00, 0x00, 0x00, 0x00, 0x00, 0x00,
    0x00, 0x00, 0x00, 0x00, 0x00, 0x00, 0x00, 0x00, 0x00, 0x00, 0x00, 0x00, 0x00, 0x00, 0x00, 0x00,
    0x00, 0x00, 0x00, 0x00, 0x00, 0x00, 0x00, 0x00, 0x00, 0x00, 0x00, 0x00, 0x00, 0x00, 0x00, 0x00,
    0x00, 0x00, 0x00, 0x00, 0x00, 0x00, 0x00, 0x00, 0x00, 0x00, 0x00, 0x00, 0x00, 0x00, 0x00, 0x00,
    0x00, 0x00, 0x00, 0x00, 0x00, 0x00, 0x00, 0x00, 0x00, 0x00, 0x00, 0x00, 0x00, 0x00, 0x00, 0x00,
    0x00, 0x00, 0x00, 0x00, 0x00, 0x00, 0x00, 0x00, 0x00, 0x00, 0x00, 0x00, 0x00, 0x00, 0x00, 0x00,
    0x00, 0x00, 0x00, 0x00, 0x00, 0x00, 0x00, 0x00, 0x00, 0x00, 0x00, 0x00, 0x00, 0x00, 0x00, 0x00,
    0x00, 0x00, 0x00, 0x00, 0x00, 0x00, 0x00, 0x00, 0x00, 0x00, 0x00, 0x00, 0x00, 0x00, 0x00, 0x00,
    0x00, 0x00, 0x00, 0x00, 0x00, 0x00, 0x00, 0x00, 0x00, 0x00, 0x00, 0x00, 0x00, 0x00, 0x00, 0x00,
    0x00, 0x00, 0x00, 0x00, 0x00, 0x00, 0x00, 0x00, 0x00, 0x00, 0x00, 0x00, 0x00, 0x00, 0x00, 0x00,
    0x00, 0x00, 0x00, 0x00, 0x00, 0x00, 0x00, 0x00, 0x00, 0x00, 0x00, 0x00, 0x00, 0x00, 0x00, 0x00,
    0x00, 0x00, 0x00, 0x00, 0x00, 0x00, 0x00, 0x00, 0x00, 0x00, 0x00, 0x00, 0x00, 0x00, 0x00, 0x00,
    0x00, 0x00, 0x00, 0x00, 0x00, 0x00, 0x00, 0x00, 0x00, 0x00, 0x00, 0x00, 0x00, 0x00, 0x00, 0x00,
    0x00, 0x00, 0x00, 0x00, 0x00, 0x00, 0x00, 0x00, 0x00, 0x00, 0x00, 0x00, 0x00, 0x00, 0x00, 0x00,
    0x00, 0x00, 0x00, 0x00, 0x00, 0x00, 0x00, 0x00, 0x00, 0x00, 0x00, 0x00, 0x00, 0x00, 0x00, 0x00,
    0x00, 0x00, 0x00, 0x00, 0x00, 0x00, 0x00, 0x00, 0x00, 0x00, 0x00, 0x00, 0x00, 0x00, 0x00, 0x00,
    0x00, 0x00, 0x00, 0x00, 0x00, 0x00, 0x00, 0x00, 0x00, 0x00, 0x00, 0x00, 0x00, 0x00, 0x00, 0x00,
    0x00, 0x00, 0x00, 0x00, 0x00, 0x00, 0x00, 0x00, 0x00, 0x00, 0x00, 0x00, 0x00, 0x00, 0x00, 0x00,
    0x00, 0x00, 0x00, 0x00, 0x00, 0x00, 0x00, 0x00, 0x00, 0x00, 0x00, 0x00, 0x00, 0x00, 0x00, 0x00,
    0x00, 0x00, 0x00, 0x00, 0x00, 0x00, 0x00, 0x00, 0x00, 0x00, 0x00, 0x00, 0x00, 0x00, 0x00, 0x00,
    0x00, 0x00, 0x00, 0x00, 0x00, 0x00, 0x00, 0x00, 0x00, 0x00, 0x00, 0x00, 0x00, 0x00, 0x00, 0x00,
    0x00, 0x00, 0x00, 0x00, 0x00, 0x00, 0x00, 0x00, 0x00, 0x00, 0x00, 0x00, 0x00, 0x00, 0x00, 0x00,
    0x00, 0x00, 0x00, 0x00, 0x00, 0x00, 0x00, 0x00, 0x00, 0x00, 0x00, 0x00, 0x00, 0x00, 0x00, 0x00,
    0x00, 0x00, 0x00, 0x00, 0x00, 0x00, 0xAA, 0xAA, 0xF5, 0xFF, 0x00, 0x00, 0x00, 0x00, 0x00, 0x00,
    0x00, 0x00, 0x00, 0x00, 0x00, 0x00, 0xEF, 0xBB, 0x00, 0x78, 0x00, 0x00, 0x00, 0x00, 0x00, 0x00,
    0x00, 0x00, 0x00, 0x00, 0x00, 0x00, 0x00, 0x00, 0x00, 0x00, 0x00, 0x00, 0x00, 0x00, 0x00, 0x00,
    0x00, 0x00, 0x00, 0x00, 0x00, 0x00, 0x00, 0x00, 0x00, 0x00, 0x00, 0x00, 0x00, 0x00, 0x00, 0x00,
    0x00, 0x00, 0x00, 0x00, 0x00, 0x00, 0x00, 0x00, 0x00, 0x00, 0x00, 0x00, 0x00, 0x00, 0x00, 0x00,
    0x00, 0x00, 0x00, 0x00, 0x00, 0x00, 0x00, 0x00, 0x00, 0x00, 0x00, 0x00, 0x00, 0x00, 0x00, 0x00,
    0x00, 0x00, 0x00, 0x00, 0x00, 0x00, 0x00, 0x00, 0x00, 0x00, 0x00, 0x00, 0x00, 0x00, 0x00, 0x00,
    0x00, 0x00, 0x00, 0x00, 0x00, 0x00, 0x00, 0x00, 0x00, 0x00, 0x00, 0x00, 0x00, 0x00, 0x00, 0x00,
    0x00, 0x00, 0x00, 0x00, 0x00, 0x00, 0x00, 0x00, 0x00, 0x00, 0x00, 0x00, 0x00, 0x00, 0x00, 0x00,
    0x00, 0x00, 0x00, 0x00, 0x00, 0x00, 0x00, 0x00, 0x00, 0x00, 0x00, 0x00, 0x00, 0x00, 0x00, 0x00,
    0x00, 0x00, 0x00, 0x00, 0x00, 0x00, 0xAA, 0xAA, 0x00, 0x00, 0x00, 0x00, 0x00, 0x00, 0x00, 0x00,
    0x00, 0x00, 0x00, 0x00, 0x00, 0x00, 0x00, 0x00, 0x00, 0x00, 0x00, 0x00, 0x00, 0x00, 0xEF, 0xFF,
    0x00, 0x00, 0x00, 0x00, 0x00, 0x00, 0x00, 0x00, 0x00, 0x00, 0x00, 0x00, 0x00, 0x00, 0x00, 0x00,
    0x00, 0x00, 0x00, 0x00, 0x00, 0x00, 0x00, 0x00, 0x00, 0x00, 0x00, 0x00, 0x00, 0x00, 0x00, 0x00,
    0x00, 0x00, 0x00, 0x00, 0x00, 0x00, 0x00, 0x00, 0x00, 0x00, 0x00, 0x00, 0x00, 0x00, 0x00, 0x00,
    0x00, 0x00, 0x00, 0x00, 0x00, 0x00, 0x00, 0x00, 0x00, 0x00, 0x00, 0x00, 0x00, 0x00, 0x00, 0x00,
    0x00, 0x00, 0x00, 0x00, 0x00, 0x00, 0x00, 0x00, 0x00, 0x00, 0x00, 0x00, 0x00, 0x00, 0x00, 0x00,
    0x00, 0x00, 0x00, 0x00, 0x00, 0x00, 0x00, 0x00, 0x00, 0x00, 0x00, 0x00, 0x00, 0x00, 0x00, 0x00,
    0x00, 0x00, 0x00, 0x00, 0x00, 0x00, 0x00, 0x00, 0x00, 0x00, 0x00, 0x00, 0x00, 0x00, 0x00, 0x00,
    0x00, 0x00, 0x00, 0x00, 0x00, 0x00, 0x00, 0x00, 0x00, 0x00, 0x00, 0x00, 0x00, 0x00, 0x00, 0x00,
    0x00, 0x00, 0x00, 0x00, 0x00, 0x00, 0x00, 0x50, 0x00, 0x00, 0x00, 0x00, 0x00, 0x00, 0x06, 0x5A,
    0x8B, 0x93, 0x0C, 0xAC, 0x2C, 0xB4, 0x4C, 0xBC, 0x6D, 0xC4, 0x4C, 0xBC, 0xAA, 0xA3, 0xC8, 0x7A,
    0x20, 0x00, 0x00, 0x00, 0x00, 0x00, 0x00, 0x00, 0x00, 0x00, 0x00, 0x00, 0x00, 0x00, 0x00, 0x00,
    0x00, 0x00, 0x00, 0x00, 0x00, 0x00, 0x00, 0x00, 0x00, 0x00, 0x00, 0x00, 0x00, 0x00, 0x00, 0x00,
    0x00, 0x00, 0x00, 0x00, 0x00, 0x00, 0x00, 0x00, 0x00, 0x00, 0x00, 0x00, 0x00, 0x00, 0x00, 0x00,
    0x00, 0x00, 0x00, 0x00, 0x00, 0x00, 0x00, 0x00, 0x00, 0x00, 0x00, 0x00, 0x00, 0x00, 0x00, 0x00,
    0x00, 0x00, 0x00, 0x00, 0x00, 0x00, 0x00, 0x00, 0x00, 0x00, 0x00, 0x00, 0x00, 0x00, 0x00, 0x00,
    0x00, 0x00, 0x00, 0x00, 0x00, 0x00, 0x00, 0x00, 0x00, 0x00, 0x00, 0x00, 0x00, 0x00, 0x00, 0x00,
    0x00, 0x00, 0x00, 0x00, 0x00, 0x00, 0x00, 0x00, 0x00, 0x00, 0x00, 0x00, 0x00, 0x00, 0x00, 0x00,
    0x00, 0x00, 0x00, 0x00, 0x00, 0x00, 0x00, 0x00, 0x00, 0x00, 0x00, 0x00, 0x00, 0x00, 0x00, 0x00,
    0x00, 0x00, 0x00, 0x00, 0x00, 0x00, 0x00, 0x00, 0xAA, 0x52, 0x00, 0x00, 0x00, 0x00, 0xC5, 0x49,
    0x0C, 0xAC, 0x70, 0xE5, 0x12, 0xFE, 0xF2, 0xFD, 0xD1, 0xFD, 0x90, 0xF5, 0x70, 0xED, 0x90, 0xF5,
    0xB0, 0xFD, 0x90, 0xF5, 0x0C, 0xB4, 0xE5, 0x51, 0x00, 0x00, 0x00, 0x00, 0x00, 0x00, 0x00, 0x00,
    0x00, 0x00, 0x00, 0x00, 0x00, 0x00, 0x00, 0x00, 0x00, 0x00, 0x00, 0x00, 0x00, 0x00, 0x00, 0x00,
    0x00, 0x00, 0x00, 0x00, 0x00, 0x00, 0x00, 0x00, 0x00, 0x00, 0x00, 0x00, 0x00, 0x00, 0x00, 0x00,
    0x00, 0x00, 0x00, 0x00, 0x00, 0x00, 0x00, 0x00, 0x00, 0x00, 0x00, 0x00, 0x00, 0x00, 0x00, 0x00,
    0x00, 0x00, 0x00, 0x00, 0x00, 0x00, 0x00, 0x00, 0x00, 0x00, 0x00, 0x00, 0x00, 0x00, 0x00, 0x00,
    0x00, 0x00, 0x00, 0x00, 0x00, 0x00, 0x00, 0x00, 0x00, 0x00, 0x00, 0x00, 0x00, 0x00, 0x00, 0x00,
    0x00, 0x00, 0x00, 0x00, 0x00, 0x00, 0x00, 0x00, 0x00, 0x00, 0x00, 0x00, 0x00, 0x00, 0x00, 0x00,
    0x00, 0x00, 0x00, 0x00, 0x00, 0x00, 0x00, 0x00, 0x00, 0x00, 0x00, 0x00, 0x00, 0x00, 0x00, 0x00,
    0x00, 0x00, 0x00, 0x00, 0x00, 0x00, 0x00, 0x00, 0x00, 0x00, 0xE7, 0x79, 0x00, 0x00, 0x60, 0x10,
    0x6A, 0x93, 0xB1, 0xED, 0x13, 0xFE, 0xB1, 0xF5, 0x91, 0xED, 0x91, 0xED, 0x71, 0xED, 0x50, 0xE5,
    0x4F, 0xE5, 0x2F, 0xE5, 0x4F, 0xE5, 0x4F, 0xED, 0x70, 0xED, 0xEE, 0xD4, 0xA8, 0x72, 0x00, 0x00,
    0x00, 0x00, 0x00, 0x50, 0x00, 0x00, 0x00, 0x00, 0x00, 0x00, 0x00, 0x00, 0x00, 0x00, 0x00, 0x00,
    0x00, 0x00, 0x00, 0x00, 0x00, 0x00, 0x00, 0x00, 0x00, 0x00, 0x00, 0x00, 0x00, 0x00, 0x00, 0x00,
    0x00, 0x00, 0x00, 0x00, 0x00, 0x00, 0x00, 0x00, 0x00, 0x00, 0x00, 0x00, 0x00, 0x00, 0x00, 0x00,
    0x00, 0x00, 0x00, 0x00, 0x00, 0x00, 0x00, 0x00, 0x00, 0x00, 0x00, 0x00, 0x00, 0x00, 0x00, 0x00,
    0x00, 0x00, 0x00, 0x00, 0x00, 0x00, 0x00, 0x00, 0x00, 0x00, 0x00, 0x00, 0x00, 0x00, 0x00, 0x00,
    0x00, 0x00, 0x00, 0x00, 0x00, 0x00, 0x00, 0x00, 0x00, 0x00, 0x00, 0x00, 0x00, 0x00, 0x00, 0x00,
    0x00, 0x00, 0x00, 0x00, 0x00, 0x00, 0x00, 0x00, 0x00, 0x00, 0x00, 0x00, 0x00, 0x00, 0x00, 0x00,
    0x00, 0x00, 0x00, 0x00, 0x00, 0x00, 0x00, 0x00, 0x00, 0x00, 0x00, 0x00, 0xAA, 0xAA, 0x00, 0x00,
    0x23, 0x31, 0x4C, 0xBC, 0x75, 0xFE, 0x76, 0xF6, 0x14, 0xEE, 0x91, 0xED, 0x91, 0xED, 0xB1, 0xED,
    0x91, 0xED, 0x70, 0xE5, 0x50, 0xE5, 0x4F, 0xE5, 0x4F, 0xED, 0x4F, 0xED, 0x4F, 0xED, 0x0E, 0xDD,
    0xCE, 0xD4, 0xA8, 0x72, 0x00, 0x00, 0x00, 0x00, 0x00, 0x00, 0x00, 0x00, 0x00, 0x00, 0x00, 0x00,
    0x00, 0x00, 0x00, 0x00, 0x00, 0x00, 0x00, 0x00, 0x00, 0x00, 0x00, 0x00, 0x00, 0x00, 0x00, 0x00,
    0x00, 0x00, 0x00, 0x00, 0x00, 0x00, 0x00, 0x00, 0x00, 0x00, 0x00, 0x00, 0x00, 0x00, 0x00, 0x00,
    0x00, 0x00, 0x00, 0x00, 0x00, 0x00, 0x00, 0x00, 0x00, 0x00, 0x00, 0x00, 0x00, 0x00, 0x00, 0x00,
    0x00, 0x00, 0x00, 0x00, 0x00, 0x00, 0x00, 0x00, 0x00, 0x00, 0x00, 0x00, 0x00, 0x00, 0x00, 0x00,
    0x00, 0x00, 0x00, 0x00, 0x00, 0x00, 0x00, 0x00, 0x00, 0x00, 0x00, 0x00, 0x00, 0x00, 0x00, 0x00,
    0x00, 0x00, 0x00, 0x00, 0x00, 0x00, 0x00, 0x00, 0x00, 0x00, 0x00, 0x00, 0x00, 0x00, 0x00, 0x00,
    0x00, 0x00, 0x00, 0x00, 0x00, 0x00, 0x00, 0x00, 0x00, 0x00, 0x00, 0x00, 0x00, 0x00, 0xAA, 0x52,
    0x00, 0x00, 0x61, 0x10, 0x4C, 0xBC, 0x75, 0xFE, 0x56, 0xEE, 0x56, 0xEE, 0x34, 0xEE, 0xB1, 0xED,
    0x91, 0xED, 0x91, 0xED, 0x71, 0xED, 0x70, 0xE5, 0x4F, 0xE5, 0x4F, 0xE5, 0x4F, 0xE5, 0x4F, 0xED,
    0x4F, 0xED, 0x4F, 0xED, 0x8D, 0xCC, 0x8E, 0xC4, 0x06, 0x52, 0x00, 0x00, 0xEF, 0xFF, 0x00, 0x00,
    0x00, 0x00, 0x00, 0x00, 0x00, 0x00, 0x00, 0x00, 0x00, 0x00, 0x00, 0x00, 0x00, 0x00, 0x00, 0x00,
    0x00, 0x00, 0x00, 0x00, 0x00, 0x00, 0x00, 0x00, 0x00, 0x00, 0x00, 0x00, 0x00, 0x00, 0x00, 0x00,
    0x00, 0x00, 0x00, 0x00, 0x00, 0x00, 0x00, 0x00, 0x00, 0x00, 0x00, 0x00, 0x00, 0x00, 0x00, 0x00,
    0x00, 0x00, 0x00, 0x00, 0x00, 0x00, 0x00, 0x00, 0x00, 0x00, 0x00, 0x00, 0x00, 0x00, 0x00, 0x00,
    0x00, 0x00, 0x00, 0x00, 0x00, 0x00, 0x00, 0x00, 0x00, 0x00, 0x00, 0x00, 0x00, 0x00, 0x00, 0x00,
    0x00, 0x00, 0x00, 0x00, 0x00, 0x00, 0x00, 0x00, 0x00, 0x00, 0x00, 0x00, 0x00, 0x00, 0x00, 0x00,
    0x00, 0x00, 0x00, 0x00, 0x00, 0x00, 0x00, 0x00, 0x00, 0x00, 0x00, 0x00, 0x00, 0x00, 0x00, 0x00,
    0x00, 0x00, 0x00, 0x00, 0x00, 0x00, 0x8A, 0xA3, 0x13, 0xFE, 0x35, 0xEE, 0x35, 0xEE, 0x56, 0xEE,
    0xD2, 0xED, 0x91, 0xED, 0x91, 0xED, 0x91, 0xED, 0x70, 0xED, 0x50, 0xE5, 0x4F, 0xE5, 0x4F, 0xE5,
    0x4F, 0xED, 0x4F, 0xED, 0x4F, 0xED, 0x6F, 0xED, 0xCE, 0xD4, 0x6D, 0xBC, 0xEC, 0xA3, 0xC2, 0x20,
    0x00, 0x00, 0xE7, 0x39, 0x00, 0x00, 0x00, 0x00, 0x00, 0x00, 0x00, 0x00, 0x00, 0x00, 0x00, 0x00,
    0x00, 0x00, 0x00, 0x00, 0x00, 0x00, 0x00, 0x00, 0x00, 0x00, 0x00, 0x00, 0x00, 0x00, 0x00, 0x00,
    0x00, 0x00, 0x00, 0x00, 0x00, 0x00, 0x00, 0x00, 0x00, 0x00, 0x00, 0x00, 0x00, 0x00, 0x00, 0x00,
    0x00, 0x00, 0x00, 0x00, 0x00, 0x00, 0x00, 0x00, 0x00, 0x00, 0x00, 0x00, 0x00, 0x00, 0x00, 0x00,
    0x00, 0x00, 0x00, 0x00, 0x00, 0x00, 0x00, 0x00, 0x00, 0x00, 0x00, 0x00, 0x00, 0x00, 0x00, 0x00,
    0x00, 0x00, 0x00, 0x00, 0x00, 0x00, 0x00, 0x00, 0x00, 0x00, 0x00, 0x00, 0x00, 0x00, 0x00, 0x00,
    0x00, 0x00, 0x00, 0x00, 0x00, 0x00, 0x00, 0x00, 0x00, 0x00, 0x00, 0x00, 0x00, 0x00, 0x00, 0x00,
    0x00, 0x00, 0x00, 0x00, 0xEF, 0xFF, 0x00, 0x00, 0xE8, 0x7A, 0xB0, 0xFD, 0xF3, 0xED, 0x55, 0xEE,
    0x56, 0xEE, 0xF4, 0xED, 0x71, 0xED, 0x71, 0xED, 0x91, 0xED, 0x70, 0xED, 0x70, 0xED, 0x4F, 0xE5,
    0x2F, 0xE5, 0x4F, 0xE5, 0x4F, 0xED, 0x4F, 0xED, 0x4F, 0xED, 0x4F, 0xED, 0xEE, 0xDC, 0x4D, 0xB4,
    0x8E, 0xC4, 0x67, 0x62, 0x00, 0x00, 0xFF, 0xFF, 0x00, 0x00, 0x00, 0x00, 0x00, 0x00, 0x00, 0x00,
    0x00, 0x00, 0x00, 0x00, 0x00, 0x00, 0x00, 0x00, 0x00, 0x00, 0x00, 0x00, 0x00, 0x00, 0x00, 0x00,
    0x00, 0x00, 0x00, 0x00, 0x00, 0x00, 0x00, 0x00, 0x00, 0x00, 0x00, 0x00, 0x00, 0x00, 0x00, 0x00,
    0x00, 0x00, 0x00, 0x00, 0x00, 0x00, 0x00, 0x00, 0x00, 0x00, 0x00, 0x00, 0x00, 0x00, 0x00, 0x00,
    0x00, 0x00, 0x00, 0x00, 0x00, 0x00, 0x00, 0x00, 0x00, 0x00, 0x00, 0x00, 0x00, 0x00, 0x00, 0x00,
    0x00, 0x00, 0x00, 0x00, 0x00, 0x00, 0x00, 0x00, 0x00, 0x00, 0x00, 0x00, 0x00, 0x00, 0x00, 0x00,
    0x00, 0x00, 0x00, 0x00, 0x00, 0x00, 0x00, 0x00, 0x00, 0x00, 0x00, 0x00, 0x00, 0x00, 0x00, 0x00,
    0x00, 0x00, 0x00, 0x00, 0x00, 0x00, 0xAA, 0xAA, 0x00, 0x00, 0xA4, 0x49, 0x4F, 0xED, 0x6F, 0xED,
    0xF3, 0xED, 0x55, 0xEE, 0xD3, 0xED, 0x70, 0xE5, 0x70, 0xE5, 0x70, 0xED, 0x70, 0xED, 0x70, 0xED,
    0x6F, 0xED, 0x4F, 0xED, 0x4F, 0xE5, 0x4F, 0xE5, 0x4F, 0xED, 0x4F, 0xED, 0x4F, 0xED, 0x4F, 0xE5,
    0x70, 0xED, 0x8E, 0xC4, 0x4D, 0xB4, 0xCB, 0xA3, 0xC2, 0x20, 0x00, 0x00, 0x00, 0x50, 0x00, 0x00,
    0x00, 0x00, 0x00, 0x00, 0x00, 0x00, 0x00, 0x00, 0x00, 0x00, 0x00, 0x00, 0x00, 0x00, 0x00, 0x00,
    0x00, 0x00, 0x00, 0x00, 0x00, 0x00, 0x00, 0x00, 0x00, 0x00, 0x00, 0x00, 0x00, 0x00, 0x00, 0x00,
    0x00, 0x00, 0x00, 0x00, 0x00, 0x00, 0x00, 0x00, 0x00, 0x00, 0x00, 0x00, 0x00, 0x00, 0x00, 0x00,
    0x00, 0x00, 0x00, 0x00, 0x00, 0x00, 0x00, 0x00, 0x00, 0x00, 0x00, 0x00, 0x00, 0x00, 0x00, 0x00,
    0x00, 0x00, 0x00, 0x00, 0x00, 0x00, 0x00, 0x00, 0x00, 0x00, 0x00, 0x00, 0x00, 0x00, 0x00, 0x00,
    0x00, 0x00, 0x00, 0x00, 0x00, 0x00, 0x00, 0x00, 0x00, 0x00, 0x00, 0x00, 0x00, 0x00, 0x00, 0x00,
    0x00, 0x00, 0x00, 0x00, 0x00, 0x00, 0x00, 0x00, 0x00, 0x00, 0x00, 0x00, 0x00, 0x00, 0xAA, 0xA3,
    0xB0, 0xFD, 0x4F, 0xED, 0x90, 0xED, 0x91, 0xED, 0x2F, 0xE5, 0x2F, 0xE5, 0x4F, 0xE5, 0x4F, 0xE5,
    0x70, 0xED, 0x6F, 0xED, 0x4F, 0xED, 0x4F, 0xED, 0x4F, 0xE5, 0x2F, 0xE5, 0x4F, 0xED, 0x6D, 0xC4,
    0x2F, 0xE5, 0x2F, 0xE5, 0x29, 0x8B, 0x8A, 0x9B, 0x6D, 0xBC, 0x8E, 0xC4, 0x87, 0x6A, 0x00, 0x00,
    0x55, 0xFD, 0x00, 0x00, 0x00, 0x00, 0x00, 0x00, 0x00, 0x00, 0x00, 0x00, 0x00, 0x00, 0x00, 0x00,
    0x00, 0x00, 0x00, 0x00, 0x00, 0x00, 0x00, 0x00, 0x00, 0x00, 0x00, 0x00, 0x00, 0x00, 0x00, 0x00,
    0x00, 0x00, 0x00, 0x00, 0x00, 0x00, 0x00, 0x00, 0x00, 0x00, 0x00, 0x00, 0x00, 0x00, 0x00, 0x00,
    0x00, 0x00, 0x00, 0x00, 0x00, 0x00, 0x00, 0x00, 0x00, 0x00, 0x00, 0x00, 0x00, 0x00, 0x00, 0x00,
    0x00, 0x00, 0x00, 0x00, 0x00, 0x00, 0x00, 0x00, 0x00, 0x00, 0x00, 0x00, 0x00, 0x00, 0x00, 0x00,
    0x00, 0x00, 0x00, 0x00, 0x00, 0x00, 0x00, 0x00, 0x00, 0x00, 0x00, 0x00, 0x00, 0x00, 0x00, 0x00,
    0x00, 0x00, 0x00, 0x00, 0x00, 0x00, 0x00, 0x00, 0x00, 0x00, 0x00, 0x00, 0xAA, 0x52, 0x00, 0x00,
    0x03, 0x31, 0x4F, 0xE5, 0xB0, 0xF5, 0xCE, 0xD4, 0x0E, 0xDD, 0x4F, 0xED, 0x2F, 0xE5, 0x2F, 0xE5,
    0x2F, 0xE5, 0x4F, 0xED, 0x4F, 0xED, 0x4F, 0xED, 0x4F, 0xED, 0x4F, 0xED, 0x2F, 0xE5, 0x2F, 0xE5,
    0x0E, 0xDD, 0xEC, 0xA3, 0x70, 0xED, 0x4D, 0xB4, 0xF5, 0x9C, 0x04, 0x19, 0xC8, 0x7A, 0xCE, 0xCC,
    0x8A, 0x93, 0x41, 0x08, 0x00, 0x00, 0x00, 0x00, 0x00, 0x00, 0x00, 0x00, 0x00, 0x00, 0x00, 0x00,
    0x00, 0x00, 0x00, 0x00, 0x00, 0x00, 0x00, 0x00, 0x00, 0x00, 0x00, 0x00, 0x00, 0x00, 0x00, 0x00,
    0x00, 0x00, 0x00, 0x00, 0x00, 0x00, 0x00, 0x00, 0x00, 0x00, 0x00, 0x00, 0x00, 0x00, 0x00, 0x00,
    0x00, 0x00, 0x00, 0x00, 0x00, 0x00, 0x00, 0x00, 0x00, 0x00, 0x00, 0x00, 0x00, 0x00, 0x00, 0x00,
    0x00, 0x00, 0x00, 0x00, 0x00, 0x00, 0x00, 0x00, 0x00, 0x00, 0x00, 0x00, 0x00, 0x00, 0x00, 0x00,
    0x00, 0x00, 0x00, 0x00, 0x00, 0x00, 0x00, 0x00, 0x00, 0x00, 0x00, 0x00, 0x00, 0x00, 0x00, 0x00,
    0x00, 0x00, 0x00, 0x00, 0x00, 0x00, 0x00, 0x00, 0x00, 0x00, 0x00, 0x00, 0x00, 0x00, 0x00, 0x00,
    0xE7, 0x39, 0x00, 0x00, 0xE5, 0x51, 0x67, 0x6A, 0x0E, 0xDD, 0x30, 0xDD, 0x8D, 0xC4, 0x6F, 0xED,
    0x2F, 0xE5, 0x2F, 0xE5, 0x2F, 0xE5, 0x4F, 0xED, 0x4F, 0xED, 0x4F, 0xED, 0x6F, 0xED, 0x4F, 0xE5,
    0x2F, 0xE5, 0x4F, 0xED, 0xEE, 0xD4, 0x8E, 0xBC, 0xEE, 0xDC, 0x70, 0xA4, 0xFF, 0xFF, 0xF0, 0x7B,
    0x00, 0x00, 0x4D, 0xBC, 0x6D, 0xBC, 0x84, 0x41, 0x00, 0x00, 0xE7, 0x39, 0x00, 0x00, 0x00, 0x00,
    0x00, 0x00, 0x00, 0x00, 0x00, 0x00, 0x00, 0x00, 0x00, 0x00, 0x00, 0x00, 0x00, 0x00, 0x00, 0x00,
    0x00, 0x00, 0x00, 0x00, 0x00, 0x00, 0x00, 0x00, 0x00, 0x00, 0x00, 0x00, 0x00, 0x00, 0x00, 0x00,
    0x00, 0x00, 0x00, 0x00, 0x00, 0x00, 0x00, 0x00, 0x00, 0x00, 0x00, 0x00, 0x00, 0x00, 0x00, 0x00,
    0x00, 0x00, 0x00, 0x00, 0x00, 0x00, 0x00, 0x00, 0x00, 0x00, 0x00, 0x00, 0x00, 0x00, 0x00, 0x00,
    0x00, 0x00, 0x00, 0x00, 0x00, 0x00, 0x00, 0x00, 0x00, 0x00, 0x00, 0x00, 0x00, 0x00, 0x00, 0x00,
    0x00, 0x00, 0x00, 0x00, 0x00, 0x00, 0x00, 0x00, 0x00, 0x00, 0x00, 0x00, 0x00, 0x00, 0x00, 0x00,
    0x00, 0x00, 0x00, 0x00, 0x00, 0x00, 0x00, 0x00, 0x00, 0x00, 0x8B, 0x42, 0x8F, 0xB4, 0xD2, 0xF5,
    0x6D, 0xC4, 0x4F, 0xED, 0x2F, 0xE5, 0x2F, 0xE5, 0x2F, 0xE5, 0x4F, 0xE5, 0x4F, 0xED, 0x4F, 0xED,
    0x4F, 0xED, 0x2F, 0xE5, 0x2F, 0xE5, 0x4F, 0xE5, 0x2F, 0xE5, 0x70, 0xED, 0x4C, 0xC4, 0xD2, 0xA4,
    0xFF, 0xFF, 0x76, 0xAD, 0x00, 0x00, 0x88, 0x6A, 0xEF, 0xD4, 0x67, 0x6A, 0x00, 0x00, 0x55, 0xFD,
    0x00, 0x00, 0x00, 0x00, 0x00, 0x00, 0x00, 0x00, 0x00, 0x00, 0x00, 0x00, 0x00, 0x00, 0x00, 0x00,
    0x00, 0x00, 0x00, 0x00, 0x00, 0x00, 0x00, 0x00, 0x00, 0x00, 0x00, 0x00, 0x00, 0x00, 0x00, 0x00,
    0x00, 0x00, 0x00, 0x00, 0x00, 0x00, 0x00, 0x00, 0x00, 0x00, 0x00, 0x00, 0x00, 0x00, 0x00, 0x00,
    0x00, 0x00, 0x00, 0x00, 0x00, 0x00, 0x00, 0x00, 0x00, 0x00, 0x00, 0x00, 0x00, 0x00, 0x00, 0x00,
    0x00, 0x00, 0x00, 0x00, 0x00, 0x00, 0x00, 0x00, 0x00, 0x00, 0x00, 0x00, 0x00, 0x00, 0x00, 0x00,
    0x00, 0x00, 0x00, 0x00, 0x00, 0x00, 0x00, 0x00, 0x00, 0x00, 0x00, 0x00, 0x00, 0x00, 0x00, 0x00,
    0x00, 0x00, 0x00, 0x00, 0x00, 0x00, 0x00, 0x00, 0x00, 0x00, 0x00, 0x00, 0x00, 0x00, 0xD8, 0xB5,
    0x12, 0xBD, 0x4F, 0xED, 0x4F, 0xE5, 0x2F, 0xE5, 0x2F, 0xE5, 0x2F, 0xE5, 0x4F, 0xE5, 0x4F, 0xED,
    0x4F, 0xED, 0x4F, 0xED, 0x4F, 0xE5, 0x2F, 0xE5, 0x2F, 0xE5, 0x2F, 0xE5, 0x2F, 0xE5, 0x70, 0xED,
    0xEB, 0xB3, 0xAE, 0x73, 0xFF, 0xFF, 0x55, 0xAD, 0x21, 0x00, 0x44, 0x31, 0xAE, 0xCC, 0x29, 0x8B,
    0x00, 0x00, 0x00, 0x00, 0x00, 0x00, 0x00, 0x00, 0x00, 0x00, 0x00, 0x00, 0x00, 0x00, 0x00, 0x00,
    0x00, 0x00, 0x00, 0x00, 0x00, 0x00, 0x00, 0x00, 0x00, 0x00, 0x00, 0x00, 0x00, 0x00, 0x00, 0x00,
    0x00, 0x00, 0x00, 0x00, 0x00, 0x00, 0x00, 0x00, 0x00, 0x00, 0x00, 0x00, 0x00, 0x00, 0x00, 0x00,
    0x00, 0x00, 0x00, 0x00, 0x00, 0x00, 0x00, 0x00, 0x00, 0x00, 0x00, 0x00, 0x00, 0x00, 0x00, 0x00,
    0x00, 0x00, 0x00, 0x00, 0x00, 0x00, 0x00, 0x00, 0x00, 0x00, 0x00, 0x00, 0x00, 0x00, 0x00, 0x00,
    0x00, 0x00, 0x00, 0x00, 0x00, 0x00, 0x00, 0x00, 0x00, 0x00, 0x00, 0x00, 0x00, 0x00, 0x00, 0x00,
    0x00, 0x00, 0x00, 0x00, 0x00, 0x00, 0x00, 0x00, 0x00, 0x00, 0x00, 0x00, 0x00, 0x00, 0x00, 0x00,
    0x00, 0x00, 0x18, 0xBE, 0x95, 0xBD, 0xAD, 0xD4, 0x70, 0xED, 0x4F, 0xE5, 0x4F, 0xE5, 0x4F, 0xE5,
    0x4F, 0xED, 0x4F, 0xED, 0x4F, 0xED, 0x4F, 0xED, 0x4F, 0xED, 0x4F, 0xE5, 0x2F, 0xE5, 0x2F, 0xE5,
    0x4F, 0xE5, 0x90, 0xF5, 0x6C, 0xC4, 0x86, 0x31, 0xFF, 0xFF, 0x72, 0x8C, 0x82, 0x00, 0x25, 0x11,
    0xCB, 0xA3, 0xCB, 0xA3, 0x41, 0x08, 0x00, 0x00, 0x00, 0x00, 0x00, 0x00, 0x00, 0x00, 0x00, 0x00,
    0x00, 0x00, 0x00, 0x00, 0x00, 0x00, 0x00, 0x00, 0x00, 0x00, 0x00, 0x00, 0x00, 0x00, 0x00, 0x00,
    0x00, 0x00, 0x00, 0x00, 0x00, 0x00, 0x00, 0x00, 0x00, 0x00, 0x00, 0x00, 0x00, 0x00, 0x00, 0x00,
    0x00, 0x00, 0x00, 0x00, 0x00, 0x00, 0x00, 0x00, 0x00, 0x00, 0x00, 0x00, 0x00, 0x00, 0x00, 0x00,
    0x00, 0x00, 0x00, 0x00, 0x00, 0x00, 0x00, 0x00, 0x00, 0x00, 0x00, 0x00, 0x00, 0x00, 0x00, 0x00,
    0x00, 0x00, 0x00, 0x00, 0x00, 0x00, 0x00, 0x00, 0x00, 0x00, 0x00, 0x00, 0x00, 0x00, 0x00, 0x00,
    0x00, 0x00, 0x00, 0x00, 0x00, 0x00, 0x00, 0x00, 0x00, 0x00, 0x00, 0x00, 0x00, 0x00, 0x00, 0x00,
    0x00, 0x00, 0x00, 0xF8, 0x46, 0x01, 0xB3, 0x84, 0x9A, 0xDE, 0x6C, 0xC4, 0x90, 0xF5, 0x4F, 0xED,
    0x4F, 0xED, 0x4F, 0xED, 0x4F, 0xED, 0x4F, 0xED, 0x4F, 0xED, 0x4F, 0xED, 0x4F, 0xED, 0x4F, 0xED,
    0x4F, 0xED, 0x4F, 0xED, 0x4F, 0xED, 0x70, 0xF5, 0xCE, 0xD4, 0x61, 0x08, 0x6A, 0x4A, 0x86, 0x31,
    0x25, 0x09, 0x8D, 0x02, 0xE9, 0x7A, 0xAE, 0xCC, 0xC5, 0x49, 0x00, 0x00, 0xE7, 0x79, 0x00, 0x00,
    0x00, 0x00, 0x00, 0x00, 0x00, 0x00, 0x00, 0x00, 0x00, 0x00, 0x00, 0x00, 0x00, 0x00, 0x00, 0x00,
    0x00, 0x00, 0x00, 0x00, 0x00, 0x00, 0x00, 0x00, 0x00, 0x00, 0x00, 0x00, 0x00, 0x00, 0x00, 0x00,
    0x00, 0x00, 0x00, 0x00, 0x00, 0x00, 0x00, 0x00, 0x00, 0x00, 0x00, 0x00, 0x00, 0x00, 0x00, 0x00,
    0x00, 0x00, 0x00, 0x00, 0x00, 0x00, 0x00, 0x00, 0x00, 0x00, 0x00, 0x00, 0x00, 0x00, 0x00, 0x00,
    0x00, 0x00, 0x00, 0x00, 0x00, 0x00, 0x00, 0x00, 0x00, 0x00, 0x00, 0x00, 0x00, 0x00, 0x00, 0x00,
    0x00, 0x00, 0x00, 0x00, 0x00, 0x00, 0x00, 0x00, 0x00, 0x00, 0x00, 0x00, 0x00, 0x00, 0x00, 0x00,
    0x00, 0x00, 0x00, 0x00, 0x00, 0x00, 0x00, 0x18, 0xA8, 0x01, 0xE8, 0x29, 0x51, 0x8C, 0x6C, 0xC4,
    0x90, 0xF5, 0x4F, 0xED, 0x4F, 0xED, 0x4F, 0xED, 0x4F, 0xED, 0x4F, 0xED, 0x4F, 0xED, 0x4F, 0xED,
    0x4F, 0xED, 0x4F, 0xED, 0x4F, 0xED, 0x4F, 0xE5, 0x2F, 0xE5, 0x70, 0xED, 0xAD, 0xD4, 0x87, 0x19,
    0x25, 0x01, 0x41, 0x08, 0x66, 0x19, 0xEE, 0x02, 0x4C, 0x73, 0xAE, 0xD4, 0x27, 0x5A, 0x00, 0x00,
    0xEF, 0xBB, 0x00, 0x00, 0x00, 0x00, 0x00, 0x00, 0x00, 0x00, 0x00, 0x00, 0x00, 0x00, 0x00, 0x00,
    0x00, 0x00, 0x00, 0x00, 0x00, 0x00, 0x00, 0x00, 0x00, 0x00, 0x00, 0x00, 0x00, 0x00, 0x00, 0x00,
    0x00, 0x00, 0x00, 0x00, 0x00, 0x00, 0x00, 0x00, 0x00, 0x00, 0x00, 0x00, 0x00, 0x00, 0x00, 0x00,
    0x00, 0x00, 0x00, 0x00, 0x00, 0x00, 0x00, 0x00, 0x00, 0x00, 0x00, 0x00, 0x00, 0x00, 0x00, 0x00,
    0x00, 0x00, 0x00, 0x00, 0x00, 0x00, 0x00, 0x00, 0x00, 0x00, 0x00, 0x00, 0x00, 0x00, 0x00, 0x00,
    0x00, 0x00, 0x00, 0x00, 0x00, 0x00, 0x00, 0x00, 0x00, 0x00, 0x00, 0x00, 0x00, 0x00, 0x00, 0x00,
    0x00, 0x00, 0x00, 0x00, 0x00, 0x00, 0x00, 0x00, 0x00, 0x00, 0x00, 0x00, 0x4A, 0x22, 0x46, 0x19,
    0x00, 0x00, 0x2C, 0xB4, 0x90, 0xF5, 0x4F, 0xE5, 0x4F, 0xED, 0x4F, 0xE5, 0x4F, 0xE5, 0x4F, 0xED,
    0x4F, 0xED, 0x4F, 0xED, 0x4F, 0xED, 0x4F, 0xED, 0x4F, 0xED, 0x2F, 0xE5, 0x2F, 0xE5, 0x70, 0xED,
    0xCD, 0xDC, 0x4B, 0x12, 0xAD, 0x0A, 0x24, 0x29, 0x29, 0x2A, 0x70, 0x23, 0xEE, 0x7B, 0xCE, 0xD4,
    0xA8, 0x72, 0x00, 0x00, 0xFF, 0xFF, 0x00, 0x00, 0x00, 0x00, 0x00, 0x00, 0x00, 0x00, 0x00, 0x00,
    0x00, 0x00, 0x00, 0x00, 0x00, 0x00, 0x00, 0x00, 0x00, 0x00, 0x00, 0x00, 0x00, 0x00, 0x00, 0x00,
    0x00, 0x00, 0x00, 0x00, 0x00, 0x00, 0x00, 0x00, 0x00, 0x00, 0x00, 0x00, 0x00, 0x00, 0x00, 0x00,
    0x00, 0x00, 0x00, 0x00, 0x00, 0x00, 0x00, 0x00, 0x00, 0x00, 0x00, 0x00, 0x00, 0x00, 0x00, 0x00,
    0x00, 0x00, 0x00, 0x00, 0x00, 0x00, 0x00, 0x00, 0x00, 0x00, 0x00, 0x00, 0x00, 0x00, 0x00, 0x00,
    0x00, 0x00, 0x00, 0x00, 0x00, 0x00, 0x00, 0x00, 0x00, 0x00, 0x00, 0x00, 0x00, 0x00, 0x00, 0x00,
    0x00, 0x00, 0x00, 0x00, 0x00, 0x00, 0x00, 0x00, 0x00, 0x00, 0x00, 0x00, 0x00, 0x00, 0x00, 0x00,
    0xEC, 0x42, 0x0D, 0x4B, 0x25, 0x01, 0x0C, 0xA4, 0xB0, 0xFD, 0x4F, 0xE5, 0x4F, 0xE5, 0x2F, 0xE5,
    0x4F, 0xE5, 0x4F, 0xED, 0x4F, 0xED, 0x4F, 0xED, 0x4F, 0xED, 0x4F, 0xED, 0x4F, 0xED, 0x2F, 0xE5,
    0x2F, 0xE5, 0x6F, 0xED, 0x2E, 0xED, 0xAB, 0x2A, 0x13, 0x34, 0x32, 0x5C, 0x70, 0x23, 0xEE, 0x22,
    0x2B, 0x7B, 0xCE, 0xD4, 0x09, 0x83, 0x00, 0x00, 0x00, 0x00, 0x00, 0x00, 0x00, 0x00, 0x00, 0x00,
    0x00, 0x00, 0x00, 0x00, 0x00, 0x00, 0x00, 0x00, 0x00, 0x00, 0x00, 0x00, 0x00, 0x00, 0x00, 0x00,
    0x00, 0x00, 0x00, 0x00, 0x00, 0x00, 0x00, 0x00, 0x00, 0x00, 0x00, 0x00, 0x00, 0x00, 0x00, 0x00,
    0x00, 0x00, 0x00, 0x00, 0x00, 0x00, 0x00, 0x00, 0x00, 0x00, 0x00, 0x00, 0x00, 0x00, 0x00, 0x00,
    0x00, 0x00, 0x00, 0x00, 0x00, 0x00, 0x00, 0x00, 0x00, 0x00, 0x00, 0x00, 0x00, 0x00, 0x00, 0x00,
    0x00, 0x00, 0x00, 0x00, 0x00, 0x00, 0x00, 0x00, 0x00, 0x00, 0x00, 0x00, 0x00, 0x00, 0x00, 0x00,
    0x00, 0x00, 0x00, 0x00, 0x00, 0x00, 0x00, 0x00, 0x00, 0x00, 0x00, 0x00, 0x00, 0x00, 0x00, 0x00,
    0x00, 0x00, 0xC3, 0x18, 0x27, 0x4A, 0xD1, 0x2B, 0xAE, 0x02, 0x0C, 0xA4, 0x90, 0xFD, 0x2F, 0xE5,
    0x2F, 0xE5, 0x2F, 0xE5, 0x4F, 0xE5, 0x4F, 0xED, 0x4F, 0xED, 0x4F, 0xED, 0x4F, 0xED, 0x4F, 0xED,
    0x4F, 0xED, 0x4F, 0xED, 0x4F, 0xED, 0x4F, 0xE5, 0x6F, 0xF5, 0xCA, 0x52, 0x91, 0x2B, 0xB0, 0x43,
    0x6A, 0x32, 0x6A, 0x93, 0x4D, 0xBC, 0x8E, 0xC4, 0x6A, 0x93, 0x00, 0x00, 0x00, 0x00, 0x00, 0x00,
    0x00, 0x00, 0x00, 0x00, 0x00, 0x00, 0x00, 0x00, 0x00, 0x00, 0x00, 0x00, 0x00, 0x00, 0x00, 0x00,
    0x00, 0x00, 0x00, 0x00, 0x00, 0x00, 0x00, 0x00, 0x00, 0x00, 0x00, 0x00, 0x00, 0x00, 0x00, 0x00,
    0x00, 0x00, 0x00, 0x00, 0x00, 0x00, 0x00, 0x00, 0x00, 0x00, 0x00, 0x00, 0x00, 0x00, 0x00, 0x00,
    0x00, 0x00, 0x00, 0x00, 0x00, 0x00, 0x00, 0x00, 0x00, 0x00, 0x00, 0x00, 0x00, 0x00, 0x00, 0x00,
    0x00, 0x00, 0x00, 0x00, 0x00, 0x00, 0x00, 0x00, 0x00, 0x00, 0x00, 0x00, 0x00, 0x00, 0x00, 0x00,
    0x00, 0x00, 0x00, 0x00, 0x00, 0x00, 0x00, 0x00, 0x00, 0x00, 0x00, 0x00, 0x00, 0x00, 0x00, 0x00,
    0x00, 0x00, 0x00, 0x50, 0x00, 0x00, 0xA2, 0x18, 0x6C, 0xC4, 0x6B, 0x7B, 0x6B, 0x22, 0x4D, 0xAC,
    0x90, 0xF5, 0x2F, 0xE5, 0x2F, 0xE5, 0x2F, 0xE5, 0x4F, 0xE5, 0x4F, 0xED, 0x4F, 0xED, 0x4F, 0xED,
    0x4F, 0xED, 0x4F, 0xED, 0x4F, 0xED, 0x4F, 0xED, 0x4F, 0xED, 0x4F, 0xED, 0x6F, 0xED, 0x6D, 0xBC,
    0xAC, 0x8B, 0x6D, 0xC4, 0x6D, 0xCC, 0x8D, 0xC4, 0x4D, 0xBC, 0x6D, 0xC4, 0xCB, 0xA3, 0x61, 0x10,
    0x00, 0x00, 0x00, 0x50, 0x00, 0x00, 0x00, 0x00, 0x00, 0x00, 0x00, 0x00, 0x00, 0x00, 0x00, 0x00,
    0x00, 0x00, 0x00, 0x00, 0x00, 0x00, 0x00, 0x00, 0x00, 0x00, 0x00, 0x00, 0x00, 0x00, 0x00, 0x00,
    0x00, 0x00, 0x00, 0x00, 0x00, 0x00, 0x00, 0x00, 0x00, 0x00, 0x00, 0x00, 0x00, 0x00, 0x00, 0x00,
    0x00, 0x00, 0x00, 0x78, 0x00, 0x00, 0x00, 0x00, 0x00, 0x00, 0x00, 0x00, 0x00, 0x00, 0x00, 0x00,
    0x00, 0x00, 0x00, 0x00, 0x00, 0x00, 0x00, 0x00, 0x00, 0x00, 0x00, 0x00, 0x00, 0x00, 0x00, 0x00,
    0x00, 0x00, 0x00, 0x00, 0x00, 0x00, 0x00, 0x00, 0x00, 0x00, 0x00, 0x00, 0x00, 0x00, 0x00, 0x00,
    0x00, 0x00, 0x00, 0x00, 0x00, 0x00, 0xE7, 0x7B, 0x00, 0x00, 0xE5, 0x51, 0x70, 0xED, 0x90, 0xFD,
    0x2E, 0xED, 0x4F, 0xED, 0x4F, 0xE5, 0x2F, 0xE5, 0x2F, 0xE5, 0x2F, 0xE5, 0x4F, 0xED, 0x4F, 0xED,
    0x4F, 0xED, 0x4F, 0xED, 0x4F, 0xED, 0x4F, 0xED, 0x4F, 0xED, 0x4F, 0xED, 0x4F, 0xED, 0x4F, 0xED,
    0x4F, 0xE5, 0x70, 0xED, 0x6F, 0xF5, 0xAE, 0xCC, 0x4D, 0xBC, 0x6D, 0xBC, 0x6D, 0xBC, 0x6D, 0xBC,
    0xEC, 0xA3, 0xA2, 0x20, 0x00, 0x00, 0xE0, 0x39, 0x00, 0x00, 0x00, 0x00, 0x00, 0x00, 0x00, 0x00,
    0x00, 0x00, 0x00, 0x00, 0x00, 0x00, 0x00, 0x00, 0x00, 0x00, 0x00, 0x00, 0x00, 0x00, 0x00, 0x00,
    0x00, 0x00, 0x00, 0x00, 0x00, 0x00, 0x00, 0x00, 0x00, 0x00, 0x00, 0x00, 0x00, 0x00, 0x00, 0x00,
    0x00, 0x00, 0x00, 0x00, 0x00, 0x00, 0x00, 0x00, 0x00, 0x00, 0x00, 0x00, 0x00, 0x00, 0x00, 0x00,
    0x00, 0x00, 0x00, 0x00, 0x00, 0x00, 0x00, 0x00, 0x00, 0x00, 0x00, 0x00, 0x00, 0x00, 0x00, 0x00,
    0x00, 0x00, 0x00, 0x00, 0x00, 0x00, 0x00, 0x00, 0x00, 0x00, 0x00, 0x00, 0x00, 0x00, 0x00, 0x00,
    0x00, 0x00, 0x00, 0x00, 0x00, 0x00, 0x00, 0x00, 0x00, 0x00, 0xFF, 0xFF, 0x00, 0x00, 0x6A, 0x8B,
    0x90, 0xF5, 0x4F, 0xE5, 0x4F, 0xED, 0x4F, 0xED, 0x4F, 0xED, 0x2F, 0xE5, 0x4F, 0xE5, 0x91, 0xED,
    0x4F, 0xED, 0x4F, 0xED, 0x4F, 0xED, 0x4F, 0xE5, 0x6F, 0xED, 0x6F, 0xED, 0x4F, 0xED, 0x4F, 0xED,
    0x4F, 0xED, 0x4F, 0xED, 0x4F, 0xED, 0x6F, 0xED, 0xEE, 0xD4, 0x4D, 0xBC, 0x8E, 0xC4, 0x0C, 0xAC,
    0xEC, 0xAB, 0x6D, 0xBC, 0xEC, 0xA3, 0xC2, 0x20, 0x00, 0x00, 0xA0, 0x52, 0x00, 0x00, 0x00, 0x00,
    0x00, 0x00, 0x00, 0x00, 0x00, 0x00, 0x00, 0x00, 0x00, 0x00, 0x00, 0x00, 0x00, 0x00, 0x00, 0x00,
    0x00, 0x00, 0x00, 0x00, 0x00, 0x00, 0x00, 0x00, 0x00, 0x00, 0x00, 0x00, 0x00, 0x00, 0x00, 0x00,
    0x00, 0x00, 0x00, 0x00, 0x00, 0x00, 0x00, 0xF8, 0x00, 0x00, 0xA6, 0x71, 0x86, 0x61, 0x00, 0x00,
    0x00, 0xF8, 0x00, 0x00, 0x00, 0x00, 0x00, 0x00, 0x00, 0x00, 0x00, 0x00, 0x00, 0x00, 0x00, 0x00,
    0x00, 0x00, 0x00, 0x00, 0x00, 0x00, 0x00, 0x00, 0x00, 0x00, 0x00, 0x00, 0x00, 0x00, 0x00, 0x00,
    0x00, 0x00, 0x00, 0x00, 0x00, 0x00, 0x00, 0x00, 0x00, 0x00, 0x00, 0x00, 0x00, 0x00, 0x00, 0x00,
    0x00, 0x00, 0xAB, 0x9B, 0xEB, 0xAB, 0x2F, 0xE5, 0x90, 0xF5, 0x4F, 0xED, 0x4F, 0xED, 0x4F, 0xED,
    0x2F, 0xE5, 0xB2, 0xE5, 0x4F, 0xED, 0x4F, 0xED, 0x4F, 0xE5, 0x4F, 0xE5, 0xEE, 0xDC, 0xEE, 0xDC,
    0x6F, 0xED, 0x4F, 0xED, 0x4F, 0xED, 0x4F, 0xED, 0x70, 0xED, 0x4F, 0xED, 0xAD, 0xCC, 0x4C, 0xBC,
    0xCB, 0xA3, 0xC8, 0x72, 0x2C, 0xB4, 0x8E, 0xC4, 0x49, 0x8B, 0x00, 0x00, 0x00, 0x00, 0x00, 0x00,
    0x00, 0x00, 0x00, 0x00, 0x00, 0x00, 0x00, 0x00, 0x00, 0x00, 0x00, 0x00, 0x00, 0x00, 0x00, 0x00,
    0x00, 0x00, 0x00, 0x00, 0x00, 0x00, 0x00, 0x00, 0x00, 0x00, 0x00, 0x00, 0x00, 0x00, 0x00, 0x00,
    0x00, 0x00, 0x00, 0x00, 0x00, 0x00, 0x00, 0x00, 0x00, 0x00, 0xAA, 0xFA, 0x00, 0x00, 0x87, 0xAA,
    0x26, 0x92, 0x00, 0x00, 0x00, 0x00, 0x00, 0x00, 0x00, 0x00, 0x00, 0x00, 0x00, 0x00, 0x00, 0x00,
    0x00, 0x00, 0x00, 0x00, 0x00, 0x00, 0x00, 0x00, 0x00, 0x00, 0x00, 0x00, 0x00, 0x00, 0x00, 0x00,
    0x00, 0x00, 0x00, 0x00, 0x00, 0x00, 0x00, 0x00, 0x00, 0x00, 0x00, 0x00, 0x00, 0x00, 0x00, 0x00,
    0x00, 0x00, 0x00, 0x00, 0x00, 0x00, 0x8A, 0x93, 0xEC, 0xAB, 0x09, 0x83, 0xAD, 0xCC, 0x6F, 0xF5,
    0x90, 0xF5, 0x70, 0xED, 0x8D, 0xC4, 0x8E, 0xC4, 0x6F, 0xED, 0x2F, 0xE5, 0x2F, 0xE5, 0x4F, 0xED,
    0x8D, 0xC4, 0x8D, 0xCC, 0x70, 0xF5, 0x70, 0xF5, 0xB0, 0xF5, 0x90, 0xF5, 0xEE, 0xD4, 0xCB, 0xA3,
    0xAB, 0x93, 0xCE, 0x8B, 0xA6, 0x41, 0xAB, 0xA3, 0x6D, 0xBC, 0x8E, 0xC4, 0x67, 0x62, 0x00, 0x00,
    0xFF, 0xFF, 0x00, 0x00, 0x00, 0x00, 0x00, 0x00, 0x00, 0x00, 0x00, 0x00, 0x00, 0x00, 0x00, 0x00,
    0x00, 0x00, 0x00, 0x00, 0x00, 0x00, 0x00, 0x00, 0x00, 0x00, 0x00, 0x00, 0x00, 0x00, 0x00, 0x00,
    0x00, 0x00, 0x00, 0x00, 0x00, 0x00, 0x00, 0x00, 0x00, 0x00, 0x00, 0x00, 0x00, 0x00, 0xE0, 0xFF,
    0x00, 0x00, 0x27, 0xCB, 0xEA, 0xE3, 0x86, 0x79, 0x86, 0x61, 0x00, 0xF8, 0x00, 0x00, 0x00, 0x00,
    0x00, 0x00, 0x00, 0x00, 0x00, 0x00, 0x00, 0x00, 0x00, 0x00, 0x00, 0x00, 0x00, 0x00, 0x00, 0x00,
    0x00, 0x00, 0x00, 0x00, 0x00, 0x00, 0x00, 0x00, 0x00, 0x00, 0x00, 0x00, 0x00, 0x00, 0x00, 0x00,
    0x00, 0x00, 0x00, 0x00, 0x00, 0x00, 0x55, 0xFD, 0x00, 0x00, 0x88, 0x72, 0xCF, 0xD4, 0x2C, 0xB4,
    0xC9, 0x6A, 0x2F, 0x9C, 0xAD, 0xCC, 0x6F, 0xED, 0x90, 0xF5, 0x4F, 0xED, 0x2F, 0xE5, 0x2F, 0xE5,
    0x4F, 0xED, 0x4F, 0xED, 0x70, 0xF5, 0x90, 0xF5, 0x4F, 0xE5, 0xAD, 0xCC, 0xCB, 0xA3, 0x0A, 0x83,
    0x8A, 0x72, 0x2A, 0x6A, 0xAF, 0x7B, 0xFA, 0xAD, 0xEA, 0x72, 0x6D, 0xC4, 0x4D, 0xB4, 0x4D, 0xB4,
    0x44, 0x39, 0x00, 0x00, 0xE7, 0x39, 0x00, 0x00, 0x00, 0x00, 0x00, 0x00, 0x00, 0x00, 0x00, 0x00,
    0x00, 0x00, 0x00, 0x00, 0x00, 0x00, 0x00, 0x00, 0x00, 0x00, 0x00, 0x00, 0x00, 0x00, 0x00, 0x00,
    0x00, 0x00, 0x00, 0x00, 0x00, 0x00, 0x00, 0x00, 0x00, 0x00, 0x00, 0x00, 0x00, 0x00, 0x00, 0x00,
    0x00, 0x00, 0x00, 0x00, 0xA5, 0x58, 0x89, 0xD3, 0xA8, 0xEB, 0x46, 0xAA, 0xA6, 0x71, 0x00, 0x00,
    0xE0, 0x7B, 0x00, 0x00, 0x00, 0x00, 0x00, 0x00, 0x00, 0x00, 0x00, 0x00, 0x00, 0x00, 0x00, 0x00,
    0x00, 0x00, 0x00, 0x00, 0x00, 0x00, 0x00, 0x00, 0x00, 0x00, 0x00, 0x00, 0x00, 0x00, 0x00, 0x00,
    0x00, 0x00, 0x00, 0x00, 0x00, 0x00, 0x00, 0x00, 0x00, 0x00, 0x00, 0x00, 0xFF, 0xFF, 0x41, 0x10,
    0x29, 0x8B, 0xEF, 0xD4, 0xEC, 0xAB, 0x72, 0x8C, 0x6A, 0x4A, 0x68, 0x6A, 0xEB, 0xA3, 0xAD, 0xCC,
    0x0E, 0xDD, 0x0E, 0xDD, 0xCE, 0xD4, 0x6D, 0xC4, 0xEC, 0xAB, 0x4A, 0x93, 0xCA, 0x7A, 0x6A, 0x6A,
    0x8D, 0x7A, 0xEF, 0x8A, 0x50, 0x9B, 0x91, 0xA3, 0x0E, 0x8B, 0xE8, 0x49, 0xEB, 0xAB, 0x4D, 0xBC,
    0x6D, 0xBC, 0x29, 0x83, 0x00, 0x00, 0x00, 0x00, 0x00, 0x00, 0x00, 0x00, 0x00, 0x00, 0x00, 0x00,
    0x00, 0x00, 0x00, 0x00, 0x00, 0x00, 0x00, 0x00, 0x00, 0x00, 0x00, 0x00, 0x00, 0x00, 0x00, 0x00,
    0x00, 0x00, 0x00, 0x00, 0x00, 0x00, 0x00, 0x00, 0x00, 0x00, 0x00, 0x00, 0x00, 0x00, 0x00, 0x00,
    0x00, 0x00, 0x00, 0x00, 0x84, 0x70, 0x00, 0x00, 0x89, 0x9A, 0xA9, 0xDB, 0x06, 0xE3, 0x47, 0xD3,
    0x08, 0x7A, 0x00, 0x00, 0xEF, 0x7B, 0x00, 0x00, 0x00, 0x00, 0x00, 0x00, 0x00, 0x00, 0x00, 0x00,
    0x00, 0x00, 0x00, 0x00, 0x00, 0x00, 0x00, 0x00, 0x00, 0x00, 0x00, 0x00, 0x00, 0x00, 0x00, 0x00,
    0x00, 0x00, 0x00, 0x00, 0x00, 0x00, 0x00, 0x00, 0x00, 0x00, 0x00, 0x00, 0x00, 0x00, 0x00, 0x00,
    0xEF, 0x7B, 0x00, 0x00, 0xE2, 0x28, 0x4A, 0x8B, 0xAE, 0xCC, 0xCB, 0xAB, 0x09, 0x83, 0x4A, 0x5A,
    0xAC, 0x6A, 0x8B, 0x72, 0xEB, 0x82, 0x0C, 0x83, 0xCB, 0x7A, 0x8C, 0x72, 0xAD, 0x7A, 0xCE, 0x8A,
    0x0F, 0x93, 0x71, 0xA3, 0xB1, 0xA3, 0xB1, 0xA3, 0xB1, 0xA3, 0x70, 0x9B, 0x8C, 0x7A, 0x4A, 0x93,
    0x8D, 0xC4, 0x4D, 0xB4, 0x6D, 0xBC, 0xE6, 0x51, 0x00, 0x00, 0x55, 0xAD, 0x00, 0x00, 0x00, 0x00,
    0x00, 0x00, 0x00, 0x00, 0x00, 0x00, 0x00, 0x00, 0x00, 0x00, 0x00, 0x00, 0x00, 0x00, 0x00, 0x00,
    0x00, 0x00, 0x00, 0x00, 0x00, 0x00, 0x00, 0x00, 0x00, 0x00, 0x00, 0x00, 0x00, 0x00, 0x00, 0x00,
    0x00, 0x00, 0x00, 0x00, 0xE7, 0x79, 0xE0, 0x7B, 0x88, 0x92, 0xC7, 0x79, 0xA7, 0xAA, 0x67, 0xEB,
    0x67, 0xE3, 0xCA, 0xDB, 0xE6, 0x91, 0x00, 0x00, 0xAA, 0xAA, 0x00, 0x00, 0x00, 0x00, 0x00, 0x00,
    0x00, 0x00, 0x00, 0x00, 0x00, 0x00, 0x00, 0x00, 0x00, 0x00, 0x00, 0x00, 0x00, 0x00, 0x00, 0x00,
    0x00, 0x00, 0x00, 0x00, 0x00, 0x00, 0x00, 0x00, 0x00, 0x00, 0x00, 0x00, 0x00, 0x00, 0x00, 0x00,
    0x00, 0x00, 0x00, 0x00, 0x00, 0x00, 0x00, 0x50, 0x00, 0x00, 0x00, 0x00, 0xC8, 0x7A, 0xAE, 0xCC,
    0xCE, 0xD4, 0xCB, 0xA3, 0x8A, 0x6A, 0x2F, 0x93, 0x50, 0xA3, 0x50, 0x9B, 0x50, 0x9B, 0x50, 0x9B,
    0x91, 0xA3, 0x32, 0xAC, 0xD4, 0xB4, 0x36, 0xBD, 0x76, 0xC5, 0x97, 0xC5, 0x77, 0xC5, 0x12, 0x7C,
    0x88, 0x6A, 0x8D, 0xBC, 0x2D, 0xB4, 0x6D, 0xBC, 0xAB, 0x9B, 0x40, 0x08, 0x00, 0x00, 0x00, 0x00,
    0x00, 0x00, 0x00, 0x00, 0x00, 0x00, 0x00, 0x00, 0x00, 0x00, 0x00, 0x00, 0x00, 0x00, 0x00, 0x00,
    0x00, 0x00, 0x00, 0x00, 0x00, 0x00, 0x00, 0x00, 0x00, 0x00, 0x00, 0x00, 0x00, 0x00, 0x00, 0x00,
    0x00, 0x00, 0x00, 0x00, 0x00, 0x00, 0x00, 0x00, 0xF5, 0xFF, 0x00, 0x00, 0x6E, 0xD5, 0xAD, 0xC4,
    0xE5, 0xA1, 0xA7, 0xF3, 0xEA, 0xE3, 0x88, 0xE3, 0x06, 0x9A, 0x00, 0x00, 0xAA, 0xAA, 0x00, 0x00,
    0x00, 0x00, 0x00, 0x00, 0x00, 0x00, 0x00, 0x00, 0x00, 0x00, 0x00, 0x00, 0x00, 0x00, 0x00, 0x00,
    0x00, 0x00, 0x00, 0x00, 0x00, 0x00, 0x00, 0x00, 0x00, 0x00, 0x00, 0x00, 0x00, 0x00, 0x00, 0x00,
    0x00, 0x00, 0x00, 0x00, 0x00, 0x00, 0x00, 0x00, 0x00, 0x00, 0x00, 0x00, 0xAA, 0x52, 0x00, 0x00,
    0x00, 0x00, 0x06, 0x5A, 0x8B, 0x9B, 0xCE, 0xCC, 0x4C, 0xB4, 0xC9, 0x7A, 0x0E, 0x7B, 0x50, 0x93,
    0x70, 0xA3, 0x53, 0xAC, 0x56, 0xC5, 0xB7, 0xCD, 0xD8, 0xCD, 0xB8, 0xCD, 0xD8, 0xCD, 0x39, 0xDE,
    0xB3, 0xA4, 0xA9, 0x6A, 0x6D, 0xBC, 0x4D, 0xBC, 0x4D, 0xBC, 0xAE, 0xC4, 0x88, 0x72, 0x00, 0x00,
    0xFF, 0xFF, 0x00, 0x00, 0x00, 0x00, 0x00, 0x00, 0x00, 0x00, 0x00, 0x00, 0x00, 0x00, 0x00, 0x00,
    0x00, 0x00, 0x00, 0x00, 0x00, 0x00, 0x00, 0x00, 0x00, 0x00, 0x00, 0x00, 0x00, 0x00, 0x00, 0x00,
    0x00, 0x00, 0x00, 0x00, 0x00, 0x00, 0x00, 0x00, 0x00, 0x00, 0x00, 0x00, 0x49, 0xA3, 0x84, 0x60,
    0x8D, 0xDD, 0x0C, 0xE6, 0x46, 0xA2, 0x4B, 0xEC, 0xC9, 0xE3, 0x67, 0xEB, 0x66, 0xAA, 0x00, 0x00,
    0xE7, 0xB9, 0x00, 0x00, 0x00, 0x00, 0x00, 0x00, 0x00, 0x00, 0x00, 0x00, 0x00, 0x00, 0x00, 0x00,
    0x00, 0x00, 0x00, 0x00, 0x00, 0x00, 0x00, 0x00, 0x00, 0x00, 0x00, 0x00, 0x00, 0x00, 0x00, 0x00,
    0x00, 0x00, 0x00, 0x00, 0x00, 0x00, 0x00, 0x00, 0x00, 0x00, 0x00, 0x00, 0x00, 0x00, 0x00, 0x00,
    0x00, 0x00, 0x00, 0x00, 0x00, 0x00, 0x00, 0x00, 0x20, 0x00, 0x87, 0x6A, 0xCC, 0xA3, 0xAE, 0xCC,
    0x2D, 0xAC, 0xAA, 0x72, 0x6F, 0x8B, 0x77, 0xBD, 0xD8, 0xCD, 0xD8, 0xCD, 0xD8, 0xCD, 0xB8, 0xCD,
    0x56, 0xBD, 0x31, 0x94, 0x2A, 0x83, 0x4C, 0xBC, 0x4D, 0xBC, 0x4D, 0xBC, 0x6D, 0xBC, 0x6D, 0xC4,
    0xC5, 0x49, 0xFF, 0xFF, 0xE7, 0x5A, 0x00, 0x00, 0x00, 0x00, 0x00, 0x00, 0x00, 0x00, 0x00, 0x00,
    0x00, 0x00, 0x00, 0x00, 0x00, 0x00, 0x00, 0x00, 0x00, 0x00, 0x00, 0x00, 0x00, 0x00, 0x00, 0x00,
    0x00, 0x00, 0x00, 0x00, 0x00, 0x00, 0x00, 0x00, 0x00, 0x00, 0x00, 0x00, 0x00, 0x00, 0x00, 0x00,
    0xE5, 0x79, 0xC8, 0xB3, 0x0C, 0xE6, 0x8B, 0xF6, 0xAA, 0xCB, 0xEA, 0xE3, 0x87, 0xE3, 0x09, 0xF4,
    0xE8, 0xB2, 0x00, 0x00, 0x26, 0xCB, 0x00, 0x00, 0x00, 0x00, 0x00, 0x00, 0x00, 0x00, 0x00, 0x00,
    0x00, 0x00, 0x00, 0x00, 0x00, 0x00, 0x00, 0x00, 0x00, 0x00, 0x00, 0x00, 0x00, 0x00, 0x00, 0x00,
    0x00, 0x00, 0x00, 0x00, 0x00, 0x00, 0x00, 0x00, 0x00, 0x00, 0x00, 0x00, 0x00, 0x00, 0x00, 0x00,
    0x00, 0x00, 0x00, 0x00, 0x00, 0x00, 0x00, 0x00, 0x00, 0x00, 0x4A, 0xAD, 0x00, 0x00, 0x00, 0x00,
    0x61, 0x10, 0x26, 0x5A, 0x49, 0x8B, 0x2C, 0xB4, 0xCB, 0x9B, 0x4B, 0x83, 0x4C, 0x7B, 0xCE, 0x8B,
    0x0F, 0x94, 0xAD, 0x8B, 0x4B, 0x8B, 0xCB, 0xA3, 0x8D, 0xC4, 0x4D, 0xB4, 0x4D, 0xB4, 0x4D, 0xBC,
    0x6D, 0xC4, 0x6A, 0x93, 0x00, 0x00, 0x00, 0x00, 0x00, 0x00, 0x00, 0x00, 0x55, 0xFD, 0xA0, 0x52,
    0x00, 0x00, 0x00, 0x00, 0x00, 0x00, 0x00, 0x00, 0x00, 0x00, 0x00, 0x00, 0x00, 0x00, 0x00, 0x00,
    0x00, 0x00, 0x00, 0x00, 0x00, 0x00, 0x00, 0x00, 0x00, 0x00, 0x00, 0x00, 0x00, 0x00, 0x00, 0x00,
    0x00, 0xF8, 0x00, 0x00, 0x01, 0x28, 0x0B, 0xE6, 0x0D, 0xFF, 0xCC, 0xF5, 0x4B, 0xEC, 0x67, 0xE3,
    0xE8, 0xE3, 0x0C, 0xF5, 0x28, 0xC3, 0x00, 0x00, 0x00, 0x00, 0x00, 0x78, 0x00, 0x00, 0x00, 0x00,
    0x00, 0x00, 0x00, 0x00, 0x00, 0x00, 0x00, 0x00, 0x00, 0x00, 0x00, 0x00, 0x00, 0x00, 0x00, 0x00,
    0x00, 0x00, 0x00, 0x00, 0x00, 0x00, 0x00, 0x00, 0x00, 0x00, 0x00, 0x00, 0x00, 0x00, 0x00, 0x00,
    0x00, 0x00, 0x00, 0x00, 0x00, 0x00, 0x00, 0x00, 0x00, 0x00, 0x00, 0x00, 0x00, 0x00, 0x00, 0x00,
    0x00, 0x00, 0xCC, 0xCC, 0x00, 0x00, 0x00, 0x00, 0x00, 0x00, 0xC2, 0x20, 0x4A, 0x8B, 0x6D, 0xC4,
    0x2C, 0xB4, 0xEB, 0xAB, 0xEB, 0xAB, 0x2C, 0xB4, 0x6D, 0xBC, 0x8E, 0xC4, 0x4D, 0xB4, 0x2D, 0xB4,
    0x4D, 0xB4, 0x4D, 0xB4, 0x4D, 0xBC, 0x0C, 0xAC, 0x6A, 0x93, 0x29, 0x8B, 0xE5, 0x51, 0x00, 0x00,
    0x00, 0x00, 0x00, 0x00, 0x00, 0x00, 0xE7, 0x79, 0x00, 0x00, 0x00, 0x00, 0x00, 0x00, 0x00, 0x00,
    0x00, 0x00, 0x00, 0x00, 0x00, 0x00, 0x00, 0x00, 0x00, 0x00, 0x00, 0x00, 0x00, 0x00, 0x00, 0x00,
    0x00, 0x00, 0x00, 0x00, 0x00, 0xF8, 0x00, 0x00, 0x45, 0x50, 0x28, 0xDC, 0x4B, 0xF5, 0x8E, 0xE4,
    0x0D, 0xE4, 0xA8, 0xE3, 0x09, 0xE4, 0x2D, 0xF6, 0x08, 0xEC, 0x68, 0xA2, 0x05, 0x00, 0x00, 0x00,
    0x00, 0xF8, 0x00, 0x00, 0x00, 0x00, 0x00, 0x00, 0x00, 0x00, 0x00, 0x00, 0x00, 0x00, 0x00, 0x00,
    0x00, 0x00, 0x00, 0x00, 0x00, 0x00, 0x00, 0x00, 0x00, 0x00, 0x00, 0x00, 0x00, 0x00, 0x00, 0x00,
    0x00, 0x00, 0x00, 0x00, 0x00, 0x00, 0x00, 0x00, 0x00, 0x00, 0x00, 0x00, 0x00, 0x00, 0x00, 0x00,
    0x00, 0x00, 0xE7, 0x39, 0x00, 0x00, 0x00, 0x00, 0x00, 0x00, 0x41, 0x08, 0x87, 0x72, 0xCB, 0xA3,
    0x2D, 0xB4, 0x2D, 0xB4, 0x4D, 0xB4, 0x0C, 0xAC, 0x6A, 0x93, 0x29, 0x8B, 0xCB, 0xA3, 0x8E, 0xC4,
    0x2D, 0xB4, 0x4D, 0xB4, 0x4D, 0xB4, 0x4D, 0xB4, 0x4D, 0xB4, 0x6D, 0xBC, 0x0F, 0xDD, 0xB0, 0xFD,
    0x4F, 0xE5, 0x2C, 0xB4, 0xC8, 0x7A, 0xE2, 0x28, 0x00, 0x00, 0x00, 0x00, 0x00, 0x00, 0x4A, 0xFD,
    0x00, 0x00, 0x00, 0x00, 0x00, 0x00, 0x00, 0x00, 0x00, 0x00, 0x00, 0x00, 0x00, 0x00, 0x00, 0x00,
    0x00, 0x00, 0x00, 0x00, 0x00, 0x00, 0x00, 0x00, 0x00, 0xF8, 0x00, 0x00, 0x66, 0x48, 0x07, 0xCB,
    0x4A, 0xEC, 0x0B, 0xE4, 0x2C, 0xE4, 0x0B, 0xE4, 0x87, 0xE3, 0x6C, 0xFE, 0xE9, 0xEC, 0xC9, 0xEB,
    0x67, 0xAA, 0x65, 0x48, 0xE0, 0xFF, 0x00, 0x00, 0x00, 0x00, 0x00, 0x00, 0x00, 0x00, 0x00, 0x00,
    0x00, 0x00, 0x00, 0x00, 0x00, 0x00, 0x00, 0x00, 0x00, 0x00, 0x00, 0x00, 0x00, 0x00, 0x00, 0x00,
    0x00, 0x00, 0x00, 0x00, 0x00, 0x00, 0x00, 0x00, 0x00, 0x00, 0x00, 0x00, 0x00, 0x00, 0x00, 0x00,
    0x00, 0x00, 0xAA, 0xAA, 0x00, 0x00, 0x00, 0x00, 0x00, 0x00, 0x23, 0x31, 0xC8, 0x7A, 0x6C, 0xC4,
    0x90, 0xF5, 0x2F, 0xE5, 0x4D, 0xBC, 0x2D, 0xB4, 0x6D, 0xBC, 0xCB, 0xA3, 0x0D, 0x9C, 0xED, 0x93,
    0x09, 0x7B, 0xAB, 0xA3, 0x8D, 0xBC, 0x2D, 0xB4, 0x4D, 0xB4, 0x4D, 0xB4, 0x4D, 0xB4, 0xAE, 0xCC,
    0x4F, 0xE5, 0x4F, 0xED, 0x6F, 0xED, 0xB0, 0xF5, 0xB0, 0xF5, 0xCE, 0xD4, 0xCB, 0xA3, 0x26, 0x5A,
    0x00, 0x00, 0x00, 0x00, 0x00, 0x00, 0x00, 0x00, 0xE7, 0x79, 0xE7, 0x79, 0x00, 0x00, 0x00, 0x00,
    0x00, 0x00, 0x00, 0x00, 0x00, 0x00, 0x00, 0x00, 0x00, 0x00, 0x00, 0x00, 0x00, 0xF8, 0x00, 0x00,
    0x61, 0x38, 0x69, 0xCB, 0x4C, 0xEC, 0xEA, 0xE3, 0xC8, 0xE3, 0xE9, 0xE3, 0xC7, 0xDA, 0xAB, 0xF5,
    0x8D, 0xF6, 0x8B, 0xEC, 0x48, 0xEC, 0xC7, 0x81, 0x00, 0x00, 0xE7, 0x79, 0x00, 0x00, 0x00, 0x00,
    0x00, 0x00, 0x00, 0x00, 0x00, 0x00, 0x00, 0x00, 0x00, 0x00, 0x00, 0x00, 0x00, 0x00, 0x00, 0x00,
    0x00, 0x00, 0x00, 0x00, 0x00, 0x00, 0x00, 0x00, 0x00, 0x00, 0x00, 0x00, 0xAA, 0x52, 0xEF, 0x7B,
    0xEF, 0xFF, 0x55, 0xFD, 0x00, 0x00, 0x00, 0x00, 0x00, 0x00, 0x44, 0x39, 0x69, 0x93, 0x0E, 0xDD,
    0xB0, 0xFD, 0x90, 0xF5, 0x6F, 0xED, 0x6D, 0xC4, 0xAE, 0xCC, 0xAE, 0xCC, 0x6A, 0x93, 0x8F, 0x9C,
    0x36, 0xD6, 0x98, 0xDE, 0xB4, 0xC5, 0x8C, 0x7B, 0x49, 0x8B, 0x8D, 0xC4, 0x2D, 0xB4, 0x4D, 0xBC,
    0xCE, 0xD4, 0x4F, 0xED, 0x4F, 0xED, 0x4F, 0xED, 0x4F, 0xED, 0x4F, 0xE5, 0x4F, 0xED, 0x90, 0xF5,
    0xB0, 0xFD, 0x4F, 0xED, 0xEB, 0xAB, 0x67, 0x6A, 0x20, 0x08, 0x00, 0x00, 0x00, 0x00, 0x00, 0x00,
    0x00, 0x00, 0x00, 0x00, 0x60, 0x10, 0x00, 0x00, 0x00, 0x00, 0x00, 0x00, 0x00, 0x00, 0x00, 0x00,
    0xA0, 0xAA, 0xEF, 0x7B, 0x44, 0x81, 0xCB, 0xDB, 0x0B, 0xE4, 0xA7, 0xE3, 0xC8, 0xE3, 0xA9, 0xE3,
    0x66, 0xDA, 0x2A, 0xED, 0x30, 0xFF, 0x6E, 0xFE, 0x8A, 0xDD, 0xA6, 0x71, 0x00, 0x00, 0xE0, 0x7B,
    0x00, 0x00, 0x00, 0x00, 0x00, 0x00, 0x00, 0x00, 0x00, 0x00, 0x00, 0x00, 0x00, 0x00, 0x00, 0x00,
    0x00, 0x00, 0x00, 0x00, 0x00, 0x00, 0x00, 0x00, 0x00, 0x00, 0x00, 0x00, 0x00, 0x00, 0x00, 0x00,
    0x00, 0x00, 0x00, 0x00, 0x00, 0x00, 0x00, 0x00, 0x00, 0x00, 0xA5, 0x49, 0x69, 0x93, 0x0F, 0xDD,
    0xD0, 0xFD, 0x70, 0xED, 0x4F, 0xED, 0x4F, 0xE5, 0x6F, 0xED, 0xCB, 0xAB, 0x6F, 0xED, 0x4C, 0xBC,
    0x73, 0xBD, 0xD8, 0xEE, 0x15, 0xD6, 0x36, 0xD6, 0x97, 0xDE, 0x97, 0xE6, 0x0E, 0x8C, 0x4A, 0x93,
    0xEE, 0xD4, 0x0E, 0xDD, 0x4F, 0xED, 0x4F, 0xED, 0x4F, 0xED, 0x4F, 0xED, 0x4F, 0xED, 0x4F, 0xED,
    0x4F, 0xED, 0x4F, 0xED, 0x4F, 0xE5, 0x6F, 0xED, 0x90, 0xF5, 0x70, 0xED, 0x6D, 0xC4, 0x29, 0x8B,
    0xA5, 0x49, 0xE5, 0x51, 0xAA, 0xA3, 0xCB, 0xA3, 0x64, 0x39, 0x00, 0x00, 0xE7, 0x39, 0x00, 0x00,
    0x00, 0x00, 0x00, 0x00, 0xEF, 0xBB, 0x00, 0x00, 0x0A, 0xBC, 0x4D, 0xFD, 0xA7, 0xE3, 0xE7, 0xE3,
    0xE9, 0xE3, 0x48, 0xE3, 0x46, 0xDA, 0x6B, 0xF5, 0x53, 0xFF, 0x2F, 0xFF, 0x09, 0xB4, 0x00, 0x00,
    0xEA, 0xFF, 0x00, 0x00, 0x00, 0x00, 0x00, 0x00, 0x00, 0x00, 0x00, 0x00, 0x00, 0x00, 0x00, 0x00,
    0x00, 0x00, 0x00, 0x00, 0x00, 0x00, 0x00, 0x00, 0x00, 0x00, 0x00, 0x00, 0x00, 0x00, 0x00, 0x00,
    0x00, 0x00, 0x86, 0x61, 0xA5, 0x41, 0x03, 0x29, 0x67, 0x62, 0x87, 0x6A, 0xCB, 0xAB, 0x4F, 0xED,
    0xB0, 0xFD, 0x70, 0xF5, 0x4F, 0xE5, 0x4F, 0xED, 0x4F, 0xED, 0x6F, 0xED, 0x2F, 0xE5, 0xCB, 0xA3,
    0xCD, 0xD4, 0x73, 0xBD, 0xDC, 0xFF, 0x19, 0xF7, 0xF9, 0xEE, 0xB7, 0xE6, 0xD8, 0xE6, 0xD8, 0xE6,
    0x5A, 0xFF, 0xB0, 0xA4, 0x6C, 0xC4, 0xB0, 0xF5, 0x4F, 0xED, 0x4F, 0xED, 0x4F, 0xED, 0x4F, 0xED,
    0x4F, 0xED, 0x4F, 0xED, 0x4F, 0xED, 0x4F, 0xED, 0x4F, 0xED, 0x4F, 0xED, 0x2F, 0xE5, 0x4F, 0xE5,
    0x90, 0xF5, 0xD0, 0xFD, 0x4F, 0xE5, 0x4F, 0xE5, 0x70, 0xED, 0x4A, 0x8B, 0x00, 0x00, 0x00, 0x00,
    0x00, 0x00, 0x00, 0x00, 0x00, 0x00, 0xAA, 0xAA, 0x00, 0x00, 0xA7, 0x92, 0x6C, 0xEE, 0x48, 0xEC,
    0xA9, 0xEC, 0x0B, 0xED, 0xCA, 0xE3, 0x07, 0xE3, 0x07, 0xDB, 0xED, 0xF5, 0x94, 0xFF, 0x51, 0xEE,
    0x05, 0x71, 0x48, 0x8A, 0x00, 0x00, 0xEF, 0x7B, 0x00, 0x00, 0x00, 0x00, 0x00, 0x00, 0x00, 0x00,
    0x00, 0x00, 0x00, 0x00, 0x00, 0x00, 0x00, 0x00, 0x00, 0x00, 0x00, 0x00, 0x00, 0x00, 0x00, 0x00,
    0x00, 0x00, 0x00, 0x00, 0x00, 0x00, 0x00, 0x00, 0xE9, 0x7A, 0xEE, 0xDC, 0x4F, 0xED, 0x70, 0xED,
    0x90, 0xF5, 0x4F, 0xED, 0x4F, 0xE5, 0x4F, 0xED, 0x4F, 0xED, 0x4F, 0xED, 0x4F, 0xED, 0x70, 0xED,
    0xEE, 0xDC, 0x8A, 0xA3, 0x8F, 0xB4, 0x5A, 0xF7, 0x7A, 0xFF, 0x7B, 0xFF, 0x7B, 0xFF, 0x7A, 0xFF,
    0x7A, 0xFF, 0x7B, 0xFF, 0x5A, 0xF7, 0x9A, 0xFF, 0x2E, 0x9C, 0xEE, 0xDC, 0x90, 0xED, 0x4F, 0xED,
    0x4F, 0xE5, 0x4F, 0xE5, 0x4F, 0xED, 0x4F, 0xED, 0x4F, 0xE5, 0x2F, 0xE5, 0x4F, 0xE5, 0x4F, 0xED,
    0x4F, 0xE5, 0x4F, 0xE5, 0x4F, 0xE5, 0x4F, 0xED, 0x70, 0xF5, 0xCE, 0xD4, 0x4D, 0xB4, 0x6A, 0x93,
    0x0B, 0xAC, 0x4A, 0x93, 0xE2, 0x28, 0x00, 0x00, 0xE7, 0x39, 0xFF, 0xFF, 0x63, 0x48, 0x6A, 0xDD,
    0xCC, 0xFE, 0xEA, 0xEC, 0xAC, 0xFE, 0x8D, 0xFE, 0x0A, 0xE4, 0x67, 0xE3, 0x4A, 0xED, 0x90, 0xF6,
    0x95, 0xFF, 0x8E, 0xC4, 0x4B, 0xA3, 0x88, 0x92, 0x00, 0x78, 0x1F, 0xF8, 0x00, 0x00, 0x00, 0x00,
    0x00, 0x00, 0x00, 0x00, 0x00, 0x00, 0x00, 0x00, 0x00, 0x00, 0x00, 0x00, 0x00, 0x00, 0x00, 0x00,
    0x00, 0x00, 0x00, 0x00, 0xFF, 0xFF, 0x00, 0x00, 0x27, 0x5A, 0xAE, 0xC4, 0xEE, 0xDC, 0x6F, 0xED,
    0x2F, 0xE5, 0x2F, 0xE5, 0x2F, 0xE5, 0x2F, 0xE5, 0x4F, 0xED, 0x4F, 0xED, 0x4F, 0xED, 0x4F, 0xED,
    0x4F, 0xED, 0x70, 0xF5, 0xCD, 0xD4, 0x49, 0x93, 0x15, 0xCE, 0x9A, 0xFF, 0x5A, 0xF7, 0x7A, 0xFF,
    0x5A, 0xFF, 0x5A, 0xF7, 0x7A, 0xFF, 0x7B, 0xFF, 0x5A, 0xF7, 0x7A, 0xFF, 0x39, 0xEF, 0xCC, 0x93,
    0x4F, 0xED, 0x4F, 0xE5, 0x2F, 0xE5, 0x2F, 0xE5, 0x4F, 0xED, 0x4F, 0xED, 0x2F, 0xE5, 0x2F, 0xE5,
    0x4F, 0xED, 0x4F, 0xED, 0x2F, 0xE5, 0x2F, 0xE5, 0x4F, 0xED, 0x0E, 0xDD, 0x6D, 0xC4, 0x6D, 0xBC,
    0x4D, 0xB4, 0x8E, 0xC4, 0xCB, 0xA3, 0xA5, 0x49, 0xE1, 0x18, 0xEF, 0x7B, 0x26, 0x9B, 0x00, 0x00,
    0x88, 0xAB, 0xED, 0xFE, 0x8C, 0xFE, 0xCC, 0xFE, 0xED, 0xFE, 0xAE, 0xFE, 0xEB, 0xE3, 0xEC, 0xEC,
    0xCE, 0xFE, 0xF0, 0xFE, 0x31, 0xF6, 0x8B, 0xC3, 0x2F, 0xEE, 0xA8, 0xAB, 0x00, 0x00, 0xEF, 0xFF,
    0x00, 0x00, 0x00, 0x00, 0x00, 0x00, 0x00, 0x00, 0x00, 0x00, 0x00, 0x00, 0x00, 0x00, 0x00, 0x00,
    0x00, 0x00, 0x00, 0x00, 0x00, 0x00, 0x00, 0x00, 0x00, 0xF8, 0xFF, 0xFF, 0x27, 0x52, 0x8A, 0x9B,
    0x90, 0xF5, 0x4F, 0xED, 0x2F, 0xE5, 0x2F, 0xE5, 0x2F, 0xE5, 0x2F, 0xE5, 0x2F, 0xE5, 0x4F, 0xE5,
    0x4F, 0xED, 0x4F, 0xED, 0x4F, 0xED, 0x90, 0xF5, 0x0B, 0xB4, 0xAC, 0x83, 0x7A, 0xFF, 0x59, 0xF7,
    0x59, 0xF7, 0x5A, 0xF7, 0x5A, 0xF7, 0x59, 0xF7, 0x59, 0xF7, 0x5A, 0xF7, 0x7A, 0xFF, 0x5A, 0xF7,
    0xBB, 0xFF, 0x36, 0xCE, 0xEB, 0xA3, 0x70, 0xF5, 0x2F, 0xE5, 0x2F, 0xE5, 0x4F, 0xE5, 0x4F, 0xED,
    0x2F, 0xE5, 0x4F, 0xE5, 0x4F, 0xED, 0x2F, 0xE5, 0x2F, 0xE5, 0x2F, 0xE5, 0x4F, 0xED, 0x90, 0xED,
    0xCC, 0xA3, 0xEC, 0xAB, 0x6D, 0xBC, 0xAE, 0xCC, 0xCB, 0xA3, 0x23, 0x31, 0x00, 0x00, 0xA0, 0x52,
    0xE7, 0xBB, 0x00, 0x00, 0x28, 0xA3, 0xED, 0xFE, 0xCC, 0xFE, 0xCC, 0xFE, 0x0D, 0xFF, 0x8A, 0xF5,
    0x4B, 0xE4, 0xF3, 0xFE, 0xED, 0xFE, 0xCE, 0xFE, 0x0D, 0xED, 0xC8, 0xE3, 0x6C, 0xFE, 0x88, 0xAB,
    0x00, 0x00, 0xE7, 0xBB, 0x00, 0x00, 0x00, 0x00, 0x00, 0x00, 0x00, 0x00, 0x00, 0x00, 0x00, 0x00,
    0x00, 0x00, 0x00, 0x00, 0x00, 0x00, 0x00, 0x00, 0x00, 0x00, 0x00, 0x00, 0x00, 0x00, 0x00, 0x00,
    0x00, 0x00, 0x00, 0x00, 0x05, 0x52, 0x0E, 0xDD, 0x2F, 0xE5, 0x0F, 0xE5, 0x2F, 0xE5, 0x2F, 0xE5,
    0x2F, 0xE5, 0x4F, 0xE5, 0x4F, 0xED, 0x4F, 0xED, 0x2F, 0xE5, 0x90, 0xF5, 0xA7, 0x72, 0x32, 0xAD,
    0xBB, 0xFF, 0x39, 0xF7, 0x59, 0xF7, 0x59, 0xF7, 0x5A, 0xF7, 0x59, 0xF7, 0x39, 0xF7, 0x39, 0xF7,
    0x59, 0xF7, 0x7A, 0xFF, 0x5A, 0xF7, 0xDC, 0xFF, 0xD0, 0xA4, 0x6C, 0xCC, 0x50, 0xED, 0x4F, 0xED,
    0xB0, 0xF5, 0x6F, 0xED, 0x6F, 0xED, 0x4F, 0xED, 0x2F, 0xE5, 0x2F, 0xE5, 0x2F, 0xE5, 0x4F, 0xE5,
    0xEE, 0xDC, 0xEC, 0xAB, 0xAB, 0x9B, 0x4A, 0x93, 0xAE, 0xCC, 0x09, 0x83, 0x29, 0x8B, 0xA4, 0x41,
    0x00, 0x00, 0xEF, 0x7B, 0xEF, 0x7B, 0xE0, 0x07, 0x25, 0x69, 0x8A, 0xCC, 0x4D, 0xFF, 0xCC, 0xFE,
    0x0D, 0xFF, 0x2A, 0xED, 0x2F, 0xF6, 0x32, 0xFF, 0xCB, 0xFE, 0x70, 0xF6, 0x0A, 0xE4, 0xA7, 0xEB,
    0x49, 0xD4, 0xA5, 0x58, 0x00, 0x00, 0x00, 0x78, 0x00, 0x00, 0x00, 0x00, 0x00, 0x00, 0x00, 0x00,
    0x00, 0x00, 0x00, 0x00, 0x00, 0x00, 0x00, 0x00, 0x00, 0x00, 0x00, 0x00, 0x00, 0x00, 0x00, 0x00,
    0x00, 0x00, 0x00, 0x00, 0x00, 0x00, 0xFF, 0xFF, 0x00, 0x00, 0x29, 0x8B, 0xF1, 0xFD, 0x6F, 0xED,
    0x70, 0xED, 0x2F, 0xE5, 0x2F, 0xDD, 0x0F, 0xDD, 0x0F, 0xDD, 0xEF, 0xDC, 0xEF, 0xD4, 0xAE, 0xCC,
    0xE9, 0x72, 0x19, 0xEF, 0x59, 0xFF, 0x5A, 0xF7, 0x5A, 0xF7, 0x59, 0xF7, 0x59, 0xF7, 0x59, 0xF7,
    0x39, 0xF7, 0x39, 0xF7, 0x39, 0xF7, 0x39, 0xF7, 0x5A, 0xFF, 0x7A, 0xFF, 0x3A, 0xEF, 0xAB, 0x93,
    0x0E, 0xE5, 0x6A, 0x93, 0xEB, 0xAB, 0xAD, 0xCC, 0x0F, 0xDD, 0x4F, 0xE5, 0x2F, 0xE5, 0x2F, 0xE5,
    0x0F, 0xDD, 0xEF, 0xD4, 0xCE, 0xCC, 0xEC, 0xAB, 0x4A, 0x8B, 0xE8, 0x7A, 0xC5, 0x51, 0x00, 0x00,
    0x00, 0x00, 0x00, 0x00, 0x00, 0x00, 0x00, 0x00, 0x00, 0x00, 0xE0, 0x7B, 0x00, 0x00, 0xE5, 0x68,
    0x8A, 0xC4, 0x0D, 0xFF, 0x6D, 0xF6, 0x0C, 0xF6, 0xEF, 0xFE, 0xCD, 0xFE, 0x0D, 0xFF, 0xAE, 0xF5,
    0x26, 0xDB, 0x88, 0xF3, 0x07, 0xBB, 0x00, 0x00, 0x4A, 0xFD, 0x00, 0x00, 0x00, 0x00, 0x00, 0x00,
    0x00, 0x00, 0x00, 0x00, 0x00, 0x00, 0x00, 0x00, 0x00, 0x00, 0x00, 0x00, 0x00, 0x00, 0x00, 0x00,
    0x00, 0x00, 0x00, 0x00, 0x00, 0x00, 0x00, 0x00, 0x00, 0x00, 0xFF, 0xFF, 0x44, 0x4A, 0xCC, 0x9B,
    0x30, 0xDD, 0xCB, 0xA3, 0x8A, 0x9B, 0x4A, 0x8B, 0x4A, 0x8B, 0x2A, 0x8B, 0x4A, 0x8B, 0x29, 0x8B,
    0x29, 0x8B, 0xE5, 0x51, 0x6F, 0x94, 0xBB, 0xFF, 0x39, 0xF7, 0x5A, 0xF7, 0x5A, 0xFF, 0x59, 0xF7,
    0x39, 0xF7, 0x39, 0xF7, 0x59, 0xF7, 0x39, 0xF7, 0x18, 0xF7, 0x18, 0xF7, 0x39, 0xF7, 0x5A, 0xF7,
    0xDC, 0xFF, 0x53, 0xB5, 0x4C, 0xBC, 0x0F, 0xDD, 0x6A, 0x93, 0x29, 0x8B, 0xC8, 0x7A, 0x87, 0x6A,
    0x09, 0x83, 0x29, 0x83, 0x09, 0x83, 0xA8, 0x72, 0x67, 0x62, 0xE6, 0x51, 0x43, 0x31, 0x00, 0x00,
    0x00, 0x00, 0x00, 0x00, 0x00, 0x00, 0xAA, 0x52, 0x00, 0x00, 0x00, 0x00, 0x00, 0x00, 0x00, 0x00,
    0xAA, 0xAA, 0x00, 0x00, 0x02, 0x30, 0xCB, 0xD4, 0xEE, 0xFD, 0x8D, 0xF6, 0x10, 0xFF, 0xCC, 0xFE,
    0x11, 0xFF, 0x4A, 0xE4, 0x06, 0xE3, 0x67, 0xDB, 0x07, 0x82, 0x00, 0x00, 0xAA, 0xAA, 0x00, 0x00,
    0x00, 0x00, 0x00, 0x00, 0x00, 0x00, 0x00, 0x00, 0x00, 0x00, 0x00, 0x00, 0x00, 0x00, 0x00, 0x00,
    0x00, 0x00, 0x00, 0x00, 0x00, 0x00, 0x00, 0x00, 0x00, 0x00, 0x00, 0x00, 0x00, 0x00, 0x00, 0x00,
    0xC3, 0x18, 0xC5, 0x49, 0x41, 0x08, 0x00, 0x00, 0x00, 0x00, 0x00, 0x00, 0x00, 0x00, 0x00, 0x00,
    0x00, 0x00, 0x00, 0x00, 0x00, 0x00, 0x00, 0x00, 0xD4, 0xC5, 0xBB, 0xFF, 0x39, 0xF7, 0x59, 0xF7,
    0x5A, 0xF7, 0x5A, 0xF7, 0x59, 0xF7, 0x39, 0xF7, 0x39, 0xF7, 0x39, 0xF7, 0x39, 0xF7, 0x18, 0xF7,
    0x18, 0xF7, 0x59, 0xF7, 0x7A, 0xFF, 0x5A, 0xF7, 0xCC, 0x93, 0x6F, 0xF5, 0x0F, 0xDD, 0x6D, 0xBC,
    0x6D, 0xBC, 0x67, 0x62, 0x00, 0x00, 0x00, 0x00, 0x00, 0x00, 0x00, 0x00, 0x00, 0x00, 0x00, 0x00,
    0x00, 0x00, 0x00, 0x00, 0x4A, 0xAD, 0x00, 0x00, 0x00, 0x00, 0x00, 0x00, 0x00, 0x00, 0x00, 0x00,
    0x00, 0x00, 0x00, 0x00, 0x00, 0x00, 0xCC, 0xCC, 0x00, 0x00, 0x2A, 0xB3, 0x0E, 0xFE, 0xEF, 0xFE,
    0xCF, 0xFE, 0xEE, 0xFE, 0x90, 0xF6, 0x87, 0xE3, 0x68, 0xE3, 0xAA, 0xD3, 0x26, 0x69, 0x00, 0x00,
    0x00, 0x78, 0x00, 0x00, 0x00, 0x00, 0x00, 0x00, 0x00, 0x00, 0x00, 0x00, 0x00, 0x00, 0x00, 0x00,
    0x00, 0x00, 0x00, 0x00, 0x00, 0x00, 0x00, 0x00, 0x00, 0x00, 0x00, 0x00, 0x00, 0x00, 0x00, 0x00,
    0x00, 0x00, 0x00, 0x00, 0x00, 0x00, 0x00, 0x00, 0x00, 0x00, 0x00, 0x00, 0x00, 0x00, 0x00, 0x00,
    0x00, 0x00, 0x00, 0x00, 0x00, 0x00, 0x00, 0x00, 0x00, 0x00, 0x20, 0x08, 0xF5, 0xCD, 0xDC, 0xFF,
    0x5A, 0xF7, 0x5A, 0xF7, 0x59, 0xF7, 0x5A, 0xF7, 0x5A, 0xF7, 0x39, 0xF7, 0x39, 0xF7, 0x39, 0xF7,
    0x39, 0xF7, 0x39, 0xF7, 0x18, 0xF7, 0x39, 0xF7, 0x39, 0xF7, 0xBB, 0xFF, 0x32, 0xAD, 0x4C, 0xBC,
    0x90, 0xF5, 0xEE, 0xD4, 0x8E, 0xC4, 0xAE, 0xCC, 0x06, 0x5A, 0x00, 0x00, 0x00, 0x00, 0x00, 0x00,
    0x00, 0x00, 0x4A, 0xAD, 0xE0, 0x39, 0x00, 0x00, 0x00, 0x00, 0x00, 0x00, 0x00, 0x00, 0x00, 0x00,
    0x00, 0x00, 0x00, 0x00, 0x00, 0x00, 0x00, 0x00, 0x00, 0x00, 0xAA, 0xAA, 0xEF, 0x7B, 0xE7, 0x81,
    0x2B, 0xDD, 0x91, 0xFF, 0xEE, 0xFE, 0xAE, 0xD5, 0x6C, 0xFE, 0x08, 0xF4, 0xE9, 0xF3, 0x28, 0xCB,
    0xA6, 0x79, 0x00, 0x00, 0xAA, 0x52, 0x00, 0x00, 0x00, 0x00, 0x00, 0x00, 0x00, 0x00, 0x00, 0x00,
    0x00, 0x00, 0x00, 0x00, 0x00, 0x00, 0x00, 0x00, 0x00, 0x00, 0x00, 0x00, 0x00, 0x00, 0x00, 0x00,
    0x00, 0x00, 0x00, 0x00, 0x00, 0x00, 0x00, 0x00, 0x00, 0x00, 0xE7, 0x79, 0xE0, 0x39, 0x00, 0x00,
    0x00, 0x00, 0x00, 0x00, 0x00, 0x00, 0x00, 0x00, 0x00, 0x00, 0xE7, 0x39, 0x00, 0x00, 0xC3, 0x18,
    0x97, 0xDE, 0xBC, 0xFF, 0x7B, 0xFF, 0x7B, 0xFF, 0x5A, 0xF7, 0x59, 0xF7, 0x5A, 0xF7, 0x59, 0xF7,
    0x39, 0xF7, 0x39, 0xF7, 0x39, 0xF7, 0x39, 0xF7, 0x39, 0xF7, 0x39, 0xF7, 0x39, 0xF7, 0x7A, 0xFF,
    0xD8, 0xE6, 0xEC, 0xA3, 0x8F, 0xF5, 0x4F, 0xE5, 0x2F, 0xE5, 0x70, 0xED, 0xAD, 0xCC, 0x23, 0x31,
    0x00, 0x00, 0xE7, 0x39, 0x00, 0x00, 0x00, 0x00, 0x00, 0x00, 0x00, 0x00, 0x00, 0x00, 0x00, 0x00,
    0x00, 0x00, 0x00, 0x00, 0x00, 0x00, 0x00, 0x00, 0x00, 0x00, 0x00, 0x00, 0x00, 0x00, 0x00, 0x00,
    0x00, 0xF8, 0x00, 0x00, 0x46, 0x61, 0xEC, 0xCC, 0x2C, 0xCD, 0xAB, 0xBC, 0x48, 0xD4, 0x07, 0xCB,
    0xC8, 0xB2, 0x65, 0x79, 0x00, 0x00, 0x00, 0x00, 0x00, 0x00, 0x00, 0x00, 0x00, 0x00, 0x00, 0x00,
    0x00, 0x00, 0x00, 0x00, 0x00, 0x00, 0x00, 0x00, 0x00, 0x00, 0x00, 0x00, 0x00, 0x00, 0x00, 0x00,
    0x00, 0x00, 0x00, 0x00, 0x00, 0x00, 0x00, 0x00, 0x00, 0x00, 0x00, 0x00, 0x00, 0x00, 0x00, 0x00,
    0x00, 0x00, 0x00, 0x00, 0x00, 0x00, 0x00, 0x00, 0x00, 0x00, 0x00, 0x00, 0x00, 0x00, 0xE7, 0x39,
    0x00, 0x00, 0xE6, 0x41, 0x39, 0xEF, 0xBC, 0xFF, 0x7B, 0xFF, 0x7B, 0xFF, 0x7B, 0xFF, 0x5A, 0xF7,
    0x59, 0xF7, 0x5A, 0xF7, 0x39, 0xF7, 0x39, 0xF7, 0x18, 0xF7, 0x19, 0xF7, 0x39, 0xF7, 0x39, 0xF7,
    0x39, 0xF7, 0x39, 0xF7, 0x7A, 0xFF, 0x4E, 0xA4, 0x0E, 0xE5, 0x6F, 0xED, 0x4F, 0xED, 0x4F, 0xE5,
    0xD1, 0xFD, 0x8A, 0x9B, 0x00, 0x00, 0xF5, 0xFF, 0x00, 0x00, 0x00, 0x00, 0x00, 0x00, 0x00, 0x00,
    0x00, 0x00, 0x00, 0x00, 0x00, 0x00, 0x00, 0x00, 0x00, 0x00, 0x00, 0x00, 0x00, 0x00, 0x00, 0x00,
    0x00, 0x00, 0x00, 0x00, 0x00, 0x00, 0xEF, 0x7B, 0x00, 0x00, 0x00, 0x00, 0xA5, 0x51, 0xEE, 0xE4,
    0x65, 0x51, 0x00, 0x00, 0x00, 0x00, 0x00, 0x00, 0x00, 0x00, 0x00, 0x00, 0x00, 0x00, 0x00, 0x00,
    0x00, 0x00, 0x00, 0x00, 0x00, 0x00, 0x00, 0x00, 0x00, 0x00, 0x00, 0x00, 0x00, 0x00, 0x00, 0x00,
    0x00, 0x00, 0x00, 0x00, 0x00, 0x00, 0x00, 0x00, 0x00, 0x00, 0x00, 0x00, 0x00, 0x00, 0x00, 0x00,
    0x00, 0x00, 0x00, 0x00, 0x00, 0x00, 0x00, 0x00, 0x00, 0x00, 0x00, 0x00, 0x00, 0x00, 0x00, 0x00,
    0x00, 0x00, 0xE7, 0x79, 0x00, 0x00, 0xC6, 0x39, 0x3A, 0xEF, 0xBC, 0xFF, 0x7B, 0xFF, 0x7B, 0xFF,
    0x7A, 0xFF, 0x7B, 0xFF, 0x5A, 0xF7, 0x39, 0xF7, 0x59, 0xF7, 0x39, 0xF7, 0x18, 0xF7, 0x18, 0xF7,
    0x19, 0xF7, 0x39, 0xF7, 0x39, 0xF7, 0x19, 0xF7, 0xBB, 0xFF, 0x52, 0xB5, 0x6C, 0xC4, 0x90, 0xF5,
    0x4F, 0xED, 0x4F, 0xED, 0x6F, 0xED, 0x90, 0xF5, 0x26, 0x5A, 0x00, 0x00, 0xE7, 0xBB, 0x00, 0x00,
    0x00, 0x00, 0x00, 0x00, 0x00, 0x00, 0x00, 0x00, 0x00, 0x00, 0x00, 0x00, 0x00, 0x00, 0x00, 0x00,
    0x00, 0x00, 0x00, 0x00, 0x00, 0x00, 0x00, 0x00, 0x00, 0x00, 0x00, 0x00, 0xF7, 0xFD, 0xCC, 0x9C,
    0xE8, 0x82, 0xD0, 0xFD, 0xA4, 0x41, 0xE0, 0xFF, 0xE7, 0x9A, 0xE0, 0x7B, 0x00, 0x00, 0x00, 0x00,
    0x00, 0x00, 0x00, 0x00, 0x00, 0x00, 0x00, 0x00, 0x00, 0x00, 0x00, 0x00, 0x00, 0x00, 0x00, 0x00,
    0x00, 0x00, 0x00, 0x00, 0x00, 0x00, 0x00, 0x00, 0x00, 0x00, 0x00, 0x00, 0x00, 0x00, 0x00, 0x00,
    0x00, 0x00, 0x00, 0x00, 0x00, 0x00, 0x00, 0x00, 0x00, 0x00, 0x00, 0x00, 0x00, 0x00, 0x00, 0x00,
    0x00, 0x00, 0x00, 0x00, 0x00, 0x00, 0xEF, 0x7B, 0x00, 0x00, 0xCA, 0x5A, 0x7B, 0xF7, 0x9C, 0xFF,
    0x7B, 0xFF, 0x7B, 0xFF, 0x5A, 0xFF, 0x39, 0xF7, 0x7A, 0xFF, 0x59, 0xF7, 0x39, 0xF7, 0x39, 0xF7,
    0x39, 0xF7, 0x18, 0xF7, 0x18, 0xF7, 0x39, 0xF7, 0x59, 0xF7, 0x39, 0xF7, 0x7A, 0xFF, 0x97, 0xDE,
    0x2C, 0xB4, 0x90, 0xF5, 0x4F, 0xED, 0x4F, 0xED, 0x4F, 0xE5, 0xB0, 0xF5, 0x6C, 0xC4, 0x81, 0x10,
    0x00, 0x00, 0x00, 0x50, 0x00, 0x00, 0x00, 0x00, 0x00, 0x00, 0x00, 0x00, 0x00, 0x00, 0x00, 0x00,
    0x00, 0x00, 0x00, 0x00, 0x00, 0x00, 0x00, 0x00, 0x00, 0x00, 0x00, 0x00, 0x00, 0x00, 0x00, 0x00,
    0x00, 0x00, 0x20, 0x00, 0x6C, 0xC4, 0x70, 0xF5, 0xA4, 0x49, 0x00, 0x00, 0xE7, 0x79, 0x00, 0x00,
    0x00, 0x00, 0x00, 0x00, 0x00, 0x00, 0x00, 0x00, 0x00, 0x00, 0x00, 0x00, 0x00, 0x00, 0x00, 0x00,
    0x00, 0x00, 0x00, 0x00, 0x00, 0x00, 0x00, 0x00, 0x00, 0x00, 0x00, 0x00, 0x00, 0x00, 0x00, 0x00,
    0x00, 0x00, 0x00, 0x00, 0x00, 0x00, 0x00, 0x00, 0x00, 0x00, 0x00, 0x00, 0x00, 0x00, 0x00, 0x00,
    0x00, 0x00, 0x00, 0x00, 0x00, 0x00, 0x00, 0x00, 0x00, 0x00, 0xEF, 0x7B, 0x00, 0x00, 0xCD, 0x7B,
    0xBC, 0xFF, 0x9B, 0xFF, 0x7B, 0xFF, 0x7B, 0xFF, 0x7B, 0xFF, 0x39, 0xF7, 0x39, 0xF7, 0x7A, 0xF7,
    0x39, 0xF7, 0x39, 0xF7, 0x19, 0xF7, 0x18, 0xF7, 0x18, 0xF7, 0x19, 0xF7, 0x59, 0xF7, 0x5A, 0xF7,
    0x59, 0xF7, 0x5A, 0xF7, 0x6E, 0xAC, 0x4F, 0xED, 0x4F, 0xED, 0x4F, 0xED, 0x4F, 0xED, 0x4F, 0xED,
    0xD0, 0xFD, 0x08, 0x83, 0x00, 0x00, 0x55, 0xFD, 0x00, 0x00, 0x00, 0x00, 0x00, 0x00, 0x00, 0x00,
    0x00, 0x00, 0x00, 0x00, 0x00, 0x00, 0x00, 0x00, 0x00, 0x00, 0x00, 0x00, 0x00, 0x00, 0x00, 0x00,
    0x00, 0x00, 0x55, 0xFD, 0x00, 0x00, 0x06, 0x5A, 0x90, 0xF5, 0x0E, 0xDD, 0x43, 0x39, 0x00, 0x00,
    0xE7, 0x39, 0x00, 0x00, 0x00, 0x00, 0x00, 0x00, 0x00, 0x00, 0x00, 0x00, 0x00, 0x00, 0x00, 0x00,
    0x00, 0x00, 0x00, 0x00, 0x00, 0x00, 0x00, 0x00, 0x00, 0x00, 0x00, 0x00, 0x00, 0x00, 0x00, 0x00,
    0x00, 0x00, 0x00, 0x00, 0x00, 0x00, 0x00, 0x00, 0x00, 0x00, 0x00, 0x00, 0x00, 0x00, 0x00, 0x00,
    0x00, 0x00, 0x00, 0x00, 0x00, 0x00, 0x00, 0x00, 0x00, 0x00, 0x00, 0x00, 0x00, 0x00, 0x2C, 0x63,
    0xEF, 0xFF, 0xCE, 0x7B, 0x9B, 0xFF, 0x9B, 0xFF, 0x7B, 0xFF, 0x7B, 0xFF, 0x7B, 0xFF, 0x7B, 0xFF,
    0x39, 0xF7, 0x59, 0xF7, 0x5A, 0xF7, 0x18, 0xF7, 0x18, 0xF7, 0x18, 0xF7, 0x18, 0xF7, 0x18, 0xF7,
    0x39, 0xF7, 0x5A, 0xFF, 0x5A, 0xF7, 0x9B, 0xFF, 0xD0, 0xB4, 0x0E, 0xE5, 0x70, 0xED, 0x4F, 0xED,
    0x4F, 0xED, 0x4F, 0xED, 0x70, 0xED, 0x2F, 0xE5, 0x64, 0x39, 0x00, 0x00, 0xE7, 0x7B, 0x00, 0x00,
    0x00, 0x00, 0x00, 0x00, 0x00, 0x00, 0x00, 0x00, 0x00, 0x00, 0x00, 0x00, 0x00, 0x00, 0x00, 0x00,
    0x00, 0x00, 0x00, 0x00, 0xE0, 0x39, 0x00, 0x00, 0x61, 0x10, 0xCB, 0xA3, 0x2F, 0xE5, 0x8D, 0xCC,
    0x20, 0x08, 0x00, 0x00, 0x00, 0x50, 0x00, 0x00, 0x00, 0x00, 0x00, 0x00, 0x00, 0x00, 0x00, 0x00,
    0x00, 0x00, 0x00, 0x00, 0x00, 0x00, 0x00, 0x00, 0x00, 0x00, 0x00, 0x00, 0x00, 0x00, 0x00, 0x00,
    0x00, 0x00, 0x00, 0x00, 0x00, 0x00, 0x00, 0x00, 0x00, 0x00, 0x00, 0x00, 0x00, 0x00, 0x00, 0x00,
    0x00, 0x00, 0x00, 0x00, 0x00, 0x00, 0x00, 0x00, 0x00, 0x00, 0x00, 0x00, 0x00, 0x00, 0x00, 0x00,
    0x00, 0x00, 0xFF, 0xFF, 0x00, 0x00, 0xA5, 0x39, 0x3A, 0xF7, 0xBC, 0xFF, 0x7B, 0xFF, 0x7B, 0xFF,
    0x7B, 0xFF, 0x9B, 0xFF, 0x7B, 0xFF, 0x39, 0xF7, 0x5A, 0xF7, 0x39, 0xF7, 0x18, 0xF7, 0x18, 0xF7,
    0x18, 0xF7, 0x18, 0xF7, 0x18, 0xF7, 0x39, 0xF7, 0x5A, 0xF7, 0xBB, 0xFF, 0x52, 0xBD, 0xAD, 0xD4,
    0x70, 0xED, 0x4F, 0xED, 0x4F, 0xED, 0x4F, 0xED, 0x4F, 0xE5, 0xD0, 0xFD, 0xAA, 0xA3, 0x00, 0x00,
    0x00, 0x00, 0x00, 0x00, 0x00, 0x00, 0x00, 0x00, 0x00, 0x00, 0x00, 0x00, 0x00, 0x00, 0x00, 0x00,
    0x00, 0x00, 0x00, 0x00, 0x00, 0x00, 0x00, 0x00, 0x00, 0x00, 0x00, 0x00, 0x87, 0x6A, 0x8D, 0xBC,
    0xEE, 0xD4, 0x29, 0x8B, 0x00, 0x00, 0x00, 0x00, 0x00, 0x00, 0x00, 0x00, 0x00, 0x00, 0x00, 0x00,
    0x00, 0x00, 0x00, 0x00, 0x00, 0x00, 0x00, 0x00, 0x00, 0x00, 0x00, 0x00, 0x00, 0x00, 0x00, 0x00,
    0x00, 0x00, 0x00, 0x00, 0x00, 0x00, 0x00, 0x00, 0x00, 0x00, 0x00, 0x00, 0x00, 0x00, 0x00, 0x00,
    0x00, 0x00, 0x00, 0x00, 0x00, 0x00, 0x00, 0x00, 0x00, 0x00, 0x00, 0x00, 0x00, 0x00, 0x00, 0x00,
    0x00, 0x00, 0x00, 0x00, 0x00, 0x00, 0x00, 0x00, 0x88, 0x6A, 0x0C, 0xAC, 0x56, 0xD6, 0xBC, 0xFF,
    0x7B, 0xFF, 0x7B, 0xFF, 0x7B, 0xFF, 0x7B, 0xFF, 0x7B, 0xFF, 0x7A, 0xF7, 0x7A, 0xFF, 0x5A, 0xF7,
    0x18, 0xEF, 0x18, 0xF7, 0x18, 0xF7, 0x18, 0xF7, 0x18, 0xF7, 0x19, 0xF7, 0x19, 0xF7, 0x5A, 0xFF,
    0x73, 0xBD, 0xAA, 0xA3, 0x90, 0xF5, 0x4F, 0xED, 0x4F, 0xED, 0x4F, 0xED, 0x4F, 0xED, 0x2F, 0xE5,
    0x70, 0xED, 0x05, 0x5A, 0x00, 0x00, 0x4A, 0xFD, 0x00, 0x00, 0x00, 0x00, 0x00, 0x00, 0x00, 0x00,
    0x00, 0x00, 0x00, 0x00, 0x00, 0x00, 0x00, 0x00, 0x00, 0x00, 0x00, 0x00, 0x00, 0x00, 0x84, 0x41,
    0x6D, 0xBC, 0x4D, 0xB4, 0xAE, 0xCC, 0xA5, 0x41, 0x00, 0x00, 0xFF, 0xFF, 0x00, 0x00, 0x00, 0x00,
    0x00, 0x00, 0x00, 0x00, 0x00, 0x00, 0x00, 0x00, 0x00, 0x00, 0x00, 0x00, 0x00, 0x00, 0x00, 0x00,
    0x00, 0x00, 0x00, 0x00, 0x00, 0x00, 0x00, 0x00, 0x00, 0x00, 0x00, 0x00, 0x00, 0x00, 0x00, 0x00,
    0x00, 0x00, 0x00, 0x00, 0x00, 0x00, 0x00, 0x00, 0x00, 0x00, 0x00, 0x00, 0x00, 0x00, 0x00, 0x00,
    0x00, 0x00, 0x00, 0x00, 0x00, 0x00, 0xFF, 0xFF, 0x00, 0x00, 0x8B, 0x9B, 0xF2, 0xFD, 0x2F, 0xE5,
    0x11, 0xB5, 0xBB, 0xFF, 0x7A, 0xFF, 0x7B, 0xFF, 0x7B, 0xFF, 0x7B, 0xFF, 0x7B, 0xFF, 0x7B, 0xFF,
    0x7B, 0xFF, 0x7A, 0xFF, 0x39, 0xF7, 0x18, 0xF7, 0x18, 0xF7, 0x18, 0xEF, 0xD8, 0xEE, 0xB7, 0xE6,
    0x76, 0xDE, 0x97, 0xE6, 0xB0, 0xAC, 0xCD, 0xD4, 0x90, 0xED, 0x70, 0xED, 0x4F, 0xED, 0x4F, 0xED,
    0x4F, 0xED, 0x2F, 0xE5, 0x70, 0xED, 0x8D, 0xC4, 0x61, 0x10, 0x00, 0x00, 0xE0, 0x39, 0x00, 0x00,
    0x00, 0x00, 0x00, 0x00, 0x00, 0x00, 0x00, 0x00, 0x00, 0x38, 0xFF, 0xFF, 0x00, 0x00, 0x00, 0x00,
    0x84, 0x41, 0x0C, 0xAC, 0x4D, 0xB4, 0x6D, 0xBC, 0xCC, 0x9B, 0x65, 0x29, 0x00, 0x00, 0xE7, 0x39,
    0x00, 0x00, 0x00, 0x00, 0x00, 0x00, 0x00, 0x00, 0x00, 0x00, 0x00, 0x00, 0x00, 0x00, 0x00, 0x00,
    0x00, 0x00, 0x00, 0x00, 0x00, 0x00, 0x00, 0x00, 0x00, 0x00, 0x00, 0x00, 0x00, 0x00, 0x00, 0x00,
    0x00, 0x00, 0x00, 0x00, 0x00, 0x00, 0x00, 0x00, 0x00, 0x00, 0x00, 0x00, 0x00, 0x00, 0x00, 0x00,
    0x00, 0x00, 0x00, 0x00, 0x00, 0x00, 0x00, 0x00, 0xF5, 0xFF, 0x00, 0x00, 0xCB, 0xA3, 0x12, 0xFE,
    0x91, 0xED, 0x71, 0xED, 0x4E, 0xA4, 0xB8, 0xE6, 0x3A, 0xF7, 0x7A, 0xFF, 0x7B, 0xFF, 0x7B, 0xFF,
    0x7B, 0xFF, 0x7B, 0xFF, 0x5A, 0xF7, 0x5A, 0xF7, 0x39, 0xF7, 0xD7, 0xEE, 0x97, 0xE6, 0x56, 0xDE,
    0x36, 0xD6, 0x15, 0xD6, 0x35, 0xD6, 0xB4, 0xC5, 0x4D, 0xB4, 0xD2, 0xF5, 0x14, 0xEE, 0xD2, 0xED,
    0x4F, 0xED, 0x4F, 0xED, 0x4F, 0xED, 0x4F, 0xE5, 0x2F, 0xE5, 0xB0, 0xFD, 0xE8, 0x7A, 0x00, 0x00,
    0xF7, 0xFF, 0x86, 0x61, 0xE7, 0x79, 0xE7, 0x79, 0xEF, 0xFF, 0x00, 0x00, 0x00, 0x00, 0x00, 0x00,
    0x20, 0x08, 0x47, 0x62, 0x0C, 0xAC, 0x2D, 0xB4, 0x2D, 0xB4, 0x2D, 0xB4, 0x2B, 0x73, 0x00, 0x00,
    0x00, 0x00, 0x00, 0x00, 0x00, 0x00, 0x00, 0x00, 0x00, 0x00, 0x00, 0x00, 0x00, 0x00, 0x00, 0x00,
    0x00, 0x00, 0x00, 0x00, 0x00, 0x00, 0x00, 0x00, 0x00, 0x00, 0x00, 0x00, 0x00, 0x00, 0x00, 0x00,
    0x00, 0x00, 0x00, 0x00, 0x00, 0x00, 0x00, 0x00, 0x00, 0x00, 0x00, 0x00, 0x00, 0x00, 0x00, 0x00,
    0x00, 0x00, 0x00, 0x00, 0x00, 0x00, 0x00, 0x00, 0x00, 0x00, 0x4A, 0xFD, 0x00, 0x00, 0x4A, 0x8B,
    0x12, 0xFE, 0x91, 0xED, 0x71, 0xED, 0xD2, 0xF5, 0x6D, 0xBC, 0x12, 0xAD, 0xB8, 0xE6, 0xB8, 0xE6,
    0xD8, 0xEE, 0xF9, 0xEE, 0xF9, 0xEE, 0xF9, 0xEE, 0xD8, 0xE6, 0x97, 0xE6, 0x77, 0xDE, 0x56, 0xDE,
    0x36, 0xD6, 0x15, 0xD6, 0x15, 0xD6, 0x15, 0xD6, 0x56, 0xDE, 0xD0, 0xB4, 0x51, 0xDD, 0x55, 0xEE,
    0x55, 0xEE, 0x14, 0xEE, 0x4F, 0xED, 0x4F, 0xED, 0x4F, 0xED, 0x4F, 0xE5, 0x4F, 0xE5, 0x90, 0xF5,
    0xEE, 0xDC, 0xE3, 0x28, 0x00, 0x00, 0x00, 0x00, 0x00, 0x00, 0x00, 0x00, 0x00, 0x00, 0x00, 0x00,
    0x81, 0x10, 0xE6, 0x51, 0x4A, 0x8B, 0x2D, 0xB4, 0x0C, 0xAC, 0x0C, 0xA4, 0xEB, 0xAB, 0xAF, 0xAC,
    0x4C, 0x6B, 0x00, 0x00, 0xFF, 0xFF, 0x00, 0x00, 0x00, 0x00, 0x00, 0x00, 0x00, 0x00, 0x00, 0x00,
    0x00, 0x00, 0x00, 0x00, 0x00, 0x00, 0x00, 0x00, 0x00, 0x00, 0x00, 0x00, 0x00, 0x00, 0x00, 0x00,
    0x00, 0x00, 0x00, 0x00, 0x00, 0x00, 0x00, 0x00, 0x00, 0x00, 0x00, 0x00, 0x00, 0x00, 0x00, 0x00,
    0x00, 0x00, 0x00, 0x00, 0x00, 0x00, 0x00, 0x00, 0x00, 0x00, 0x00, 0x00, 0x4A, 0xAD, 0x00, 0x00,
    0x47, 0x52, 0xD3, 0xE5, 0x55, 0xF6, 0xF3, 0xED, 0x91, 0xED, 0x91, 0xED, 0x70, 0xED, 0x0D, 0x9C,
    0x56, 0xD6, 0x56, 0xDE, 0x77, 0xDE, 0x77, 0xDE, 0x77, 0xDE, 0x77, 0xDE, 0x77, 0xDE, 0x56, 0xDE,
    0x36, 0xD6, 0x56, 0xDE, 0x77, 0xDE, 0x77, 0xDE, 0x36, 0xD6, 0x35, 0xD6, 0xF5, 0xCD, 0x8F, 0xB4,
    0x35, 0xF6, 0x35, 0xEE, 0x55, 0xEE, 0xF3, 0xED, 0x4F, 0xED, 0x4F, 0xED, 0x4F, 0xED, 0x4F, 0xED,
    0x4F, 0xED, 0x4F, 0xED, 0x4F, 0xE5, 0x06, 0x5A, 0xC5, 0x49, 0x27, 0x5A, 0x64, 0x39, 0x85, 0x41,
    0xE6, 0x51, 0x88, 0x6A, 0x8B, 0x93, 0x0D, 0xAC, 0x0D, 0xAC, 0xEC, 0xA3, 0xCC, 0x9B, 0xCC, 0xA3,
    0xAB, 0x93, 0x90, 0x9C, 0xA2, 0x18, 0x00, 0x00, 0x00, 0x00, 0x00, 0x00, 0x00, 0x00, 0x00, 0x00,
    0x00, 0x00, 0x00, 0x00, 0x00, 0x00, 0x00, 0x00, 0x00, 0x00, 0x00, 0x00, 0x00, 0x00, 0x00, 0x00,
    0x00, 0x00, 0x00, 0x00, 0x00, 0x00, 0x00, 0x00, 0x00, 0x00, 0x00, 0x00, 0x00, 0x00, 0x00, 0x00,
    0x00, 0x00, 0x00, 0x00, 0x00, 0x00, 0x00, 0x00, 0x00, 0x00, 0x00, 0x00, 0x00, 0x00, 0x00, 0x00,
    0xFF, 0xFF, 0x00, 0x00, 0x6F, 0xAC, 0xD7, 0xFE, 0x56, 0xEE, 0x55, 0xF6, 0xB2, 0xED, 0x70, 0xED,
    0xB1, 0xF5, 0x2C, 0xB4, 0xF1, 0xAC, 0x97, 0xE6, 0x77, 0xDE, 0x98, 0xDE, 0x77, 0xDE, 0x77, 0xDE,
    0x77, 0xDE, 0x56, 0xDE, 0x56, 0xDE, 0x56, 0xDE, 0x77, 0xDE, 0x56, 0xDE, 0x77, 0xDE, 0x77, 0xDE,
    0x73, 0xBD, 0xAF, 0xBC, 0x76, 0xFE, 0x35, 0xEE, 0x35, 0xEE, 0x91, 0xED, 0x4F, 0xED, 0x4F, 0xED,
    0x4F, 0xED, 0x4F, 0xED, 0x4F, 0xED, 0x4F, 0xED, 0x0F, 0xDD, 0x4A, 0x8B, 0x4A, 0x8B, 0x2D, 0xAC,
    0xEC, 0xA3, 0xEC, 0xAB, 0x0D, 0xAC, 0x0D, 0xAC, 0xEC, 0xAB, 0xCC, 0xA3, 0xCC, 0xA3, 0xCC, 0x9B,
    0xEC, 0xA3, 0x2A, 0x83, 0xF1, 0xA4, 0x07, 0x4A, 0x00, 0x00, 0x55, 0xAD, 0x00, 0x00, 0x00, 0x00,
    0x00, 0x00, 0x00, 0x00, 0x00, 0x00, 0x00, 0x00, 0x00, 0x00, 0x00, 0x00, 0x00, 0x00, 0x00, 0x00,
    0x00, 0x00, 0x00, 0x00, 0x00, 0x00, 0x00, 0x00, 0x00, 0x00, 0x00, 0x00, 0x00, 0x00, 0x00, 0x00,
    0x00, 0x00, 0x00, 0x00, 0x00, 0x00, 0x00, 0x00, 0x00, 0x00, 0x00, 0x00, 0x00, 0x00, 0x00, 0x00,
    0x00, 0x00, 0xE7, 0x79, 0x00, 0x00, 0xA5, 0x41, 0x35, 0xE6, 0x76, 0xF6, 0x56, 0xEE, 0x14, 0xEE,
    0x91, 0xED, 0x70, 0xED, 0x4F, 0xE5, 0xAD, 0xCC, 0x8B, 0x8B, 0xD4, 0xC5, 0x97, 0xE6, 0x77, 0xDE,
    0x97, 0xDE, 0x77, 0xDE, 0x56, 0xDE, 0x56, 0xDE, 0x56, 0xDE, 0x77, 0xDE, 0x77, 0xDE, 0x36, 0xD6,
    0x77, 0xDE, 0xB8, 0xE6, 0x52, 0xB5, 0xAE, 0xBC, 0x76, 0xF6, 0x15, 0xEE, 0xB2, 0xED, 0x4F, 0xED,
    0x4F, 0xED, 0x4F, 0xED, 0x4F, 0xED, 0x4F, 0xED, 0x4F, 0xED, 0x4F, 0xE5, 0xCE, 0xCC, 0xCB, 0xA3,
    0x88, 0x6A, 0x0C, 0xAC, 0xCC, 0xA3, 0xCC, 0xA3, 0xCC, 0xA3, 0xCC, 0x9B, 0xCC, 0xA3, 0xCC, 0xA3,
    0xCC, 0xA3, 0xEC, 0xA3, 0xE9, 0x7A, 0xF2, 0xAC, 0x4C, 0x6B, 0x00, 0x00, 0xFF, 0xFF, 0x00, 0x00,
    0x00, 0x00, 0x00, 0x00, 0x00, 0x00, 0x00, 0x00, 0x00, 0x00, 0x00, 0x00, 0x00, 0x00, 0x00, 0x00,
    0x00, 0x00, 0x00, 0x00, 0x00, 0x00, 0x00, 0x00, 0x00, 0x00, 0x00, 0x00, 0x00, 0x00, 0x00, 0x00,
    0x00, 0x00, 0x00, 0x00, 0x00, 0x00, 0x00, 0x00, 0x00, 0x00, 0x00, 0x00, 0x00, 0x00, 0x00, 0x00,
    0x00, 0x00, 0x00, 0x00, 0x00, 0x00, 0xFF, 0xFF, 0x00, 0x00, 0xEA, 0x72, 0xB7, 0xFE, 0x56, 0xEE,
    0xF4, 0xED, 0x71, 0xE5, 0x4F, 0xED, 0x4F, 0xE5, 0x8D, 0xCC, 0x4D, 0xBC, 0x2C, 0xBC, 0x4B, 0x83,
    0xD5, 0xC5, 0xB8, 0xE6, 0x77, 0xDE, 0x77, 0xDE, 0x56, 0xDE, 0x56, 0xDE, 0x56, 0xDE, 0x77, 0xDE,
    0x77, 0xDE, 0x56, 0xDE, 0x57, 0xDE, 0xB8, 0xE6, 0x74, 0xBD, 0x4C, 0xBC, 0xF3, 0xF5, 0x91, 0xED,
    0x4F, 0xED, 0x4F, 0xED, 0x4F, 0xED, 0x4F, 0xED, 0x4F, 0xED, 0x4F, 0xED, 0x4F, 0xED, 0x0E, 0xDD,
    0x6D, 0xBC, 0x4D, 0xB4, 0x67, 0x6A, 0xCC, 0x9B, 0xCC, 0xA3, 0xCC, 0xA3, 0xCC, 0xA3, 0xCC, 0xA3,
    0xCC, 0xA3, 0xEC, 0xA3, 0xCC, 0xA3, 0xE9, 0x7A, 0xD1, 0xA4, 0x4F, 0x94, 0x00, 0x00, 0x00, 0x00,
    0x00, 0x00, 0x00, 0x00, 0x00, 0x00, 0x00, 0x00, 0x00, 0x00, 0x00, 0x00, 0x00, 0x00, 0x00, 0x00,
    0x00, 0x00, 0x00, 0x00, 0x00, 0x00, 0x00, 0x00, 0x00, 0x00, 0x00, 0x00, 0x00, 0x00, 0x00, 0x00,
    0x00, 0x00, 0x00, 0x00, 0x00, 0x00, 0x00, 0x00, 0x00, 0x00, 0x00, 0x00, 0x00, 0x00, 0x00, 0x00,
    0x00, 0x00, 0x00, 0x00, 0x00, 0x00, 0x00, 0x00, 0x00, 0x00, 0x00, 0x00, 0x00, 0x00, 0x6A, 0x8B,
    0x75, 0xFE, 0xB3, 0xE5, 0x70, 0xE5, 0x4F, 0xE5, 0x0F, 0xDD, 0x8D, 0xC4, 0x4D, 0xBC, 0x4D, 0xBC,
    0x6D, 0xBC, 0x2C, 0xB4, 0x4A, 0x83, 0x93, 0xBD, 0xD9, 0xEE, 0x98, 0xE6, 0x56, 0xD6, 0x36, 0xD6,
    0x56, 0xDE, 0x77, 0xDE, 0x56, 0xDE, 0x56, 0xDE, 0x77, 0xDE, 0xB8, 0xE6, 0x94, 0xBD, 0x2C, 0xB4,
    0x90, 0xF5, 0x4F, 0xED, 0x4F, 0xE5, 0x2F, 0xE5, 0x2F, 0xE5, 0x4F, 0xED, 0x4F, 0xED, 0x6F, 0xED,
    0x2F, 0xE5, 0x8D, 0xC4, 0x4D, 0xBC, 0x6D, 0xBC, 0xA8, 0x72, 0x6B, 0x93, 0xCC, 0xA3, 0xCC, 0x9B,
    0xCC, 0xA3, 0xCC, 0xA3, 0xEC, 0xAB, 0xAB, 0x9B, 0x0A, 0x7B, 0x12, 0xAD, 0x6F, 0x94, 0x41, 0x08,
    0x00, 0x00, 0xAA, 0x52, 0x00, 0x00, 0x00, 0x00, 0x00, 0x00, 0x00, 0x00, 0x00, 0x00, 0x00, 0x00,
    0x00, 0x00, 0x00, 0x00, 0x00, 0x00, 0x00, 0x00, 0x00, 0x00, 0x00, 0x00, 0x00, 0x00, 0x00, 0x00,
    0x00, 0x00, 0x00, 0x00, 0x00, 0x00, 0x00, 0x00, 0x00, 0x00, 0x00, 0x00, 0x00, 0x00, 0x00, 0x00,
    0x00, 0x00, 0x00, 0x00, 0x00, 0x00, 0x00, 0x00, 0x00, 0x00, 0x00, 0x00, 0x00, 0x00, 0x00, 0x00,
    0x00, 0x00, 0x8A, 0x9B, 0xD1, 0xFD, 0x2F, 0xE5, 0x2F, 0xE5, 0xCE, 0xD4, 0x4D, 0xBC, 0x4D, 0xB4,
    0x4D, 0xBC, 0x4D, 0xBC, 0x4D, 0xBC, 0x6D, 0xC4, 0x4D, 0xBC, 0x2A, 0x83, 0x90, 0x9C, 0x78, 0xDE,
    0xD9, 0xEE, 0x77, 0xDE, 0x56, 0xDE, 0x57, 0xDE, 0x56, 0xDE, 0x56, 0xDE, 0x77, 0xDE, 0x98, 0xE6,
    0x36, 0xCE, 0x8B, 0x93, 0x4F, 0xED, 0x4F, 0xE5, 0x4F, 0xE5, 0x4F, 0xE5, 0x4F, 0xE5, 0x6F, 0xED,
    0x4F, 0xED, 0x0F, 0xDD, 0x8D, 0xC4, 0x4D, 0xBC, 0x4D, 0xB4, 0x6D, 0xBC, 0x09, 0x83, 0x4A, 0x8B,
    0xEC, 0xA3, 0xEC, 0xA3, 0xEC, 0xA3, 0x8B, 0x9B, 0x09, 0x83, 0xCD, 0x8B, 0xD5, 0xC5, 0x4F, 0x94,
    0x00, 0x00, 0x00, 0x00, 0xE7, 0x39, 0x00, 0x00, 0x00, 0x00, 0x00, 0x00, 0x00, 0x00, 0x00, 0x00,
    0x00, 0x00, 0x00, 0x00, 0x00, 0x00, 0x00, 0x00, 0x00, 0x00, 0x00, 0x00, 0x00, 0x00, 0x00, 0x00,
    0x00, 0x00, 0x00, 0x00, 0x00, 0x00, 0x00, 0x00, 0x00, 0x00, 0x00, 0x00, 0x00, 0x00, 0x00, 0x00,
    0x00, 0x00, 0x00, 0x00, 0x00, 0x00, 0x00, 0x00, 0x00, 0x00, 0x00, 0x00, 0x00, 0x00, 0x00, 0x00,
    0x00, 0x00, 0x00, 0x00, 0x00, 0x00, 0x09, 0x83, 0x4F, 0xED, 0xCE, 0xD4, 0x8D, 0xC4, 0x4D, 0xB4,
    0x4D, 0xB4, 0x4D, 0xBC, 0x4D, 0xBC, 0x4D, 0xBC, 0x4D, 0xBC, 0x4D, 0xBC, 0x6D, 0xBC, 0x8D, 0xC4,
    0x8A, 0x9B, 0x6B, 0x83, 0xB1, 0xA4, 0xF5, 0xCD, 0xB8, 0xE6, 0xF9, 0xEE, 0xB8, 0xE6, 0x97, 0xDE,
    0x77, 0xDE, 0x56, 0xDE, 0xB8, 0xE6, 0x0E, 0x94, 0xEB, 0xAB, 0xCE, 0xCC, 0xCE, 0xCC, 0xCE, 0xD4,
    0xCE, 0xD4, 0xCE, 0xD4, 0xAE, 0xCC, 0x6D, 0xBC, 0x4D, 0xBC, 0x6D, 0xBC, 0x4D, 0xB4, 0x6D, 0xBC,
    0x29, 0x83, 0x2A, 0x83, 0xAB, 0x9B, 0x2A, 0x8B, 0x0A, 0x7B, 0xAD, 0x83, 0x12, 0xAD, 0x94, 0xBD,
    0x8C, 0x73, 0x00, 0x00, 0x00, 0x00, 0xAA, 0x52, 0x00, 0x00, 0x00, 0x00, 0x00, 0x00, 0x00, 0x00,
    0x00, 0x00, 0x00, 0x00, 0x00, 0x00, 0x00, 0x00, 0x00, 0x00, 0x00, 0x00, 0x00, 0x00, 0x00, 0x00,
    0x00, 0x00, 0x00, 0x00, 0x00, 0x00, 0x00, 0x00, 0x00, 0x00, 0x00, 0x00, 0x00, 0x00, 0x00, 0x00,
    0x00, 0x00, 0x00, 0x00, 0x00, 0x00, 0x00, 0x00, 0x00, 0x00, 0x00, 0x00, 0x00, 0x00, 0x00, 0x00,
    0x00, 0x00, 0x00, 0x00, 0x00, 0x00, 0xFF, 0xFF, 0x00, 0x00, 0x06, 0x5A, 0xAE, 0xC4, 0x4D, 0xB4,
    0x4D, 0xB4, 0x4D, 0xBC, 0x4D, 0xBC, 0x4D, 0xBC, 0x4D, 0xB4, 0x4D, 0xBC, 0x4D, 0xBC, 0x6D, 0xBC,
    0x4D, 0xBC, 0x4D, 0xBC, 0xAE, 0xCC, 0xAE, 0xCC, 0xEC, 0xAB, 0x6B, 0x93, 0xCC, 0x8B, 0x70, 0x9C,
    0x94, 0xBD, 0x98, 0xDE, 0xD8, 0xEE, 0xF8, 0xEE, 0x19, 0xF7, 0xB8, 0xE6, 0x8B, 0x8B, 0x6D, 0xBC,
    0x2D, 0xB4, 0x4D, 0xB4, 0x4D, 0xBC, 0x4D, 0xBC, 0x4D, 0xBC, 0x6D, 0xBC, 0x6D, 0xBC, 0x4D, 0xBC,
    0x4D, 0xB4, 0x6D, 0xBC, 0x4A, 0x8B, 0xA9, 0x62, 0xED, 0x8B, 0xB1, 0x9C, 0xB5, 0xBD, 0x94, 0xB5,
    0xEE, 0x83, 0x65, 0x29, 0x00, 0x00, 0x00, 0x00, 0x00, 0x50, 0x00, 0x00, 0x00, 0x00, 0x00, 0x00,
    0x00, 0x00, 0x00, 0x00, 0x00, 0x00, 0x00, 0x00, 0x00, 0x00, 0x00, 0x00, 0x00, 0x00, 0x00, 0x00,
    0x00, 0x00, 0x00, 0x00, 0x00, 0x00, 0x00, 0x00, 0x00, 0x00, 0x00, 0x00, 0x00, 0x00, 0x00, 0x00,
    0x00, 0x00, 0x00, 0x00, 0x00, 0x00, 0x00, 0x00, 0x00, 0x00, 0x00, 0x00, 0x00, 0x00, 0x00, 0x00,
    0x00, 0x00, 0x00, 0x00, 0x00, 0x00, 0x00, 0x00, 0x00, 0x00, 0xE0, 0x39, 0x00, 0xF8, 0xE3, 0x20,
    0x0C, 0xAC, 0x8D, 0xC4, 0x4D, 0xBC, 0x4D, 0xBC, 0x4D, 0xBC, 0x4D, 0xBC, 0x4D, 0xBC, 0x4D, 0xBC,
    0x4D, 0xBC, 0x4D, 0xBC, 0x6D, 0xC4, 0x8E, 0xC4, 0xAB, 0x9B, 0x09, 0x83, 0xA8, 0x6A, 0x46, 0x62,
    0x63, 0x41, 0x00, 0x00, 0x20, 0x00, 0xA9, 0x5A, 0x4C, 0x73, 0x0E, 0x8C, 0x2F, 0x94, 0x90, 0x9C,
    0xA9, 0x5A, 0x09, 0x8B, 0xAE, 0xCC, 0x4D, 0xBC, 0x4D, 0xBC, 0x4D, 0xBC, 0x4D, 0xBC, 0x6D, 0xBC,
    0x4D, 0xBC, 0x4D, 0xBC, 0x4D, 0xBC, 0x8D, 0xC4, 0x6A, 0x93, 0x90, 0x9C, 0xF5, 0xC5, 0x90, 0x9C,
    0x4C, 0x6B, 0x24, 0x21, 0x00, 0x00, 0x00, 0x00, 0x00, 0x00, 0x00, 0x00, 0x00, 0x00, 0x00, 0x00,
    0x00, 0x00, 0x00, 0x00, 0x00, 0x00, 0x00, 0x00, 0x00, 0x00, 0x00, 0x00, 0x00, 0x00, 0x00, 0x00,
    0x00, 0x00, 0x00, 0x00, 0x00, 0x00, 0x00, 0x00, 0x00, 0x00, 0x00, 0x00, 0x00, 0x00, 0x00, 0x00,
    0x00, 0x00, 0x00, 0x00, 0x00, 0x00, 0x00, 0x00, 0x00, 0x00, 0x00, 0x00, 0x00, 0x00, 0x00, 0x00,
    0x00, 0x00, 0x00, 0x00, 0x00, 0x00, 0x00, 0x00, 0x00, 0x00, 0x00, 0x00, 0x00, 0x00, 0xE7, 0x39,
    0x00, 0x00, 0x00, 0x00, 0xC5, 0x51, 0x8D, 0xC4, 0x4D, 0xB4, 0x4D, 0xB4, 0x4D, 0xBC, 0x4D, 0xBC,
    0x4D, 0xB4, 0x4D, 0xBC, 0x4D, 0xBC, 0x6D, 0xC4, 0xCB, 0xA3, 0xE5, 0x51, 0x40, 0x08, 0x00, 0x00,
    0x00, 0x00, 0x00, 0x00, 0x00, 0x00, 0x00, 0x00, 0x00, 0x00, 0x00, 0x00, 0x00, 0x00, 0x00, 0x00,
    0x00, 0x00, 0x00, 0x00, 0x00, 0x00, 0xE2, 0x28, 0xAB, 0xA3, 0x8D, 0xC4, 0x4D, 0xBC, 0x4D, 0xBC,
    0x4D, 0xBC, 0x4D, 0xBC, 0x4D, 0xBC, 0x4D, 0xBC, 0x4D, 0xBC, 0x8D, 0xC4, 0xCB, 0xA3, 0xE6, 0x41,
    0x27, 0x4A, 0x00, 0x00, 0x00, 0x00, 0x00, 0x00, 0x00, 0x00, 0xAA, 0x52, 0x00, 0x00, 0x00, 0x00,
    0x00, 0x00, 0x00, 0x00, 0x00, 0x00, 0x00, 0x00, 0x00, 0x00, 0x00, 0x00, 0x00, 0x00, 0x00, 0x00,
    0x00, 0x00, 0x00, 0x00, 0x00, 0x00, 0x00, 0x00, 0x00, 0x00, 0x00, 0x00, 0x00, 0x00, 0x00, 0x00,
    0x00, 0x00, 0x00, 0x00, 0x00, 0x00, 0x00, 0x00, 0x00, 0x00, 0x00, 0x00, 0x00, 0x00, 0x00, 0x00,
    0x00, 0x00, 0x00, 0x00, 0x00, 0x00, 0x00, 0x00, 0x00, 0x00, 0x00, 0x00, 0x00, 0x00, 0x00, 0x00,
    0x55, 0xAD, 0x00, 0x00, 0x00, 0x00, 0xAB, 0x9B, 0x6D, 0xC4, 0x09, 0x83, 0x2D, 0xB4, 0x4D, 0xB4,
    0x4D, 0xBC, 0x4D, 0xBC, 0x2D, 0xB4, 0x2D, 0xB4, 0x4D, 0xBC, 0x4D, 0xBC, 0x6A, 0x93, 0xA2, 0x18,
    0x00, 0x00, 0xFF, 0xFF, 0xFF, 0xFF, 0xE7, 0x7B, 0xE7, 0x79, 0x00, 0x38, 0x00, 0x50, 0xEF, 0x7B,
    0xEF, 0xBD, 0xFF, 0xFF, 0x00, 0x00, 0x00, 0x00, 0x00, 0x00, 0x00, 0x00, 0x03, 0x31, 0x0C, 0xB4,
    0x6D, 0xC4, 0x4D, 0xBC, 0x4D, 0xBC, 0x4D, 0xBC, 0x4D, 0xBC, 0x4D, 0xBC, 0x4D, 0xBC, 0x6D, 0xC4,
    0xEC, 0xAB, 0x00, 0x00, 0x00, 0x00, 0x00, 0x00, 0xFF, 0xFF, 0xAA, 0x52, 0x00, 0x00, 0x00, 0x00,
    0x00, 0x00, 0x00, 0x00, 0x00, 0x00, 0x00, 0x00, 0x00, 0x00, 0x00, 0x00, 0x00, 0x00, 0x00, 0x00,
    0x00, 0x00, 0x00, 0x00, 0x00, 0x00, 0x00, 0x00, 0x00, 0x00, 0x00, 0x00, 0x00, 0x00, 0x00, 0x00,
    0x00, 0x00, 0x00, 0x00, 0x00, 0x00, 0x00, 0x00, 0x00, 0x00, 0x00, 0x00, 0x00, 0x00, 0x00, 0x00,
    0x00, 0x00, 0x00, 0x00, 0x00, 0x00, 0x00, 0x00, 0x00, 0x00, 0x00, 0x00, 0x00, 0x00, 0x00, 0x00,
    0x00, 0x00, 0xAA, 0x52, 0x00, 0x00, 0x08, 0x42, 0xCE, 0x8B, 0x8E, 0xBC, 0xAE, 0xC4, 0xCB, 0xA3,
    0x8A, 0x9B, 0x6D, 0xC4, 0x4D, 0xBC, 0x2D, 0xB4, 0x4D, 0xB4, 0x4D, 0xBC, 0x8D, 0xC4, 0xCE, 0xCC,
    0x4D, 0xBC, 0x23, 0x31, 0xA0, 0x52, 0x86, 0x31, 0x00, 0x00, 0x00, 0x00, 0x00, 0x00, 0x00, 0x00,
    0x00, 0x00, 0x00, 0x00, 0x00, 0x00, 0x00, 0x00, 0x00, 0x00, 0x00, 0x00, 0x00, 0x00, 0xCC, 0x9C,
    0x00, 0x00, 0x67, 0x6A, 0xAE, 0xC4, 0x4D, 0xBC, 0x4D, 0xBC, 0x4D, 0xBC, 0x4D, 0xB4, 0x4D, 0xB4,
    0x4D, 0xBC, 0x6D, 0xBC, 0x2C, 0xB4, 0x64, 0x39, 0x00, 0x00, 0xE7, 0x5A, 0x00, 0x00, 0x00, 0x00,
    0x00, 0x00, 0x00, 0x00, 0x00, 0x00, 0x00, 0x00, 0x00, 0x00, 0x00, 0x00, 0x00, 0x00, 0x00, 0x00,
    0x00, 0x00, 0x00, 0x00, 0x00, 0x00, 0x00, 0x00, 0x00, 0x00, 0x00, 0x00, 0x00, 0x00, 0x00, 0x00,
    0x00, 0x00, 0x00, 0x00, 0x00, 0x00, 0x00, 0x00, 0x00, 0x00, 0x00, 0x00, 0x00, 0x00, 0x00, 0x00,
    0x00, 0x00, 0x00, 0x00, 0x00, 0x00, 0x00, 0x00, 0x00, 0x00, 0x00, 0x00, 0x00, 0x00, 0x00, 0x00,
    0x00, 0x00, 0x00, 0x00, 0xFF, 0xFF, 0x00, 0x00, 0x89, 0x52, 0x7B, 0xCE, 0x56, 0xA5, 0xF8, 0xBD,
    0x77, 0xAD, 0x09, 0x83, 0x2E, 0x9C, 0xCB, 0xA3, 0x8E, 0xC4, 0x8E, 0xC4, 0x4D, 0xBC, 0xCB, 0xA3,
    0x4A, 0x8B, 0xC8, 0x7A, 0x43, 0x31, 0x00, 0x00, 0xFF, 0xFF, 0x00, 0x00, 0x00, 0x00, 0x00, 0x00,
    0x00, 0x00, 0x00, 0x00, 0x00, 0x00, 0x00, 0x00, 0x00, 0x00, 0x00, 0x00, 0x00, 0x00, 0x00, 0x00,
    0x00, 0x00, 0x00, 0x00, 0xEF, 0xFF, 0x00, 0x00, 0x8B, 0x9B, 0x8D, 0xC4, 0x4D, 0xB4, 0x4D, 0xBC,
    0x4D, 0xB4, 0x4D, 0xB4, 0x4D, 0xBC, 0x4D, 0xBC, 0xCE, 0xCC, 0x8A, 0x9B, 0x00, 0x00, 0x00, 0x00,
    0x55, 0xAD, 0x00, 0x00, 0x00, 0x00, 0x00, 0x00, 0x00, 0x00, 0x00, 0x00, 0x00, 0x00, 0x00, 0x00,
    0x00, 0x00, 0x00, 0x00, 0x00, 0x00, 0x00, 0x00, 0x00, 0x00, 0x00, 0x00, 0x00, 0x00, 0x00, 0x00,
    0x00, 0x00, 0x00, 0x00, 0x00, 0x00, 0x00, 0x00, 0x00, 0x00, 0x00, 0x00, 0x00, 0x00, 0x00, 0x00,
    0x00, 0x00, 0x00, 0x00, 0x00, 0x00, 0x00, 0x00, 0x00, 0x00, 0x00, 0x00, 0x00, 0x00, 0x00, 0x00,
    0x00, 0x00, 0x00, 0x00, 0x00, 0x00, 0x00, 0x00, 0x00, 0x00, 0xC3, 0x18, 0x36, 0xA5, 0x36, 0xA5,
    0x75, 0xAD, 0xDF, 0xFF, 0xD8, 0xB5, 0x55, 0xAD, 0xDF, 0xF7, 0x92, 0x9C, 0x29, 0x8B, 0xC8, 0x72,
    0xA5, 0x49, 0xA2, 0x18, 0x00, 0x00, 0x00, 0x00, 0x00, 0x00, 0x00, 0x00, 0x00, 0x00, 0x00, 0x00,
    0x00, 0x00, 0x00, 0x00, 0x00, 0x00, 0x00, 0x00, 0x00, 0x00, 0x00, 0x00, 0x00, 0x00, 0x00, 0x00,
    0x00, 0x00, 0x00, 0x00, 0x00, 0x00, 0x00, 0x00, 0x55, 0xFD, 0x00, 0x00, 0xA8, 0x72, 0x8E, 0xC4,
    0x4D, 0xB4, 0x4D, 0xB4, 0x4D, 0xBC, 0x6D, 0xBC, 0x4D, 0xBC, 0x2C, 0xB4, 0x49, 0x93, 0x6C, 0x83,
    0xD4, 0x94, 0x04, 0x21, 0x00, 0x00, 0xEF, 0x7B, 0x00, 0x00, 0x00, 0x00, 0x00, 0x00, 0x00, 0x00,
    0x00, 0x00, 0x00, 0x00, 0x00, 0x00, 0x00, 0x00, 0x00, 0x00, 0x00, 0x00, 0x00, 0x00, 0x00, 0x00,
    0x00, 0x00, 0x00, 0x00, 0x00, 0x00, 0x00, 0x00, 0x00, 0x00, 0x00, 0x00, 0x00, 0x00, 0x00, 0x00,
    0x00, 0x00, 0x00, 0x00, 0x00, 0x00, 0x00, 0x00, 0x00, 0x00, 0x00, 0x00, 0x00, 0x00, 0x00, 0x00,
    0x00, 0x00, 0x00, 0x00, 0x00, 0x00, 0x00, 0x00, 0x00, 0x00, 0x00, 0x00, 0x00, 0x00, 0x25, 0x21,
    0x0D, 0x5B, 0xEB, 0x5A, 0x1D, 0xDF, 0xB4, 0x94, 0x10, 0x84, 0x7B, 0xCE, 0xB3, 0x94, 0x0C, 0x63,
    0x00, 0x00, 0x00, 0x00, 0x00, 0x00, 0x00, 0x00, 0x00, 0x00, 0x00, 0x00, 0xAA, 0xAA, 0x00, 0x00,
    0x00, 0x00, 0x00, 0x00, 0x00, 0x00, 0x00, 0x00, 0x00, 0x00, 0x00, 0x00, 0x00, 0x00, 0x00, 0x00,
    0x00, 0x00, 0x00, 0x00, 0x00, 0x00, 0x00, 0x00, 0x00, 0x00, 0x00, 0x00, 0xE7, 0x39, 0x00, 0x00,
    0x44, 0x39, 0x4D, 0xBC, 0xAE, 0xCC, 0x4D, 0xBC, 0xCC, 0x9B, 0x2A, 0x83, 0x6C, 0xC4, 0xEE, 0x93,
    0x72, 0x8C, 0x29, 0x42, 0x7B, 0xC6, 0x7A, 0xCE, 0x6A, 0x4A, 0x00, 0x00, 0xAA, 0x52, 0x00, 0x00,
    0x00, 0x00, 0x00, 0x00, 0x00, 0x00, 0x00, 0x00, 0x00, 0x00, 0x00, 0x00, 0x00, 0x00, 0x00, 0x00,
    0x00, 0x00, 0x00, 0x00, 0x00, 0x00, 0x00, 0x00, 0x00, 0x00, 0x00, 0x00, 0x00, 0x00, 0x00, 0x00,
    0x00, 0x00, 0x00, 0x00, 0x00, 0x00, 0x00, 0x00, 0x00, 0x00, 0x00, 0x00, 0x00, 0x00, 0x00, 0x00,
    0x00, 0x00, 0x00, 0x00, 0x00, 0x00, 0x00, 0x00, 0x00, 0x00, 0x00, 0x00, 0x00, 0x00, 0x00, 0x00,
    0x00, 0x00, 0x00, 0x00, 0x00, 0x00, 0xAB, 0x52, 0x0D, 0x63, 0x00, 0x00, 0xCB, 0x5A, 0x45, 0x29,
    0x00, 0x00, 0x00, 0x00, 0x00, 0x00, 0xFF, 0xFF, 0xE7, 0x79, 0x00, 0x50, 0x00, 0x00, 0x00, 0x00,
    0x00, 0x00, 0x00, 0x00, 0x00, 0x00, 0x00, 0x00, 0x00, 0x00, 0x00, 0x00, 0x00, 0x00, 0x00, 0x00,
    0x00, 0x00, 0x00, 0x00, 0x00, 0x00, 0x00, 0x00, 0x00, 0x00, 0x00, 0x00, 0x00, 0x00, 0x00, 0x00,
    0x00, 0x00, 0xFF, 0xFF, 0x00, 0x00, 0xE5, 0x51, 0xCB, 0xA3, 0xAB, 0xA3, 0x5A, 0xC6, 0x18, 0xC6,
    0x26, 0x62, 0x16, 0x9D, 0x5F, 0xE7, 0xBB, 0xD6, 0x8A, 0x4A, 0xAF, 0x73, 0x8A, 0x52, 0x00, 0x00,
    0xFF, 0xFF, 0x00, 0x00, 0x00, 0x00, 0x00, 0x00, 0x00, 0x00, 0x00, 0x00, 0x00, 0x00, 0x00, 0x00,
    0x00, 0x00, 0x00, 0x00, 0x00, 0x00, 0x00, 0x00, 0x00, 0x00, 0x00, 0x00, 0x00, 0x00, 0x00, 0x00,
    0x00, 0x00, 0x00, 0x00, 0x00, 0x00, 0x00, 0x00, 0x00, 0x00, 0x00, 0x00, 0x00, 0x00, 0x00, 0x00,
    0x00, 0x00, 0x00, 0x00, 0x00, 0x00, 0x00, 0x00, 0x00, 0x00, 0x00, 0x00, 0x00, 0x00, 0x00, 0x00,
    0x00, 0x00, 0x00, 0x00, 0x00, 0x00, 0x00, 0x00, 0xE7, 0x39, 0x00, 0x00, 0x00, 0x00, 0xFF, 0xFF,
    0x00, 0x00, 0x00, 0x00, 0x00, 0x00, 0xEF, 0x7B, 0x00, 0x00, 0x00, 0x00, 0x00, 0x00, 0x00, 0x00,
    0x00, 0x00, 0x00, 0x00, 0x00, 0x00, 0x00, 0x00, 0x00, 0x00, 0x00, 0x00, 0x00, 0x00, 0x00, 0x00,
    0x00, 0x00, 0x00, 0x00, 0x00, 0x00, 0x00, 0x00, 0x00, 0x00, 0x00, 0x00, 0x00, 0x00, 0x00, 0x00,
    0x00, 0x00, 0x00, 0x00, 0x00, 0x00, 0x00, 0x00, 0x00, 0x00, 0x00, 0x00, 0x20, 0x00, 0x23, 0x31,
    0xB0, 0x73, 0xDF, 0xFF, 0x96, 0xB5, 0xE8, 0x39, 0xB0, 0x73, 0x57, 0xA5, 0x57, 0xAD, 0x00, 0x00,
    0x00, 0x00, 0xE7, 0x39, 0x00, 0x00, 0x00, 0x00, 0x00, 0x00, 0x00, 0x00, 0x00, 0x00, 0x00, 0x00,
    0x00, 0x00, 0x00, 0x00, 0x00, 0x00, 0x00, 0x00, 0x00, 0x00, 0x00, 0x00, 0x00, 0x00, 0x00, 0x00,
    0x00, 0x00, 0x00, 0x00, 0x00, 0x00, 0x00, 0x00, 0x00, 0x00, 0x00, 0x00, 0x00, 0x00, 0x00, 0x00,
    0x00, 0x00, 0x00, 0x00, 0x00, 0x00, 0x00, 0x00, 0x00, 0x00, 0x00, 0x00, 0x00, 0x00, 0x00, 0x00,
    0x00, 0x00, 0x00, 0x00, 0x00, 0x00, 0x00, 0x00, 0x00, 0x00, 0x00, 0x00, 0x00, 0x00, 0xFF, 0xFF,
    0x55, 0xAD, 0x00, 0x00, 0xFF, 0xFF, 0xAA, 0x52, 0x00, 0x00, 0x00, 0x00, 0x00, 0x00, 0x00, 0x00,
    0x00, 0x00, 0x00, 0x00, 0x00, 0x00, 0x00, 0x00, 0x00, 0x00, 0x00, 0x00, 0x00, 0x00, 0x00, 0x00,
    0x00, 0x00, 0x00, 0x00, 0x00, 0x00, 0x00, 0x00, 0x00, 0x00, 0x00, 0x00, 0x00, 0x00, 0x00, 0x00,
    0x00, 0x00, 0x00, 0x00, 0x00, 0x00, 0x00, 0x00, 0x00, 0x00, 0x00, 0x00, 0x00, 0x00, 0x00, 0x00,
    0x00, 0x00, 0x00, 0x00, 0x00, 0x00, 0x86, 0x31, 0x14, 0xA5, 0x6A, 0x4A, 0x00, 0x00, 0x00, 0x00,
    0x26, 0x21, 0x24, 0x19, 0xAA, 0x52, 0x00, 0x00, 0x00, 0x00, 0x00, 0x00, 0x00, 0x00, 0x00, 0x00,
    0x00, 0x00, 0x00, 0x00, 0x00, 0x00, 0x00, 0x00, 0x00, 0x00, 0x00, 0x00, 0x00, 0x00, 0x00, 0x00,
    0x00, 0x00, 0x00, 0x00, 0x00, 0x00, 0x00, 0x00, 0x00, 0x00, 0x00, 0x00, 0x00, 0x00, 0x00, 0x00,
    0x00, 0x00, 0x00, 0x00, 0x00, 0x00, 0x00, 0x00, 0x00, 0x00, 0x00, 0x00, 0x00, 0x00, 0x00, 0x00,
    0x00, 0x00, 0x00, 0x00, 0x00, 0x00, 0x00, 0x00, 0x00, 0x00, 0x00, 0x00, 0x00, 0x00, 0x00, 0x00,
    0x00, 0x00, 0x00, 0x00, 0x00, 0x00, 0x00, 0x00, 0x00, 0x00, 0x00, 0x00, 0x00, 0x00, 0x00, 0x00,
    0x00, 0x00, 0x00, 0x00, 0x00, 0x00, 0x00, 0x00, 0x00, 0x00, 0x00, 0x00, 0x00, 0x00, 0x00, 0x00,
    0x00, 0x00, 0x00, 0x00, 0x00, 0x00, 0x00, 0x00, 0x00, 0x00, 0x00, 0x00, 0x00, 0x00, 0x00, 0x00,
    0x00, 0x00, 0x00, 0x00, 0x00, 0x00, 0x00, 0x00, 0x00, 0x00, 0x00, 0x00, 0x00, 0x00, 0x00, 0x00,
    0x00, 0x00, 0x00, 0x00, 0x00, 0x00, 0xAA, 0x52, 0x00, 0x00, 0x00, 0x00, 0x00, 0x00, 0x21, 0x00,
    0xAA, 0x52, 0x00, 0x00, 0x00, 0x00, 0x00, 0x00, 0x00, 0x00, 0x00, 0x00, 0x00, 0x00, 0x00, 0x00,
    0x00, 0x00, 0x00, 0x00, 0x00, 0x00, 0x00, 0x00, 0x00, 0x00, 0x00, 0x00, 0x00, 0x00, 0x00, 0x00,
    0x00, 0x00, 0x00, 0x00, 0x00, 0x00, 0x00, 0x00, 0x00, 0x00, 0x00, 0x00, 0x00, 0x00, 0x00, 0x00,
    0x00, 0x00, 0x00, 0x00, 0x00, 0x00, 0x00, 0x00, 0x00, 0x00, 0x00, 0x00, 0x00, 0x00, 0x00, 0x00,
    0x00, 0x00, 0x00, 0x00, 0x00, 0x00, 0x00, 0x00, 0x00, 0x00, 0x00, 0x00, 0x00, 0x00, 0x00, 0x00,
    0x00, 0x00, 0x00, 0x00, 0x00, 0x00, 0x00, 0x00, 0x00, 0x00, 0x00, 0x00, 0x00, 0x00, 0x00, 0x00,
    0x00, 0x00, 0x00, 0x00, 0x00, 0x00, 0x00, 0x00, 0x00, 0x00, 0x00, 0x00, 0x00, 0x00, 0x00, 0x00,
    0x00, 0x00, 0x00, 0x00, 0x00, 0x00, 0x00, 0x00, 0x00, 0x00, 0x00, 0x00, 0x00, 0x00, 0x00, 0x00,
    0x00, 0x00, 0x00, 0x00, 0x00, 0x00, 0x00, 0x00, 0x00, 0x00, 0x00, 0x00, 0x00, 0x00, 0x00, 0x00,
    0x00, 0x00, 0x00, 0x00, 0x00, 0x00, 0x00, 0x00, 0x00, 0x00, 0x00, 0x00, 0x00, 0x00, 0xEF, 0x7B,
    0x00, 0x00, 0x00, 0x00, 0x00, 0x00, 0x00, 0x00, 0xAA, 0x52, 0x00, 0x00, 0x00, 0x00, 0x00, 0x00,
    0x00, 0x00, 0x00, 0x00, 0x00, 0x00, 0x00, 0x00, 0x00, 0x00, 0x00, 0x00, 0x00, 0x00, 0x00, 0x00,
    0x00, 0x00, 0x00, 0x00, 0x00, 0x00, 0x00, 0x00, 0x00, 0x00, 0x00, 0x00, 0x00, 0x00, 0x00, 0x00,
    0x00, 0x00, 0x00, 0x00, 0x00, 0x00, 0x00, 0x00, 0x00, 0x00, 0x00, 0x00, 0x00, 0x00, 0x00, 0x00,
    0x00, 0x00, 0x00, 0x00, 0x00, 0x00, 0x00, 0x00, 0x00, 0x00, 0x00, 0x00, 0x00, 0x00, 0x00, 0x00,
    0x00, 0x00, 0x00, 0x00, 0x00, 0x00, 0x00, 0x00, 0x00, 0x00, 0x00, 0x00, 0x00, 0x00, 0x00, 0x00,
    0x00, 0x00, 0x00, 0x00, 0x00, 0x00, 0x00, 0x00, 0x00, 0x00, 0x00, 0x00, 0x00, 0x00, 0x00, 0x00,
    0x00, 0x00, 0x00, 0x00, 0x00, 0x00, 0x00, 0x00, 0x00, 0x00, 0x00, 0x00, 0x00, 0x00, 0x00, 0x00,
    0x00, 0x00, 0x00, 0x00, 0x00, 0x00, 0x00, 0x00, 0x00, 0x00, 0x00, 0x00, 0x00, 0x00, 0x00, 0x00,
    0x00, 0x00, 0x00, 0x00, 0x00, 0x00, 0x00, 0x00, 0x00, 0x00, 0x00, 0x00, 0x00, 0x00, 0x00, 0x00,
    0x00, 0x00, 0x00, 0x00, 0x00, 0x00, 0x00, 0x00, 0x00, 0x00, 0x00, 0x00, 0x00, 0x00, 0x00, 0x00,
    0x00, 0x00, 0x00, 0x00, 0x00, 0x00, 0x00, 0x00, 0x00, 0x00, 0x00, 0x00, 0x00, 0x00, 0x00, 0x00,
    0x00, 0x00, 0x00, 0x00, 0x00, 0x00, 0x00, 0x00, 0x00, 0x00, 0x00, 0x00, 0x00, 0x00, 0x00, 0x00,
    0x00, 0x00, 0x00, 0x00, 0x00, 0x00, 0x00, 0x00, 0x00, 0x00, 0x00, 0x00, 0x00, 0x00, 0x00, 0x00,
    0x00, 0x00, 0x00, 0x00, 0x00, 0x00, 0x00, 0x00, 0x00, 0x00, 0x00, 0x00, 0x00, 0x00, 0x00, 0x00,
    0x00, 0x00, 0x00, 0x00, 0x00, 0x00, 0x00, 0x00, 0x00, 0x00, 0x00, 0x00, 0x00, 0x00, 0x00, 0x00,
    0x00, 0x00, 0x00, 0x00, 0x00, 0x00, 0x00, 0x00, 0x00, 0x00, 0x00, 0x00, 0x00, 0x00, 0x00, 0x00,
    0x00, 0x00, 0x00, 0x00, 0x00, 0x00, 0x00, 0x00, 0x00, 0x00, 0x00, 0x00, 0x00, 0x00, 0x00, 0x00,
    0x00, 0x00, 0x00, 0x00, 0x00, 0x00, 0x00, 0x00, 0x00, 0x00, 0x00, 0x00, 0x00, 0x00, 0x00, 0x00,
    0x00, 0x00, 0x00, 0x00, 0x00, 0x00, 0x00, 0x00, 0x00, 0x00, 0x00, 0x00, 0x00, 0x00, 0x00, 0x00,
    0x00, 0x00, 0x00, 0x00, 0x00, 0x00, 0x00, 0x00, 0x00, 0x00, 0x00, 0x00, 0x00, 0x00, 0x00, 0x00,
    0x00, 0x00, 0x00, 0x00, 0x00, 0x00, 0x00, 0x00, 0x00, 0x00, 0x00, 0x00, 0x00, 0x00, 0x00, 0x00,
    0x00, 0x00, 0x00, 0x00, 0x00, 0x00, 0x00, 0x00, 0x00, 0x00, 0x00, 0x00, 0x00, 0x00, 0x00, 0x00,
    0x00, 0x00, 0x00, 0x00, 0x00, 0x00, 0x00, 0x00, 0x00, 0x00, 0x00, 0x00, 0x00, 0x00, 0x00, 0x00,
    0x00, 0x00, 0x00, 0x00, 0x00, 0x00, 0x00, 0x00, 0x00, 0x00, 0x00, 0x00, 0x00, 0x00, 0x00, 0x00,
    0x00, 0x00, 0x00, 0x00, 0x00, 0x00, 0x00, 0x00, 0x00, 0x00, 0x00, 0x00, 0x00, 0x00, 0x00, 0x00,
    0x00, 0x00, 0x00, 0x00, 0x00, 0x00, 0x00, 0x00, 0x00, 0x00, 0x00, 0x00, 0x00, 0x00, 0x00, 0x00,
    0x00, 0x00, 0x00, 0x00, 0x00, 0x00, 0x00, 0x00, 0x00, 0x00, 0x00, 0x00, 0x00, 0x00, 0x00, 0x00,
    0x00, 0x00, 0x00, 0x00, 0x00, 0x00, 0x00, 0x00, 0x00, 0x00, 0x00, 0x00, 0x00, 0x00, 0x00, 0x00,
    0x00, 0x00, 0x00, 0x00, 0x00, 0x00, 0x00, 0x00, 0x00, 0x00, 0x00, 0x00, 0x00, 0x00, 0x00, 0x00,
    0x00, 0x00, 0x00, 0x00, 0x00, 0x00, 0x00, 0x00, 0x00, 0x00, 0x00, 0x00, 0x00, 0x00, 0x00, 0x00,
    0x00, 0x00, 0x00, 0x01, 0x02, 0x02, 0x02, 0x01, 0x00, 0x00, 0x00, 0x00, 0x00, 0x00, 0x00, 0x00,
    0x00, 0x00, 0x00, 0x00, 0x00, 0x00, 0x00, 0x00, 0x00, 0x00, 0x00, 0x00, 0x00, 0x00, 0x00, 0x00,
    0x00, 0x00, 0x00, 0x00, 0x00, 0x00, 0x00, 0x00, 0x00, 0x00, 0x00, 0x00, 0x00, 0x00, 0x00, 0x00,
    0x00, 0x00, 0x00, 0x00, 0x00, 0x00, 0x00, 0x00, 0x00, 0x00, 0x00, 0x00, 0x00, 0x00, 0x00, 0x00,
    0x00, 0x00, 0x00, 0x00, 0x00, 0x00, 0x00, 0x00, 0x00, 0x00, 0x00, 0x00, 0x00, 0x00, 0x00, 0x00,
    0x00, 0x00, 0x01, 0x03, 0x03, 0x00, 0x00, 0x00, 0x00, 0x00, 0x00, 0x04, 0x02, 0x00, 0x00, 0x00,
    0x00, 0x00, 0x00, 0x00, 0x00, 0x00, 0x00, 0x00, 0x00, 0x00, 0x00, 0x00, 0x00, 0x00, 0x00, 0x00,
    0x00, 0x00, 0x00, 0x00, 0x00, 0x00, 0x00, 0x00, 0x00, 0x00, 0x00, 0x00, 0x00, 0x00, 0x00, 0x00,
    0x00, 0x00, 0x00, 0x00, 0x00, 0x00, 0x00, 0x00, 0x00, 0x00, 0x00, 0x00, 0x00, 0x00, 0x00, 0x00,
    0x00, 0x00, 0x00, 0x00, 0x00, 0x00, 0x00, 0x00, 0x00, 0x00, 0x00, 0x00, 0x00, 0x00, 0x00, 0x00,
    0x00, 0x00, 0x01, 0x03, 0x00, 0x00, 0x00, 0x06, 0x25, 0x32, 0x2E, 0x17, 0x00, 0x00, 0x00, 0x02,
    0x02, 0x00, 0x00, 0x00, 0x00, 0x00, 0x00, 0x00, 0x00, 0x00, 0x00, 0x00, 0x00, 0x00, 0x00, 0x00,
    0x00, 0x00, 0x00, 0x00, 0x00, 0x00, 0x00, 0x00, 0x00, 0x00, 0x00, 0x00, 0x00, 0x00, 0x00, 0x00,
    0x00, 0x00, 0x00, 0x00, 0x00, 0x00, 0x00, 0x00, 0x00, 0x00, 0x00, 0x00, 0x00, 0x00, 0x00, 0x00,
    0x00, 0x00, 0x00, 0x00, 0x00, 0x00, 0x00, 0x00, 0x00, 0x00, 0x00, 0x00, 0x00, 0x00, 0x00, 0x00,
    0x00, 0x00, 0x00, 0x03, 0x00, 0x00, 0x11, 0x56, 0xA0, 0xDB, 0xFB, 0xFF, 0xFF, 0xEF, 0xCF, 0x88,
    0x2D, 0x00, 0x00, 0x03, 0x00, 0x00, 0x00, 0x00, 0x00, 0x00, 0x00, 0x00, 0x00, 0x00, 0x00, 0x00,
    0x00, 0x00, 0x00, 0x00, 0x00, 0x00, 0x00, 0x00, 0x00, 0x00, 0x00, 0x00, 0x00, 0x00, 0x00, 0x00,
    0x00, 0x00, 0x00, 0x00, 0x00, 0x00, 0x00, 0x00, 0x00, 0x00, 0x00, 0x00, 0x00, 0x00, 0x00, 0x00,
    0x00, 0x00, 0x00, 0x00, 0x00, 0x00, 0x00, 0x00, 0x00, 0x00, 0x00, 0x00, 0x00, 0x00, 0x00, 0x00,
    0x00, 0x00, 0x00, 0x00, 0x03, 0x00, 0x0C, 0x84, 0xE5, 0xFF, 0xFF, 0xFF, 0xFF, 0xFE, 0xFF, 0xFF,
    0xFF, 0xFF, 0xFC, 0xAD, 0x28, 0x00, 0x03, 0x00, 0x00, 0x00, 0x00, 0x00, 0x00, 0x00, 0x00, 0x00,
    0x00, 0x00, 0x00, 0x00, 0x00, 0x00, 0x00, 0x00, 0x00, 0x00, 0x00, 0x00, 0x00, 0x00, 0x00, 0x00,
    0x00, 0x00, 0x00, 0x00, 0x00, 0x00, 0x00, 0x00, 0x00, 0x00, 0x00, 0x00, 0x00, 0x00, 0x00, 0x00,
    0x00, 0x00, 0x00, 0x00, 0x00, 0x00, 0x00, 0x00, 0x00, 0x00, 0x00, 0x00, 0x00, 0x00, 0x00, 0x00,
    0x00, 0x00, 0x00, 0x00, 0x00, 0x04, 0x00, 0x40, 0xD6, 0xFF, 0xFF, 0xFC, 0xFB, 0xFD, 0xFE, 0xFF,
    0xFF, 0xFE, 0xFD, 0xFB, 0xFF, 0xFF, 0xF0, 0x47, 0x00, 0x03, 0x00, 0x00, 0x00, 0x00, 0x00, 0x00,
    0x00, 0x00, 0x00, 0x00, 0x00, 0x00, 0x00, 0x00, 0x00, 0x00, 0x00, 0x00, 0x00, 0x00, 0x00, 0x00,
    0x00, 0x00, 0x00, 0x00, 0x00, 0x00, 0x00, 0x00, 0x00, 0x00, 0x00, 0x00, 0x00, 0x00, 0x00, 0x00,
    0x00, 0x00, 0x00, 0x00, 0x00, 0x00, 0x00, 0x00, 0x00, 0x00, 0x00, 0x00, 0x00, 0x00, 0x00, 0x00,
    0x00, 0x00, 0x00, 0x00, 0x00, 0x00, 0x03, 0x00, 0x5C, 0xFB, 0xFF, 0xFB, 0xFE, 0xFF, 0xFF, 0xFF,
    0xFF, 0xFF, 0xFF, 0xFF, 0xFF, 0xFF, 0xFF, 0xFB, 0xFF, 0xF3, 0x27, 0x00, 0x02, 0x00, 0x00, 0x00,
    0x00, 0x00, 0x00, 0x00, 0x00, 0x00, 0x00, 0x00, 0x00, 0x00, 0x00, 0x00, 0x00, 0x00, 0x00, 0x00,
    0x00, 0x00, 0x00, 0x00, 0x00, 0x00, 0x00, 0x00, 0x00, 0x00, 0x00, 0x00, 0x00, 0x00, 0x00, 0x00,
    0x00, 0x00, 0x00, 0x00, 0x00, 0x00, 0x00, 0x00, 0x00, 0x00, 0x00, 0x00, 0x00, 0x00, 0x00, 0x00,
    0x00, 0x00, 0x00, 0x00, 0x00, 0x00, 0x00, 0x03, 0x00, 0x5A, 0xFF, 0xFD, 0xFC, 0xFF, 0xFF, 0xFF,
    0xFF, 0xFF, 0xFF, 0xFF, 0xFF, 0xFF, 0xFF, 0xFF, 0xFF, 0xFF, 0xFB, 0xFF, 0xC7, 0x03, 0x02, 0x00,
    0x00, 0x00, 0x00, 0x00, 0x00, 0x00, 0x00, 0x00, 0x00, 0x00, 0x00, 0x00, 0x00, 0x00, 0x00, 0x00,
    0x00, 0x00, 0x00, 0x00, 0x00, 0x00, 0x00, 0x00, 0x00, 0x00, 0x00, 0x00, 0x00, 0x00, 0x00, 0x00,
    0x00, 0x00, 0x00, 0x00, 0x00, 0x00, 0x00, 0x00, 0x00, 0x00, 0x00, 0x00, 0x00, 0x00, 0x00, 0x00,
    0x00, 0x00, 0x00, 0x00, 0x00, 0x00, 0x00, 0x00, 0x02, 0x00, 0x2C, 0xF7, 0xFD, 0xFD, 0xFF, 0xFF,
    0xFF, 0xFF, 0xFF, 0xFF, 0xFF, 0xFF, 0xFF, 0xFF, 0xFF, 0xFF, 0xFF, 0xFF, 0xFF, 0xFB, 0xFF, 0x5D,
    0x00, 0x04, 0x00, 0x00, 0x00, 0x00, 0x00, 0x00, 0x00, 0x00, 0x00, 0x00, 0x00, 0x00, 0x00, 0x00,
    0x00, 0x00, 0x00, 0x00, 0x00, 0x00, 0x00, 0x00, 0x00, 0x00, 0x00, 0x00, 0x00, 0x00, 0x00, 0x00,
    0x00, 0x00, 0x00, 0x00, 0x00, 0x00, 0x00, 0x00, 0x00, 0x00, 0x00, 0x00, 0x00, 0x00, 0x00, 0x00,
    0x00, 0x00, 0x00, 0x00, 0x00, 0x00, 0x00, 0x00, 0x00, 0x01, 0x02, 0x06, 0xCB, 0xFF, 0xFC, 0xFF,
    0xFF, 0xFF, 0xFF, 0xFF, 0xFF, 0xFF, 0xFF, 0xFF, 0xFF, 0xFF, 0xFF, 0xFF, 0xFF, 0xFF, 0xFF, 0xFC,
    0xFE, 0xD0, 0x04, 0x01, 0x00, 0x00, 0x00, 0x00, 0x00, 0x00, 0x00, 0x00, 0x00, 0x00, 0x00, 0x00,
    0x00, 0x00, 0x00, 0x00, 0x00, 0x00, 0x00, 0x00, 0x00, 0x00, 0x00, 0x00, 0x00, 0x00, 0x00, 0x00,
    0x00, 0x00, 0x00, 0x00, 0x00, 0x00, 0x00, 0x00, 0x00, 0x00, 0x00, 0x00, 0x00, 0x00, 0x00, 0x00,
    0x00, 0x00, 0x00, 0x00, 0x00, 0x00, 0x00, 0x00, 0x00, 0x00, 0x00, 0x03, 0x00, 0x75, 0xFF, 0xFB,
    0xFF, 0xFF, 0xFF, 0xFF, 0xFF, 0xFF, 0xFF, 0xFF, 0xFF, 0xFF, 0xFF, 0xFF, 0xFF, 0xFF, 0xFF, 0xFF,
    0xFF, 0xFF, 0xFC, 0xFF, 0x49, 0x00, 0x03, 0x00, 0x00, 0x00, 0x00, 0x00, 0x00, 0x00, 0x00, 0x00,
    0x00, 0x00, 0x00, 0x00, 0x00, 0x00, 0x00, 0x00, 0x00, 0x00, 0x00, 0x00, 0x00, 0x00, 0x00, 0x00,
    0x00, 0x00, 0x00, 0x00, 0x00, 0x00, 0x00, 0x00, 0x00, 0x00, 0x00, 0x00, 0x00, 0x00, 0x00, 0x00,
    0x00, 0x00, 0x00, 0x00, 0x00, 0x00, 0x00, 0x00, 0x00, 0x00, 0x00, 0x00, 0x01, 0x00, 0x0F, 0xEB,
    0xFE, 0xFD, 0xFF, 0xFF, 0xFF, 0xFF, 0xFF, 0xFF, 0xFF, 0xFF, 0xFF, 0xFF, 0xFF, 0xFF, 0xFF, 0xFF,
    0xFF, 0xFF, 0xFF, 0xFF, 0xFB, 0xFE, 0xAE, 0x00, 0x03, 0x00, 0x00, 0x00, 0x00, 0x00, 0x00, 0x00,
    0x00, 0x00, 0x00, 0x00, 0x00, 0x00, 0x00, 0x00, 0x00, 0x00, 0x00, 0x00, 0x00, 0x00, 0x00, 0x00,
    0x00, 0x00, 0x00, 0x00, 0x00, 0x00, 0x00, 0x00, 0x00, 0x00, 0x00, 0x00, 0x00, 0x00, 0x00, 0x00,
    0x00, 0x00, 0x00, 0x00, 0x00, 0x00, 0x00, 0x00, 0x00, 0x00, 0x00, 0x00, 0x00, 0x00, 0x03, 0x00,
    0x42, 0xFF, 0xFD, 0xFF, 0xFF, 0xFF, 0xFF, 0xFF, 0xFF, 0xFF, 0xFF, 0xFF, 0xFF, 0xFF, 0xFF, 0xFF,
    0xFF, 0xFF, 0xFF, 0xFF, 0xFF, 0xFF, 0xFE, 0xFF, 0xF5, 0x1D, 0x00, 0x02, 0x00, 0x00, 0x00, 0x00,
    0x00, 0x00, 0x00, 0x00, 0x00, 0x00, 0x00, 0x00, 0x00, 0x00, 0x00, 0x00, 0x00, 0x00, 0x00, 0x00,
    0x00, 0x00, 0x00, 0x00, 0x00, 0x00, 0x00, 0x00, 0x00, 0x00, 0x00, 0x00, 0x00, 0x00, 0x00, 0x00,
    0x00, 0x00, 0x00, 0x00, 0x00, 0x00, 0x00, 0x00, 0x00, 0x00, 0x00, 0x00, 0x00, 0x00, 0x00, 0x00,
    0x04, 0x00, 0x5E, 0xFE, 0xFB, 0xFF, 0xFF, 0xFF, 0xFF, 0xFF, 0xFF, 0xFF, 0xFF, 0xFF, 0xFF, 0xFF,
    0xFF, 0xFF, 0xFF, 0xFF, 0xFF, 0xFF, 0xFF, 0xFF, 0xFF, 0xFB, 0xFF, 0x60, 0x00, 0x04, 0x00, 0x00,
    0x00, 0x00, 0x00, 0x00, 0x00, 0x00, 0x00, 0x00, 0x00, 0x00, 0x00, 0x00, 0x00, 0x00, 0x00, 0x00,
    0x00, 0x00, 0x00, 0x00, 0x00, 0x00, 0x00, 0x00, 0x00, 0x00, 0x00, 0x00, 0x00, 0x00, 0x00, 0x00,
    0x00, 0x00, 0x00, 0x00, 0x00, 0x00, 0x00, 0x00, 0x00, 0x00, 0x00, 0x00, 0x00, 0x00, 0x00, 0x00,
    0x00, 0x00, 0x03, 0x00, 0x4F, 0xFF, 0xFC, 0xFF, 0xFF, 0xFF, 0xFF, 0xFF, 0xFF, 0xFF, 0xFF, 0xFF,
    0xFF, 0xFF, 0xFF, 0xFF, 0xFF, 0xFF, 0xFF, 0xFF, 0xFF, 0xFF, 0xFF, 0xFB, 0xFE, 0xA7, 0x00, 0x03,
    0x00, 0x00, 0x00, 0x00, 0x00, 0x00, 0x00, 0x00, 0x00, 0x00, 0x00, 0x00, 0x00, 0x00, 0x00, 0x00,
    0x00, 0x00, 0x00, 0x00, 0x00, 0x00, 0x00, 0x00, 0x00, 0x00, 0x00, 0x00, 0x00, 0x00, 0x00, 0x00,
    0x00, 0x00, 0x00, 0x00, 0x00, 0x00, 0x00, 0x00, 0x00, 0x00, 0x00, 0x00, 0x00, 0x00, 0x00, 0x00,
    0x00, 0x00, 0x00, 0x00, 0x04, 0x00, 0x83, 0xFF, 0xFB, 0xFF, 0xFF, 0xFF, 0xFF, 0xFF, 0xFF, 0xFF,
    0xFF, 0xFF, 0xFF, 0xFF, 0xFF, 0xFF, 0xFF, 0xFF, 0xFF, 0xFF, 0xFF, 0xFF, 0xFF, 0xFD, 0xFF, 0xE0,
    0x07, 0x00, 0x01, 0x00, 0x00, 0x00, 0x00, 0x00, 0x00, 0x00, 0x00, 0x00, 0x00, 0x00, 0x00, 0x00,
    0x00, 0x00, 0x00, 0x00, 0x00, 0x00, 0x00, 0x00, 0x00, 0x00, 0x00, 0x00, 0x00, 0x00, 0x00, 0x00,
    0x00, 0x00, 0x00, 0x00, 0x00, 0x00, 0x00, 0x00, 0x00, 0x00, 0x00, 0x00, 0x00, 0x00, 0x00, 0x00,
    0x00, 0x00, 0x00, 0x00, 0x00, 0x00, 0x02, 0x00, 0xBB, 0xFF, 0xFC, 0xFF, 0xFF, 0xFF, 0xFF, 0xFF,
    0xFF, 0xFF, 0xFF, 0xFF, 0xFF, 0xFF, 0xFF, 0xFF, 0xFF, 0xFF, 0xFF, 0xFF, 0xFF, 0xFF, 0xFF, 0xFF,
    0xFE, 0xFF, 0x37, 0x00, 0x03, 0x00, 0x00, 0x00, 0x00, 0x00, 0x00, 0x00, 0x00, 0x00, 0x00, 0x00,
    0x00, 0x00, 0x00, 0x00, 0x00, 0x00, 0x00, 0x00, 0x00, 0x00, 0x00, 0x00, 0x00, 0x00, 0x00, 0x00,
    0x00, 0x00, 0x00, 0x00, 0x00, 0x00, 0x00, 0x00, 0x00, 0x00, 0x00, 0x00, 0x00, 0x00, 0x00, 0x00,
    0x00, 0x00, 0x00, 0x00, 0x00, 0x00, 0x00, 0x01, 0x00, 0x01, 0xD4, 0xFF, 0xFD, 0xFF, 0xFF, 0xFF,
    0xFF, 0xFF, 0xFF, 0xFF, 0xFF, 0xFF, 0xFF, 0xFF, 0xFF, 0xFF, 0xFF, 0xFF, 0xFF, 0xFF, 0xFF, 0xFF,
    0xFF, 0xFF, 0xFB, 0xFF, 0x5F, 0x00, 0x04, 0x00, 0x00, 0x00, 0x00, 0x00, 0x00, 0x00, 0x00, 0x00,
    0x00, 0x00, 0x00, 0x00, 0x00, 0x00, 0x00, 0x00, 0x00, 0x00, 0x00, 0x00, 0x00, 0x00, 0x00, 0x00,
    0x00, 0x00, 0x00, 0x00, 0x00, 0x00, 0x00, 0x00, 0x00, 0x00, 0x00, 0x00, 0x00, 0x00, 0x00, 0x00,
    0x00, 0x00, 0x00, 0x00, 0x00, 0x00, 0x00, 0x00, 0x00, 0x01, 0x00, 0x08, 0xE2, 0xFF, 0xFD, 0xFF,
    0xFF, 0xFF, 0xFF, 0xFF, 0xFF, 0xFF, 0xFF, 0xFF, 0xFF, 0xFF, 0xFF, 0xFF, 0xFF, 0xFF, 0xFF, 0xFF,
    0xFF, 0xFF, 0xFF, 0xFF, 0xFB, 0xFF, 0x99, 0x00, 0x04, 0x00, 0x00, 0x00, 0x00, 0x00, 0x00, 0x00,
    0x00, 0x00, 0x00, 0x00, 0x00, 0x00, 0x00, 0x00, 0x00, 0x00, 0x00, 0x00, 0x00, 0x00, 0x00, 0x00,
    0x00, 0x00, 0x00, 0x00, 0x00, 0x00, 0x00, 0x00, 0x00, 0x00, 0x00, 0x00, 0x00, 0x00, 0x00, 0x00,
    0x00, 0x00, 0x00, 0x00, 0x00, 0x00, 0x00, 0x00, 0x00, 0x00, 0x00, 0x01, 0x00, 0x05, 0xD8, 0xFF,
    0xFD, 0xFF, 0xFF, 0xFF, 0xFF, 0xFF, 0xFF, 0xFF, 0xFF, 0xFF, 0xFF, 0xFF, 0xFF, 0xFF, 0xFF, 0xFF,
    0xFF, 0xFF, 0xFF, 0xFF, 0xFF, 0xFF, 0xFD, 0xFF, 0xD4, 0x03, 0x01, 0x00, 0x00, 0x00, 0x00, 0x00,
    0x00, 0x00, 0x00, 0x00, 0x00, 0x00, 0x00, 0x00, 0x00, 0x00, 0x00, 0x00, 0x00, 0x00, 0x00, 0x00,
    0x00, 0x00, 0x00, 0x00, 0x00, 0x00, 0x00, 0x00, 0x00, 0x00, 0x00, 0x00, 0x00, 0x00, 0x00, 0x00,
    0x00, 0x00, 0x00, 0x00, 0x00, 0x00, 0x00, 0x00, 0x00, 0x00, 0x00, 0x00, 0x00, 0x00, 0x00, 0x00,
    0xCE, 0xFF, 0xFD, 0xFF, 0xFF, 0xFF, 0xFF, 0xFF, 0xFF, 0xFF, 0xFF, 0xFF, 0xFF, 0xFF, 0xFF, 0xFF,
    0xFF, 0xFF, 0xFF, 0xFF, 0xFF, 0xFF, 0xFF, 0xFF, 0xFE, 0xFF, 0xF2, 0x17, 0x00, 0x01, 0x00, 0x00,
    0x00, 0x00, 0x00, 0x00, 0x00, 0x00, 0x00, 0x00, 0x00, 0x00, 0x00, 0x00, 0x00, 0x00, 0x00, 0x00,
    0x00, 0x00, 0x00, 0x00, 0x00, 0x00, 0x00, 0x00, 0x00, 0x00, 0x00, 0x00, 0x00, 0x00, 0x00, 0x00,
    0x00, 0x00, 0x00, 0x00, 0x00, 0x00, 0x00, 0x00, 0x00, 0x00, 0x00, 0x00, 0x00, 0x00, 0x00, 0x01,
    0x00, 0x0A, 0xE6, 0xFF, 0xFD, 0xFF, 0xFF, 0xFF, 0xFF, 0xFF, 0xFF, 0xFF, 0xFF, 0xFF, 0xFF, 0xFF,
    0xFF, 0xFF, 0xFF, 0xFF, 0xFF, 0xFF, 0xFF, 0xFF, 0xFF, 0xFF, 0xFF, 0xFE, 0xFF, 0x34, 0x00, 0x02,
    0x00, 0x00, 0x00, 0x00, 0x00, 0x00, 0x00, 0x00, 0x00, 0x00, 0x00, 0x00, 0x00, 0x00, 0x00, 0x00,
    0x00, 0x00, 0x00, 0x00, 0x00, 0x00, 0x00, 0x00, 0x00, 0x00, 0x00, 0x00, 0x00, 0x00, 0x00, 0x00,
    0x00, 0x00, 0x00, 0x00, 0x00, 0x00, 0x00, 0x00, 0x00, 0x00, 0x00, 0x00, 0x00, 0x00, 0x00, 0x00,
    0x00, 0x03, 0x00, 0x37, 0xFF, 0xFE, 0xFF, 0xFF, 0xFF, 0xFF, 0xFF, 0xFF, 0xFF, 0xFF, 0xFF, 0xFF,
    0xFF, 0xFF, 0xFF, 0xFF, 0xFF, 0xFF, 0xFF, 0xFF, 0xFF, 0xFF, 0xFF, 0xFF, 0xFF, 0xFD, 0xFF, 0x4B,
    0x00, 0x03, 0x00, 0x00, 0x00, 0x00, 0x00, 0x00, 0x00, 0x00, 0x00, 0x00, 0x00, 0x00, 0x00, 0x00,
    0x00, 0x00, 0x00, 0x00, 0x00, 0x00, 0x00, 0x00, 0x00, 0x02, 0x01, 0x00, 0x00, 0x00, 0x00, 0x00,
    0x00, 0x00, 0x00, 0x00, 0x00, 0x00, 0x00, 0x00, 0x00, 0x00, 0x00, 0x00, 0x00, 0x00, 0x00, 0x00,
    0x00, 0x00, 0x00, 0x04, 0x00, 0x7C, 0xFF, 0xFB, 0xFF, 0xFF, 0xFF, 0xFF, 0xFF, 0xFF, 0xFF, 0xFF,
    0xFF, 0xFF, 0xFF, 0xFF, 0xFF, 0xFF, 0xFF, 0xFF, 0xFF, 0xFF, 0xFF, 0xFF, 0xFF, 0xFF, 0xFF, 0xFC,
    0xFF, 0x57, 0x00, 0x04, 0x00, 0x00, 0x00, 0x00, 0x00, 0x00, 0x00, 0x00, 0x00, 0x00, 0x00, 0x00,
    0x00, 0x00, 0x00, 0x00, 0x00, 0x00, 0x00, 0x00, 0x00, 0x00, 0x00, 0x00, 0x00, 0x00, 0x00, 0x00,
    0x00, 0x00, 0x00, 0x00, 0x00, 0x00, 0x00, 0x00, 0x00, 0x00, 0x00, 0x00, 0x00, 0x00, 0x00, 0x00,
    0x00, 0x00, 0x00, 0x00, 0x00, 0x02, 0x00, 0xBC, 0xFF, 0xFC, 0xFF, 0xFF, 0xFF, 0xFF, 0xFF, 0xFF,
    0xFF, 0xFF, 0xFF, 0xFF, 0xFF, 0xFF, 0xFF, 0xFF, 0xFF, 0xFF, 0xFF, 0xFF, 0xFF, 0xFF, 0xFF, 0xFF,
    0xFF, 0xFE, 0xFF, 0x3D, 0x00, 0x03, 0x00, 0x00, 0x00, 0x00, 0x00, 0x00, 0x00, 0x00, 0x00, 0x00,
    0x00, 0x00, 0x00, 0x00, 0x00, 0x00, 0x00, 0x00, 0x00, 0x00, 0x00, 0x01, 0x00, 0x38, 0x0A, 0x00,
    0x01, 0x00, 0x00, 0x00, 0x00, 0x00, 0x00, 0x00, 0x00, 0x00, 0x00, 0x00, 0x00, 0x00, 0x00, 0x00,
    0x00, 0x00, 0x00, 0x00, 0x00, 0x00, 0x01, 0x00, 0x0F, 0xE8, 0xFF, 0xFE, 0xFF, 0xFF, 0xFF, 0xFF,
    0xFF, 0xFF, 0xFF, 0xFF, 0xFF, 0xFF, 0xFF, 0xFF, 0xFF, 0xFF, 0xFF, 0xFF, 0xFF, 0xFF, 0xFF, 0xFF,
    0xFF, 0xFF, 0xFE, 0xFF, 0xFC, 0x23, 0x00, 0x02, 0x00, 0x00, 0x00, 0x00, 0x00, 0x00, 0x00, 0x00,
    0x00, 0x00, 0x00, 0x00, 0x00, 0x00, 0x00, 0x00, 0x00, 0x00, 0x00, 0x00, 0x00, 0x03, 0x00, 0xB1,
    0x8A, 0x00, 0x00, 0x01, 0x00, 0x00, 0x00, 0x00, 0x00, 0x00, 0x00, 0x00, 0x00, 0x00, 0x00, 0x00,
    0x00, 0x00, 0x00, 0x00, 0x00, 0x00, 0x00, 0x00, 0x01, 0x00, 0x12, 0xEF, 0xFE, 0xFE, 0xFF, 0xFF,
    0xFF, 0xFF, 0xFF, 0xFF, 0xFF, 0xFF, 0xFF, 0xFF, 0xFF, 0xFF, 0xFF, 0xFF, 0xFF, 0xFF, 0xFF, 0xFF,
    0xFF, 0xFF, 0xFF, 0xFF, 0xFD, 0xFE, 0xD3, 0x05, 0x01, 0x00, 0x00, 0x00, 0x00, 0x00, 0x00, 0x00,
    0x00, 0x00, 0x00, 0x00, 0x00, 0x00, 0x00, 0x00, 0x00, 0x00, 0x00, 0x00, 0x00, 0x00, 0x01, 0x01,
    0x03, 0xD0, 0xFF, 0x71, 0x0A, 0x01, 0x01, 0x00, 0x00, 0x00, 0x00, 0x00, 0x00, 0x00, 0x00, 0x00,
    0x00, 0x00, 0x00, 0x00, 0x00, 0x00, 0x00, 0x00, 0x00, 0x00, 0x00, 0x03, 0x00, 0xA5, 0xFF, 0xFA,
    0xFF, 0xFF, 0xFF, 0xFF, 0xFF, 0xFF, 0xFF, 0xFF, 0xFF, 0xFF, 0xFF, 0xFF, 0xFF, 0xFF, 0xFF, 0xFF,
    0xFF, 0xFF, 0xFF, 0xFF, 0xFF, 0xFF, 0xFB, 0xFF, 0x78, 0x00, 0x04, 0x00, 0x00, 0x00, 0x00, 0x00,
    0x00, 0x00, 0x00, 0x00, 0x00, 0x00, 0x00, 0x00, 0x00, 0x00, 0x00, 0x00, 0x00, 0x00, 0x00, 0x00,
    0x00, 0x00, 0x19, 0xF2, 0xFD, 0xFF, 0x2B, 0x00, 0x02, 0x00, 0x00, 0x00, 0x00, 0x00, 0x00, 0x00,
    0x00, 0x00, 0x00, 0x00, 0x00, 0x00, 0x00, 0x00, 0x00, 0x00, 0x00, 0x00, 0x00, 0x02, 0x01, 0x1F,
    0xEF, 0xFF, 0xFC, 0xFF, 0xFF, 0xFF, 0xFF, 0xFF, 0xFF, 0xFF, 0xFF, 0xFF, 0xFF, 0xFF, 0xFF, 0xFF,
    0xFF, 0xFF, 0xFF, 0xFF, 0xFF, 0xFF, 0xFF, 0xFE, 0xFF, 0xF4, 0x1A, 0x00, 0x02, 0x00, 0x00, 0x00,
    0x00, 0x00, 0x00, 0x00, 0x00, 0x00, 0x00, 0x00, 0x00, 0x00, 0x00, 0x00, 0x00, 0x00, 0x00, 0x00,
    0x00, 0x00, 0x0D, 0x00, 0x3A, 0xFF, 0xFD, 0xFF, 0x2F, 0x00, 0x02, 0x00, 0x00, 0x00, 0x00, 0x00,
    0x00, 0x00, 0x00, 0x00, 0x00, 0x00, 0x00, 0x00, 0x00, 0x00, 0x00, 0x00, 0x00, 0x00, 0x00, 0x00,
    0x02, 0x00, 0x43, 0xF1, 0xFF, 0xFB, 0xFF, 0xFF, 0xFF, 0xFF, 0xFF, 0xFF, 0xFF, 0xFF, 0xFF, 0xFF,
    0xFF, 0xFF, 0xFF, 0xFF, 0xFF, 0xFF, 0xFF, 0xFF, 0xFF, 0xFB, 0xFE, 0x92, 0x00, 0x03, 0x00, 0x00,
    0x00, 0x00, 0x00, 0x00, 0x00, 0x00, 0x00, 0x00, 0x00, 0x00, 0x00, 0x00, 0x00, 0x00, 0x00, 0x00,
    0x00, 0x00, 0x04, 0x02, 0x6A, 0x4F, 0x55, 0xFF, 0xFA, 0xFF, 0x40, 0x00, 0x03, 0x00, 0x00, 0x00,
    0x00, 0x00, 0x00, 0x00, 0x00, 0x00, 0x00, 0x00, 0x00, 0x00, 0x00, 0x00, 0x00, 0x00, 0x00, 0x00,
    0x00, 0x00, 0x00, 0x03, 0x00, 0x2F, 0xD7, 0xFF, 0xFE, 0xFC, 0xFF, 0xFF, 0xFF, 0xFF, 0xFF, 0xFF,
    0xFF, 0xFF, 0xFF, 0xFF, 0xFF, 0xFF, 0xFF, 0xFF, 0xFF, 0xFF, 0xFF, 0xFE, 0xFF, 0x34, 0x00, 0x03,
    0x00, 0x00, 0x00, 0x00, 0x00, 0x00, 0x00, 0x00, 0x00, 0x00, 0x00, 0x00, 0x00, 0x00, 0x00, 0x00,
    0x00, 0x00, 0x00, 0x00, 0x03, 0x00, 0xC0, 0xD3, 0x80, 0xFF, 0xF8, 0xFF, 0x52, 0x00, 0x03, 0x00,
    0x00, 0x00, 0x00, 0x00, 0x00, 0x00, 0x00, 0x00, 0x00, 0x00, 0x00, 0x00, 0x00, 0x00, 0x00, 0x00,
    0x00, 0x00, 0x00, 0x00, 0x00, 0x00, 0x03, 0x00, 0x12, 0xA2, 0xFF, 0xFF, 0xFE, 0xFC, 0xFE, 0xFF,
    0xFF, 0xFF, 0xFF, 0xFF, 0xFF, 0xFF, 0xFF, 0xFF, 0xFF, 0xFF, 0xFF, 0xFF, 0xFC, 0xFF, 0xC9, 0x06,
    0x02, 0x00, 0x00, 0x00, 0x00, 0x00, 0x00, 0x00, 0x00, 0x00, 0x00, 0x00, 0x00, 0x00, 0x00, 0x00,
    0x00, 0x00, 0x00, 0x00, 0x01, 0x00, 0x11, 0x5E, 0xE2, 0xF1, 0xCE, 0xFF, 0xFA, 0xFF, 0x69, 0x01,
    0x04, 0x00, 0x00, 0x00, 0x00, 0x00, 0x00, 0x00, 0x00, 0x00, 0x00, 0x00, 0x00, 0x00, 0x00, 0x00,
    0x00, 0x00, 0x00, 0x00, 0x00, 0x00, 0x00, 0x00, 0x00, 0x02, 0x00, 0x00, 0x3A, 0xB4, 0xFF, 0xFF,
    0xFF, 0xFF, 0xFF, 0xFF, 0xFF, 0xFF, 0xFF, 0xFF, 0xFF, 0xFF, 0xFF, 0xFF, 0xFF, 0xFF, 0xFB, 0xFF,
    0x6F, 0x01, 0x08, 0x01, 0x00, 0x00, 0x00, 0x00, 0x00, 0x00, 0x00, 0x00, 0x00, 0x00, 0x00, 0x00,
    0x00, 0x00, 0x00, 0x00, 0x00, 0x00, 0x01, 0x00, 0x0C, 0xE8, 0xFE, 0xFF, 0xFF, 0xFF, 0xFB, 0xFF,
    0x92, 0x00, 0x05, 0x00, 0x00, 0x00, 0x00, 0x00, 0x00, 0x00, 0x00, 0x00, 0x00, 0x00, 0x00, 0x00,
    0x00, 0x00, 0x00, 0x00, 0x00, 0x00, 0x00, 0x00, 0x00, 0x00, 0x00, 0x00, 0x01, 0x03, 0x00, 0x00,
    0x3C, 0xA4, 0xEC, 0xFF, 0xFF, 0xFF, 0xFF, 0xFF, 0xFF, 0xFF, 0xFF, 0xFF, 0xFF, 0xFF, 0xFF, 0xFF,
    0xFC, 0xFF, 0x67, 0x00, 0x00, 0x00, 0x03, 0x03, 0x01, 0x00, 0x00, 0x00, 0x00, 0x00, 0x00, 0x00,
    0x00, 0x00, 0x00, 0x00, 0x00, 0x00, 0x00, 0x00, 0x01, 0x00, 0x11, 0xEB, 0xFF, 0xFE, 0xFE, 0xFF,
    0xFD, 0xFF, 0xD6, 0x06, 0x00, 0x02, 0x00, 0x00, 0x00, 0x00, 0x00, 0x00, 0x00, 0x00, 0x00, 0x00,
    0x00, 0x00, 0x00, 0x00, 0x00, 0x00, 0x00, 0x00, 0x00, 0x00, 0x00, 0x00, 0x00, 0x00, 0x00, 0x00,
    0x04, 0x05, 0x00, 0x00, 0x09, 0xA5, 0xFF, 0xFD, 0xFF, 0xFF, 0xFF, 0xFF, 0xFF, 0xFF, 0xFF, 0xFF,
    0xFF, 0xFF, 0xFF, 0xFE, 0xF4, 0xBB, 0x69, 0x18, 0x00, 0x00, 0x00, 0x04, 0x01, 0x00, 0x00, 0x00,
    0x00, 0x00, 0x00, 0x00, 0x00, 0x00, 0x00, 0x00, 0x00, 0x00, 0x01, 0x00, 0x18, 0xF1, 0xFF, 0xFE,
    0xFF, 0xFF, 0xFF, 0xFD, 0xFF, 0xAB, 0x06, 0x00, 0x01, 0x00, 0x00, 0x00, 0x00, 0x00, 0x00, 0x00,
    0x00, 0x00, 0x00, 0x00, 0x00, 0x00, 0x00, 0x00, 0x00, 0x00, 0x00, 0x00, 0x00, 0x00, 0x00, 0x00,
    0x01, 0x04, 0x00, 0x00, 0x00, 0x3F, 0xA3, 0xF3, 0xFE, 0xFF, 0xFF, 0xFF, 0xFF, 0xFF, 0xFF, 0xFF,
    0xFF, 0xFF, 0xFF, 0xFF, 0xFF, 0xFF, 0xFF, 0xFF, 0xFF, 0xED, 0x9E, 0x46, 0x02, 0x00, 0x00, 0x03,
    0x03, 0x00, 0x00, 0x00, 0x00, 0x02, 0x01, 0x00, 0x00, 0x00, 0x00, 0x00, 0x01, 0x00, 0x14, 0xEE,
    0xFF, 0xFE, 0xFF, 0xFF, 0xFF, 0xFF, 0xFC, 0xFF, 0xBF, 0x10, 0x01, 0x01, 0x00, 0x00, 0x00, 0x00,
    0x00, 0x00, 0x00, 0x00, 0x00, 0x00, 0x00, 0x00, 0x00, 0x00, 0x00, 0x00, 0x00, 0x00, 0x00, 0x00,
    0x02, 0x03, 0x00, 0x00, 0x13, 0x63, 0xB9, 0xFF, 0xFF, 0xFF, 0xFF, 0xFF, 0xFF, 0xFF, 0xFF, 0xFF,
    0xFF, 0xFF, 0xFF, 0xFF, 0xFF, 0xFF, 0xFF, 0xFF, 0xFE, 0xFC, 0xFC, 0xFF, 0xFF, 0xFF, 0xCF, 0x6F,
    0x16, 0x00, 0x00, 0x00, 0x04, 0x04, 0x00, 0x00, 0x00, 0x00, 0x00, 0x00, 0x00, 0x00, 0x01, 0x00,
    0x15, 0xF0, 0xFF, 0xFE, 0xFF, 0xFF, 0xFF, 0xFF, 0xFF, 0xFA, 0xFF, 0x5A, 0x00, 0x04, 0x00, 0x00,
    0x00, 0x00, 0x00, 0x00, 0x00, 0x00, 0x00, 0x00, 0x00, 0x00, 0x00, 0x00, 0x00, 0x00, 0x03, 0x02,
    0x02, 0x03, 0x00, 0x00, 0x17, 0x77, 0xE3, 0xFF, 0xFF, 0xFE, 0xFC, 0xFF, 0xFF, 0xFF, 0xFF, 0xFF,
    0xFF, 0xFF, 0xFF, 0xFF, 0xFF, 0xFF, 0xFF, 0xFF, 0xFF, 0xFF, 0xFF, 0xFF, 0xFF, 0xFE, 0xFC, 0xFD,
    0xFF, 0xFF, 0xEC, 0x9A, 0x3F, 0x00, 0x00, 0x00, 0x00, 0x2A, 0x21, 0x01, 0x01, 0x00, 0x00, 0x00,
    0x03, 0x02, 0x2F, 0xFD, 0xFE, 0xFF, 0xFF, 0xFF, 0xFF, 0xFF, 0xFE, 0xFD, 0xF4, 0x21, 0x00, 0x02,
    0x00, 0x00, 0x00, 0x00, 0x00, 0x00, 0x00, 0x00, 0x00, 0x00, 0x00, 0x00, 0x00, 0x00, 0x01, 0x00,
    0x00, 0x00, 0x00, 0x00, 0x28, 0x8B, 0xE9, 0xFF, 0xFF, 0xFC, 0xFC, 0xFF, 0xFF, 0xFF, 0xFF, 0xFF,
    0xFF, 0xFF, 0xFF, 0xFF, 0xFF, 0xFF, 0xFF, 0xFF, 0xFF, 0xFF, 0xFF, 0xFF, 0xFF, 0xFF, 0xFF, 0xFF,
    0xFF, 0xFF, 0xFD, 0xFC, 0xFF, 0xFF, 0xFF, 0xCE, 0x72, 0x6E, 0xC9, 0xFD, 0x62, 0x00, 0x04, 0x00,
    0x00, 0x00, 0x04, 0x00, 0x98, 0xFF, 0xFB, 0xFF, 0xFF, 0xFF, 0xFF, 0xFF, 0xFB, 0xFF, 0x8A, 0x00,
    0x03, 0x00, 0x00, 0x00, 0x00, 0x00, 0x00, 0x00, 0x00, 0x00, 0x00, 0x00, 0x00, 0x00, 0x00, 0x01,
    0x00, 0x05, 0x56, 0x5C, 0xAD, 0xA7, 0xF9, 0xFF, 0xFF, 0xFB, 0xFE, 0xFF, 0xFF, 0xFF, 0xFF, 0xFF,
    0xFF, 0xFF, 0xFF, 0xFF, 0xFF, 0xFF, 0xFF, 0xFF, 0xFF, 0xFF, 0xFF, 0xFF, 0xFF, 0xFF, 0xFF, 0xFF,
    0xFF, 0xFF, 0xFF, 0xFF, 0xFF, 0xFF, 0xFE, 0xFB, 0xFE, 0xFF, 0xFF, 0xFF, 0xFF, 0xE9, 0x26, 0x0D,
    0x00, 0x00, 0x00, 0x03, 0x00, 0x48, 0xFD, 0xFD, 0xFF, 0xFF, 0xFF, 0xFF, 0xFF, 0xFE, 0xFF, 0xDF,
    0x48, 0x37, 0x00, 0x02, 0x00, 0x00, 0x00, 0x00, 0x00, 0x00, 0x00, 0x00, 0x00, 0x00, 0x00, 0x00,
    0x00, 0x01, 0x07, 0x2B, 0xEA, 0xFF, 0xFF, 0xFF, 0xFF, 0xFB, 0xFE, 0xFF, 0xFF, 0xFF, 0xFF, 0xFF,
    0xFF, 0xFF, 0xFF, 0xFF, 0xFF, 0xFF, 0xFF, 0xFF, 0xFF, 0xFF, 0xFF, 0xFF, 0xFF, 0xFF, 0xFF, 0xFF,
    0xFF, 0xFF, 0xFF, 0xFF, 0xFF, 0xFF, 0xFF, 0xFF, 0xFF, 0xFF, 0xFF, 0xFD, 0xFB, 0xFB, 0xFD, 0xFB,
    0xF5, 0xF7, 0x51, 0x00, 0x04, 0x01, 0x10, 0xE5, 0xFF, 0xFD, 0xFF, 0xFF, 0xFF, 0xFF, 0xFF, 0xFD,
    0xFF, 0xC8, 0xC2, 0x6B, 0x02, 0x01, 0x00, 0x00, 0x00, 0x00, 0x00, 0x00, 0x00, 0x00, 0x00, 0x00,
    0x00, 0x00, 0x01, 0x04, 0xB0, 0xFF, 0xF5, 0xFE, 0xFC, 0xFC, 0xFE, 0xFF, 0xFF, 0xFF, 0xFF, 0xFF,
    0xFF, 0xFF, 0xFF, 0xFF, 0xFF, 0xFF, 0xFF, 0xFF, 0xFF, 0xFF, 0xFF, 0xFF, 0xFF, 0xFF, 0xFF, 0xFF,
    0xFF, 0xFF, 0xFF, 0xFF, 0xFF, 0xFF, 0xFF, 0xFF, 0xFF, 0xFF, 0xFF, 0xFF, 0xFF, 0xFF, 0xFF, 0xFF,
    0xFF, 0xFE, 0xF9, 0x8F, 0x12, 0x02, 0x05, 0x00, 0x6F, 0xFF, 0xFB, 0xFF, 0xFF, 0xFF, 0xFF, 0xFF,
    0xFF, 0xFF, 0xFF, 0xFF, 0xFF, 0xBC, 0x01, 0x02, 0x00, 0x00, 0x00, 0x00, 0x00, 0x00, 0x00, 0x00,
    0x00, 0x00, 0x00, 0x00, 0x01, 0x01, 0x24, 0xBB, 0xFF, 0xFC, 0xFF, 0xFF, 0xFF, 0xFF, 0xFF, 0xFF,
    0xFF, 0xFF, 0xFF, 0xFF, 0xFF, 0xFF, 0xFF, 0xFF, 0xFF, 0xFF, 0xFF, 0xFF, 0xFF, 0xFF, 0xFF, 0xFF,
    0xFF, 0xFF, 0xFF, 0xFF, 0xFF, 0xFF, 0xFF, 0xFF, 0xFF, 0xFF, 0xFF, 0xFF, 0xFF, 0xFF, 0xFF, 0xFF,
    0xFF, 0xFE, 0xFB, 0xFD, 0xFD, 0x48, 0x00, 0x03, 0x04, 0x00, 0xA2, 0xFF, 0xF9, 0xFF, 0xFF, 0xFF,
    0xFF, 0xFF, 0xFF, 0xFF, 0xFF, 0xFB, 0xFF, 0x64, 0x00, 0x04, 0x00, 0x00, 0x00, 0x00, 0x00, 0x00,
    0x00, 0x00, 0x00, 0x00, 0x00, 0x00, 0x00, 0x01, 0x00, 0x01, 0x97, 0xFF, 0xFD, 0xFE, 0xFE, 0xFE,
    0xFE, 0xFE, 0xFE, 0xFE, 0xFD, 0xFD, 0xFF, 0xFF, 0xFF, 0xFF, 0xFF, 0xFF, 0xFF, 0xFF, 0xFF, 0xFF,
    0xFF, 0xFF, 0xFF, 0xFF, 0xFF, 0xFF, 0xFF, 0xFF, 0xFF, 0xFF, 0xFF, 0xFE, 0xFE, 0xFE, 0xFE, 0xFE,
    0xFD, 0xFB, 0xFC, 0xFF, 0xFF, 0xFF, 0xCE, 0x6F, 0x01, 0x02, 0x02, 0x01, 0x3D, 0xF9, 0xFF, 0xFD,
    0xFF, 0xFF, 0xFF, 0xFF, 0xFF, 0xFF, 0xFE, 0xFF, 0xF4, 0x19, 0x00, 0x02, 0x00, 0x00, 0x00, 0x00,
    0x00, 0x00, 0x00, 0x00, 0x00, 0x00, 0x00, 0x00, 0x00, 0x00, 0x02, 0x01, 0x00, 0xBB, 0xFC, 0xFF,
    0xFF, 0xFF, 0xFF, 0xFF, 0xFF, 0xFF, 0xFF, 0xFF, 0xFF, 0xFF, 0xFF, 0xFF, 0xFF, 0xFF, 0xFF, 0xFF,
    0xFF, 0xFF, 0xFF, 0xFF, 0xFF, 0xFF, 0xFF, 0xFF, 0xFF, 0xFF, 0xFF, 0xFF, 0xFF, 0xFF, 0xFF, 0xFF,
    0xFF, 0xFF, 0xFF, 0xFF, 0xFF, 0xEE, 0xA3, 0x39, 0x00, 0x00, 0x00, 0x00, 0x00, 0x02, 0x00, 0x3F,
    0xDD, 0xFF, 0xFE, 0xFF, 0xFF, 0xFF, 0xFF, 0xFF, 0xFB, 0xFF, 0x9E, 0x00, 0x03, 0x00, 0x00, 0x00,
    0x00, 0x00, 0x00, 0x00, 0x00, 0x00, 0x00, 0x00, 0x00, 0x00, 0x00, 0x00, 0x00, 0x02, 0x07, 0xDD,
    0xFF, 0xF2, 0xE9, 0xF3, 0xF6, 0xF7, 0xF4, 0xE9, 0xDC, 0xCB, 0xF2, 0xFF, 0xFE, 0xFF, 0xFF, 0xFF,
    0xFF, 0xFF, 0xFF, 0xFF, 0xFF, 0xFF, 0xFF, 0xFF, 0xFF, 0xFF, 0xFF, 0xFF, 0xFF, 0xFE, 0xFF, 0xED,
    0xEC, 0xF9, 0xF8, 0xEB, 0xCF, 0x9F, 0x5E, 0x19, 0x00, 0x00, 0x00, 0x03, 0x00, 0x00, 0x00, 0x00,
    0x03, 0x00, 0x20, 0xEA, 0xFD, 0xFE, 0xFF, 0xFF, 0xFF, 0xFF, 0xFE, 0xFC, 0x35, 0x01, 0x03, 0x00,
    0x00, 0x00, 0x00, 0x00, 0x00, 0x00, 0x00, 0x00, 0x00, 0x00, 0x00, 0x00, 0x00, 0x00, 0x01, 0x00,
    0x0A, 0x87, 0x5D, 0x1E, 0x0F, 0x19, 0x1D, 0x1E, 0x1B, 0x10, 0x04, 0x0E, 0xEA, 0xFF, 0xFE, 0xFF,
    0xFF, 0xFF, 0xFF, 0xFF, 0xFF, 0xFF, 0xFF, 0xFF, 0xFF, 0xFF, 0xFF, 0xFF, 0xFF, 0xFF, 0xFF, 0xFD,
    0xFF, 0xD6, 0x20, 0x22, 0x22, 0x11, 0x00, 0x00, 0x00, 0x00, 0x03, 0x02, 0x00, 0x00, 0x00, 0x00,
    0x00, 0x00, 0x00, 0x05, 0x00, 0xC1, 0xFF, 0xF8, 0xFD, 0xFF, 0xFE, 0xFC, 0xFB, 0xFB, 0x29, 0x00,
    0x02, 0x00, 0x00, 0x00, 0x00, 0x00, 0x00, 0x00, 0x00, 0x00, 0x00, 0x00, 0x00, 0x00, 0x00, 0x00,
    0x00, 0x00, 0x00, 0x00, 0x00, 0x00, 0x00, 0x00, 0x00, 0x00, 0x00, 0x00, 0x00, 0x29, 0xFD, 0xFF,
    0xFE, 0xFF, 0xFF, 0xFF, 0xFF, 0xFF, 0xFF, 0xFF, 0xFF, 0xFF, 0xFF, 0xFF, 0xFF, 0xFF, 0xFF, 0xFF,
    0xFF, 0xFF, 0xFC, 0xFF, 0x93, 0x00, 0x00, 0x00, 0x00, 0x03, 0x04, 0x01, 0x00, 0x00, 0x00, 0x00,
    0x00, 0x00, 0x00, 0x00, 0x00, 0x03, 0x02, 0x58, 0xF4, 0xFF, 0xFF, 0xFF, 0xFF, 0xFF, 0xFF, 0xFE,
    0x3A, 0x00, 0x03, 0x00, 0x00, 0x00, 0x00, 0x00, 0x00, 0x00, 0x00, 0x00, 0x00, 0x00, 0x00, 0x00,
    0x00, 0x00, 0x00, 0x00, 0x00, 0x04, 0x04, 0x02, 0x01, 0x01, 0x02, 0x02, 0x02, 0x04, 0x01, 0x3E,
    0xFF, 0xFD, 0xFF, 0xFF, 0xFF, 0xFF, 0xFF, 0xFF, 0xFF, 0xFF, 0xFF, 0xFF, 0xFF, 0xFF, 0xFF, 0xFF,
    0xFF, 0xFF, 0xFF, 0xFF, 0xFF, 0xFB, 0xFF, 0x50, 0x00, 0x04, 0x00, 0x00, 0x00, 0x00, 0x00, 0x00,
    0x00, 0x00, 0x00, 0x00, 0x00, 0x00, 0x00, 0x00, 0x01, 0x00, 0x25, 0x7D, 0xD6, 0xFE, 0xF2, 0xC8,
    0x86, 0x31, 0x00, 0x01, 0x00, 0x00, 0x00, 0x00, 0x00, 0x00, 0x00, 0x00, 0x00, 0x00, 0x00, 0x00,
    0x00, 0x00, 0x00, 0x00, 0x00, 0x00, 0x00, 0x00, 0x00, 0x00, 0x00, 0x00, 0x00, 0x00, 0x00, 0x04,
    0x00, 0x5B, 0xFF, 0xFC, 0xFF, 0xFF, 0xFF, 0xFF, 0xFF, 0xFF, 0xFF, 0xFF, 0xFF, 0xFF, 0xFF, 0xFF,
    0xFF, 0xFF, 0xFF, 0xFF, 0xFF, 0xFF, 0xFF, 0xFD, 0xFE, 0xDF, 0x0D, 0x03, 0x01, 0x00, 0x00, 0x00,
    0x00, 0x00, 0x00, 0x00, 0x00, 0x00, 0x00, 0x00, 0x00, 0x00, 0x00, 0x02, 0x00, 0x00, 0x7B, 0xFF,
    0x6C, 0x00, 0x00, 0x00, 0x00, 0x00, 0x00, 0x00, 0x00, 0x00, 0x00, 0x00, 0x00, 0x00, 0x00, 0x00,
    0x00, 0x00, 0x00, 0x00, 0x00, 0x00, 0x00, 0x00, 0x00, 0x00, 0x00, 0x00, 0x00, 0x00, 0x00, 0x00,
    0x00, 0x04, 0x00, 0x6B, 0xFF, 0xFB, 0xFF, 0xFF, 0xFF, 0xFF, 0xFF, 0xFF, 0xFF, 0xFF, 0xFF, 0xFF,
    0xFF, 0xFF, 0xFF, 0xFF, 0xFF, 0xFF, 0xFF, 0xFF, 0xFF, 0xFF, 0xFB, 0xFF, 0x8B, 0x00, 0x04, 0x00,
    0x00, 0x00, 0x00, 0x00, 0x00, 0x00, 0x00, 0x00, 0x00, 0x00, 0x00, 0x00, 0x00, 0x00, 0x04, 0x05,
    0xC9, 0xFF, 0x64, 0x01, 0x08, 0x02, 0x00, 0x00, 0x00, 0x00, 0x00, 0x00, 0x00, 0x00, 0x00, 0x00,
    0x00, 0x00, 0x00, 0x00, 0x00, 0x00, 0x00, 0x00, 0x00, 0x00, 0x00, 0x00, 0x00, 0x00, 0x00, 0x00,
    0x00, 0x00, 0x00, 0x04, 0x00, 0x66, 0xFF, 0xFB, 0xFF, 0xFF, 0xFF, 0xFF, 0xFF, 0xFF, 0xFF, 0xFF,
    0xFF, 0xFF, 0xFF, 0xFF, 0xFF, 0xFF, 0xFF, 0xFF, 0xFF, 0xFF, 0xFF, 0xFF, 0xFE, 0xFC, 0xFD, 0x40,
    0x00, 0x03, 0x00, 0x00, 0x00, 0x00, 0x00, 0x00, 0x00, 0x00, 0x00, 0x00, 0x00, 0x00, 0x00, 0x03,
    0x00, 0x41, 0xFF, 0xFF, 0x69, 0x00, 0x04, 0x00, 0x00, 0x00, 0x00, 0x00, 0x00, 0x00, 0x00, 0x00,
    0x00, 0x00, 0x00, 0x00, 0x00, 0x00, 0x00, 0x00, 0x00, 0x00, 0x00, 0x00, 0x00, 0x00, 0x00, 0x00,
    0x00, 0x00, 0x00, 0x00, 0x00, 0x04, 0x00, 0x68, 0xFF, 0xFB, 0xFF, 0xFF, 0xFF, 0xFF, 0xFF, 0xFF,
    0xFF, 0xFF, 0xFF, 0xFF, 0xFF, 0xFF, 0xFF, 0xFF, 0xFF, 0xFF, 0xFF, 0xFF, 0xFF, 0xFF, 0xFF, 0xFC,
    0xFF, 0xD5, 0x05, 0x03, 0x01, 0x00, 0x00, 0x00, 0x00, 0x00, 0x00, 0x00, 0x00, 0x00, 0x00, 0x00,
    0x00, 0x03, 0x00, 0xC2, 0xFF, 0xFF, 0x5D, 0x00, 0x04, 0x00, 0x00, 0x00, 0x00, 0x00, 0x00, 0x00,
    0x00, 0x00, 0x00, 0x00, 0x00, 0x00, 0x00, 0x00, 0x00, 0x00, 0x00, 0x00, 0x00, 0x00, 0x00, 0x00,
    0x00, 0x00, 0x00, 0x00, 0x00, 0x00, 0x00, 0x05, 0x02, 0x57, 0xFF, 0xFB, 0xFF, 0xFF, 0xFF, 0xFF,
    0xFF, 0xFF, 0xFF, 0xFF, 0xFF, 0xFF, 0xFF, 0xFF, 0xFF, 0xFF, 0xFF, 0xFF, 0xFF, 0xFF, 0xFF, 0xFF,
    0xFF, 0xFF, 0xFB, 0xFF, 0x78, 0x00, 0x04, 0x00, 0x00, 0x00, 0x00, 0x00, 0x00, 0x00, 0x00, 0x00,
    0x00, 0x00, 0x04, 0x00, 0x53, 0xFF, 0xFB, 0xFF, 0x41, 0x00, 0x03, 0x00, 0x00, 0x00, 0x00, 0x00,
    0x00, 0x00, 0x00, 0x00, 0x00, 0x00, 0x00, 0x00, 0x00, 0x00, 0x00, 0x00, 0x00, 0x00, 0x00, 0x00,
    0x00, 0x00, 0x00, 0x00, 0x00, 0x00, 0x00, 0x00, 0x01, 0x02, 0x00, 0x84, 0xFF, 0xFC, 0xFF, 0xFF,
    0xFF, 0xFF, 0xFF, 0xFF, 0xFF, 0xFF, 0xFF, 0xFF, 0xFF, 0xFF, 0xFF, 0xFF, 0xFF, 0xFF, 0xFF, 0xFF,
    0xFF, 0xFF, 0xFF, 0xFF, 0xFE, 0xFC, 0xF4, 0x27, 0x00, 0x02, 0x00, 0x00, 0x00, 0x00, 0x00, 0x00,
    0x00, 0x00, 0x00, 0x03, 0x00, 0x12, 0xE0, 0xFD, 0xFE, 0xEF, 0x15, 0x00, 0x01, 0x00, 0x00, 0x00,
    0x00, 0x00, 0x00, 0x00, 0x00, 0x00, 0x00, 0x00, 0x00, 0x00, 0x00, 0x00, 0x00, 0x00, 0x00, 0x00,
    0x00, 0x00, 0x00, 0x00, 0x00, 0x00, 0x00, 0x00, 0x00, 0x02, 0x00, 0x01, 0x97, 0xFF, 0xFD, 0xFF,
    0xFF, 0xFF, 0xFF, 0xFF, 0xFF, 0xFF, 0xFF, 0xFF, 0xFF, 0xFF, 0xFF, 0xFF, 0xFF, 0xFF, 0xFF, 0xFF,
    0xFF, 0xFF, 0xFF, 0xFF, 0xFF, 0xFF, 0xFF, 0xFC, 0xFF, 0xBC, 0x01, 0x03, 0x00, 0x00, 0x00, 0x00,
    0x00, 0x00, 0x00, 0x00, 0x04, 0x00, 0x06, 0xB9, 0xFF, 0xFA, 0xFF, 0xC5, 0x00, 0x01, 0x00, 0x00,
    0x00, 0x00, 0x00, 0x00, 0x00, 0x00, 0x00, 0x00, 0x00, 0x00, 0x00, 0x00, 0x00, 0x00, 0x00, 0x00,
    0x00, 0x00, 0x00, 0x00, 0x00, 0x00, 0x00, 0x00, 0x00, 0x00, 0x02, 0x01, 0x0A, 0xB8, 0xFF, 0xFC,
    0xFF, 0xFF, 0xFF, 0xFF, 0xFF, 0xFF, 0xFF, 0xFF, 0xFF, 0xFF, 0xFF, 0xFF, 0xFF, 0xFF, 0xFF, 0xFF,
    0xFF, 0xFF, 0xFF, 0xFF, 0xFF, 0xFF, 0xFF, 0xFF, 0xFF, 0xFF, 0xFB, 0xFF, 0x6C, 0x00, 0x04, 0x00,
    0x00, 0x00, 0x00, 0x01, 0x04, 0x01, 0x00, 0x12, 0xB9, 0xFF, 0xFC, 0xFB, 0xFF, 0x7B, 0x00, 0x04,
    0x00, 0x00, 0x00, 0x00, 0x00, 0x00, 0x00, 0x00, 0x00, 0x00, 0x00, 0x00, 0x00, 0x00, 0x00, 0x00,
    0x00, 0x00, 0x00, 0x00, 0x00, 0x00, 0x00, 0x00, 0x00, 0x00, 0x00, 0x01, 0x03, 0x03, 0xB4, 0xFF,
    0xFA, 0xFF, 0xFF, 0xFF, 0xFF, 0xFF, 0xFF, 0xFF, 0xFF, 0xFF, 0xFF, 0xFF, 0xFF, 0xFF, 0xFF, 0xFF,
    0xFF, 0xFF, 0xFF, 0xFF, 0xFF, 0xFF, 0xFF, 0xFF, 0xFF, 0xFF, 0xFF, 0xFF, 0xFD, 0xFE, 0xE0, 0x0B,
    0x04, 0x05, 0x04, 0x04, 0x02, 0x00, 0x00, 0x00, 0x51, 0xDB, 0xFF, 0xFC, 0xFE, 0xFE, 0xFA, 0x23,
    0x00, 0x02, 0x00, 0x00, 0x00, 0x00, 0x00, 0x00, 0x00, 0x00, 0x00, 0x00, 0x00, 0x00, 0x00, 0x00,
    0x00, 0x00, 0x00, 0x00, 0x00, 0x00, 0x00, 0x00, 0x00, 0x00, 0x00, 0x00, 0x00, 0x03, 0x00, 0x96,
    0xFF, 0xFA, 0xFF, 0xFF, 0xFF, 0xFF, 0xFF, 0xFF, 0xFF, 0xFF, 0xFF, 0xFF, 0xFF, 0xFF, 0xFF, 0xFF,
    0xFF, 0xFF, 0xFF, 0xFF, 0xFF, 0xFF, 0xFF, 0xFF, 0xFF, 0xFF, 0xFF, 0xFF, 0xFF, 0xFF, 0xFF, 0xFC,
    0xFF, 0x65, 0x00, 0x00, 0x00, 0x00, 0x00, 0x1A, 0x64, 0xC7, 0xFF, 0xFF, 0xFC, 0xFF, 0xFB, 0xFE,
    0xB4, 0x00, 0x02, 0x00, 0x00, 0x00, 0x00, 0x00, 0x00, 0x00, 0x00, 0x00, 0x00, 0x00, 0x00, 0x00,
    0x00, 0x00, 0x00, 0x00, 0x00, 0x00, 0x00, 0x00, 0x00, 0x00, 0x00, 0x00, 0x00, 0x00, 0x03, 0x00,
    0x58, 0xFF, 0xFA, 0xFF, 0xFF, 0xFF, 0xFF, 0xFF, 0xFF, 0xFF, 0xFF, 0xFF, 0xFF, 0xFF, 0xFF, 0xFF,
    0xFF, 0xFF, 0xFF, 0xFF, 0xFF, 0xFF, 0xFF, 0xFF, 0xFF, 0xFF, 0xFF, 0xFF, 0xFF, 0xFF, 0xFF, 0xFF,
    0xFF, 0xFE, 0xFE, 0xF5, 0xAC, 0x88, 0x87, 0x9B, 0xBE, 0xF0, 0xFF, 0xFF, 0xFD, 0xFD, 0xFF, 0xFE,
    0xFC, 0xFF, 0x39, 0x00, 0x03, 0x00, 0x00, 0x00, 0x00, 0x00, 0x00, 0x00, 0x00, 0x00, 0x00, 0x00,
    0x00, 0x00, 0x00, 0x00, 0x00, 0x00, 0x00, 0x00, 0x00, 0x00, 0x00, 0x00, 0x00, 0x00, 0x00, 0x01,
    0x01, 0x0E, 0xE5, 0xFE, 0xFD, 0xFF, 0xFF, 0xFF, 0xFF, 0xFF, 0xFF, 0xFF, 0xFF, 0xFF, 0xFF, 0xFF,
    0xFF, 0xFF, 0xFF, 0xFF, 0xFF, 0xFF, 0xFF, 0xFF, 0xFF, 0xFF, 0xFF, 0xFF, 0xFF, 0xFF, 0xFF, 0xFF,
    0xFF, 0xFF, 0xFF, 0xFF, 0xFF, 0xFF, 0xFF, 0xFF, 0xFF, 0xFF, 0xFF, 0xFF, 0xFC, 0xFD, 0xFF, 0xFF,
    0xFF, 0xFB, 0xFF, 0x93, 0x00, 0x03, 0x00, 0x00, 0x00, 0x00, 0x00, 0x00, 0x00, 0x00, 0x00, 0x00,
    0x00, 0x00, 0x00, 0x00, 0x00, 0x00, 0x00, 0x00, 0x00, 0x00, 0x00, 0x00, 0x00, 0x00, 0x00, 0x00,
    0x00, 0x04, 0x00, 0x65, 0xFF, 0xFC, 0xFF, 0xFF, 0xFF, 0xFF, 0xFF, 0xFF, 0xFF, 0xFF, 0xFF, 0xFF,
    0xFF, 0xFF, 0xFF, 0xFF, 0xFF, 0xFF, 0xFF, 0xFF, 0xFF, 0xFF, 0xFF, 0xFF, 0xFF, 0xFF, 0xFF, 0xFF,
    0xFF, 0xFF, 0xFF, 0xFF, 0xFF, 0xFF, 0xFF, 0xFE, 0xFC, 0xFB, 0xFB, 0xFB, 0xFC, 0xFE, 0xFF, 0xFF,
    0xFF, 0xFF, 0xFB, 0xFF, 0xCC, 0x04, 0x03, 0x01, 0x00, 0x00, 0x00, 0x00, 0x00, 0x00, 0x00, 0x00,
    0x00, 0x00, 0x00, 0x00, 0x00, 0x00, 0x00, 0x00, 0x00, 0x00, 0x00, 0x00, 0x00, 0x00, 0x00, 0x00,
    0x00, 0x00, 0x00, 0x02, 0x00, 0xB5, 0xFE, 0xFB, 0xFF, 0xFF, 0xFF, 0xFF, 0xFF, 0xFF, 0xFF, 0xFF,
    0xFF, 0xFF, 0xFF, 0xFF, 0xFF, 0xFF, 0xFF, 0xFF, 0xFF, 0xFF, 0xFF, 0xFF, 0xFF, 0xFF, 0xFF, 0xFF,
    0xFF, 0xFF, 0xFF, 0xFF, 0xFF, 0xFF, 0xFF, 0xFF, 0xFF, 0xFF, 0xFF, 0xFF, 0xFF, 0xFF, 0xFF, 0xFF,
    0xFF, 0xFF, 0xFF, 0xFC, 0xFF, 0xE5, 0x26, 0x00, 0x02, 0x00, 0x00, 0x00, 0x00, 0x00, 0x00, 0x00,
    0x00, 0x00, 0x00, 0x00, 0x00, 0x00, 0x00, 0x00, 0x00, 0x00, 0x00, 0x00, 0x00, 0x00, 0x00, 0x00,
    0x00, 0x00, 0x00, 0x00, 0x01, 0x00, 0x04, 0xDB, 0xFF, 0xFD, 0xFF, 0xFF, 0xFF, 0xFF, 0xFF, 0xFF,
    0xFF, 0xFF, 0xFF, 0xFF, 0xFF, 0xFF, 0xFF, 0xFF, 0xFF, 0xFF, 0xFF, 0xFF, 0xFF, 0xFF, 0xFF, 0xFF,
    0xFF, 0xFF, 0xFF, 0xFF, 0xFF, 0xFF, 0xFF, 0xFF, 0xFF, 0xFF, 0xFF, 0xFF, 0xFF, 0xFF, 0xFF, 0xFF,
    0xFF, 0xFF, 0xFF, 0xFF, 0xFB, 0xFF, 0xF0, 0x38, 0x00, 0x03, 0x00, 0x00, 0x00, 0x00, 0x00, 0x00,
    0x00, 0x00, 0x00, 0x00, 0x00, 0x00, 0x00, 0x00, 0x00, 0x00, 0x00, 0x00, 0x00, 0x00, 0x00, 0x00,
    0x00, 0x00, 0x00, 0x00, 0x00, 0x00, 0x01, 0x00, 0x14, 0xEE, 0xFF, 0xFE, 0xFF, 0xFF, 0xFF, 0xFF,
    0xFF, 0xFF, 0xFF, 0xFF, 0xFF, 0xFF, 0xFF, 0xFF, 0xFF, 0xFF, 0xFF, 0xFF, 0xFF, 0xFF, 0xFF, 0xFF,
    0xFF, 0xFF, 0xFF, 0xFF, 0xFF, 0xFF, 0xFF, 0xFF, 0xFF, 0xFF, 0xFF, 0xFF, 0xFF, 0xFF, 0xFF, 0xFF,
    0xFF, 0xFF, 0xFF, 0xFF, 0xFD, 0xFB, 0xFF, 0xE6, 0x36, 0x00, 0x04, 0x00, 0x00, 0x00, 0x00, 0x00,
    0x00, 0x00, 0x00, 0x00, 0x00, 0x00, 0x00, 0x00, 0x00, 0x00, 0x00, 0x00, 0x00, 0x00, 0x00, 0x00,
    0x00, 0x00, 0x00, 0x00, 0x00, 0x00, 0x00, 0x00, 0x01, 0x00, 0x0D, 0xE8, 0xFF, 0xFE, 0xFF, 0xFF,
    0xFF, 0xFF, 0xFF, 0xFF, 0xFF, 0xFF, 0xFF, 0xFF, 0xFF, 0xFD, 0xFC, 0xFB, 0xFB, 0xFC, 0xFD, 0xFC,
    0xFB, 0xFC, 0xFD, 0xFE, 0xFE, 0xFF, 0xFF, 0xFF, 0xFF, 0xFF, 0xFF, 0xFF, 0xFF, 0xFF, 0xFF, 0xFF,
    0xFF, 0xFF, 0xFF, 0xFE, 0xFC, 0xFC, 0xFF, 0xFF, 0xC3, 0x22, 0x00, 0x03, 0x00, 0x00, 0x00, 0x00,
    0x00, 0x00, 0x00, 0x00, 0x00, 0x00, 0x00, 0x00, 0x00, 0x00, 0x00, 0x00, 0x00, 0x00, 0x00, 0x00,
    0x00, 0x00, 0x00, 0x00, 0x00, 0x00, 0x00, 0x00, 0x00, 0x00, 0x00, 0x01, 0x00, 0xCA, 0xFF, 0xFC,
    0xFF, 0xFF, 0xFF, 0xFF, 0xFF, 0xFF, 0xFF, 0xFF, 0xFF, 0xFD, 0xFE, 0xFF, 0xFF, 0xFF, 0xFF, 0xFF,
    0xFF, 0xFF, 0xFF, 0xFF, 0xFF, 0xFF, 0xFF, 0xFE, 0xFF, 0xFF, 0xFF, 0xFF, 0xFF, 0xFF, 0xFF, 0xFF,
    0xFF, 0xFF, 0xFF, 0xFC, 0xFC, 0xFF, 0xFF, 0xFF, 0xDD, 0x70, 0x02, 0x00, 0x03, 0x00, 0x00, 0x00,
    0x00, 0x00, 0x00, 0x00, 0x00, 0x00, 0x00, 0x00, 0x00, 0x00, 0x00, 0x00, 0x00, 0x00, 0x00, 0x00,
    0x00, 0x00, 0x00, 0x00, 0x00, 0x00, 0x00, 0x00, 0x00, 0x00, 0x00, 0x00, 0x00, 0x04, 0x01, 0x73,
    0xFF, 0xFC, 0xFF, 0xFF, 0xFF, 0xFF, 0xFF, 0xFF, 0xFF, 0xFF, 0xFF, 0xFF, 0xFF, 0xDF, 0xB9, 0x85,
    0x71, 0x59, 0x44, 0x64, 0x93, 0xB5, 0xD5, 0xEB, 0xF2, 0xFF, 0xFE, 0xFE, 0xFF, 0xFF, 0xFF, 0xFF,
    0xFF, 0xFF, 0xFF, 0xFF, 0xFF, 0xFF, 0xFF, 0xFC, 0xC0, 0x5A, 0x0C, 0x00, 0x00, 0x02, 0x00, 0x00,
    0x00, 0x00, 0x00, 0x00, 0x00, 0x00, 0x00, 0x00, 0x00, 0x00, 0x00, 0x00, 0x00, 0x00, 0x00, 0x00,
    0x00, 0x00, 0x00, 0x00, 0x00, 0x00, 0x00, 0x00, 0x00, 0x00, 0x00, 0x00, 0x00, 0x00, 0x00, 0x04,
    0x00, 0x04, 0xDE, 0xFF, 0xFD, 0xFF, 0xFF, 0xFF, 0xFF, 0xFF, 0xFF, 0xFD, 0xFE, 0xC0, 0x3D, 0x09,
    0x00, 0x00, 0x00, 0x00, 0x00, 0x00, 0x00, 0x00, 0x01, 0x13, 0x18, 0x71, 0xFF, 0xFD, 0xFE, 0xFF,
    0xFF, 0xFF, 0xFF, 0xFF, 0xFF, 0xFD, 0xFF, 0xB6, 0x61, 0x2D, 0x00, 0x00, 0x00, 0x03, 0x00, 0x00,
    0x00, 0x00, 0x00, 0x00, 0x00, 0x00, 0x00, 0x00, 0x00, 0x00, 0x00, 0x00, 0x00, 0x00, 0x00, 0x00,
    0x00, 0x00, 0x00, 0x00, 0x00, 0x00, 0x00, 0x00, 0x00, 0x00, 0x00, 0x00, 0x00, 0x00, 0x00, 0x00,
    0x03, 0x00, 0x13, 0xA6, 0xF8, 0xFD, 0xFF, 0xFF, 0xFF, 0xFF, 0xFF, 0xFF, 0xFE, 0xFA, 0xFC, 0x51,
    0x00, 0x02, 0x02, 0x04, 0x04, 0x04, 0x03, 0x04, 0x04, 0x02, 0x00, 0x00, 0x00, 0x00, 0x6C, 0xFE,
    0xFC, 0xFF, 0xFF, 0xFF, 0xFF, 0xFF, 0xFF, 0xFE, 0xFF, 0x26, 0x00, 0x00, 0x01, 0x03, 0x01, 0x00,
    0x00, 0x00, 0x00, 0x00, 0x00, 0x00, 0x00, 0x00, 0x00, 0x00, 0x00, 0x00, 0x00, 0x00, 0x00, 0x00,
    0x00, 0x00, 0x00, 0x00, 0x00, 0x00, 0x00, 0x00, 0x00, 0x00, 0x00, 0x00, 0x00, 0x00, 0x00, 0x00,
    0x00, 0x03, 0x00, 0x3D, 0xDF, 0xFF, 0xFF, 0xFF, 0xFF, 0xFF, 0xFE, 0xFC, 0xFB, 0xFD, 0xFF, 0xFF,
    0xFF, 0x64, 0x03, 0x05, 0x00, 0x00, 0x00, 0x00, 0x00, 0x00, 0x00, 0x00, 0x01, 0x01, 0x02, 0x05,
    0x00, 0xA0, 0xFF, 0xFB, 0xFF, 0xFF, 0xFF, 0xFF, 0xFF, 0xFC, 0xFF, 0x67, 0x00, 0x08, 0x00, 0x00,
    0x00, 0x00, 0x00, 0x00, 0x00, 0x00, 0x00, 0x00, 0x00, 0x00, 0x00, 0x00, 0x00, 0x00, 0x00, 0x00,
    0x00, 0x00, 0x00, 0x00, 0x00, 0x00, 0x00, 0x00, 0x00, 0x00, 0x00, 0x00, 0x00, 0x00, 0x00, 0x00,
    0x00, 0x00, 0x02, 0x00, 0x57, 0xFC, 0xFF, 0xF9, 0xFE, 0xFF, 0xFD, 0xFB, 0xFF, 0xFF, 0xFF, 0xFF,
    0xF9, 0xDC, 0xA3, 0x1A, 0x01, 0x01, 0x00, 0x00, 0x00, 0x00, 0x00, 0x00, 0x00, 0x00, 0x00, 0x00,
    0x00, 0x02, 0x02, 0x24, 0xF3, 0xFE, 0xFE, 0xFF, 0xFF, 0xFF, 0xFF, 0xFE, 0xFD, 0xF2, 0x54, 0x00,
    0x03, 0x00, 0x00, 0x00, 0x00, 0x00, 0x00, 0x00, 0x00, 0x00, 0x00, 0x00, 0x00, 0x00, 0x00, 0x00,
    0x00, 0x00, 0x00, 0x00, 0x00, 0x00, 0x00, 0x00, 0x00, 0x00, 0x00, 0x00, 0x00, 0x00, 0x00, 0x00,
    0x00, 0x00, 0x00, 0x03, 0x00, 0x4A, 0xFF, 0xF3, 0xFA, 0xFF, 0xFE, 0xFD, 0xFF, 0xFF, 0xFA, 0xC4,
    0x88, 0x4A, 0x23, 0x06, 0x00, 0x00, 0x00, 0x00, 0x00, 0x00, 0x00, 0x00, 0x00, 0x00, 0x00, 0x00,
    0x00, 0x00, 0x00, 0x00, 0x03, 0x00, 0xA4, 0xFE, 0xFB, 0xFF, 0xFF, 0xFF, 0xFF, 0xFF, 0xFE, 0xFF,
    0xFF, 0x6B, 0x00, 0x02, 0x00, 0x00, 0x00, 0x00, 0x00, 0x00, 0x00, 0x00, 0x00, 0x00, 0x00, 0x00,
    0x00, 0x00, 0x00, 0x00, 0x00, 0x00, 0x00, 0x00, 0x00, 0x00, 0x00, 0x00, 0x00, 0x00, 0x00, 0x00,
    0x00, 0x00, 0x00, 0x00, 0x00, 0x01, 0x00, 0x34, 0x3D, 0xB9, 0xFF, 0xCE, 0xFC, 0xFF, 0xCF, 0x79,
    0x28, 0x00, 0x00, 0x00, 0x00, 0x00, 0x03, 0x01, 0x00, 0x00, 0x00, 0x00, 0x00, 0x00, 0x00, 0x00,
    0x00, 0x00, 0x00, 0x00, 0x00, 0x00, 0x04, 0x01, 0x4C, 0xFF, 0xFA, 0xFC, 0xFE, 0xFF, 0xFF, 0xFD,
    0xFD, 0xFD, 0xFD, 0xFF, 0x78, 0x00, 0x03, 0x00, 0x00, 0x00, 0x00, 0x00, 0x00, 0x00, 0x00, 0x00,
    0x00, 0x00, 0x00, 0x00, 0x00, 0x00, 0x00, 0x00, 0x00, 0x00, 0x00, 0x00, 0x00, 0x00, 0x00, 0x00,
    0x00, 0x00, 0x00, 0x00, 0x00, 0x00, 0x00, 0x00, 0x01, 0x00, 0x00, 0xAD, 0x57, 0x2F, 0xAC, 0x4B,
    0x02, 0x00, 0x00, 0x01, 0x04, 0x03, 0x02, 0x01, 0x00, 0x00, 0x00, 0x00, 0x00, 0x00, 0x00, 0x00,
    0x00, 0x00, 0x00, 0x00, 0x00, 0x00, 0x00, 0x00, 0x00, 0x01, 0x06, 0xC2, 0xFF, 0xFF, 0xFF, 0xFB,
    0xFD, 0xFF, 0xFF, 0xFE, 0xE6, 0x82, 0x5C, 0x00, 0x01, 0x00, 0x00, 0x00, 0x00, 0x00, 0x00, 0x00,
    0x00, 0x00, 0x00, 0x00, 0x00, 0x00, 0x00, 0x00, 0x00, 0x00, 0x00, 0x00, 0x00, 0x00, 0x00, 0x00,
    0x00, 0x00, 0x00, 0x00, 0x00, 0x00, 0x00, 0x00, 0x00, 0x00, 0x00, 0x02, 0x04, 0x00, 0x00, 0x02,
    0x00, 0x00, 0x00, 0x04, 0x02, 0x00, 0x00, 0x00, 0x00, 0x00, 0x00, 0x00, 0x00, 0x00, 0x00, 0x00,
    0x00, 0x00, 0x00, 0x00, 0x00, 0x00, 0x00, 0x00, 0x00, 0x00, 0x00, 0x01, 0x00, 0x07, 0x58, 0xA8,
    0xFB, 0xFF, 0xFF, 0xC6, 0xD4, 0xFF, 0xFF, 0x6B, 0x00, 0x04, 0x00, 0x00, 0x00, 0x00, 0x00, 0x00,
    0x00, 0x00, 0x00, 0x00, 0x00, 0x00, 0x00, 0x00, 0x00, 0x00, 0x00, 0x00, 0x00, 0x00, 0x00, 0x00,
    0x00, 0x00, 0x00, 0x00, 0x00, 0x00, 0x00, 0x00, 0x00, 0x00, 0x00, 0x00, 0x00, 0x00, 0x00, 0x02,
    0x03, 0x00, 0x02, 0x03, 0x01, 0x00, 0x00, 0x00, 0x00, 0x00, 0x00, 0x00, 0x00, 0x00, 0x00, 0x00,
    0x00, 0x00, 0x00, 0x00, 0x00, 0x00, 0x00, 0x00, 0x00, 0x00, 0x00, 0x00, 0x00, 0x00, 0x00, 0x00,
    0x00, 0x00, 0x2F, 0x7C, 0xD3, 0xC9, 0x15, 0x35, 0x49, 0x2A, 0x03, 0x01, 0x00, 0x00, 0x00, 0x00,
    0x00, 0x00, 0x00, 0x00, 0x00, 0x00, 0x00, 0x00, 0x00, 0x00, 0x00, 0x00, 0x00, 0x00, 0x00, 0x00,
    0x00, 0x00, 0x00, 0x00, 0x00, 0x00, 0x00, 0x00, 0x00, 0x00, 0x00, 0x00, 0x00, 0x00, 0x00, 0x00,
    0x00, 0x00, 0x00, 0x00, 0x00, 0x00, 0x00, 0x00, 0x00, 0x00, 0x00, 0x00, 0x00, 0x00, 0x00, 0x00,
    0x00, 0x00, 0x00, 0x00, 0x00, 0x00, 0x00, 0x00, 0x00, 0x00, 0x00, 0x00, 0x00, 0x00, 0x00, 0x00,
    0x00, 0x01, 0x03, 0x03, 0x00, 0x00, 0x02, 0x32, 0x09, 0x00, 0x00, 0x00, 0x00, 0x00, 0x00, 0x00,
    0x00, 0x00, 0x00, 0x00, 0x00, 0x00, 0x00, 0x00, 0x00, 0x00, 0x00, 0x00, 0x00, 0x00, 0x00, 0x00,
    0x00, 0x00, 0x00, 0x00, 0x00, 0x00, 0x00, 0x00, 0x00, 0x00, 0x00, 0x00, 0x00, 0x00, 0x00, 0x00,
    0x00, 0x00, 0x00, 0x00, 0x00, 0x00, 0x00, 0x00, 0x00, 0x00, 0x00, 0x00, 0x00, 0x00, 0x00, 0x00,
    0x00, 0x00, 0x00, 0x00, 0x00, 0x00, 0x00, 0x00, 0x00, 0x00, 0x00, 0x00, 0x00, 0x00, 0x00, 0x00,
    0x00, 0x00, 0x00, 0x00, 0x00, 0x00, 0x02, 0x04, 0x00, 0x00, 0x00, 0x03, 0x03, 0x02, 0x00, 0x00,
    0x00, 0x00, 0x00, 0x00, 0x00, 0x00, 0x00, 0x00, 0x00, 0x00, 0x00, 0x00, 0x00, 0x00, 0x00, 0x00,
    0x00, 0x00, 0x00, 0x00, 0x00, 0x00, 0x00, 0x00, 0x00, 0x00, 0x00, 0x00, 0x00, 0x00, 0x00, 0x00,
    0x00, 0x00, 0x00, 0x00, 0x00, 0x00, 0x00, 0x00, 0x00, 0x00, 0x00, 0x00, 0x00, 0x00, 0x00, 0x00,
    0x00, 0x00, 0x00, 0x00, 0x00, 0x00, 0x00, 0x00, 0x00, 0x00, 0x00, 0x00, 0x00, 0x00, 0x00, 0x00,
    0x00, 0x00, 0x00, 0x00, 0x00, 0x00, 0x00, 0x00, 0x00, 0x00, 0x01, 0x02, 0x00, 0x00, 0x00, 0x00,
    0x00, 0x00, 0x00, 0x00, 0x00, 0x00, 0x00, 0x00, 0x00, 0x00, 0x00, 0x00, 0x00, 0x00, 0x00, 0x00,
    0x00, 0x00, 0x00, 0x00, 0x00, 0x00, 0x00, 0x00, 0x00, 0x00, 0x00, 0x00, 0x00, 0x00, 0x00, 0x00,
    0x00, 0x00, 0x00, 0x00, 0x00, 0x00, 0x00, 0x00, 0x00, 0x00, 0x00, 0x00, 0x00, 0x00, 0x00, 0x00,
    0x00, 0x00, 0x00, 0x00, 0x00, 0x00, 0x00, 0x00, 0x00, 0x00, 0x00, 0x00, 0x00, 0x00, 0x00, 0x00,
    0x00, 0x00, 0x00, 0x00, 0x00, 0x00, 0x00, 0x00, 0x00, 0x00, 0x00, 0x00, 0x00, 0x00, 0x00, 0x00,
    0x00, 0x00, 0x00, 0x00, 0x00, 0x00, 0x00, 0x00, 0x00, 0x00, 0x00, 0x00, 0x00, 0x00, 0x00, 0x00,
    0x00, 0x00, 0x00, 0x00, 0x00, 0x00, 0x00, 0x00, 0x00, 0x00, 0x00, 0x00,
};

const lv_image_dsc_t charmander_small = {
    .header = {
        .magic = LV_IMAGE_HEADER_MAGIC,
        .cf = LV_COLOR_FORMAT_RGB565A8,
        .flags = 0,
        .w = 82,
        .h = 82,
        .stride = 164,
    },
    .data_size = sizeof(charmander_small_map),
    .data = charmander_small_map,
};
