/*******************************************************************************
 * Size: 20 px
 * Bpp: 4
 * Opts: --no-compress --no-prefilter --bpp 4 --size 20 --font Montserrat-Medium.ttf -r 0x20-0x7F,0xB0,0x2022,0xE9 --font FontAwesome5-Solid+Brands+Regular.woff -r 61441,61448,61451,61452,61452,61453,61457,61459,61461,61465,61468,61473,61478,61479,61480,61502,61507,61512,61515,61516,61517,61521,61522,61523,61524,61543,61544,61550,61552,61553,61556,61559,61560,61561,61563,61587,61589,61636,61637,61639,61641,61664,61671,61674,61683,61724,61732,61787,61931,62016,62017,62018,62019,62020,62087,62099,62212,62189,62810,63426,63650 --font SourceHanSansSC-Normal.otf -r 0x201C,0x201D,0x2026,0x3002,0x4E00,0x4E01,0x4E09,0x4E0A,0x4E0B,0x4E0D,0x4E0E,0x4E18,0x4E24,0x4E2A,0x4E2D,0x4E3A,0x4E48,0x4E50,0x4E5F,0x4E86,0x4E8E,0x4E9B,0x4EAB,0x4EAE,0x4EB2,0x4EBA,0x4EC0,0x4ECA,0x4ECD,0x4ECE,0x4ED4,0x4ED6,0x4EE5,0x4EEC,0x4EF6,0x4EFD,0x4F0A,0x4F11,0x4F17,0x4F19,0x4F1A,0x4F34,0x4F4E,0x4F4F,0x4F53,0x4F59,0x4F5C,0x4F60,0x4F7F,0x4FDD,0x4FE1,0x5019,0x505A,0x505C,0x50A8,0x50CF,0x513F,0x5145,0x5148,0x5149,0x5165,0x5168,0x5171,0x5173,0x5174,0x5176,0x517B,0x5185,0x518C,0x518D,0x5192,0x51C6,0x51FA,0x51FB,0x5206,0x5207,0x521D,0x5230,0x5236,0x524D,0x5269,0x529B,0x529F,0x52A8,0x52A9,0x52C7,0x5305,0x5316,0x5341,0x5347,0x5361,0x5370,0x5373,0x5389,0x539F,0x53BB,0x53C8,0x53CB,0x53D1,0x53D7,0x53D8,0x53EA,0x53EF,0x5408,0x540C,0x540E,0x5411,0x5417,0x5427,0x542C,0x542F,0x5462,0x5468,0x548C,0x54AA,0x54EA,0x5566,0x559C,0x55B5,0x55B7,0x56DB,0x56DE,0x56ED,0x56F4,0x5728,0x5730,0x57F9,0x5883,0x58F0,0x58F3,0x5904,0x5907,0x590D,0x5916,0x591A,0x591C,0x5927,0x5929,0x592A,0x5931,0x5934,0x5947,0x594F,0x597D,0x5996,0x5999,0x59CB,0x5B50,0x5B58,0x5B83,0x5B89,0x5B8C,0x5B9A,0x5BA0,0x5BB3,0x5BC6,0x5BF9,0x5BFB,0x5BFF,0x5C06,0x5C0F,0x5C1A,0x5C1D,0x5C31,0x5C3C,0x5C3E,0x5C4F,0x5C5E,0x5CA9,0x5DF1,0x5DF2,0x5DF4,0x5E03,0x5E26,0x5E2E,0x5E55,0x5E76,0x5E7D,0x5E94,0x5EA6,0x5F00,0x5F03,0x5F0F,0x5F31,0x5F3A,0x5F53,0x5F55,0x5F62,0x5F81,0x5F85,0x5F88,0x5F97,0x5FA1,0x5FC3,0x5FC6,0x5FEB,0x6001,0x6025,0x6027,0x6050,0x6062,0x606F,0x6089,0x60C5,0x60F3,0x610F,0x611F,0x6162,0x61C2,0x6210,0x6211,0x624D,0x6253,0x626B,0x627E,0x628A,0x6293,0x6295,0x62E5,0x62E9,0x62F3,0x6309,0x6355,0x636E,0x63A2,0x63A5,0x63CF,0x63D0,0x64CD,0x6539,0x653B,0x653E,0x6548,0x6562,0x6563,0x6570,0x6587,0x65AF,0x65B0,0x65B9,0x65E0,0x65E7,0x65E9,0x65F6,0x662F,0x665A,0x666F,0x6696,0x6697,0x66F4,0x6700,0x6709,0x670D,0x672A,0x672C,0x673A,0x6761,0x6765,0x6770,0x677E,0x6784,0x67D4,0x67E5,0x6839,0x6863,0x6A21,0x6B21,0x6B22,0x6B4C,0x6B62,0x6B63,0x6B64,0x6B65,0x6BB5,0x6BCF,0x6BD2,0x6C14,0x6C34,0x6C89,0x6CA1,0x6CAB,0x6CD5,0x6CE1,0x6CE8,0x6CFC,0x6D3B,0x6D88,0x6E05,0x6E10,0x6E29,0x6EE1,0x706B,0x7075,0x70B9,0x70BD,0x70ED,0x7130,0x7136,0x719F,0x7269,0x72D7,0x72EC,0x73A9,0x73AF,0x73B0,0x7403,0x751F,0x7528,0x7531,0x7532,0x7535,0x7559,0x75DB,0x767D,0x7684,0x76AE,0x76D6,0x76D8,0x76F8,0x770B,0x771F,0x7740,0x7761,0x77F3,0x786C,0x786E,0x793A,0x795E,0x79BB,0x79CD,0x79D2,0x79FB,0x7A0D,0x7A33,0x7A7A,0x7ACB,0x7AE0,0x7B2C,0x7B49,0x7B80,0x7CBE,0x7D22,0x7EBF,0x7EC6,0x7ECA,0x7ECF,0x7EE7,0x7EED,0x7F6E,0x7F81,0x7FFB,0x8001,0x8005,0x8017,0x80A9,0x80CC,0x80D6,0x80FD,0x8138,0x81EA,0x8212,0x822C,0x8282,0x82B1,0x82DE,0x8349,0x83B7,0x8425,0x8482,0x84EC,0x865A,0x86D9,0x884C,0x88AB,0x8981,0x8986,0x89C1,0x8A00,0x8BA4,0x8BA9,0x8BB0,0x8BBE,0x8BBF,0x8BC6,0x8BD5,0x8BE5,0x8BED,0x8BF7,0x8C03,0x8C22,0x8C61,0x8D25,0x8D70,0x8D77,0x8D85,0x8DA3,0x8DB3,0x8DDD,0x8DEF,0x8EAB,0x8F6C,0x8F7B,0x8FB9,0x8FBE,0x8FC7,0x8FC8,0x8FD4,0x8FD8,0x8FD9,0x8FDB,0x9002,0x9003,0x9009,0x901A,0x90A3,0x90E8,0x90FD,0x914D,0x91CA,0x91CC,0x91CD,0x91CE,0x91CF,0x949F,0x9519,0x957F,0x95E8,0x95ED,0x95F4,0x9632,0x9633,0x9650,0x9664,0x9669,0x9700,0x9759,0x9762,0x97F3,0x9875,0x9879,0x988A,0x98CE,0x9996,0x9AD8,0x9B3C,0x9E2D,0x9F99,0x9F9F,0xFF01,0xFF0C,0xFF1A,0xFF1F --format lvgl -o ../../../../main/assets/city_font_20.c --force-fast-kern-format --lv-include lvgl.h --lv-font-name city_font_20
 ******************************************************************************/

#ifdef LV_LVGL_H_INCLUDE_SIMPLE
#include "lvgl.h"
#else
#include "lvgl.h"
#endif

#ifndef CITY_FONT_20
#define CITY_FONT_20 1
#endif

#if CITY_FONT_20

/*-----------------
 *    BITMAPS
 *----------------*/

/*Store the image of the glyphs*/
static LV_ATTRIBUTE_LARGE_CONST const uint8_t glyph_bitmap[] = {
    /* U+0020 " " */

    /* U+0021 "!" */
    0x6f, 0xc6, 0xfc, 0x5f, 0xb4, 0xfa, 0x4f, 0xa3,
    0xf9, 0x3f, 0x92, 0xf8, 0x2f, 0x71, 0xd6, 0x0,
    0x1, 0x94, 0x9f, 0xe4, 0xf9,

    /* U+0022 "\"" */
    0xbe, 0x1, 0xf8, 0xbe, 0x1, 0xf8, 0xad, 0x1,
    0xf7, 0xad, 0x0, 0xf7, 0xad, 0x0, 0xf7, 0x57,
    0x0, 0x83,

    /* U+0023 "#" */
    0x0, 0x0, 0x7f, 0x0, 0x4, 0xf2, 0x0, 0x0,
    0x0, 0xac, 0x0, 0x7, 0xf0, 0x0, 0x0, 0x0,
    0xca, 0x0, 0x9, 0xd0, 0x0, 0xd, 0xff, 0xff,
    0xff, 0xff, 0xff, 0xf8, 0x6, 0x88, 0xfb, 0x88,
    0x8e, 0xc8, 0x84, 0x0, 0x2, 0xf4, 0x0, 0xf,
    0x70, 0x0, 0x0, 0x3, 0xf2, 0x0, 0xf, 0x50,
    0x0, 0x0, 0x5, 0xf1, 0x0, 0x2f, 0x40, 0x0,
    0x0, 0x7, 0xf0, 0x0, 0x4f, 0x20, 0x0, 0x7f,
    0xff, 0xff, 0xff, 0xff, 0xff, 0xe0, 0x38, 0x8d,
    0xd8, 0x88, 0xcf, 0x88, 0x70, 0x0, 0xd, 0x90,
    0x0, 0xac, 0x0, 0x0, 0x0, 0xf, 0x70, 0x0,
    0xca, 0x0, 0x0, 0x0, 0x1f, 0x50, 0x0, 0xe8,
    0x0, 0x0,

    /* U+0024 "$" */
    0x0, 0x0, 0x5, 0xf0, 0x0, 0x0, 0x0, 0x0,
    0x5, 0xf0, 0x0, 0x0, 0x0, 0x0, 0x5, 0xf0,
    0x0, 0x0, 0x0, 0x7, 0xcf, 0xff, 0xc8, 0x10,
    0x1, 0xdf, 0xfe, 0xfd, 0xff, 0xd0, 0x8, 0xfc,
    0x15, 0xf0, 0x6, 0x60, 0xc, 0xf3, 0x5, 0xf0,
    0x0, 0x0, 0xc, 0xf5, 0x5, 0xf0, 0x0, 0x0,
    0x6, 0xfe, 0x76, 0xf0, 0x0, 0x0, 0x0, 0x8f,
    0xff, 0xf9, 0x40, 0x0, 0x0, 0x2, 0x7c, 0xff,
    0xfe, 0x40, 0x0, 0x0, 0x5, 0xf4, 0xaf, 0xf2,
    0x0, 0x0, 0x5, 0xf0, 0x9, 0xf7, 0x1, 0x0,
    0x5, 0xf0, 0x6, 0xf8, 0xc, 0x92, 0x5, 0xf0,
    0x2d, 0xf4, 0xc, 0xff, 0xed, 0xfd, 0xff, 0xa0,
    0x0, 0x4a, 0xef, 0xff, 0xc6, 0x0, 0x0, 0x0,
    0x5, 0xf0, 0x0, 0x0, 0x0, 0x0, 0x5, 0xf0,
    0x0, 0x0, 0x0, 0x0, 0x2, 0x70, 0x0, 0x0,

    /* U+0025 "%" */
    0x0, 0x9e, 0xe9, 0x0, 0x0, 0x0, 0xda, 0x0,
    0x0, 0xad, 0x44, 0xda, 0x0, 0x0, 0x9e, 0x10,
    0x0, 0x1f, 0x40, 0x4, 0xf1, 0x0, 0x4f, 0x40,
    0x0, 0x3, 0xf1, 0x0, 0x1f, 0x30, 0x1e, 0x90,
    0x0, 0x0, 0x2f, 0x30, 0x3, 0xf1, 0xa, 0xd0,
    0x0, 0x0, 0x0, 0xcb, 0x11, 0xbb, 0x5, 0xf3,
    0x0, 0x0, 0x0, 0x1, 0xcf, 0xfc, 0x11, 0xe8,
    0x1a, 0xfe, 0x70, 0x0, 0x0, 0x11, 0x0, 0xad,
    0xa, 0xd4, 0x5f, 0x60, 0x0, 0x0, 0x0, 0x5f,
    0x32, 0xf3, 0x0, 0x7e, 0x0, 0x0, 0x0, 0x1f,
    0x70, 0x4f, 0x0, 0x4, 0xf0, 0x0, 0x0, 0xb,
    0xc0, 0x4, 0xf0, 0x0, 0x3f, 0x0, 0x0, 0x6,
    0xf2, 0x0, 0x2f, 0x20, 0x6, 0xe0, 0x0, 0x2,
    0xf7, 0x0, 0x0, 0xbb, 0x23, 0xe6, 0x0, 0x0,
    0xcc, 0x0, 0x0, 0x1, 0xaf, 0xe8, 0x0,

    /* U+0026 "&" */
    0x0, 0x1, 0x9d, 0xfd, 0x70, 0x0, 0x0, 0x0,
    0xd, 0xf9, 0x7b, 0xf7, 0x0, 0x0, 0x0, 0x4f,
    0x90, 0x0, 0xdc, 0x0, 0x0, 0x0, 0x5f, 0x70,
    0x0, 0xec, 0x0, 0x0, 0x0, 0x1f, 0xe1, 0x1b,
    0xf4, 0x0, 0x0, 0x0, 0x5, 0xfd, 0xef, 0x50,
    0x0, 0x0, 0x0, 0x4, 0xef, 0xf3, 0x0, 0x0,
    0x0, 0x0, 0x8f, 0xc7, 0xfd, 0x20, 0x8, 0x30,
    0x7, 0xf9, 0x0, 0x5f, 0xe2, 0x1f, 0x80, 0xe,
    0xe0, 0x0, 0x4, 0xfe, 0xaf, 0x30, 0xf, 0xd0,
    0x0, 0x0, 0x4f, 0xfc, 0x0, 0xd, 0xf7, 0x0,
    0x0, 0x5e, 0xff, 0x30, 0x4, 0xff, 0xeb, 0xbe,
    0xfe, 0x6f, 0xf2, 0x0, 0x29, 0xdf, 0xfc, 0x70,
    0x3, 0xb0, 0x0, 0x0, 0x0, 0x0, 0x0, 0x0,
    0x0,

    /* U+0027 "'" */
    0xbe, 0xbe, 0xad, 0xad, 0xad, 0x57,

    /* U+0028 "(" */
    0x0, 0xe, 0xd0, 0x0, 0x7f, 0x60, 0x0, 0xef,
    0x0, 0x3, 0xfa, 0x0, 0x8, 0xf5, 0x0, 0xb,
    0xf2, 0x0, 0xe, 0xf0, 0x0, 0xf, 0xe0, 0x0,
    0xf, 0xd0, 0x0, 0x1f, 0xc0, 0x0, 0xf, 0xd0,
    0x0, 0xf, 0xe0, 0x0, 0xe, 0xf0, 0x0, 0xb,
    0xf2, 0x0, 0x8, 0xf5, 0x0, 0x3, 0xfa, 0x0,
    0x0, 0xee, 0x0, 0x0, 0x7f, 0x60, 0x0, 0xe,
    0xd0,

    /* U+0029 ")" */
    0x2f, 0xb0, 0x0, 0xaf, 0x30, 0x3, 0xfa, 0x0,
    0xe, 0xf0, 0x0, 0x9f, 0x40, 0x6, 0xf7, 0x0,
    0x3f, 0xa0, 0x2, 0xfb, 0x0, 0x1f, 0xc0, 0x0,
    0xfd, 0x0, 0x1f, 0xc0, 0x2, 0xfb, 0x0, 0x3f,
    0xa0, 0x6, 0xf7, 0x0, 0x9f, 0x40, 0xe, 0xf0,
    0x3, 0xfa, 0x0, 0xaf, 0x30, 0x2f, 0xb0, 0x0,

    /* U+002A "*" */
    0x0, 0x9, 0x90, 0x0, 0x26, 0x9, 0x90, 0x62,
    0x5f, 0xcb, 0xbc, 0xf5, 0x2, 0xbf, 0xfb, 0x20,
    0x7, 0xef, 0xfe, 0x70, 0x6f, 0x69, 0x96, 0xf6,
    0x1, 0x9, 0x90, 0x10, 0x0, 0x6, 0x60, 0x0,

    /* U+002B "+" */
    0x0, 0x0, 0x0, 0x0, 0x0, 0x0, 0x0, 0xfa,
    0x0, 0x0, 0x0, 0x0, 0xfa, 0x0, 0x0, 0x0,
    0x0, 0xfa, 0x0, 0x0, 0x0, 0x0, 0xfa, 0x0,
    0x0, 0xaf, 0xff, 0xff, 0xff, 0xf4, 0x6a, 0xaa,
    0xfd, 0xaa, 0xa2, 0x0, 0x0, 0xfa, 0x0, 0x0,
    0x0, 0x0, 0xfa, 0x0, 0x0, 0x0, 0x0, 0xfa,
    0x0, 0x0,

    /* U+002C "," */
    0x6, 0xa1, 0xf, 0xf8, 0xa, 0xf7, 0x5, 0xf2,
    0x9, 0xc0, 0xd, 0x70,

    /* U+002D "-" */
    0x9b, 0xbb, 0xb5, 0xdf, 0xff, 0xf8,

    /* U+002E "." */
    0x7, 0xb2, 0xf, 0xf8, 0xa, 0xe4,

    /* U+002F "/" */
    0x0, 0x0, 0x0, 0x7, 0x50, 0x0, 0x0, 0x4,
    0xf7, 0x0, 0x0, 0x0, 0xaf, 0x10, 0x0, 0x0,
    0xf, 0xc0, 0x0, 0x0, 0x4, 0xf6, 0x0, 0x0,
    0x0, 0xaf, 0x10, 0x0, 0x0, 0xf, 0xc0, 0x0,
    0x0, 0x5, 0xf6, 0x0, 0x0, 0x0, 0xaf, 0x10,
    0x0, 0x0, 0xf, 0xb0, 0x0, 0x0, 0x5, 0xf6,
    0x0, 0x0, 0x0, 0xaf, 0x10, 0x0, 0x0, 0xf,
    0xb0, 0x0, 0x0, 0x5, 0xf6, 0x0, 0x0, 0x0,
    0xbf, 0x10, 0x0, 0x0, 0x1f, 0xb0, 0x0, 0x0,
    0x6, 0xf5, 0x0, 0x0, 0x0, 0xbf, 0x0, 0x0,
    0x0, 0x1f, 0xb0, 0x0, 0x0, 0x6, 0xf5, 0x0,
    0x0, 0x0,

    /* U+0030 "0" */
    0x0, 0x1, 0x8d, 0xfe, 0xa3, 0x0, 0x0, 0x2,
    0xef, 0xfd, 0xef, 0xf6, 0x0, 0x0, 0xdf, 0xa1,
    0x0, 0x6f, 0xf2, 0x0, 0x6f, 0xc0, 0x0, 0x0,
    0x7f, 0xb0, 0xb, 0xf4, 0x0, 0x0, 0x0, 0xff,
    0x0, 0xef, 0x10, 0x0, 0x0, 0xc, 0xf3, 0xf,
    0xf0, 0x0, 0x0, 0x0, 0xaf, 0x50, 0xff, 0x0,
    0x0, 0x0, 0xa, 0xf5, 0xe, 0xf1, 0x0, 0x0,
    0x0, 0xcf, 0x30, 0xbf, 0x40, 0x0, 0x0, 0xf,
    0xf0, 0x6, 0xfc, 0x0, 0x0, 0x7, 0xfb, 0x0,
    0xd, 0xfa, 0x10, 0x6, 0xff, 0x20, 0x0, 0x2e,
    0xff, 0xdf, 0xff, 0x60, 0x0, 0x0, 0x18, 0xdf,
    0xea, 0x30, 0x0,

    /* U+0031 "1" */
    0xdf, 0xff, 0xf4, 0xac, 0xce, 0xf4, 0x0, 0xb,
    0xf4, 0x0, 0xb, 0xf4, 0x0, 0xb, 0xf4, 0x0,
    0xb, 0xf4, 0x0, 0xb, 0xf4, 0x0, 0xb, 0xf4,
    0x0, 0xb, 0xf4, 0x0, 0xb, 0xf4, 0x0, 0xb,
    0xf4, 0x0, 0xb, 0xf4, 0x0, 0xb, 0xf4, 0x0,
    0xb, 0xf4,

    /* U+0032 "2" */
    0x0, 0x6c, 0xef, 0xea, 0x30, 0x2, 0xdf, 0xfe,
    0xdf, 0xff, 0x50, 0x5f, 0x91, 0x0, 0x9, 0xfe,
    0x0, 0x10, 0x0, 0x0, 0xe, 0xf2, 0x0, 0x0,
    0x0, 0x0, 0xdf, 0x20, 0x0, 0x0, 0x0, 0x2f,
    0xd0, 0x0, 0x0, 0x0, 0x1d, 0xf5, 0x0, 0x0,
    0x0, 0x1c, 0xf8, 0x0, 0x0, 0x0, 0x1d, 0xf8,
    0x0, 0x0, 0x0, 0x1d, 0xf8, 0x0, 0x0, 0x0,
    0x2e, 0xf7, 0x0, 0x0, 0x0, 0x2e, 0xf6, 0x0,
    0x0, 0x0, 0x2e, 0xff, 0xcc, 0xcc, 0xcc, 0x94,
    0xff, 0xff, 0xff, 0xff, 0xfc,

    /* U+0033 "3" */
    0x4f, 0xff, 0xff, 0xff, 0xff, 0x3, 0xcc, 0xcc,
    0xcc, 0xef, 0xd0, 0x0, 0x0, 0x0, 0x2f, 0xe2,
    0x0, 0x0, 0x0, 0x1d, 0xf4, 0x0, 0x0, 0x0,
    0xc, 0xf6, 0x0, 0x0, 0x0, 0x9, 0xfa, 0x0,
    0x0, 0x0, 0x0, 0xff, 0xfe, 0x80, 0x0, 0x0,
    0x6, 0x68, 0xef, 0xc0, 0x0, 0x0, 0x0, 0x1,
    0xdf, 0x50, 0x0, 0x0, 0x0, 0x8, 0xf8, 0x1,
    0x0, 0x0, 0x0, 0xaf, 0x77, 0xe6, 0x10, 0x0,
    0x6f, 0xf2, 0x7f, 0xff, 0xee, 0xff, 0xf6, 0x0,
    0x28, 0xdf, 0xfe, 0xa3, 0x0,

    /* U+0034 "4" */
    0x0, 0x0, 0x0, 0x7, 0xfb, 0x0, 0x0, 0x0,
    0x0, 0x0, 0x3f, 0xd1, 0x0, 0x0, 0x0, 0x0,
    0x1, 0xef, 0x30, 0x0, 0x0, 0x0, 0x0, 0xb,
    0xf6, 0x0, 0x0, 0x0, 0x0, 0x0, 0x8f, 0xa0,
    0x0, 0x0, 0x0, 0x0, 0x4, 0xfd, 0x0, 0x1,
    0x0, 0x0, 0x0, 0x2e, 0xf2, 0x0, 0x6f, 0x70,
    0x0, 0x0, 0xcf, 0x50, 0x0, 0x6f, 0x70, 0x0,
    0x9, 0xf9, 0x0, 0x0, 0x6f, 0x70, 0x0, 0x3f,
    0xff, 0xff, 0xff, 0xff, 0xff, 0xf2, 0x2c, 0xcc,
    0xcc, 0xcc, 0xdf, 0xec, 0xc1, 0x0, 0x0, 0x0,
    0x0, 0x7f, 0x70, 0x0, 0x0, 0x0, 0x0, 0x0,
    0x7f, 0x70, 0x0, 0x0, 0x0, 0x0, 0x0, 0x7f,
    0x70, 0x0,

    /* U+0035 "5" */
    0x0, 0xff, 0xff, 0xff, 0xff, 0x0, 0x1f, 0xfc,
    0xcc, 0xcc, 0xc0, 0x2, 0xfb, 0x0, 0x0, 0x0,
    0x0, 0x4f, 0x90, 0x0, 0x0, 0x0, 0x6, 0xf7,
    0x0, 0x0, 0x0, 0x0, 0x7f, 0xec, 0xca, 0x72,
    0x0, 0x9, 0xff, 0xff, 0xff, 0xf7, 0x0, 0x0,
    0x0, 0x2, 0x8f, 0xf4, 0x0, 0x0, 0x0, 0x0,
    0x8f, 0xa0, 0x0, 0x0, 0x0, 0x4, 0xfc, 0x2,
    0x0, 0x0, 0x0, 0x6f, 0xa3, 0xf8, 0x20, 0x0,
    0x5f, 0xf4, 0x4f, 0xff, 0xed, 0xff, 0xf9, 0x0,
    0x17, 0xce, 0xfe, 0xb5, 0x0,

    /* U+0036 "6" */
    0x0, 0x0, 0x5b, 0xef, 0xeb, 0x60, 0x0, 0xb,
    0xff, 0xec, 0xdf, 0xb0, 0x0, 0xaf, 0xb2, 0x0,
    0x1, 0x10, 0x4, 0xfc, 0x0, 0x0, 0x0, 0x0,
    0xa, 0xf4, 0x0, 0x0, 0x0, 0x0, 0xe, 0xf0,
    0x6c, 0xff, 0xc6, 0x0, 0xf, 0xfa, 0xfd, 0xbc,
    0xff, 0xa0, 0xf, 0xff, 0x60, 0x0, 0x2e, 0xf5,
    0xf, 0xfa, 0x0, 0x0, 0x5, 0xfa, 0xc, 0xf7,
    0x0, 0x0, 0x3, 0xfc, 0x7, 0xfa, 0x0, 0x0,
    0x5, 0xfa, 0x1, 0xef, 0x60, 0x0, 0x2e, 0xf4,
    0x0, 0x4f, 0xfe, 0xbc, 0xff, 0x80, 0x0, 0x2,
    0x9d, 0xfe, 0xb4, 0x0,

    /* U+0037 "7" */
    0x6f, 0xff, 0xff, 0xff, 0xff, 0xf2, 0x6f, 0xec,
    0xcc, 0xcc, 0xdf, 0xf1, 0x6f, 0x80, 0x0, 0x0,
    0x6f, 0xa0, 0x6f, 0x80, 0x0, 0x0, 0xdf, 0x30,
    0x14, 0x20, 0x0, 0x4, 0xfc, 0x0, 0x0, 0x0,
    0x0, 0xc, 0xf5, 0x0, 0x0, 0x0, 0x0, 0x3f,
    0xd0, 0x0, 0x0, 0x0, 0x0, 0xaf, 0x60, 0x0,
    0x0, 0x0, 0x2, 0xfe, 0x0, 0x0, 0x0, 0x0,
    0x9, 0xf8, 0x0, 0x0, 0x0, 0x0, 0x1f, 0xf1,
    0x0, 0x0, 0x0, 0x0, 0x7f, 0x90, 0x0, 0x0,
    0x0, 0x0, 0xef, 0x20, 0x0, 0x0, 0x0, 0x6,
    0xfb, 0x0, 0x0, 0x0,

    /* U+0038 "8" */
    0x0, 0x6, 0xce, 0xfe, 0xb5, 0x0, 0x0, 0xcf,
    0xfc, 0xac, 0xff, 0xb0, 0x6, 0xfc, 0x10, 0x0,
    0x2d, 0xf4, 0x9, 0xf6, 0x0, 0x0, 0x8, 0xf7,
    0x6, 0xfb, 0x0, 0x0, 0x1d, 0xf4, 0x0, 0xaf,
    0xea, 0x9a, 0xff, 0x80, 0x0, 0x5e, 0xff, 0xff,
    0xfe, 0x40, 0x6, 0xfe, 0x61, 0x2, 0x7f, 0xf4,
    0xe, 0xf3, 0x0, 0x0, 0x5, 0xfc, 0x1f, 0xe0,
    0x0, 0x0, 0x0, 0xff, 0xf, 0xf1, 0x0, 0x0,
    0x3, 0xfe, 0xa, 0xfb, 0x10, 0x0, 0x2d, 0xf8,
    0x1, 0xdf, 0xfc, 0xbc, 0xff, 0xc0, 0x0, 0x7,
    0xce, 0xfe, 0xb6, 0x0,

    /* U+0039 "9" */
    0x0, 0x3a, 0xef, 0xeb, 0x40, 0x0, 0x6, 0xff,
    0xda, 0xcf, 0xf8, 0x0, 0x1f, 0xf4, 0x0, 0x1,
    0xcf, 0x50, 0x5f, 0x90, 0x0, 0x0, 0x2f, 0xd0,
    0x6f, 0x90, 0x0, 0x0, 0x3f, 0xf1, 0x2f, 0xf4,
    0x0, 0x1, 0xcf, 0xf4, 0x8, 0xff, 0xda, 0xbf,
    0xec, 0xf5, 0x0, 0x4b, 0xef, 0xd9, 0x1a, 0xf4,
    0x0, 0x0, 0x0, 0x0, 0xd, 0xf3, 0x0, 0x0,
    0x0, 0x0, 0x1f, 0xf0, 0x0, 0x0, 0x0, 0x0,
    0xaf, 0x90, 0x0, 0x40, 0x0, 0x1a, 0xfe, 0x10,
    0x6, 0xfe, 0xdd, 0xff, 0xe3, 0x0, 0x3, 0xad,
    0xfe, 0xc7, 0x10, 0x0,

    /* U+003A ":" */
    0xa, 0xe4, 0xf, 0xf8, 0x7, 0xb2, 0x0, 0x0,
    0x0, 0x0, 0x0, 0x0, 0x0, 0x0, 0x0, 0x0,
    0x7, 0xb2, 0xf, 0xf8, 0xa, 0xe4,

    /* U+003B ";" */
    0xa, 0xe4, 0xf, 0xf8, 0x7, 0xb2, 0x0, 0x0,
    0x0, 0x0, 0x0, 0x0, 0x0, 0x0, 0x0, 0x0,
    0x6, 0xa1, 0xf, 0xf8, 0xa, 0xf7, 0x5, 0xf2,
    0x9, 0xc0, 0xd, 0x70,

    /* U+003C "<" */
    0x0, 0x0, 0x0, 0x0, 0x63, 0x0, 0x0, 0x2,
    0x9f, 0xf4, 0x0, 0x5, 0xcf, 0xfb, 0x40, 0x28,
    0xef, 0xe8, 0x10, 0x0, 0xaf, 0xc4, 0x0, 0x0,
    0x0, 0x8f, 0xfa, 0x40, 0x0, 0x0, 0x2, 0x9e,
    0xfd, 0x71, 0x0, 0x0, 0x0, 0x6c, 0xff, 0xb2,
    0x0, 0x0, 0x0, 0x39, 0xf4, 0x0, 0x0, 0x0,
    0x0, 0x1,

    /* U+003D "=" */
    0xaf, 0xff, 0xff, 0xff, 0xf4, 0x6a, 0xaa, 0xaa,
    0xaa, 0xa2, 0x0, 0x0, 0x0, 0x0, 0x0, 0x0,
    0x0, 0x0, 0x0, 0x0, 0x0, 0x0, 0x0, 0x0,
    0x0, 0xaf, 0xff, 0xff, 0xff, 0xf4, 0x6a, 0xaa,
    0xaa, 0xaa, 0xa2,

    /* U+003E ">" */
    0x63, 0x0, 0x0, 0x0, 0x0, 0xaf, 0xd6, 0x10,
    0x0, 0x0, 0x17, 0xdf, 0xf9, 0x30, 0x0, 0x0,
    0x3, 0xaf, 0xfc, 0x60, 0x0, 0x0, 0x1, 0x6e,
    0xf4, 0x0, 0x0, 0x6, 0xcf, 0xf3, 0x0, 0x39,
    0xff, 0xd6, 0x0, 0x5d, 0xff, 0xa3, 0x0, 0x0,
    0xad, 0x71, 0x0, 0x0, 0x0, 0x20, 0x0, 0x0,
    0x0, 0x0,

    /* U+003F "?" */
    0x0, 0x7c, 0xef, 0xda, 0x30, 0x2, 0xef, 0xfc,
    0xce, 0xff, 0x60, 0x6f, 0x80, 0x0, 0x8, 0xfe,
    0x0, 0x10, 0x0, 0x0, 0xf, 0xf1, 0x0, 0x0,
    0x0, 0x1, 0xfe, 0x0, 0x0, 0x0, 0x0, 0xbf,
    0x60, 0x0, 0x0, 0x1, 0xcf, 0x80, 0x0, 0x0,
    0x0, 0xcf, 0x80, 0x0, 0x0, 0x0, 0x4f, 0xc0,
    0x0, 0x0, 0x0, 0x3, 0x74, 0x0, 0x0, 0x0,
    0x0, 0x0, 0x0, 0x0, 0x0, 0x0, 0x2, 0x93,
    0x0, 0x0, 0x0, 0x0, 0xaf, 0xc0, 0x0, 0x0,
    0x0, 0x6, 0xf8, 0x0, 0x0,

    /* U+0040 "@" */
    0x0, 0x0, 0x0, 0x49, 0xdf, 0xfe, 0xc9, 0x30,
    0x0, 0x0, 0x0, 0x0, 0x2d, 0xfd, 0x97, 0x67,
    0x9e, 0xfb, 0x10, 0x0, 0x0, 0x5, 0xfd, 0x30,
    0x0, 0x0, 0x0, 0x4d, 0xe3, 0x0, 0x0, 0x3f,
    0xa0, 0x0, 0x58, 0x85, 0x3, 0x94, 0xbe, 0x10,
    0x0, 0xec, 0x0, 0x2d, 0xff, 0xff, 0xd7, 0xf5,
    0x1d, 0xb0, 0x6, 0xf3, 0x1, 0xef, 0x71, 0x4,
    0xdf, 0xf5, 0x5, 0xf2, 0xb, 0xd0, 0x8, 0xf7,
    0x0, 0x0, 0x1e, 0xf5, 0x0, 0xe7, 0xe, 0x90,
    0xc, 0xf0, 0x0, 0x0, 0x8, 0xf5, 0x0, 0xca,
    0xf, 0x70, 0xe, 0xe0, 0x0, 0x0, 0x6, 0xf5,
    0x0, 0xab, 0xf, 0x70, 0xd, 0xf0, 0x0, 0x0,
    0x6, 0xf5, 0x0, 0xba, 0xe, 0x90, 0xa, 0xf3,
    0x0, 0x0, 0xb, 0xf5, 0x0, 0xd8, 0xb, 0xd0,
    0x3, 0xfd, 0x10, 0x0, 0x7f, 0xf7, 0x3, 0xf4,
    0x6, 0xf3, 0x0, 0x7f, 0xfa, 0x9d, 0xf7, 0xfe,
    0xae, 0xc0, 0x0, 0xec, 0x0, 0x4, 0xcf, 0xfb,
    0x40, 0x5e, 0xfa, 0x10, 0x0, 0x3f, 0xa0, 0x0,
    0x0, 0x0, 0x0, 0x0, 0x0, 0x0, 0x0, 0x5,
    0xfd, 0x30, 0x0, 0x0, 0x0, 0x0, 0x0, 0x0,
    0x0, 0x0, 0x3d, 0xfd, 0x97, 0x68, 0xaf, 0x70,
    0x0, 0x0, 0x0, 0x0, 0x0, 0x5a, 0xdf, 0xfd,
    0xb7, 0x10, 0x0, 0x0,

    /* U+0041 "A" */
    0x0, 0x0, 0x0, 0xe, 0xf8, 0x0, 0x0, 0x0,
    0x0, 0x0, 0x0, 0x5f, 0xfe, 0x0, 0x0, 0x0,
    0x0, 0x0, 0x0, 0xdf, 0xaf, 0x60, 0x0, 0x0,
    0x0, 0x0, 0x4, 0xfa, 0x1f, 0xd0, 0x0, 0x0,
    0x0, 0x0, 0xb, 0xf3, 0xa, 0xf5, 0x0, 0x0,
    0x0, 0x0, 0x2f, 0xc0, 0x3, 0xfc, 0x0, 0x0,
    0x0, 0x0, 0xaf, 0x50, 0x0, 0xcf, 0x30, 0x0,
    0x0, 0x1, 0xfe, 0x0, 0x0, 0x5f, 0xb0, 0x0,
    0x0, 0x8, 0xf7, 0x0, 0x0, 0xe, 0xf2, 0x0,
    0x0, 0xe, 0xff, 0xff, 0xff, 0xff, 0xf9, 0x0,
    0x0, 0x6f, 0xda, 0xaa, 0xaa, 0xaa, 0xff, 0x10,
    0x0, 0xdf, 0x30, 0x0, 0x0, 0x0, 0x9f, 0x80,
    0x5, 0xfb, 0x0, 0x0, 0x0, 0x0, 0x2f, 0xe0,
    0xc, 0xf4, 0x0, 0x0, 0x0, 0x0, 0xa, 0xf6,

    /* U+0042 "B" */
    0xef, 0xff, 0xff, 0xfe, 0xb5, 0x0, 0xe, 0xfb,
    0xaa, 0xab, 0xdf, 0xfa, 0x0, 0xef, 0x10, 0x0,
    0x0, 0x4f, 0xf3, 0xe, 0xf1, 0x0, 0x0, 0x0,
    0xaf, 0x60, 0xef, 0x10, 0x0, 0x0, 0xc, 0xf4,
    0xe, 0xf1, 0x0, 0x0, 0x29, 0xfc, 0x0, 0xef,
    0xff, 0xff, 0xff, 0xfd, 0x10, 0xe, 0xfb, 0xaa,
    0xaa, 0xce, 0xfd, 0x10, 0xef, 0x10, 0x0, 0x0,
    0x8, 0xfb, 0xe, 0xf1, 0x0, 0x0, 0x0, 0xf,
    0xf0, 0xef, 0x10, 0x0, 0x0, 0x0, 0xff, 0x1e,
    0xf1, 0x0, 0x0, 0x0, 0x8f, 0xe0, 0xef, 0xba,
    0xaa, 0xab, 0xef, 0xf4, 0xe, 0xff, 0xff, 0xff,
    0xfd, 0x92, 0x0,

    /* U+0043 "C" */
    0x0, 0x0, 0x17, 0xce, 0xfe, 0xb5, 0x0, 0x0,
    0x5, 0xef, 0xff, 0xde, 0xff, 0xc1, 0x0, 0x5f,
    0xf9, 0x20, 0x0, 0x3b, 0xf5, 0x2, 0xff, 0x60,
    0x0, 0x0, 0x0, 0x30, 0x8, 0xf9, 0x0, 0x0,
    0x0, 0x0, 0x0, 0xd, 0xf3, 0x0, 0x0, 0x0,
    0x0, 0x0, 0xf, 0xf0, 0x0, 0x0, 0x0, 0x0,
    0x0, 0xf, 0xf0, 0x0, 0x0, 0x0, 0x0, 0x0,
    0xd, 0xf3, 0x0, 0x0, 0x0, 0x0, 0x0, 0x8,
    0xf9, 0x0, 0x0, 0x0, 0x0, 0x0, 0x2, 0xff,
    0x60, 0x0, 0x0, 0x0, 0x30, 0x0, 0x5f, 0xfa,
    0x30, 0x0, 0x3b, 0xf5, 0x0, 0x5, 0xef, 0xff,
    0xdf, 0xff, 0xc1, 0x0, 0x0, 0x17, 0xce, 0xfe,
    0xb5, 0x0,

    /* U+0044 "D" */
    0xef, 0xff, 0xff, 0xfd, 0xa4, 0x0, 0x0, 0xef,
    0xdc, 0xcc, 0xdf, 0xff, 0xb1, 0x0, 0xef, 0x10,
    0x0, 0x0, 0x5d, 0xfd, 0x0, 0xef, 0x10, 0x0,
    0x0, 0x0, 0xcf, 0xa0, 0xef, 0x10, 0x0, 0x0,
    0x0, 0x1f, 0xf1, 0xef, 0x10, 0x0, 0x0, 0x0,
    0xa, 0xf6, 0xef, 0x10, 0x0, 0x0, 0x0, 0x8,
    0xf8, 0xef, 0x10, 0x0, 0x0, 0x0, 0x7, 0xf7,
    0xef, 0x10, 0x0, 0x0, 0x0, 0xa, 0xf6, 0xef,
    0x10, 0x0, 0x0, 0x0, 0x1f, 0xf1, 0xef, 0x10,
    0x0, 0x0, 0x0, 0xbf, 0xa0, 0xef, 0x10, 0x0,
    0x0, 0x4d, 0xfd, 0x10, 0xef, 0xcc, 0xcc, 0xdf,
    0xff, 0xb1, 0x0, 0xef, 0xff, 0xff, 0xfd, 0xa4,
    0x0, 0x0,

    /* U+0045 "E" */
    0xef, 0xff, 0xff, 0xff, 0xff, 0xe, 0xfd, 0xcc,
    0xcc, 0xcc, 0xc0, 0xef, 0x10, 0x0, 0x0, 0x0,
    0xe, 0xf1, 0x0, 0x0, 0x0, 0x0, 0xef, 0x10,
    0x0, 0x0, 0x0, 0xe, 0xf1, 0x0, 0x0, 0x0,
    0x0, 0xef, 0xff, 0xff, 0xff, 0xf2, 0xe, 0xfc,
    0xcc, 0xcc, 0xcc, 0x10, 0xef, 0x10, 0x0, 0x0,
    0x0, 0xe, 0xf1, 0x0, 0x0, 0x0, 0x0, 0xef,
    0x10, 0x0, 0x0, 0x0, 0xe, 0xf1, 0x0, 0x0,
    0x0, 0x0, 0xef, 0xcc, 0xcc, 0xcc, 0xcc, 0x3e,
    0xff, 0xff, 0xff, 0xff, 0xf4,

    /* U+0046 "F" */
    0xef, 0xff, 0xff, 0xff, 0xff, 0xef, 0xdc, 0xcc,
    0xcc, 0xcc, 0xef, 0x10, 0x0, 0x0, 0x0, 0xef,
    0x10, 0x0, 0x0, 0x0, 0xef, 0x10, 0x0, 0x0,
    0x0, 0xef, 0x10, 0x0, 0x0, 0x0, 0xef, 0xcc,
    0xcc, 0xcc, 0xc1, 0xef, 0xff, 0xff, 0xff, 0xf2,
    0xef, 0x10, 0x0, 0x0, 0x0, 0xef, 0x10, 0x0,
    0x0, 0x0, 0xef, 0x10, 0x0, 0x0, 0x0, 0xef,
    0x10, 0x0, 0x0, 0x0, 0xef, 0x10, 0x0, 0x0,
    0x0, 0xef, 0x10, 0x0, 0x0, 0x0,

    /* U+0047 "G" */
    0x0, 0x0, 0x16, 0xce, 0xfe, 0xb6, 0x0, 0x0,
    0x5, 0xef, 0xff, 0xde, 0xff, 0xd2, 0x0, 0x5f,
    0xf9, 0x20, 0x0, 0x29, 0xf7, 0x2, 0xff, 0x60,
    0x0, 0x0, 0x0, 0x20, 0x8, 0xf9, 0x0, 0x0,
    0x0, 0x0, 0x0, 0xd, 0xf3, 0x0, 0x0, 0x0,
    0x0, 0x0, 0xf, 0xf0, 0x0, 0x0, 0x0, 0x0,
    0x11, 0xf, 0xf0, 0x0, 0x0, 0x0, 0x3, 0xfb,
    0xd, 0xf3, 0x0, 0x0, 0x0, 0x3, 0xfb, 0x8,
    0xfa, 0x0, 0x0, 0x0, 0x3, 0xfb, 0x1, 0xff,
    0x60, 0x0, 0x0, 0x3, 0xfb, 0x0, 0x5f, 0xfa,
    0x30, 0x0, 0x2a, 0xfb, 0x0, 0x4, 0xef, 0xff,
    0xdf, 0xff, 0xe4, 0x0, 0x0, 0x17, 0xce, 0xfe,
    0xb6, 0x0,

    /* U+0048 "H" */
    0xef, 0x10, 0x0, 0x0, 0x0, 0xdf, 0x2e, 0xf1,
    0x0, 0x0, 0x0, 0xd, 0xf2, 0xef, 0x10, 0x0,
    0x0, 0x0, 0xdf, 0x2e, 0xf1, 0x0, 0x0, 0x0,
    0xd, 0xf2, 0xef, 0x10, 0x0, 0x0, 0x0, 0xdf,
    0x2e, 0xf1, 0x0, 0x0, 0x0, 0xd, 0xf2, 0xef,
    0xff, 0xff, 0xff, 0xff, 0xff, 0x2e, 0xfd, 0xcc,
    0xcc, 0xcc, 0xcf, 0xf2, 0xef, 0x10, 0x0, 0x0,
    0x0, 0xdf, 0x2e, 0xf1, 0x0, 0x0, 0x0, 0xd,
    0xf2, 0xef, 0x10, 0x0, 0x0, 0x0, 0xdf, 0x2e,
    0xf1, 0x0, 0x0, 0x0, 0xd, 0xf2, 0xef, 0x10,
    0x0, 0x0, 0x0, 0xdf, 0x2e, 0xf1, 0x0, 0x0,
    0x0, 0xd, 0xf2,

    /* U+0049 "I" */
    0xef, 0x1e, 0xf1, 0xef, 0x1e, 0xf1, 0xef, 0x1e,
    0xf1, 0xef, 0x1e, 0xf1, 0xef, 0x1e, 0xf1, 0xef,
    0x1e, 0xf1, 0xef, 0x1e, 0xf1,

    /* U+004A "J" */
    0x0, 0xcf, 0xff, 0xff, 0xf4, 0x0, 0x9c, 0xcc,
    0xcf, 0xf4, 0x0, 0x0, 0x0, 0xb, 0xf4, 0x0,
    0x0, 0x0, 0xb, 0xf4, 0x0, 0x0, 0x0, 0xb,
    0xf4, 0x0, 0x0, 0x0, 0xb, 0xf4, 0x0, 0x0,
    0x0, 0xb, 0xf4, 0x0, 0x0, 0x0, 0xb, 0xf4,
    0x0, 0x0, 0x0, 0xb, 0xf4, 0x0, 0x0, 0x0,
    0xb, 0xf4, 0x1, 0x0, 0x0, 0xd, 0xf2, 0xc,
    0xc2, 0x0, 0x6f, 0xe0, 0xa, 0xff, 0xde, 0xff,
    0x60, 0x0, 0x6c, 0xff, 0xc5, 0x0,

    /* U+004B "K" */
    0xef, 0x10, 0x0, 0x0, 0xb, 0xf8, 0xe, 0xf1,
    0x0, 0x0, 0xb, 0xf8, 0x0, 0xef, 0x10, 0x0,
    0xb, 0xf9, 0x0, 0xe, 0xf1, 0x0, 0xa, 0xfa,
    0x0, 0x0, 0xef, 0x10, 0xa, 0xfb, 0x0, 0x0,
    0xe, 0xf1, 0xa, 0xfb, 0x0, 0x0, 0x0, 0xef,
    0x19, 0xff, 0x30, 0x0, 0x0, 0xe, 0xfa, 0xfe,
    0xfe, 0x10, 0x0, 0x0, 0xef, 0xfd, 0x1a, 0xfc,
    0x0, 0x0, 0xe, 0xfd, 0x10, 0xc, 0xfa, 0x0,
    0x0, 0xef, 0x20, 0x0, 0x1d, 0xf7, 0x0, 0xe,
    0xf1, 0x0, 0x0, 0x2f, 0xf4, 0x0, 0xef, 0x10,
    0x0, 0x0, 0x4f, 0xf2, 0xe, 0xf1, 0x0, 0x0,
    0x0, 0x6f, 0xd1,

    /* U+004C "L" */
    0xef, 0x10, 0x0, 0x0, 0x0, 0xef, 0x10, 0x0,
    0x0, 0x0, 0xef, 0x10, 0x0, 0x0, 0x0, 0xef,
    0x10, 0x0, 0x0, 0x0, 0xef, 0x10, 0x0, 0x0,
    0x0, 0xef, 0x10, 0x0, 0x0, 0x0, 0xef, 0x10,
    0x0, 0x0, 0x0, 0xef, 0x10, 0x0, 0x0, 0x0,
    0xef, 0x10, 0x0, 0x0, 0x0, 0xef, 0x10, 0x0,
    0x0, 0x0, 0xef, 0x10, 0x0, 0x0, 0x0, 0xef,
    0x10, 0x0, 0x0, 0x0, 0xef, 0xcc, 0xcc, 0xcc,
    0xc8, 0xef, 0xff, 0xff, 0xff, 0xfb,

    /* U+004D "M" */
    0xef, 0x10, 0x0, 0x0, 0x0, 0x0, 0xe, 0xfe,
    0xf9, 0x0, 0x0, 0x0, 0x0, 0x8, 0xff, 0xef,
    0xf3, 0x0, 0x0, 0x0, 0x2, 0xff, 0xfe, 0xff,
    0xc0, 0x0, 0x0, 0x0, 0xbf, 0xff, 0xef, 0x9f,
    0x60, 0x0, 0x0, 0x4f, 0xaf, 0xfe, 0xf1, 0xee,
    0x10, 0x0, 0xd, 0xf1, 0xff, 0xef, 0x6, 0xf9,
    0x0, 0x7, 0xf7, 0xe, 0xfe, 0xf0, 0xc, 0xf3,
    0x1, 0xfd, 0x0, 0xef, 0xef, 0x0, 0x3f, 0xc0,
    0xaf, 0x40, 0xe, 0xfe, 0xf0, 0x0, 0x9f, 0x9f,
    0xa0, 0x0, 0xef, 0xef, 0x0, 0x1, 0xef, 0xf1,
    0x0, 0xe, 0xfe, 0xf0, 0x0, 0x6, 0xf7, 0x0,
    0x0, 0xef, 0xef, 0x0, 0x0, 0x4, 0x0, 0x0,
    0xe, 0xfe, 0xf0, 0x0, 0x0, 0x0, 0x0, 0x0,
    0xef,

    /* U+004E "N" */
    0xef, 0x20, 0x0, 0x0, 0x0, 0xdf, 0x2e, 0xfd,
    0x10, 0x0, 0x0, 0xd, 0xf2, 0xef, 0xfb, 0x0,
    0x0, 0x0, 0xdf, 0x2e, 0xfe, 0xf8, 0x0, 0x0,
    0xd, 0xf2, 0xef, 0x4f, 0xf5, 0x0, 0x0, 0xdf,
    0x2e, 0xf1, 0x5f, 0xf3, 0x0, 0xd, 0xf2, 0xef,
    0x10, 0x8f, 0xe1, 0x0, 0xdf, 0x2e, 0xf1, 0x0,
    0xbf, 0xc0, 0xd, 0xf2, 0xef, 0x10, 0x1, 0xdf,
    0x90, 0xdf, 0x2e, 0xf1, 0x0, 0x2, 0xff, 0x6d,
    0xf2, 0xef, 0x10, 0x0, 0x5, 0xff, 0xff, 0x2e,
    0xf1, 0x0, 0x0, 0x8, 0xff, 0xf2, 0xef, 0x10,
    0x0, 0x0, 0xb, 0xff, 0x2e, 0xf1, 0x0, 0x0,
    0x0, 0xd, 0xf2,

    /* U+004F "O" */
    0x0, 0x0, 0x16, 0xce, 0xfe, 0xb5, 0x0, 0x0,
    0x0, 0x4, 0xef, 0xfe, 0xdf, 0xff, 0xd3, 0x0,
    0x0, 0x5f, 0xf9, 0x20, 0x0, 0x3b, 0xff, 0x20,
    0x1, 0xff, 0x60, 0x0, 0x0, 0x0, 0x9f, 0xd0,
    0x8, 0xf9, 0x0, 0x0, 0x0, 0x0, 0xd, 0xf5,
    0xd, 0xf3, 0x0, 0x0, 0x0, 0x0, 0x6, 0xfa,
    0xf, 0xf0, 0x0, 0x0, 0x0, 0x0, 0x3, 0xfc,
    0xf, 0xf0, 0x0, 0x0, 0x0, 0x0, 0x3, 0xfc,
    0xd, 0xf3, 0x0, 0x0, 0x0, 0x0, 0x6, 0xfa,
    0x8, 0xf9, 0x0, 0x0, 0x0, 0x0, 0xd, 0xf5,
    0x1, 0xff, 0x60, 0x0, 0x0, 0x0, 0x9f, 0xd0,
    0x0, 0x5f, 0xfa, 0x20, 0x0, 0x3b, 0xff, 0x20,
    0x0, 0x4, 0xef, 0xff, 0xdf, 0xff, 0xd3, 0x0,
    0x0, 0x0, 0x17, 0xce, 0xfe, 0xb5, 0x0, 0x0,

    /* U+0050 "P" */
    0xef, 0xff, 0xff, 0xec, 0x70, 0x0, 0xef, 0xdc,
    0xcd, 0xef, 0xfd, 0x20, 0xef, 0x10, 0x0, 0x2,
    0xbf, 0xc0, 0xef, 0x10, 0x0, 0x0, 0xe, 0xf3,
    0xef, 0x10, 0x0, 0x0, 0xa, 0xf5, 0xef, 0x10,
    0x0, 0x0, 0xb, 0xf5, 0xef, 0x10, 0x0, 0x0,
    0x2f, 0xf2, 0xef, 0x10, 0x0, 0x15, 0xdf, 0xa0,
    0xef, 0xff, 0xff, 0xff, 0xfb, 0x0, 0xef, 0xcc,
    0xcc, 0xb9, 0x40, 0x0, 0xef, 0x10, 0x0, 0x0,
    0x0, 0x0, 0xef, 0x10, 0x0, 0x0, 0x0, 0x0,
    0xef, 0x10, 0x0, 0x0, 0x0, 0x0, 0xef, 0x10,
    0x0, 0x0, 0x0, 0x0,

    /* U+0051 "Q" */
    0x0, 0x0, 0x16, 0xce, 0xfe, 0xb5, 0x0, 0x0,
    0x0, 0x0, 0x4e, 0xff, 0xfd, 0xff, 0xfd, 0x30,
    0x0, 0x0, 0x5f, 0xfa, 0x20, 0x0, 0x4b, 0xff,
    0x20, 0x0, 0x1f, 0xf6, 0x0, 0x0, 0x0, 0x9,
    0xfd, 0x0, 0x8, 0xfa, 0x0, 0x0, 0x0, 0x0,
    0xd, 0xf5, 0x0, 0xdf, 0x30, 0x0, 0x0, 0x0,
    0x0, 0x6f, 0xa0, 0xf, 0xf0, 0x0, 0x0, 0x0,
    0x0, 0x3, 0xfc, 0x0, 0xff, 0x0, 0x0, 0x0,
    0x0, 0x0, 0x3f, 0xc0, 0xd, 0xf2, 0x0, 0x0,
    0x0, 0x0, 0x6, 0xfa, 0x0, 0x9f, 0x90, 0x0,
    0x0, 0x0, 0x0, 0xcf, 0x50, 0x2, 0xff, 0x50,
    0x0, 0x0, 0x0, 0x8f, 0xd0, 0x0, 0x6, 0xff,
    0x92, 0x0, 0x3, 0xbf, 0xf3, 0x0, 0x0, 0x6,
    0xff, 0xfe, 0xce, 0xff, 0xe3, 0x0, 0x0, 0x0,
    0x2, 0x8d, 0xff, 0xfd, 0x60, 0x0, 0x0, 0x0,
    0x0, 0x0, 0x0, 0x9f, 0xe2, 0x0, 0x1a, 0x10,
    0x0, 0x0, 0x0, 0x0, 0x8f, 0xfb, 0xbf, 0xf3,
    0x0, 0x0, 0x0, 0x0, 0x0, 0x4b, 0xef, 0xb3,
    0x0,

    /* U+0052 "R" */
    0xef, 0xff, 0xff, 0xec, 0x70, 0x0, 0xef, 0xdc,
    0xcd, 0xef, 0xfd, 0x20, 0xef, 0x10, 0x0, 0x2,
    0xbf, 0xc0, 0xef, 0x10, 0x0, 0x0, 0xe, 0xf3,
    0xef, 0x10, 0x0, 0x0, 0xa, 0xf5, 0xef, 0x10,
    0x0, 0x0, 0xb, 0xf5, 0xef, 0x10, 0x0, 0x0,
    0x2f, 0xf2, 0xef, 0x10, 0x0, 0x15, 0xdf, 0xa0,
    0xef, 0xff, 0xff, 0xff, 0xfa, 0x0, 0xef, 0xcc,
    0xcb, 0xdf, 0x90, 0x0, 0xef, 0x10, 0x0, 0x1e,
    0xf3, 0x0, 0xef, 0x10, 0x0, 0x4, 0xfd, 0x0,
    0xef, 0x10, 0x0, 0x0, 0x9f, 0x90, 0xef, 0x10,
    0x0, 0x0, 0xd, 0xf4,

    /* U+0053 "S" */
    0x0, 0x6, 0xce, 0xfe, 0xc7, 0x10, 0x0, 0xcf,
    0xfd, 0xcd, 0xff, 0xd0, 0x8, 0xfc, 0x20, 0x0,
    0x17, 0x60, 0xc, 0xf3, 0x0, 0x0, 0x0, 0x0,
    0xc, 0xf4, 0x0, 0x0, 0x0, 0x0, 0x6, 0xff,
    0x71, 0x0, 0x0, 0x0, 0x0, 0x7f, 0xff, 0xd9,
    0x40, 0x0, 0x0, 0x1, 0x6a, 0xef, 0xfe, 0x40,
    0x0, 0x0, 0x0, 0x3, 0xaf, 0xf2, 0x0, 0x0,
    0x0, 0x0, 0x8, 0xf7, 0x1, 0x0, 0x0, 0x0,
    0x7, 0xf8, 0xd, 0xb3, 0x0, 0x0, 0x3e, 0xf4,
    0xa, 0xff, 0xfc, 0xce, 0xff, 0x90, 0x0, 0x39,
    0xdf, 0xfe, 0xa4, 0x0,

    /* U+0054 "T" */
    0xef, 0xff, 0xff, 0xff, 0xff, 0xfa, 0xbc, 0xcc,
    0xdf, 0xfc, 0xcc, 0xc8, 0x0, 0x0, 0x2f, 0xd0,
    0x0, 0x0, 0x0, 0x0, 0x2f, 0xd0, 0x0, 0x0,
    0x0, 0x0, 0x2f, 0xd0, 0x0, 0x0, 0x0, 0x0,
    0x2f, 0xd0, 0x0, 0x0, 0x0, 0x0, 0x2f, 0xd0,
    0x0, 0x0, 0x0, 0x0, 0x2f, 0xd0, 0x0, 0x0,
    0x0, 0x0, 0x2f, 0xd0, 0x0, 0x0, 0x0, 0x0,
    0x2f, 0xd0, 0x0, 0x0, 0x0, 0x0, 0x2f, 0xd0,
    0x0, 0x0, 0x0, 0x0, 0x2f, 0xd0, 0x0, 0x0,
    0x0, 0x0, 0x2f, 0xd0, 0x0, 0x0, 0x0, 0x0,
    0x2f, 0xd0, 0x0, 0x0,

    /* U+0055 "U" */
    0xf, 0xf0, 0x0, 0x0, 0x0, 0x2f, 0xd0, 0xff,
    0x0, 0x0, 0x0, 0x2, 0xfd, 0xf, 0xf0, 0x0,
    0x0, 0x0, 0x2f, 0xd0, 0xff, 0x0, 0x0, 0x0,
    0x2, 0xfd, 0xf, 0xf0, 0x0, 0x0, 0x0, 0x2f,
    0xd0, 0xff, 0x0, 0x0, 0x0, 0x2, 0xfd, 0xf,
    0xf0, 0x0, 0x0, 0x0, 0x2f, 0xd0, 0xff, 0x0,
    0x0, 0x0, 0x2, 0xfc, 0xf, 0xf0, 0x0, 0x0,
    0x0, 0x2f, 0xc0, 0xdf, 0x30, 0x0, 0x0, 0x5,
    0xfa, 0x9, 0xf9, 0x0, 0x0, 0x0, 0xcf, 0x60,
    0x2f, 0xf8, 0x0, 0x1, 0xaf, 0xe0, 0x0, 0x5f,
    0xff, 0xde, 0xff, 0xe3, 0x0, 0x0, 0x29, 0xdf,
    0xfd, 0x81, 0x0,

    /* U+0056 "V" */
    0xc, 0xf5, 0x0, 0x0, 0x0, 0x0, 0xe, 0xf1,
    0x5, 0xfc, 0x0, 0x0, 0x0, 0x0, 0x6f, 0x90,
    0x0, 0xef, 0x30, 0x0, 0x0, 0x0, 0xdf, 0x20,
    0x0, 0x7f, 0xa0, 0x0, 0x0, 0x4, 0xfb, 0x0,
    0x0, 0x1f, 0xf2, 0x0, 0x0, 0xb, 0xf4, 0x0,
    0x0, 0x9, 0xf8, 0x0, 0x0, 0x2f, 0xd0, 0x0,
    0x0, 0x2, 0xff, 0x0, 0x0, 0x9f, 0x60, 0x0,
    0x0, 0x0, 0xbf, 0x60, 0x1, 0xfe, 0x0, 0x0,
    0x0, 0x0, 0x4f, 0xd0, 0x7, 0xf8, 0x0, 0x0,
    0x0, 0x0, 0xd, 0xf4, 0xe, 0xf1, 0x0, 0x0,
    0x0, 0x0, 0x6, 0xfb, 0x5f, 0xa0, 0x0, 0x0,
    0x0, 0x0, 0x0, 0xef, 0xef, 0x30, 0x0, 0x0,
    0x0, 0x0, 0x0, 0x8f, 0xfc, 0x0, 0x0, 0x0,
    0x0, 0x0, 0x0, 0x1f, 0xf5, 0x0, 0x0, 0x0,

    /* U+0057 "W" */
    0x3f, 0xd0, 0x0, 0x0, 0x0, 0xcf, 0x60, 0x0,
    0x0, 0x3, 0xfb, 0xd, 0xf3, 0x0, 0x0, 0x1,
    0xff, 0xc0, 0x0, 0x0, 0x8, 0xf5, 0x8, 0xf8,
    0x0, 0x0, 0x7, 0xff, 0xf1, 0x0, 0x0, 0xd,
    0xf1, 0x3, 0xfd, 0x0, 0x0, 0xc, 0xf8, 0xf7,
    0x0, 0x0, 0x3f, 0xb0, 0x0, 0xdf, 0x30, 0x0,
    0x2f, 0xb2, 0xfc, 0x0, 0x0, 0x8f, 0x50, 0x0,
    0x8f, 0x80, 0x0, 0x7f, 0x50, 0xcf, 0x10, 0x0,
    0xdf, 0x10, 0x0, 0x3f, 0xd0, 0x0, 0xdf, 0x0,
    0x7f, 0x70, 0x3, 0xfb, 0x0, 0x0, 0xd, 0xf3,
    0x2, 0xfa, 0x0, 0x2f, 0xc0, 0x8, 0xf5, 0x0,
    0x0, 0x8, 0xf8, 0x8, 0xf5, 0x0, 0xc, 0xf2,
    0xe, 0xf1, 0x0, 0x0, 0x3, 0xfd, 0xd, 0xf0,
    0x0, 0x7, 0xf7, 0x3f, 0xb0, 0x0, 0x0, 0x0,
    0xdf, 0x6f, 0xa0, 0x0, 0x1, 0xfc, 0x8f, 0x50,
    0x0, 0x0, 0x0, 0x8f, 0xff, 0x40, 0x0, 0x0,
    0xcf, 0xef, 0x0, 0x0, 0x0, 0x0, 0x3f, 0xff,
    0x0, 0x0, 0x0, 0x6f, 0xfb, 0x0, 0x0, 0x0,
    0x0, 0xd, 0xf9, 0x0, 0x0, 0x0, 0x1f, 0xf5,
    0x0, 0x0,

    /* U+0058 "X" */
    0x1f, 0xf3, 0x0, 0x0, 0x0, 0xbf, 0x70, 0x5,
    0xfe, 0x10, 0x0, 0x6, 0xfb, 0x0, 0x0, 0x9f,
    0xa0, 0x0, 0x2f, 0xe1, 0x0, 0x0, 0xd, 0xf6,
    0x0, 0xdf, 0x40, 0x0, 0x0, 0x3, 0xff, 0x29,
    0xf8, 0x0, 0x0, 0x0, 0x0, 0x7f, 0xef, 0xc0,
    0x0, 0x0, 0x0, 0x0, 0xb, 0xff, 0x20, 0x0,
    0x0, 0x0, 0x0, 0x1e, 0xff, 0x70, 0x0, 0x0,
    0x0, 0x0, 0xbf, 0x9f, 0xf3, 0x0, 0x0, 0x0,
    0x7, 0xfc, 0x5, 0xfd, 0x0, 0x0, 0x0, 0x3f,
    0xf2, 0x0, 0xaf, 0xa0, 0x0, 0x0, 0xdf, 0x50,
    0x0, 0xd, 0xf5, 0x0, 0xa, 0xfa, 0x0, 0x0,
    0x3, 0xff, 0x20, 0x5f, 0xd0, 0x0, 0x0, 0x0,
    0x7f, 0xc0,

    /* U+0059 "Y" */
    0xc, 0xf5, 0x0, 0x0, 0x0, 0x4, 0xfb, 0x0,
    0x2f, 0xe1, 0x0, 0x0, 0x0, 0xdf, 0x20, 0x0,
    0x8f, 0x90, 0x0, 0x0, 0x7f, 0x70, 0x0, 0x0,
    0xef, 0x30, 0x0, 0x2f, 0xd0, 0x0, 0x0, 0x5,
    0xfc, 0x0, 0xb, 0xf4, 0x0, 0x0, 0x0, 0xb,
    0xf6, 0x5, 0xfa, 0x0, 0x0, 0x0, 0x0, 0x2f,
    0xe1, 0xef, 0x10, 0x0, 0x0, 0x0, 0x0, 0x8f,
    0xef, 0x70, 0x0, 0x0, 0x0, 0x0, 0x0, 0xdf,
    0xd0, 0x0, 0x0, 0x0, 0x0, 0x0, 0x8, 0xf7,
    0x0, 0x0, 0x0, 0x0, 0x0, 0x0, 0x8f, 0x70,
    0x0, 0x0, 0x0, 0x0, 0x0, 0x8, 0xf7, 0x0,
    0x0, 0x0, 0x0, 0x0, 0x0, 0x8f, 0x70, 0x0,
    0x0, 0x0, 0x0, 0x0, 0x8, 0xf7, 0x0, 0x0,
    0x0,

    /* U+005A "Z" */
    0xf, 0xff, 0xff, 0xff, 0xff, 0xff, 0x40, 0xcc,
    0xcc, 0xcc, 0xcc, 0xef, 0xf2, 0x0, 0x0, 0x0,
    0x0, 0x1d, 0xf6, 0x0, 0x0, 0x0, 0x0, 0xb,
    0xf9, 0x0, 0x0, 0x0, 0x0, 0x8, 0xfc, 0x0,
    0x0, 0x0, 0x0, 0x5, 0xfe, 0x10, 0x0, 0x0,
    0x0, 0x3, 0xff, 0x30, 0x0, 0x0, 0x0, 0x1,
    0xef, 0x50, 0x0, 0x0, 0x0, 0x0, 0xcf, 0x80,
    0x0, 0x0, 0x0, 0x0, 0x9f, 0xb0, 0x0, 0x0,
    0x0, 0x0, 0x6f, 0xd1, 0x0, 0x0, 0x0, 0x0,
    0x4f, 0xf2, 0x0, 0x0, 0x0, 0x0, 0x1e, 0xfe,
    0xcc, 0xcc, 0xcc, 0xcc, 0x72, 0xff, 0xff, 0xff,
    0xff, 0xff, 0xf9,

    /* U+005B "[" */
    0xef, 0xff, 0x4e, 0xfa, 0xa2, 0xef, 0x0, 0xe,
    0xf0, 0x0, 0xef, 0x0, 0xe, 0xf0, 0x0, 0xef,
    0x0, 0xe, 0xf0, 0x0, 0xef, 0x0, 0xe, 0xf0,
    0x0, 0xef, 0x0, 0xe, 0xf0, 0x0, 0xef, 0x0,
    0xe, 0xf0, 0x0, 0xef, 0x0, 0xe, 0xf0, 0x0,
    0xef, 0x0, 0xe, 0xfa, 0xa2, 0xef, 0xff, 0x40,

    /* U+005C "\\" */
    0x57, 0x0, 0x0, 0x0, 0x6, 0xf5, 0x0, 0x0,
    0x0, 0x1f, 0xa0, 0x0, 0x0, 0x0, 0xcf, 0x0,
    0x0, 0x0, 0x6, 0xf5, 0x0, 0x0, 0x0, 0x1f,
    0xa0, 0x0, 0x0, 0x0, 0xbf, 0x0, 0x0, 0x0,
    0x6, 0xf5, 0x0, 0x0, 0x0, 0x1f, 0xb0, 0x0,
    0x0, 0x0, 0xbf, 0x0, 0x0, 0x0, 0x6, 0xf5,
    0x0, 0x0, 0x0, 0x1f, 0xb0, 0x0, 0x0, 0x0,
    0xbf, 0x10, 0x0, 0x0, 0x5, 0xf6, 0x0, 0x0,
    0x0, 0xf, 0xb0, 0x0, 0x0, 0x0, 0xaf, 0x10,
    0x0, 0x0, 0x5, 0xf6, 0x0, 0x0, 0x0, 0xf,
    0xb0, 0x0, 0x0, 0x0, 0xaf, 0x10, 0x0, 0x0,
    0x5, 0xf6,

    /* U+005D "]" */
    0xaf, 0xff, 0x96, 0xac, 0xf9, 0x0, 0x5f, 0x90,
    0x5, 0xf9, 0x0, 0x5f, 0x90, 0x5, 0xf9, 0x0,
    0x5f, 0x90, 0x5, 0xf9, 0x0, 0x5f, 0x90, 0x5,
    0xf9, 0x0, 0x5f, 0x90, 0x5, 0xf9, 0x0, 0x5f,
    0x90, 0x5, 0xf9, 0x0, 0x5f, 0x90, 0x5, 0xf9,
    0x0, 0x5f, 0x96, 0xac, 0xf9, 0xaf, 0xff, 0x90,

    /* U+005E "^" */
    0x0, 0x0, 0x75, 0x0, 0x0, 0x0, 0x5, 0xff,
    0x10, 0x0, 0x0, 0xc, 0xbf, 0x70, 0x0, 0x0,
    0x3f, 0x49, 0xd0, 0x0, 0x0, 0x9d, 0x3, 0xf4,
    0x0, 0x1, 0xf7, 0x0, 0xcb, 0x0, 0x7, 0xf1,
    0x0, 0x6f, 0x20, 0xd, 0xa0, 0x0, 0xf, 0x80,
    0x4f, 0x30, 0x0, 0x9, 0xe0,

    /* U+005F "_" */
    0x0, 0x0, 0x0, 0x0, 0x0, 0xff, 0xff, 0xff,
    0xff, 0xff, 0x33, 0x33, 0x33, 0x33, 0x33,

    /* U+0060 "`" */
    0x27, 0x70, 0x0, 0x5, 0xfc, 0x10, 0x0, 0x2d,
    0xd1,

    /* U+0061 "a" */
    0x5, 0xbe, 0xfe, 0xb4, 0x0, 0x7f, 0xfd, 0xbd,
    0xff, 0x50, 0x2a, 0x10, 0x0, 0x7f, 0xe0, 0x0,
    0x0, 0x0, 0xd, 0xf2, 0x0, 0x1, 0x11, 0x1c,
    0xf3, 0x8, 0xef, 0xff, 0xff, 0xf3, 0x9f, 0xc6,
    0x44, 0x4c, 0xf3, 0xff, 0x0, 0x0, 0xb, 0xf3,
    0xef, 0x10, 0x0, 0x3f, 0xf3, 0x8f, 0xd7, 0x69,
    0xfe, 0xf3, 0x6, 0xcf, 0xfc, 0x59, 0xf3,

    /* U+0062 "b" */
    0x3f, 0xb0, 0x0, 0x0, 0x0, 0x0, 0x3f, 0xb0,
    0x0, 0x0, 0x0, 0x0, 0x3f, 0xb0, 0x0, 0x0,
    0x0, 0x0, 0x3f, 0xb0, 0x0, 0x0, 0x0, 0x0,
    0x3f, 0xb1, 0x9e, 0xfd, 0x92, 0x0, 0x3f, 0xde,
    0xfd, 0xce, 0xfe, 0x40, 0x3f, 0xfe, 0x30, 0x0,
    0x8f, 0xe1, 0x3f, 0xf3, 0x0, 0x0, 0xa, 0xf7,
    0x3f, 0xd0, 0x0, 0x0, 0x4, 0xfa, 0x3f, 0xb0,
    0x0, 0x0, 0x2, 0xfc, 0x3f, 0xd0, 0x0, 0x0,
    0x4, 0xfa, 0x3f, 0xf3, 0x0, 0x0, 0xa, 0xf7,
    0x3f, 0xfe, 0x30, 0x0, 0x8f, 0xe1, 0x3f, 0xce,
    0xfd, 0xce, 0xff, 0x40, 0x3f, 0xa1, 0x9e, 0xfe,
    0x92, 0x0,

    /* U+0063 "c" */
    0x0, 0x3, 0xae, 0xfe, 0x91, 0x0, 0x7, 0xff,
    0xdc, 0xef, 0xe2, 0x4, 0xfe, 0x40, 0x0, 0x7f,
    0x60, 0xcf, 0x40, 0x0, 0x0, 0x10, 0xf, 0xe0,
    0x0, 0x0, 0x0, 0x2, 0xfc, 0x0, 0x0, 0x0,
    0x0, 0xf, 0xe0, 0x0, 0x0, 0x0, 0x0, 0xcf,
    0x40, 0x0, 0x0, 0x10, 0x4, 0xfe, 0x40, 0x0,
    0x7f, 0x60, 0x7, 0xff, 0xdc, 0xef, 0xe2, 0x0,
    0x3, 0xae, 0xfe, 0x91, 0x0,

    /* U+0064 "d" */
    0x0, 0x0, 0x0, 0x0, 0x1, 0xfd, 0x0, 0x0,
    0x0, 0x0, 0x1, 0xfd, 0x0, 0x0, 0x0, 0x0,
    0x1, 0xfd, 0x0, 0x0, 0x0, 0x0, 0x1, 0xfd,
    0x0, 0x4, 0xbe, 0xfc, 0x61, 0xfd, 0x0, 0x8f,
    0xfd, 0xce, 0xfb, 0xfd, 0x5, 0xfe, 0x40, 0x0,
    0x7f, 0xfd, 0xc, 0xf5, 0x0, 0x0, 0x9, 0xfd,
    0xf, 0xe0, 0x0, 0x0, 0x3, 0xfd, 0x2f, 0xc0,
    0x0, 0x0, 0x1, 0xfd, 0xf, 0xe0, 0x0, 0x0,
    0x3, 0xfd, 0xc, 0xf4, 0x0, 0x0, 0x8, 0xfd,
    0x5, 0xfe, 0x20, 0x0, 0x5f, 0xfd, 0x0, 0x8f,
    0xfb, 0xad, 0xfb, 0xfd, 0x0, 0x4, 0xbe, 0xfd,
    0x70, 0xfd,

    /* U+0065 "e" */
    0x0, 0x4, 0xbe, 0xfc, 0x60, 0x0, 0x0, 0x8f,
    0xfc, 0xbe, 0xfc, 0x0, 0x5, 0xfd, 0x20, 0x0,
    0xaf, 0x80, 0xc, 0xf3, 0x0, 0x0, 0xd, 0xf0,
    0xf, 0xe1, 0x11, 0x11, 0x19, 0xf4, 0x2f, 0xff,
    0xff, 0xff, 0xff, 0xf6, 0xf, 0xe4, 0x44, 0x44,
    0x44, 0x41, 0xc, 0xf3, 0x0, 0x0, 0x0, 0x0,
    0x4, 0xfe, 0x40, 0x0, 0x2b, 0x20, 0x0, 0x7f,
    0xfe, 0xcd, 0xff, 0x60, 0x0, 0x3, 0xae, 0xfe,
    0xa3, 0x0,

    /* U+0066 "f" */
    0x0, 0x6, 0xdf, 0xd6, 0x0, 0x6f, 0xea, 0xc6,
    0x0, 0xcf, 0x20, 0x0, 0x0, 0xef, 0x0, 0x0,
    0xbf, 0xff, 0xff, 0xf1, 0x7a, 0xff, 0xaa, 0xa0,
    0x0, 0xef, 0x0, 0x0, 0x0, 0xef, 0x0, 0x0,
    0x0, 0xef, 0x0, 0x0, 0x0, 0xef, 0x0, 0x0,
    0x0, 0xef, 0x0, 0x0, 0x0, 0xef, 0x0, 0x0,
    0x0, 0xef, 0x0, 0x0, 0x0, 0xef, 0x0, 0x0,
    0x0, 0xef, 0x0, 0x0,

    /* U+0067 "g" */
    0x0, 0x4, 0xbe, 0xfd, 0x70, 0xdf, 0x0, 0x8f,
    0xfd, 0xce, 0xfc, 0xef, 0x5, 0xfe, 0x40, 0x0,
    0x5f, 0xff, 0xc, 0xf4, 0x0, 0x0, 0x6, 0xff,
    0xf, 0xe0, 0x0, 0x0, 0x0, 0xff, 0x2f, 0xc0,
    0x0, 0x0, 0x0, 0xff, 0xf, 0xe0, 0x0, 0x0,
    0x1, 0xff, 0xc, 0xf5, 0x0, 0x0, 0x7, 0xff,
    0x5, 0xfe, 0x40, 0x0, 0x5f, 0xff, 0x0, 0x8f,
    0xfd, 0xbe, 0xfc, 0xff, 0x0, 0x4, 0xbe, 0xfd,
    0x71, 0xfe, 0x0, 0x0, 0x0, 0x0, 0x3, 0xfb,
    0x1, 0xa4, 0x0, 0x0, 0x2d, 0xf5, 0x4, 0xff,
    0xec, 0xbd, 0xff, 0xa0, 0x0, 0x28, 0xce, 0xfe,
    0xb5, 0x0,

    /* U+0068 "h" */
    0x3f, 0xb0, 0x0, 0x0, 0x0, 0x3, 0xfb, 0x0,
    0x0, 0x0, 0x0, 0x3f, 0xb0, 0x0, 0x0, 0x0,
    0x3, 0xfb, 0x0, 0x0, 0x0, 0x0, 0x3f, 0xb1,
    0x9e, 0xfe, 0x91, 0x3, 0xfd, 0xef, 0xdd, 0xff,
    0xd0, 0x3f, 0xfd, 0x20, 0x2, 0xdf, 0x73, 0xff,
    0x20, 0x0, 0x4, 0xfc, 0x3f, 0xd0, 0x0, 0x0,
    0x1f, 0xd3, 0xfb, 0x0, 0x0, 0x0, 0xfe, 0x3f,
    0xb0, 0x0, 0x0, 0xf, 0xe3, 0xfb, 0x0, 0x0,
    0x0, 0xfe, 0x3f, 0xb0, 0x0, 0x0, 0xf, 0xe3,
    0xfb, 0x0, 0x0, 0x0, 0xfe, 0x3f, 0xb0, 0x0,
    0x0, 0xf, 0xe0,

    /* U+0069 "i" */
    0x3e, 0xb0, 0x7f, 0xf0, 0x8, 0x40, 0x0, 0x0,
    0x3f, 0xb0, 0x3f, 0xb0, 0x3f, 0xb0, 0x3f, 0xb0,
    0x3f, 0xb0, 0x3f, 0xb0, 0x3f, 0xb0, 0x3f, 0xb0,
    0x3f, 0xb0, 0x3f, 0xb0, 0x3f, 0xb0,

    /* U+006A "j" */
    0x0, 0x2, 0xec, 0x0, 0x0, 0x5f, 0xf1, 0x0,
    0x0, 0x75, 0x0, 0x0, 0x0, 0x0, 0x0, 0x1,
    0xfd, 0x0, 0x0, 0x1f, 0xd0, 0x0, 0x1, 0xfd,
    0x0, 0x0, 0x1f, 0xd0, 0x0, 0x1, 0xfd, 0x0,
    0x0, 0x1f, 0xd0, 0x0, 0x1, 0xfd, 0x0, 0x0,
    0x1f, 0xd0, 0x0, 0x1, 0xfd, 0x0, 0x0, 0x1f,
    0xd0, 0x0, 0x1, 0xfd, 0x0, 0x0, 0x1f, 0xd0,
    0x0, 0x5, 0xfa, 0x7, 0xdb, 0xff, 0x40, 0x7e,
    0xfd, 0x50, 0x0,

    /* U+006B "k" */
    0x3f, 0xb0, 0x0, 0x0, 0x0, 0x0, 0x3f, 0xb0,
    0x0, 0x0, 0x0, 0x0, 0x3f, 0xb0, 0x0, 0x0,
    0x0, 0x0, 0x3f, 0xb0, 0x0, 0x0, 0x0, 0x0,
    0x3f, 0xb0, 0x0, 0x2, 0xdf, 0x50, 0x3f, 0xb0,
    0x0, 0x2e, 0xf6, 0x0, 0x3f, 0xb0, 0x3, 0xef,
    0x60, 0x0, 0x3f, 0xb0, 0x3f, 0xf6, 0x0, 0x0,
    0x3f, 0xb4, 0xff, 0x90, 0x0, 0x0, 0x3f, 0xef,
    0xff, 0xf2, 0x0, 0x0, 0x3f, 0xff, 0x59, 0xfd,
    0x0, 0x0, 0x3f, 0xf4, 0x0, 0xcf, 0x90, 0x0,
    0x3f, 0xb0, 0x0, 0x1e, 0xf6, 0x0, 0x3f, 0xb0,
    0x0, 0x4, 0xff, 0x20, 0x3f, 0xb0, 0x0, 0x0,
    0x7f, 0xd0,

    /* U+006C "l" */
    0x3f, 0xb3, 0xfb, 0x3f, 0xb3, 0xfb, 0x3f, 0xb3,
    0xfb, 0x3f, 0xb3, 0xfb, 0x3f, 0xb3, 0xfb, 0x3f,
    0xb3, 0xfb, 0x3f, 0xb3, 0xfb, 0x3f, 0xb0,

    /* U+006D "m" */
    0x3f, 0xa3, 0xae, 0xfd, 0x70, 0x5, 0xcf, 0xfc,
    0x50, 0x3, 0xfd, 0xfe, 0xbc, 0xff, 0xaa, 0xfe,
    0xbc, 0xff, 0x70, 0x3f, 0xfb, 0x10, 0x3, 0xff,
    0xfa, 0x0, 0x4, 0xff, 0x13, 0xff, 0x10, 0x0,
    0x9, 0xfe, 0x0, 0x0, 0xb, 0xf4, 0x3f, 0xd0,
    0x0, 0x0, 0x6f, 0xb0, 0x0, 0x0, 0x8f, 0x63,
    0xfb, 0x0, 0x0, 0x5, 0xf9, 0x0, 0x0, 0x8,
    0xf6, 0x3f, 0xb0, 0x0, 0x0, 0x5f, 0x90, 0x0,
    0x0, 0x8f, 0x63, 0xfb, 0x0, 0x0, 0x5, 0xf9,
    0x0, 0x0, 0x8, 0xf6, 0x3f, 0xb0, 0x0, 0x0,
    0x5f, 0x90, 0x0, 0x0, 0x8f, 0x63, 0xfb, 0x0,
    0x0, 0x5, 0xf9, 0x0, 0x0, 0x8, 0xf6, 0x3f,
    0xb0, 0x0, 0x0, 0x5f, 0x90, 0x0, 0x0, 0x8f,
    0x60,

    /* U+006E "n" */
    0x3f, 0xa2, 0xae, 0xfe, 0x91, 0x3, 0xfd, 0xff,
    0xcb, 0xef, 0xd0, 0x3f, 0xfc, 0x10, 0x1, 0xcf,
    0x73, 0xff, 0x20, 0x0, 0x4, 0xfc, 0x3f, 0xd0,
    0x0, 0x0, 0x1f, 0xd3, 0xfb, 0x0, 0x0, 0x0,
    0xfe, 0x3f, 0xb0, 0x0, 0x0, 0xf, 0xe3, 0xfb,
    0x0, 0x0, 0x0, 0xfe, 0x3f, 0xb0, 0x0, 0x0,
    0xf, 0xe3, 0xfb, 0x0, 0x0, 0x0, 0xfe, 0x3f,
    0xb0, 0x0, 0x0, 0xf, 0xe0,

    /* U+006F "o" */
    0x0, 0x3, 0xae, 0xfd, 0x91, 0x0, 0x0, 0x7f,
    0xfd, 0xce, 0xfe, 0x40, 0x5, 0xfe, 0x40, 0x0,
    0x7f, 0xe1, 0xc, 0xf4, 0x0, 0x0, 0x9, 0xf7,
    0xf, 0xe0, 0x0, 0x0, 0x3, 0xfb, 0x2f, 0xc0,
    0x0, 0x0, 0x1, 0xfd, 0xf, 0xe0, 0x0, 0x0,
    0x3, 0xfb, 0xc, 0xf4, 0x0, 0x0, 0x9, 0xf7,
    0x4, 0xfe, 0x40, 0x0, 0x7f, 0xe1, 0x0, 0x7f,
    0xfd, 0xce, 0xfe, 0x30, 0x0, 0x3, 0xae, 0xfd,
    0x91, 0x0,

    /* U+0070 "p" */
    0x3f, 0xa2, 0x9e, 0xfd, 0x92, 0x0, 0x3f, 0xce,
    0xfb, 0xad, 0xfe, 0x40, 0x3f, 0xfd, 0x20, 0x0,
    0x6f, 0xe1, 0x3f, 0xf3, 0x0, 0x0, 0x9, 0xf7,
    0x3f, 0xd0, 0x0, 0x0, 0x4, 0xfa, 0x3f, 0xb0,
    0x0, 0x0, 0x2, 0xfc, 0x3f, 0xd0, 0x0, 0x0,
    0x4, 0xfa, 0x3f, 0xf3, 0x0, 0x0, 0xa, 0xf7,
    0x3f, 0xfe, 0x30, 0x0, 0x8f, 0xe1, 0x3f, 0xde,
    0xfd, 0xce, 0xff, 0x40, 0x3f, 0xb1, 0x9e, 0xfe,
    0x92, 0x0, 0x3f, 0xb0, 0x0, 0x0, 0x0, 0x0,
    0x3f, 0xb0, 0x0, 0x0, 0x0, 0x0, 0x3f, 0xb0,
    0x0, 0x0, 0x0, 0x0, 0x3f, 0xb0, 0x0, 0x0,
    0x0, 0x0,

    /* U+0071 "q" */
    0x0, 0x4, 0xbe, 0xfc, 0x60, 0xfd, 0x0, 0x8f,
    0xfd, 0xce, 0xfa, 0xfd, 0x5, 0xfe, 0x40, 0x0,
    0x7f, 0xfd, 0xc, 0xf4, 0x0, 0x0, 0x9, 0xfd,
    0xf, 0xe0, 0x0, 0x0, 0x3, 0xfd, 0x2f, 0xc0,
    0x0, 0x0, 0x1, 0xfd, 0xf, 0xe0, 0x0, 0x0,
    0x3, 0xfd, 0xc, 0xf4, 0x0, 0x0, 0x9, 0xfd,
    0x5, 0xfe, 0x40, 0x0, 0x7f, 0xfd, 0x0, 0x8f,
    0xfd, 0xce, 0xfb, 0xfd, 0x0, 0x4, 0xbe, 0xfc,
    0x61, 0xfd, 0x0, 0x0, 0x0, 0x0, 0x1, 0xfd,
    0x0, 0x0, 0x0, 0x0, 0x1, 0xfd, 0x0, 0x0,
    0x0, 0x0, 0x1, 0xfd, 0x0, 0x0, 0x0, 0x0,
    0x1, 0xfd,

    /* U+0072 "r" */
    0x3f, 0xa1, 0x9e, 0x83, 0xfc, 0xef, 0xf7, 0x3f,
    0xfe, 0x40, 0x3, 0xff, 0x40, 0x0, 0x3f, 0xe0,
    0x0, 0x3, 0xfc, 0x0, 0x0, 0x3f, 0xb0, 0x0,
    0x3, 0xfb, 0x0, 0x0, 0x3f, 0xb0, 0x0, 0x3,
    0xfb, 0x0, 0x0, 0x3f, 0xb0, 0x0, 0x0,

    /* U+0073 "s" */
    0x0, 0x5c, 0xef, 0xea, 0x50, 0x9, 0xff, 0xcb,
    0xdf, 0xd0, 0x1f, 0xe1, 0x0, 0x2, 0x30, 0x2f,
    0xd0, 0x0, 0x0, 0x0, 0xd, 0xfc, 0x63, 0x0,
    0x0, 0x2, 0xcf, 0xff, 0xfb, 0x30, 0x0, 0x1,
    0x47, 0xbf, 0xf2, 0x0, 0x0, 0x0, 0x9, 0xf6,
    0x9, 0x30, 0x0, 0xb, 0xf5, 0x5f, 0xfe, 0xbb,
    0xef, 0xc0, 0x5, 0xae, 0xfe, 0xc7, 0x0,

    /* U+0074 "t" */
    0x0, 0x78, 0x0, 0x0, 0x0, 0xef, 0x0, 0x0,
    0x0, 0xef, 0x0, 0x0, 0xbf, 0xff, 0xff, 0xf1,
    0x7a, 0xff, 0xaa, 0xa0, 0x0, 0xef, 0x0, 0x0,
    0x0, 0xef, 0x0, 0x0, 0x0, 0xef, 0x0, 0x0,
    0x0, 0xef, 0x0, 0x0, 0x0, 0xef, 0x0, 0x0,
    0x0, 0xef, 0x0, 0x0, 0x0, 0xcf, 0x40, 0x0,
    0x0, 0x6f, 0xfb, 0xd7, 0x0, 0x7, 0xdf, 0xd5,

    /* U+0075 "u" */
    0x4f, 0xa0, 0x0, 0x0, 0x3f, 0xb4, 0xfa, 0x0,
    0x0, 0x3, 0xfb, 0x4f, 0xa0, 0x0, 0x0, 0x3f,
    0xb4, 0xfa, 0x0, 0x0, 0x3, 0xfb, 0x4f, 0xa0,
    0x0, 0x0, 0x3f, 0xb4, 0xfa, 0x0, 0x0, 0x3,
    0xfb, 0x4f, 0xb0, 0x0, 0x0, 0x5f, 0xb2, 0xfd,
    0x0, 0x0, 0x9, 0xfb, 0xd, 0xf7, 0x0, 0x5,
    0xff, 0xb0, 0x4f, 0xfd, 0xad, 0xfc, 0xfb, 0x0,
    0x3b, 0xef, 0xd7, 0x2f, 0xb0,

    /* U+0076 "v" */
    0xd, 0xf2, 0x0, 0x0, 0x0, 0xef, 0x0, 0x6f,
    0x90, 0x0, 0x0, 0x5f, 0x90, 0x0, 0xff, 0x0,
    0x0, 0xb, 0xf2, 0x0, 0x9, 0xf6, 0x0, 0x2,
    0xfb, 0x0, 0x0, 0x2f, 0xc0, 0x0, 0x9f, 0x40,
    0x0, 0x0, 0xbf, 0x30, 0xf, 0xd0, 0x0, 0x0,
    0x4, 0xfa, 0x6, 0xf7, 0x0, 0x0, 0x0, 0xd,
    0xf1, 0xdf, 0x10, 0x0, 0x0, 0x0, 0x7f, 0xbf,
    0x90, 0x0, 0x0, 0x0, 0x1, 0xff, 0xf3, 0x0,
    0x0, 0x0, 0x0, 0x9, 0xfc, 0x0, 0x0, 0x0,

    /* U+0077 "w" */
    0xbf, 0x10, 0x0, 0x0, 0xef, 0x0, 0x0, 0x1,
    0xfa, 0x5f, 0x70, 0x0, 0x5, 0xff, 0x60, 0x0,
    0x6, 0xf5, 0xf, 0xd0, 0x0, 0xb, 0xff, 0xb0,
    0x0, 0xc, 0xe0, 0xa, 0xf2, 0x0, 0x1f, 0xab,
    0xf1, 0x0, 0x1f, 0x90, 0x4, 0xf8, 0x0, 0x6f,
    0x55, 0xf7, 0x0, 0x7f, 0x30, 0x0, 0xed, 0x0,
    0xce, 0x0, 0xec, 0x0, 0xde, 0x0, 0x0, 0x8f,
    0x32, 0xf9, 0x0, 0x9f, 0x23, 0xf8, 0x0, 0x0,
    0x3f, 0x98, 0xf3, 0x0, 0x3f, 0x88, 0xf2, 0x0,
    0x0, 0xd, 0xee, 0xd0, 0x0, 0xd, 0xde, 0xc0,
    0x0, 0x0, 0x7, 0xff, 0x70, 0x0, 0x7, 0xff,
    0x70, 0x0, 0x0, 0x1, 0xff, 0x10, 0x0, 0x2,
    0xff, 0x10, 0x0,

    /* U+0078 "x" */
    0x2f, 0xe1, 0x0, 0x0, 0xdf, 0x30, 0x6f, 0xb0,
    0x0, 0xaf, 0x60, 0x0, 0xaf, 0x70, 0x6f, 0xa0,
    0x0, 0x0, 0xdf, 0x5f, 0xe1, 0x0, 0x0, 0x3,
    0xff, 0xf3, 0x0, 0x0, 0x0, 0xb, 0xfb, 0x0,
    0x0, 0x0, 0x6, 0xff, 0xf6, 0x0, 0x0, 0x2,
    0xfe, 0x2e, 0xf2, 0x0, 0x0, 0xdf, 0x40, 0x3f,
    0xd0, 0x0, 0x9f, 0x80, 0x0, 0x8f, 0xa0, 0x5f,
    0xc0, 0x0, 0x0, 0xcf, 0x60,

    /* U+0079 "y" */
    0xd, 0xf2, 0x0, 0x0, 0x0, 0xef, 0x0, 0x6f,
    0x90, 0x0, 0x0, 0x5f, 0x80, 0x0, 0xef, 0x0,
    0x0, 0xb, 0xf2, 0x0, 0x8, 0xf7, 0x0, 0x2,
    0xfb, 0x0, 0x0, 0x1f, 0xd0, 0x0, 0x9f, 0x40,
    0x0, 0x0, 0xaf, 0x40, 0xf, 0xd0, 0x0, 0x0,
    0x3, 0xfb, 0x6, 0xf6, 0x0, 0x0, 0x0, 0xd,
    0xf2, 0xdf, 0x0, 0x0, 0x0, 0x0, 0x6f, 0xcf,
    0x80, 0x0, 0x0, 0x0, 0x0, 0xef, 0xf2, 0x0,
    0x0, 0x0, 0x0, 0x8, 0xfb, 0x0, 0x0, 0x0,
    0x0, 0x0, 0xaf, 0x40, 0x0, 0x0, 0x3, 0x0,
    0x3f, 0xc0, 0x0, 0x0, 0x2, 0xfd, 0xbf, 0xf3,
    0x0, 0x0, 0x0, 0x8, 0xef, 0xc4, 0x0, 0x0,
    0x0, 0x0,

    /* U+007A "z" */
    0x1f, 0xff, 0xff, 0xff, 0xf8, 0xa, 0xaa, 0xaa,
    0xaf, 0xf5, 0x0, 0x0, 0x0, 0x9f, 0x90, 0x0,
    0x0, 0x6, 0xfc, 0x0, 0x0, 0x0, 0x3f, 0xe1,
    0x0, 0x0, 0x1, 0xdf, 0x40, 0x0, 0x0, 0xb,
    0xf7, 0x0, 0x0, 0x0, 0x7f, 0xb0, 0x0, 0x0,
    0x4, 0xfd, 0x10, 0x0, 0x0, 0x1e, 0xfc, 0xaa,
    0xaa, 0xa6, 0x3f, 0xff, 0xff, 0xff, 0xfb,

    /* U+007B "{" */
    0x0, 0x3c, 0xfa, 0x0, 0xef, 0xc6, 0x3, 0xfc,
    0x0, 0x4, 0xfa, 0x0, 0x4, 0xfa, 0x0, 0x4,
    0xfa, 0x0, 0x4, 0xfa, 0x0, 0x5, 0xfa, 0x0,
    0x8e, 0xf6, 0x0, 0xdf, 0xe2, 0x0, 0x7, 0xf9,
    0x0, 0x4, 0xfa, 0x0, 0x4, 0xfa, 0x0, 0x4,
    0xfa, 0x0, 0x4, 0xfa, 0x0, 0x4, 0xfa, 0x0,
    0x2, 0xfd, 0x0, 0x0, 0xef, 0xc6, 0x0, 0x3c,
    0xfa,

    /* U+007C "|" */
    0xee, 0xee, 0xee, 0xee, 0xee, 0xee, 0xee, 0xee,
    0xee, 0xee, 0xee, 0xee, 0xee, 0xee, 0xee, 0xee,
    0xee, 0xee, 0xee,

    /* U+007D "}" */
    0xaf, 0xc3, 0x0, 0x6c, 0xfe, 0x0, 0x0, 0xcf,
    0x30, 0x0, 0xaf, 0x40, 0x0, 0xaf, 0x40, 0x0,
    0xaf, 0x40, 0x0, 0xaf, 0x40, 0x0, 0x9f, 0x50,
    0x0, 0x5f, 0xe8, 0x0, 0x2e, 0xfd, 0x0, 0x9f,
    0x70, 0x0, 0x9f, 0x40, 0x0, 0xaf, 0x40, 0x0,
    0xaf, 0x40, 0x0, 0xaf, 0x40, 0x0, 0xaf, 0x40,
    0x0, 0xcf, 0x30, 0x6c, 0xfe, 0x0, 0xaf, 0xc3,
    0x0,

    /* U+007E "~" */
    0x9, 0xee, 0x60, 0x0, 0xd6, 0x7f, 0xab, 0xfb,
    0x26, 0xf3, 0xb9, 0x0, 0x5e, 0xff, 0x90, 0x31,
    0x0, 0x0, 0x32, 0x0,

    /* U+00B0 "°" */
    0x0, 0x6d, 0xea, 0x10, 0x7, 0xe5, 0x3b, 0xc0,
    0xe, 0x40, 0x0, 0xe4, 0x1f, 0x0, 0x0, 0xb7,
    0xf, 0x30, 0x0, 0xd5, 0x8, 0xc2, 0x8, 0xe0,
    0x0, 0x9f, 0xfc, 0x20, 0x0, 0x0, 0x10, 0x0,

    /* U+00E9 "é" */
    0x0, 0x0, 0x0, 0x3f, 0xe3, 0x0, 0x0, 0x0,
    0x4, 0xfb, 0x10, 0x0, 0x0, 0x0, 0x8, 0x70,
    0x0, 0x0, 0x0, 0x0, 0x0, 0x0, 0x0, 0x0,
    0x0, 0x4, 0xbe, 0xfc, 0x60, 0x0, 0x0, 0x8f,
    0xfc, 0xbe, 0xfc, 0x0, 0x5, 0xfd, 0x20, 0x0,
    0xaf, 0x80, 0xc, 0xf3, 0x0, 0x0, 0xd, 0xf0,
    0xf, 0xe1, 0x11, 0x11, 0x19, 0xf4, 0x2f, 0xff,
    0xff, 0xff, 0xff, 0xf6, 0xf, 0xe4, 0x44, 0x44,
    0x44, 0x41, 0xc, 0xf3, 0x0, 0x0, 0x0, 0x0,
    0x4, 0xfe, 0x40, 0x0, 0x2b, 0x20, 0x0, 0x7f,
    0xfe, 0xcd, 0xff, 0x60, 0x0, 0x3, 0xae, 0xfe,
    0xa3, 0x0,

    /* U+201C "“" */
    0x0, 0x31, 0x0, 0x40, 0x5, 0xd2, 0x8, 0xc0,
    0x1e, 0x10, 0x3d, 0x0, 0x5d, 0x50, 0x8b, 0x40,
    0x5f, 0xf4, 0x8f, 0xf1, 0xc, 0xd1, 0x2e, 0xb0,

    /* U+201D "”" */
    0x4, 0x60, 0x5, 0x40, 0x1f, 0xf5, 0x4f, 0xf2,
    0xc, 0xf9, 0x2d, 0xf6, 0x0, 0xa6, 0x0, 0xd3,
    0x5, 0xd0, 0x7, 0xb0, 0xb, 0x20, 0x3a, 0x0,

    /* U+2022 "•" */
    0x9, 0xa2, 0x8f, 0xfc, 0x9f, 0xfd, 0x2d, 0xe5,

    /* U+2026 "…" */
    0x26, 0x0, 0x0, 0x4, 0x40, 0x0, 0x0, 0x62,
    0xcf, 0x70, 0x0, 0x2f, 0xf2, 0x0, 0x7, 0xfc,
    0x8e, 0x30, 0x0, 0xc, 0xc0, 0x0, 0x3, 0xe7,

    /* U+3002 "。" */
    0x0, 0x7c, 0xb5, 0x0, 0x9a, 0x23, 0xc5, 0xe,
    0x0, 0x3, 0xc0, 0xe0, 0x0, 0x2d, 0xa, 0x80,
    0x1b, 0x70, 0x9, 0xee, 0x70,

    /* U+4E00 "一" */
    0x8, 0x88, 0x88, 0x88, 0x88, 0x88, 0x88, 0x88,
    0x88, 0x81, 0x1f, 0xff, 0xff, 0xff, 0xff, 0xff,
    0xff, 0xff, 0xff, 0xf2,

    /* U+4E01 "丁" */
    0xef, 0xff, 0xff, 0xff, 0xff, 0xff, 0xff, 0xff,
    0xf9, 0x66, 0x66, 0x66, 0x66, 0x9f, 0x86, 0x66,
    0x66, 0x64, 0x0, 0x0, 0x0, 0x0, 0x4f, 0x30,
    0x0, 0x0, 0x0, 0x0, 0x0, 0x0, 0x0, 0x4f,
    0x30, 0x0, 0x0, 0x0, 0x0, 0x0, 0x0, 0x0,
    0x4f, 0x30, 0x0, 0x0, 0x0, 0x0, 0x0, 0x0,
    0x0, 0x4f, 0x30, 0x0, 0x0, 0x0, 0x0, 0x0,
    0x0, 0x0, 0x4f, 0x30, 0x0, 0x0, 0x0, 0x0,
    0x0, 0x0, 0x0, 0x4f, 0x30, 0x0, 0x0, 0x0,
    0x0, 0x0, 0x0, 0x0, 0x4f, 0x30, 0x0, 0x0,
    0x0, 0x0, 0x0, 0x0, 0x0, 0x4f, 0x30, 0x0,
    0x0, 0x0, 0x0, 0x0, 0x0, 0x0, 0x4f, 0x30,
    0x0, 0x0, 0x0, 0x0, 0x0, 0x0, 0x0, 0x4f,
    0x30, 0x0, 0x0, 0x0, 0x0, 0x0, 0x0, 0x0,
    0x4f, 0x30, 0x0, 0x0, 0x0, 0x0, 0x0, 0x0,
    0x0, 0x5f, 0x30, 0x0, 0x0, 0x0, 0x0, 0x1,
    0x77, 0x77, 0xbf, 0x10, 0x0, 0x0, 0x0, 0x0,
    0x0, 0xcf, 0xff, 0xd7, 0x0, 0x0, 0x0, 0x0,

    /* U+4E09 "三" */
    0xb, 0xff, 0xff, 0xff, 0xff, 0xff, 0xff, 0xff,
    0x50, 0x4, 0x55, 0x55, 0x55, 0x55, 0x55, 0x55,
    0x55, 0x20, 0x0, 0x0, 0x0, 0x0, 0x0, 0x0,
    0x0, 0x0, 0x0, 0x0, 0x0, 0x0, 0x0, 0x0,
    0x0, 0x0, 0x0, 0x0, 0x0, 0x0, 0x0, 0x0,
    0x0, 0x0, 0x0, 0x0, 0x0, 0x0, 0x0, 0x0,
    0x0, 0x0, 0x0, 0x0, 0x0, 0x0, 0x0, 0x24,
    0x44, 0x44, 0x44, 0x44, 0x44, 0x30, 0x0, 0x0,
    0x7f, 0xff, 0xff, 0xff, 0xff, 0xff, 0xc0, 0x0,
    0x0, 0x1, 0x11, 0x11, 0x11, 0x11, 0x11, 0x10,
    0x0, 0x0, 0x0, 0x0, 0x0, 0x0, 0x0, 0x0,
    0x0, 0x0, 0x0, 0x0, 0x0, 0x0, 0x0, 0x0,
    0x0, 0x0, 0x0, 0x0, 0x0, 0x0, 0x0, 0x0,
    0x0, 0x0, 0x0, 0x0, 0x0, 0x0, 0x0, 0x0,
    0x0, 0x0, 0x0, 0x0, 0x0, 0x44, 0x44, 0x44,
    0x44, 0x44, 0x44, 0x44, 0x44, 0x42, 0xef, 0xff,
    0xff, 0xff, 0xff, 0xff, 0xff, 0xff, 0xf7, 0x0,
    0x0, 0x0, 0x0, 0x0, 0x0, 0x0, 0x0, 0x0,

    /* U+4E0A "上" */
    0x0, 0x0, 0x0, 0x4, 0xa0, 0x0, 0x0, 0x0,
    0x0, 0x0, 0x0, 0x0, 0x5, 0xf0, 0x0, 0x0,
    0x0, 0x0, 0x0, 0x0, 0x0, 0x5, 0xf0, 0x0,
    0x0, 0x0, 0x0, 0x0, 0x0, 0x0, 0x5, 0xf0,
    0x0, 0x0, 0x0, 0x0, 0x0, 0x0, 0x0, 0x5,
    0xf0, 0x0, 0x0, 0x0, 0x0, 0x0, 0x0, 0x0,
    0x5, 0xf0, 0x0, 0x0, 0x0, 0x0, 0x0, 0x0,
    0x0, 0x5, 0xf3, 0x33, 0x33, 0x33, 0x10, 0x0,
    0x0, 0x0, 0x5, 0xff, 0xff, 0xff, 0xff, 0x90,
    0x0, 0x0, 0x0, 0x5, 0xf2, 0x22, 0x22, 0x22,
    0x10, 0x0, 0x0, 0x0, 0x5, 0xf0, 0x0, 0x0,
    0x0, 0x0, 0x0, 0x0, 0x0, 0x5, 0xf0, 0x0,
    0x0, 0x0, 0x0, 0x0, 0x0, 0x0, 0x5, 0xf0,
    0x0, 0x0, 0x0, 0x0, 0x0, 0x0, 0x0, 0x5,
    0xf0, 0x0, 0x0, 0x0, 0x0, 0x0, 0x0, 0x0,
    0x5, 0xf0, 0x0, 0x0, 0x0, 0x0, 0x0, 0x0,
    0x0, 0x5, 0xf0, 0x0, 0x0, 0x0, 0x0, 0x0,
    0x0, 0x0, 0x5, 0xf0, 0x0, 0x0, 0x0, 0x0,
    0xee, 0xee, 0xee, 0xef, 0xff, 0xee, 0xee, 0xee,
    0xee, 0x66, 0x66, 0x66, 0x66, 0x66, 0x66, 0x66,
    0x66, 0x66,

    /* U+4E0B "下" */
    0x34, 0x44, 0x44, 0x44, 0x44, 0x44, 0x44, 0x44,
    0x44, 0xdf, 0xff, 0xff, 0xff, 0xff, 0xff, 0xff,
    0xff, 0xfe, 0x0, 0x0, 0x0, 0x1, 0xf6, 0x0,
    0x0, 0x0, 0x0, 0x0, 0x0, 0x0, 0x0, 0xf5,
    0x0, 0x0, 0x0, 0x0, 0x0, 0x0, 0x0, 0x0,
    0xf5, 0x0, 0x0, 0x0, 0x0, 0x0, 0x0, 0x0,
    0x0, 0xf9, 0x0, 0x0, 0x0, 0x0, 0x0, 0x0,
    0x0, 0x0, 0xff, 0xe6, 0x0, 0x0, 0x0, 0x0,
    0x0, 0x0, 0x0, 0xf6, 0x9f, 0xd4, 0x0, 0x0,
    0x0, 0x0, 0x0, 0x0, 0xf5, 0x3, 0xcf, 0xb1,
    0x0, 0x0, 0x0, 0x0, 0x0, 0xf5, 0x0, 0x6,
    0xfe, 0x50, 0x0, 0x0, 0x0, 0x0, 0xf5, 0x0,
    0x0, 0x2c, 0x50, 0x0, 0x0, 0x0, 0x0, 0xf5,
    0x0, 0x0, 0x0, 0x0, 0x0, 0x0, 0x0, 0x0,
    0xf5, 0x0, 0x0, 0x0, 0x0, 0x0, 0x0, 0x0,
    0x0, 0xf5, 0x0, 0x0, 0x0, 0x0, 0x0, 0x0,
    0x0, 0x0, 0xf5, 0x0, 0x0, 0x0, 0x0, 0x0,
    0x0, 0x0, 0x0, 0xf5, 0x0, 0x0, 0x0, 0x0,
    0x0, 0x0, 0x0, 0x0, 0xf5, 0x0, 0x0, 0x0,
    0x0, 0x0, 0x0, 0x0, 0x0, 0xf5, 0x0, 0x0,
    0x0, 0x0,

    /* U+4E0D "不" */
    0x4, 0x55, 0x55, 0x55, 0x55, 0x55, 0x55, 0x55,
    0x55, 0x20, 0xcf, 0xff, 0xff, 0xff, 0xff, 0xff,
    0xff, 0xff, 0xf5, 0x0, 0x0, 0x0, 0x0, 0x2,
    0xfa, 0x0, 0x0, 0x0, 0x0, 0x0, 0x0, 0x0,
    0x0, 0xbe, 0x10, 0x0, 0x0, 0x0, 0x0, 0x0,
    0x0, 0x0, 0x6f, 0x80, 0x0, 0x0, 0x0, 0x0,
    0x0, 0x0, 0x0, 0x4f, 0xf7, 0x11, 0x0, 0x0,
    0x0, 0x0, 0x0, 0x0, 0x3f, 0xbf, 0x7a, 0xf5,
    0x0, 0x0, 0x0, 0x0, 0x0, 0x3e, 0xb0, 0xf7,
    0x8, 0xfa, 0x0, 0x0, 0x0, 0x0, 0x5f, 0xb0,
    0xf, 0x70, 0x4, 0xed, 0x20, 0x0, 0x0, 0x8f,
    0xb0, 0x0, 0xf7, 0x0, 0x1, 0xdf, 0x50, 0x4,
    0xdf, 0x60, 0x0, 0xf, 0x70, 0x0, 0x0, 0xbf,
    0x61, 0xec, 0x20, 0x0, 0x0, 0xf7, 0x0, 0x0,
    0x0, 0xa6, 0x2, 0x0, 0x0, 0x0, 0xf, 0x70,
    0x0, 0x0, 0x0, 0x0, 0x0, 0x0, 0x0, 0x0,
    0xf7, 0x0, 0x0, 0x0, 0x0, 0x0, 0x0, 0x0,
    0x0, 0xf, 0x70, 0x0, 0x0, 0x0, 0x0, 0x0,
    0x0, 0x0, 0x0, 0xf7, 0x0, 0x0, 0x0, 0x0,
    0x0, 0x0, 0x0, 0x0, 0xf, 0x70, 0x0, 0x0,
    0x0, 0x0, 0x0, 0x0, 0x0, 0x0, 0xf7, 0x0,
    0x0, 0x0, 0x0,

    /* U+4E0E "与" */
    0x0, 0x0, 0x31, 0x0, 0x0, 0x0, 0x0, 0x0,
    0x0, 0x0, 0xf, 0x50, 0x0, 0x0, 0x0, 0x0,
    0x0, 0x0, 0x3, 0xf2, 0x0, 0x0, 0x0, 0x0,
    0x0, 0x0, 0x0, 0x6f, 0xff, 0xff, 0xff, 0xff,
    0xff, 0xf5, 0x0, 0x9, 0xc5, 0x55, 0x55, 0x55,
    0x55, 0x55, 0x10, 0x0, 0xd8, 0x0, 0x0, 0x0,
    0x0, 0x0, 0x0, 0x0, 0x1f, 0x40, 0x0, 0x0,
    0x0, 0x0, 0x0, 0x0, 0x4, 0xf1, 0x0, 0x0,
    0x0, 0x0, 0x0, 0x0, 0x0, 0x9f, 0xff, 0xff,
    0xff, 0xff, 0xff, 0xff, 0x90, 0x3, 0x55, 0x55,
    0x55, 0x55, 0x55, 0x55, 0xf7, 0x0, 0x0, 0x0,
    0x0, 0x0, 0x0, 0x0, 0xf, 0x50, 0x0, 0x0,
    0x0, 0x0, 0x0, 0x0, 0x2, 0xf3, 0xde, 0xee,
    0xee, 0xee, 0xee, 0xee, 0x70, 0x4f, 0x15, 0x66,
    0x66, 0x66, 0x66, 0x66, 0x63, 0x7, 0xe0, 0x0,
    0x0, 0x0, 0x0, 0x0, 0x0, 0x0, 0xbb, 0x0,
    0x0, 0x0, 0x0, 0x0, 0x0, 0x0, 0xf, 0x70,
    0x0, 0x0, 0x0, 0x0, 0x15, 0x43, 0x4a, 0xf1,
    0x0, 0x0, 0x0, 0x0, 0x0, 0xef, 0xff, 0xe5,
    0x0, 0x0, 0x0, 0x0, 0x0, 0x0, 0x0, 0x0,
    0x0, 0x0,

    /* U+4E18 "丘" */
    0x0, 0x0, 0x0, 0x0, 0x0, 0x2, 0x59, 0xc1,
    0x0, 0x0, 0x3, 0x67, 0x8a, 0xbd, 0xff, 0xfc,
    0x82, 0x0, 0x0, 0xc, 0xfd, 0xb9, 0x86, 0x52,
    0x0, 0x0, 0x0, 0x0, 0xc, 0x90, 0x0, 0x0,
    0x0, 0x0, 0x0, 0x0, 0x0, 0xc, 0x90, 0x0,
    0x0, 0x0, 0x0, 0x0, 0x0, 0x0, 0xc, 0x90,
    0x0, 0x0, 0x0, 0x0, 0x0, 0x0, 0x0, 0xc,
    0xb5, 0x55, 0x55, 0x55, 0x55, 0x55, 0x50, 0x0,
    0xc, 0xff, 0xff, 0xff, 0xff, 0xff, 0xff, 0xf0,
    0x0, 0xc, 0x90, 0x0, 0x0, 0x0, 0xd8, 0x0,
    0x0, 0x0, 0xc, 0x90, 0x0, 0x0, 0x0, 0xd8,
    0x0, 0x0, 0x0, 0xc, 0x90, 0x0, 0x0, 0x0,
    0xd8, 0x0, 0x0, 0x0, 0xc, 0x90, 0x0, 0x0,
    0x0, 0xd8, 0x0, 0x0, 0x0, 0xc, 0x90, 0x0,
    0x0, 0x0, 0xd8, 0x0, 0x0, 0x0, 0xc, 0x90,
    0x0, 0x0, 0x0, 0xd8, 0x0, 0x0, 0x0, 0xc,
    0x90, 0x0, 0x0, 0x0, 0xd8, 0x0, 0x0, 0xff,
    0xff, 0xff, 0xff, 0xff, 0xff, 0xff, 0xff, 0xff,
    0x55, 0x55, 0x55, 0x55, 0x55, 0x55, 0x55, 0x55,
    0x55,

    /* U+4E24 "两" */
    0x35, 0x55, 0x55, 0x55, 0x55, 0x55, 0x55, 0x55,
    0x55, 0xaf, 0xff, 0xff, 0xff, 0xff, 0xff, 0xff,
    0xff, 0xfe, 0x0, 0x0, 0x2, 0xf1, 0x0, 0xf,
    0x40, 0x0, 0x0, 0x0, 0x0, 0x2, 0xf1, 0x0,
    0xf, 0x40, 0x0, 0x0, 0x2, 0x22, 0x24, 0xf4,
    0x22, 0x2f, 0x62, 0x22, 0x20, 0xd, 0xff, 0xff,
    0xff, 0xff, 0xff, 0xff, 0xff, 0xf1, 0xd, 0x91,
    0x15, 0xf2, 0x11, 0x3f, 0x41, 0x15, 0xf1, 0xd,
    0x80, 0x5, 0xf0, 0x0, 0x2f, 0x10, 0x3, 0xf1,
    0xd, 0x80, 0x7, 0xf2, 0x0, 0x5f, 0x40, 0x3,
    0xf1, 0xd, 0x80, 0xb, 0xfc, 0x0, 0x9f, 0xe1,
    0x3, 0xf1, 0xd, 0x80, 0xf, 0x6e, 0x70, 0xd7,
    0xbc, 0x3, 0xf1, 0xd, 0x80, 0x6e, 0x5, 0xd4,
    0xf1, 0x1e, 0x73, 0xf1, 0xd, 0x81, 0xe8, 0x0,
    0x3d, 0xa0, 0x5, 0xf6, 0xf1, 0xd, 0x8b, 0xd0,
    0x0, 0x9e, 0x10, 0x0, 0x95, 0xf1, 0xd, 0x8a,
    0x30, 0x0, 0x94, 0x0, 0x0, 0x3, 0xf1, 0xd,
    0x80, 0x0, 0x0, 0x0, 0x0, 0x0, 0x3, 0xf1,
    0xd, 0x80, 0x0, 0x0, 0x0, 0x0, 0x55, 0x58,
    0xf0, 0xd, 0x80, 0x0, 0x0, 0x0, 0x0, 0xaf,
    0xfd, 0x80,

    /* U+4E2A "个" */
    0x0, 0x0, 0x0, 0x0, 0x0, 0x10, 0x0, 0x0,
    0x0, 0x0, 0x0, 0x0, 0x0, 0x0, 0xa, 0xd0,
    0x0, 0x0, 0x0, 0x0, 0x0, 0x0, 0x0, 0x0,
    0x6f, 0xd1, 0x0, 0x0, 0x0, 0x0, 0x0, 0x0,
    0x0, 0x4, 0xf8, 0xdc, 0x0, 0x0, 0x0, 0x0,
    0x0, 0x0, 0x0, 0x5f, 0x90, 0x1d, 0xc1, 0x0,
    0x0, 0x0, 0x0, 0x0, 0x6, 0xfa, 0x0, 0x2,
    0xdd, 0x20, 0x0, 0x0, 0x0, 0x1, 0xbf, 0x80,
    0x7, 0x30, 0x1c, 0xf7, 0x0, 0x0, 0x0, 0x6e,
    0xf5, 0x0, 0xe, 0x70, 0x0, 0x8f, 0xd4, 0x0,
    0x2d, 0xfc, 0x20, 0x0, 0xe, 0x70, 0x0, 0x3,
    0xdf, 0xa0, 0xa, 0x50, 0x0, 0x0, 0xe, 0x70,
    0x0, 0x0, 0x7, 0x70, 0x0, 0x0, 0x0, 0x0,
    0xe, 0x70, 0x0, 0x0, 0x0, 0x0, 0x0, 0x0,
    0x0, 0x0, 0xe, 0x70, 0x0, 0x0, 0x0, 0x0,
    0x0, 0x0, 0x0, 0x0, 0xe, 0x70, 0x0, 0x0,
    0x0, 0x0, 0x0, 0x0, 0x0, 0x0, 0xe, 0x70,
    0x0, 0x0, 0x0, 0x0, 0x0, 0x0, 0x0, 0x0,
    0xe, 0x70, 0x0, 0x0, 0x0, 0x0, 0x0, 0x0,
    0x0, 0x0, 0xe, 0x70, 0x0, 0x0, 0x0, 0x0,
    0x0, 0x0, 0x0, 0x0, 0xe, 0x70, 0x0, 0x0,
    0x0, 0x0, 0x0, 0x0, 0x0, 0x0, 0xe, 0x70,
    0x0, 0x0, 0x0, 0x0, 0x0, 0x0, 0x0, 0x0,
    0xe, 0x70, 0x0, 0x0, 0x0, 0x0,

    /* U+4E2D "中" */
    0x0, 0x0, 0x0, 0x0, 0x42, 0x0, 0x0, 0x0,
    0x0, 0x0, 0x0, 0x0, 0xe, 0x70, 0x0, 0x0,
    0x0, 0x0, 0x0, 0x0, 0x0, 0xe7, 0x0, 0x0,
    0x0, 0x0, 0x22, 0x22, 0x22, 0x2e, 0x92, 0x22,
    0x22, 0x21, 0xf, 0xff, 0xff, 0xff, 0xff, 0xff,
    0xff, 0xff, 0x90, 0xf6, 0x22, 0x22, 0x2e, 0x82,
    0x22, 0x22, 0xd9, 0xf, 0x40, 0x0, 0x0, 0xe7,
    0x0, 0x0, 0xc, 0x90, 0xf4, 0x0, 0x0, 0xe,
    0x70, 0x0, 0x0, 0xc9, 0xf, 0x40, 0x0, 0x0,
    0xe7, 0x0, 0x0, 0xc, 0x90, 0xf4, 0x0, 0x0,
    0xe, 0x70, 0x0, 0x0, 0xc9, 0xf, 0x85, 0x55,
    0x55, 0xfa, 0x55, 0x55, 0x5d, 0x90, 0xff, 0xff,
    0xff, 0xff, 0xff, 0xff, 0xff, 0xf9, 0xf, 0x40,
    0x0, 0x0, 0xe7, 0x0, 0x0, 0xc, 0x90, 0x30,
    0x0, 0x0, 0xe, 0x70, 0x0, 0x0, 0x11, 0x0,
    0x0, 0x0, 0x0, 0xe7, 0x0, 0x0, 0x0, 0x0,
    0x0, 0x0, 0x0, 0xe, 0x70, 0x0, 0x0, 0x0,
    0x0, 0x0, 0x0, 0x0, 0xe7, 0x0, 0x0, 0x0,
    0x0, 0x0, 0x0, 0x0, 0xe, 0x70, 0x0, 0x0,
    0x0, 0x0, 0x0, 0x0, 0x0, 0xe7, 0x0, 0x0,
    0x0, 0x0,

    /* U+4E3A "为" */
    0x0, 0x0, 0x10, 0x0, 0xa5, 0x0, 0x0, 0x0,
    0x0, 0x0, 0x9, 0xd0, 0x0, 0xe7, 0x0, 0x0,
    0x0, 0x0, 0x0, 0x0, 0xda, 0x0, 0xe7, 0x0,
    0x0, 0x0, 0x0, 0x0, 0x0, 0x3f, 0x30, 0xe6,
    0x0, 0x0, 0x0, 0x0, 0x0, 0x0, 0x2, 0x0,
    0xf6, 0x0, 0x0, 0x0, 0x0, 0x8, 0xff, 0xff,
    0xff, 0xff, 0xff, 0xff, 0xff, 0xfb, 0x3, 0x55,
    0x55, 0x57, 0xf7, 0x55, 0x55, 0x55, 0xcb, 0x0,
    0x0, 0x0, 0x5, 0xf0, 0x0, 0x0, 0x0, 0xba,
    0x0, 0x0, 0x0, 0x9, 0xd0, 0x0, 0x0, 0x0,
    0xc9, 0x0, 0x0, 0x0, 0xe, 0x90, 0xd7, 0x0,
    0x0, 0xd9, 0x0, 0x0, 0x0, 0x5f, 0x20, 0x4f,
    0x50, 0x0, 0xd8, 0x0, 0x0, 0x0, 0xcb, 0x0,
    0x8, 0xe1, 0x0, 0xf7, 0x0, 0x0, 0x7, 0xf4,
    0x0, 0x0, 0xd8, 0x0, 0xf5, 0x0, 0x0, 0x3f,
    0x90, 0x0, 0x0, 0x10, 0x2, 0xf4, 0x0, 0x1,
    0xec, 0x0, 0x0, 0x0, 0x0, 0x4, 0xf2, 0x0,
    0x2e, 0xd1, 0x0, 0x0, 0x0, 0x0, 0x7, 0xf0,
    0x6, 0xfc, 0x10, 0x0, 0x0, 0x5, 0x55, 0x6e,
    0xb0, 0x8, 0x80, 0x0, 0x0, 0x0, 0x8, 0xff,
    0xfc, 0x20, 0x0, 0x0, 0x0, 0x0, 0x0, 0x0,
    0x0, 0x0, 0x0,

    /* U+4E48 "么" */
    0x0, 0x0, 0x0, 0x1, 0x40, 0x0, 0x0, 0x0,
    0x0, 0x0, 0x0, 0x0, 0xb, 0xe0, 0x0, 0x0,
    0x0, 0x0, 0x0, 0x0, 0x0, 0x6f, 0x30, 0x0,
    0x0, 0x0, 0x0, 0x0, 0x0, 0x4, 0xf8, 0x0,
    0x0, 0x0, 0x0, 0x0, 0x0, 0x0, 0x2e, 0xa0,
    0x0, 0x0, 0x40, 0x0, 0x0, 0x0, 0x2, 0xec,
    0x0, 0x0, 0x7, 0xf5, 0x0, 0x0, 0x0, 0x2e,
    0xc1, 0x0, 0x0, 0x4f, 0x80, 0x0, 0x0, 0x3,
    0xed, 0x10, 0x0, 0x1, 0xeb, 0x0, 0x0, 0x0,
    0x5f, 0xb0, 0x0, 0x0, 0xd, 0xd0, 0x0, 0x0,
    0x0, 0x18, 0x0, 0x0, 0x0, 0xbe, 0x20, 0x0,
    0x0, 0x0, 0x0, 0x0, 0x0, 0x9, 0xf4, 0x0,
    0x40, 0x0, 0x0, 0x0, 0x0, 0x0, 0x9f, 0x50,
    0x1, 0xea, 0x0, 0x0, 0x0, 0x0, 0x8, 0xf5,
    0x0, 0x0, 0x4f, 0x60, 0x0, 0x0, 0x0, 0x8f,
    0x60, 0x0, 0x0, 0x7, 0xf3, 0x0, 0x0, 0xa,
    0xf5, 0x0, 0x0, 0x0, 0x0, 0xce, 0x0, 0x2,
    0xcf, 0x85, 0x67, 0x9a, 0xbd, 0xef, 0xff, 0x90,
    0xc, 0xff, 0xff, 0xfd, 0xca, 0x98, 0x65, 0x48,
    0xf3, 0x3, 0x53, 0x10, 0x0, 0x0, 0x0, 0x0,
    0x0, 0xda, 0x0, 0x0, 0x0, 0x0, 0x0, 0x0,
    0x0, 0x0, 0x10,

    /* U+4E50 "乐" */
    0x0, 0x0, 0x0, 0x0, 0x0, 0x0, 0x0, 0x14,
    0x60, 0x0, 0x0, 0x1, 0x44, 0x56, 0x78, 0x9b,
    0xde, 0xff, 0xd2, 0x0, 0x0, 0x9, 0xfe, 0xdc,
    0xba, 0xa9, 0x75, 0x30, 0x0, 0x0, 0x0, 0xa,
    0xb0, 0x0, 0x0, 0x0, 0x0, 0x0, 0x0, 0x0,
    0x0, 0xc, 0x90, 0x0, 0x4, 0xe1, 0x0, 0x0,
    0x0, 0x0, 0x0, 0xe, 0x60, 0x0, 0x4, 0xf1,
    0x0, 0x0, 0x0, 0x0, 0x0, 0x1f, 0x30, 0x0,
    0x4, 0xf1, 0x0, 0x0, 0x0, 0x0, 0x0, 0x5f,
    0x0, 0x0, 0x4, 0xf1, 0x0, 0x0, 0x0, 0x0,
    0x0, 0xbf, 0xee, 0xee, 0xef, 0xff, 0xee, 0xee,
    0xee, 0x70, 0x0, 0x57, 0x76, 0x66, 0x69, 0xf7,
    0x66, 0x66, 0x66, 0x30, 0x0, 0x0, 0x0, 0x0,
    0x4, 0xf1, 0x0, 0x0, 0x0, 0x0, 0x0, 0x0,
    0x35, 0x0, 0x4, 0xf1, 0x0, 0x42, 0x0, 0x0,
    0x0, 0x0, 0xda, 0x0, 0x4, 0xf1, 0x0, 0xbd,
    0x0, 0x0, 0x0, 0x8, 0xf1, 0x0, 0x4, 0xf1,
    0x0, 0x1d, 0xb0, 0x0, 0x0, 0x3f, 0x60, 0x0,
    0x4, 0xf1, 0x0, 0x3, 0xf8, 0x0, 0x2, 0xeb,
    0x0, 0x0, 0x4, 0xf1, 0x0, 0x0, 0x6f, 0x30,
    0xd, 0xd0, 0x0, 0x0, 0x4, 0xf1, 0x0, 0x0,
    0xb, 0xd0, 0x6, 0x20, 0x0, 0x25, 0x59, 0xf0,
    0x0, 0x0, 0x2, 0x50, 0x0, 0x0, 0x0, 0x4f,
    0xfd, 0x70, 0x0, 0x0, 0x0, 0x0,

    /* U+4E5F "也" */
    0x0, 0x0, 0x0, 0x0, 0x3, 0xf1, 0x0, 0x0,
    0x0, 0x0, 0x0, 0x7, 0x30, 0x0, 0x3f, 0x10,
    0x0, 0x0, 0x0, 0x0, 0x0, 0xd6, 0x0, 0x3,
    0xf1, 0x0, 0x0, 0x0, 0x0, 0x0, 0xd, 0x60,
    0x0, 0x3f, 0x10, 0x0, 0x49, 0x10, 0x0, 0x0,
    0xd6, 0x0, 0x3, 0xf3, 0x6a, 0xff, 0xf3, 0x0,
    0x0, 0xd, 0x60, 0x2, 0x8f, 0xfe, 0x94, 0x2f,
    0x20, 0x0, 0x0, 0xd9, 0x8d, 0xfe, 0xf4, 0x0,
    0x2, 0xf2, 0x0, 0x5, 0xaf, 0xfb, 0x62, 0x3f,
    0x10, 0x0, 0x3f, 0x10, 0x6f, 0xfa, 0xf7, 0x0,
    0x3, 0xf1, 0x0, 0x4, 0xf0, 0x2, 0x40, 0xd,
    0x60, 0x0, 0x3f, 0x10, 0x0, 0x6e, 0x0, 0x0,
    0x0, 0xd6, 0x0, 0x3, 0xf1, 0x0, 0x9, 0xb0,
    0x0, 0x0, 0xd, 0x60, 0x0, 0x3f, 0x14, 0x56,
    0xf6, 0x0, 0x0, 0x0, 0xd6, 0x0, 0x3, 0xf1,
    0x6d, 0xc8, 0x0, 0x0, 0x0, 0xd, 0x60, 0x0,
    0x3f, 0x10, 0x0, 0x0, 0x66, 0x0, 0x0, 0xd6,
    0x0, 0x0, 0x10, 0x0, 0x0, 0xa, 0xa0, 0x0,
    0xc, 0x70, 0x0, 0x0, 0x0, 0x0, 0x0, 0xe8,
    0x0, 0x0, 0x9e, 0x54, 0x33, 0x33, 0x33, 0x34,
    0xaf, 0x20, 0x0, 0x1, 0xae, 0xff, 0xff, 0xff,
    0xff, 0xfd, 0x50,

    /* U+4E86 "了" */
    0x22, 0x22, 0x22, 0x22, 0x22, 0x22, 0x22, 0x30,
    0xef, 0xff, 0xff, 0xff, 0xff, 0xff, 0xff, 0xfa,
    0x22, 0x22, 0x22, 0x22, 0x22, 0x22, 0x5f, 0xd1,
    0x0, 0x0, 0x0, 0x0, 0x0, 0x5, 0xfc, 0x10,
    0x0, 0x0, 0x0, 0x0, 0x0, 0x8f, 0xa0, 0x0,
    0x0, 0x0, 0x0, 0x0, 0x4d, 0xe5, 0x0, 0x0,
    0x0, 0x0, 0x0, 0x6, 0xfa, 0x10, 0x0, 0x0,
    0x0, 0x0, 0x0, 0x7, 0xe0, 0x0, 0x0, 0x0,
    0x0, 0x0, 0x0, 0x7, 0xe0, 0x0, 0x0, 0x0,
    0x0, 0x0, 0x0, 0x7, 0xe0, 0x0, 0x0, 0x0,
    0x0, 0x0, 0x0, 0x7, 0xe0, 0x0, 0x0, 0x0,
    0x0, 0x0, 0x0, 0x7, 0xe0, 0x0, 0x0, 0x0,
    0x0, 0x0, 0x0, 0x7, 0xe0, 0x0, 0x0, 0x0,
    0x0, 0x0, 0x0, 0x7, 0xe0, 0x0, 0x0, 0x0,
    0x0, 0x0, 0x0, 0x7, 0xe0, 0x0, 0x0, 0x0,
    0x0, 0x0, 0x0, 0x7, 0xe0, 0x0, 0x0, 0x0,
    0x0, 0x3, 0x54, 0x5b, 0xd0, 0x0, 0x0, 0x0,
    0x0, 0x6, 0xff, 0xfd, 0x50, 0x0, 0x0, 0x0,

    /* U+4E8E "于" */
    0x2, 0x44, 0x44, 0x44, 0x44, 0x44, 0x44, 0x44,
    0x20, 0x7, 0xff, 0xff, 0xff, 0xff, 0xff, 0xff,
    0xff, 0x70, 0x0, 0x0, 0x0, 0x0, 0x8e, 0x0,
    0x0, 0x0, 0x0, 0x0, 0x0, 0x0, 0x0, 0x8d,
    0x0, 0x0, 0x0, 0x0, 0x0, 0x0, 0x0, 0x0,
    0x8d, 0x0, 0x0, 0x0, 0x0, 0x0, 0x0, 0x0,
    0x0, 0x8d, 0x0, 0x0, 0x0, 0x0, 0x0, 0x0,
    0x0, 0x0, 0x8d, 0x0, 0x0, 0x0, 0x0, 0xdf,
    0xff, 0xff, 0xff, 0xff, 0xff, 0xff, 0xff, 0xfe,
    0x55, 0x55, 0x55, 0x55, 0xbe, 0x55, 0x55, 0x55,
    0x55, 0x0, 0x0, 0x0, 0x0, 0x8d, 0x0, 0x0,
    0x0, 0x0, 0x0, 0x0, 0x0, 0x0, 0x8d, 0x0,
    0x0, 0x0, 0x0, 0x0, 0x0, 0x0, 0x0, 0x8d,
    0x0, 0x0, 0x0, 0x0, 0x0, 0x0, 0x0, 0x0,
    0x8d, 0x0, 0x0, 0x0, 0x0, 0x0, 0x0, 0x0,
    0x0, 0x8d, 0x0, 0x0, 0x0, 0x0, 0x0, 0x0,
    0x0, 0x0, 0x8d, 0x0, 0x0, 0x0, 0x0, 0x0,
    0x0, 0x45, 0x55, 0xcc, 0x0, 0x0, 0x0, 0x0,
    0x0, 0x0, 0x5f, 0xff, 0xc4, 0x0, 0x0, 0x0,
    0x0,

    /* U+4E9B "些" */
    0x0, 0x0, 0x7, 0x80, 0x0, 0xb, 0x40, 0x0,
    0x0, 0x0, 0x0, 0x0, 0x9, 0xb0, 0x0, 0xf,
    0x50, 0x0, 0x0, 0x0, 0x0, 0x86, 0x9, 0xb0,
    0x0, 0xf, 0x50, 0x1, 0x97, 0x0, 0x0, 0xb8,
    0x9, 0xc4, 0x43, 0xf, 0x52, 0x9f, 0xd6, 0x0,
    0x0, 0xb8, 0x9, 0xff, 0xfe, 0xf, 0xef, 0xb5,
    0x0, 0x0, 0x0, 0xb8, 0x9, 0xb0, 0x0, 0xf,
    0x91, 0x0, 0x0, 0x0, 0x0, 0xb8, 0x9, 0xb0,
    0x0, 0xf, 0x50, 0x0, 0x1, 0x60, 0x0, 0xb8,
    0x9, 0xb0, 0x0, 0xf, 0x50, 0x0, 0x3, 0xf1,
    0x0, 0xb8, 0x9, 0xc3, 0x57, 0xe, 0x70, 0x0,
    0x6, 0xe0, 0x7, 0xde, 0xdf, 0xff, 0xec, 0xa,
    0xff, 0xff, 0xff, 0x80, 0xb, 0xa8, 0x64, 0x20,
    0x0, 0x0, 0x34, 0x44, 0x43, 0x0, 0x0, 0x0,
    0x0, 0x0, 0x0, 0x0, 0x0, 0x0, 0x0, 0x0,
    0x0, 0x7, 0xee, 0xee, 0xee, 0xee, 0xee, 0xee,
    0xd0, 0x0, 0x0, 0x3, 0x66, 0x66, 0x66, 0x66,
    0x66, 0x66, 0x50, 0x0, 0x0, 0x0, 0x0, 0x0,
    0x0, 0x0, 0x0, 0x0, 0x0, 0x0, 0x0, 0x0,
    0x0, 0x0, 0x0, 0x0, 0x0, 0x0, 0x0, 0x0,
    0x4, 0x55, 0x55, 0x55, 0x55, 0x55, 0x55, 0x55,
    0x55, 0x40, 0xc, 0xff, 0xff, 0xff, 0xff, 0xff,
    0xff, 0xff, 0xff, 0xe0,

    /* U+4EAB "享" */
    0x0, 0x0, 0x0, 0x1, 0xc3, 0x0, 0x0, 0x0,
    0x0, 0x0, 0x0, 0x0, 0x0, 0xcb, 0x0, 0x0,
    0x0, 0x0, 0xbf, 0xff, 0xff, 0xff, 0xff, 0xff,
    0xff, 0xff, 0xfb, 0x23, 0x33, 0x33, 0x33, 0x33,
    0x33, 0x33, 0x33, 0x32, 0x0, 0x3, 0x33, 0x33,
    0x33, 0x33, 0x33, 0x30, 0x0, 0x0, 0x2f, 0xdc,
    0xcc, 0xcc, 0xcc, 0xcd, 0xf4, 0x0, 0x0, 0x2f,
    0x20, 0x0, 0x0, 0x0, 0x1, 0xf4, 0x0, 0x0,
    0x2f, 0x64, 0x44, 0x44, 0x44, 0x45, 0xf4, 0x0,
    0x0, 0x2c, 0xcc, 0xcc, 0xcc, 0xcc, 0xcc, 0xc3,
    0x0, 0x0, 0x22, 0x22, 0x22, 0x22, 0x22, 0x22,
    0x20, 0x0, 0x0, 0xff, 0xff, 0xff, 0xff, 0xff,
    0xff, 0xf9, 0x0, 0x0, 0x0, 0x0, 0x0, 0x1,
    0x5a, 0xfb, 0x40, 0x0, 0x0, 0x0, 0x0, 0x0,
    0x8f, 0xc7, 0x20, 0x0, 0x0, 0x44, 0x44, 0x44,
    0x44, 0xcc, 0x44, 0x44, 0x44, 0x44, 0xcd, 0xdd,
    0xdd, 0xdd, 0xff, 0xdd, 0xdd, 0xdd, 0xdd, 0x0,
    0x0, 0x0, 0x0, 0xba, 0x0, 0x0, 0x0, 0x0,
    0x0, 0x0, 0x0, 0x0, 0xba, 0x0, 0x0, 0x0,
    0x0, 0x0, 0x0, 0x1, 0x11, 0xca, 0x0, 0x0,
    0x0, 0x0, 0x0, 0x0, 0xe, 0xff, 0xd4, 0x0,
    0x0, 0x0, 0x0,

    /* U+4EAE "亮" */
    0x0, 0x0, 0x0, 0x0, 0x0, 0x0, 0x0, 0x0,
    0x0, 0x0, 0x0, 0x0, 0x1, 0xe5, 0x0, 0x0,
    0x0, 0x0, 0x0, 0x0, 0x0, 0x0, 0x9d, 0x0,
    0x0, 0x0, 0x0, 0xef, 0xff, 0xff, 0xff, 0xff,
    0xff, 0xff, 0xff, 0xf8, 0x23, 0x33, 0x33, 0x33,
    0x33, 0x33, 0x33, 0x33, 0x31, 0x0, 0x4, 0x44,
    0x44, 0x44, 0x44, 0x44, 0x40, 0x0, 0x0, 0xf,
    0xdb, 0xbb, 0xbb, 0xbb, 0xbd, 0xf0, 0x0, 0x0,
    0xf, 0x50, 0x0, 0x0, 0x0, 0x6, 0xf0, 0x0,
    0x0, 0xf, 0xed, 0xdd, 0xdd, 0xdd, 0xde, 0xf0,
    0x0, 0x0, 0x1, 0x11, 0x11, 0x11, 0x11, 0x11,
    0x10, 0x0, 0x12, 0x22, 0x22, 0x22, 0x22, 0x22,
    0x22, 0x22, 0x20, 0x8f, 0xff, 0xff, 0xff, 0xff,
    0xff, 0xff, 0xff, 0xf2, 0x8c, 0x0, 0x0, 0x0,
    0x0, 0x0, 0x0, 0x1, 0xf2, 0x8c, 0x0, 0xd,
    0xff, 0xff, 0xff, 0xa0, 0x1, 0xf2, 0x1, 0x0,
    0xf, 0x73, 0x33, 0x3c, 0xb0, 0x0, 0x0, 0x0,
    0x0, 0x4f, 0x10, 0x0, 0xb, 0xb0, 0x0, 0x20,
    0x0, 0x1, 0xdb, 0x0, 0x0, 0xb, 0xb0, 0x0,
    0xb7, 0x1, 0x6e, 0xe1, 0x0, 0x0, 0xa, 0xc2,
    0x22, 0xe5, 0x9f, 0xe8, 0x0, 0x0, 0x0, 0x5,
    0xef, 0xff, 0xc1, 0x12, 0x0, 0x0, 0x0, 0x0,
    0x0, 0x0, 0x0, 0x0,

    /* U+4EB2 "亲" */
    0x0, 0x0, 0x0, 0x1, 0x91, 0x0, 0x0, 0x0,
    0x0, 0x0, 0x0, 0x0, 0x0, 0xe9, 0x0, 0x0,
    0x0, 0x0, 0x0, 0x33, 0x33, 0x33, 0x9f, 0x43,
    0x33, 0x33, 0x20, 0x1, 0xff, 0xff, 0xff, 0xff,
    0xff, 0xff, 0xff, 0xc0, 0x0, 0x0, 0x58, 0x0,
    0x0, 0x0, 0x59, 0x0, 0x0, 0x0, 0x0, 0x3f,
    0x30, 0x0, 0x0, 0xda, 0x0, 0x0, 0x0, 0x0,
    0xc, 0xa0, 0x0, 0x5, 0xf2, 0x0, 0x0, 0x14,
    0x44, 0x49, 0xd4, 0x44, 0x4d, 0xc4, 0x44, 0x43,
    0x5e, 0xee, 0xee, 0xee, 0xff, 0xee, 0xee, 0xee,
    0xeb, 0x0, 0x0, 0x0, 0x0, 0x6e, 0x0, 0x0,
    0x0, 0x0, 0x1, 0x11, 0x11, 0x11, 0x7f, 0x11,
    0x11, 0x11, 0x10, 0xe, 0xff, 0xff, 0xff, 0xff,
    0xff, 0xff, 0xff, 0xf7, 0x1, 0x11, 0x11, 0x11,
    0x7f, 0x11, 0x11, 0x11, 0x10, 0x0, 0x0, 0x99,
    0x0, 0x6e, 0x0, 0x8b, 0x0, 0x0, 0x0, 0x4,
    0xf4, 0x0, 0x6e, 0x0, 0x3f, 0xa0, 0x0, 0x0,
    0x1e, 0x90, 0x0, 0x6e, 0x0, 0x3, 0xf9, 0x0,
    0x2, 0xdc, 0x0, 0x0, 0x6e, 0x0, 0x0, 0x5f,
    0x60, 0xa, 0xd1, 0x0, 0x33, 0x9e, 0x0, 0x0,
    0x9, 0xc0, 0x0, 0x10, 0x0, 0xef, 0xe7, 0x0,
    0x0, 0x0, 0x0,

    /* U+4EBA "人" */
    0x0, 0x0, 0x0, 0x0, 0x8, 0x80, 0x0, 0x0,
    0x0, 0x0, 0x0, 0x0, 0x0, 0x0, 0xc, 0xb0,
    0x0, 0x0, 0x0, 0x0, 0x0, 0x0, 0x0, 0x0,
    0xc, 0xa0, 0x0, 0x0, 0x0, 0x0, 0x0, 0x0,
    0x0, 0x0, 0xd, 0xa0, 0x0, 0x0, 0x0, 0x0,
    0x0, 0x0, 0x0, 0x0, 0xf, 0xc0, 0x0, 0x0,
    0x0, 0x0, 0x0, 0x0, 0x0, 0x0, 0x2f, 0xf0,
    0x0, 0x0, 0x0, 0x0, 0x0, 0x0, 0x0, 0x0,
    0x5f, 0xf3, 0x0, 0x0, 0x0, 0x0, 0x0, 0x0,
    0x0, 0x0, 0x9e, 0xd8, 0x0, 0x0, 0x0, 0x0,
    0x0, 0x0, 0x0, 0x0, 0xd9, 0x8d, 0x0, 0x0,
    0x0, 0x0, 0x0, 0x0, 0x0, 0x3, 0xf4, 0x3f,
    0x30, 0x0, 0x0, 0x0, 0x0, 0x0, 0x0, 0x9,
    0xe0, 0xc, 0xa0, 0x0, 0x0, 0x0, 0x0, 0x0,
    0x0, 0x2f, 0x70, 0x4, 0xf2, 0x0, 0x0, 0x0,
    0x0, 0x0, 0x0, 0xbe, 0x0, 0x0, 0xcc, 0x0,
    0x0, 0x0, 0x0, 0x0, 0x5, 0xf6, 0x0, 0x0,
    0x3f, 0x80, 0x0, 0x0, 0x0, 0x0, 0x4f, 0x90,
    0x0, 0x0, 0x6, 0xf6, 0x0, 0x0, 0x0, 0x4,
    0xfb, 0x0, 0x0, 0x0, 0x0, 0x9f, 0x70, 0x0,
    0x0, 0x9f, 0xb1, 0x0, 0x0, 0x0, 0x0, 0x9,
    0xfc, 0x20, 0xc, 0xf8, 0x0, 0x0, 0x0, 0x0,
    0x0, 0x0, 0x6e, 0xe0, 0x2, 0x20, 0x0, 0x0,
    0x0, 0x0, 0x0, 0x0, 0x0, 0x20,

    /* U+4EC0 "什" */
    0x0, 0x0, 0x0, 0x10, 0x0, 0x0, 0x10, 0x0,
    0x0, 0x0, 0x0, 0x0, 0x7, 0xe0, 0x0, 0x0,
    0xc9, 0x0, 0x0, 0x0, 0x0, 0x0, 0xe, 0x70,
    0x0, 0x0, 0xc9, 0x0, 0x0, 0x0, 0x0, 0x0,
    0x8e, 0x0, 0x0, 0x0, 0xc9, 0x0, 0x0, 0x0,
    0x0, 0x1, 0xf6, 0x0, 0x0, 0x0, 0xc9, 0x0,
    0x0, 0x0, 0x0, 0xa, 0xf2, 0x0, 0x0, 0x0,
    0xc9, 0x0, 0x0, 0x0, 0x0, 0x6f, 0xf2, 0x0,
    0x0, 0x0, 0xc9, 0x0, 0x0, 0x0, 0x4, 0xf7,
    0xf2, 0x7f, 0xff, 0xff, 0xff, 0xff, 0xff, 0xf1,
    0x1f, 0x82, 0xf2, 0x25, 0x55, 0x55, 0xdb, 0x55,
    0x55, 0x50, 0x5, 0x2, 0xf2, 0x0, 0x0, 0x0,
    0xc9, 0x0, 0x0, 0x0, 0x0, 0x2, 0xf2, 0x0,
    0x0, 0x0, 0xc9, 0x0, 0x0, 0x0, 0x0, 0x2,
    0xf2, 0x0, 0x0, 0x0, 0xc9, 0x0, 0x0, 0x0,
    0x0, 0x2, 0xf2, 0x0, 0x0, 0x0, 0xc9, 0x0,
    0x0, 0x0, 0x0, 0x2, 0xf2, 0x0, 0x0, 0x0,
    0xc9, 0x0, 0x0, 0x0, 0x0, 0x2, 0xf2, 0x0,
    0x0, 0x0, 0xc9, 0x0, 0x0, 0x0, 0x0, 0x2,
    0xf2, 0x0, 0x0, 0x0, 0xc9, 0x0, 0x0, 0x0,
    0x0, 0x2, 0xf2, 0x0, 0x0, 0x0, 0xc9, 0x0,
    0x0, 0x0, 0x0, 0x2, 0xf2, 0x0, 0x0, 0x0,
    0xc9, 0x0, 0x0, 0x0, 0x0, 0x2, 0xf2, 0x0,
    0x0, 0x0, 0xc9, 0x0, 0x0, 0x0, 0x0, 0x0,
    0x0, 0x0, 0x0, 0x0, 0x0, 0x0, 0x0, 0x0,

    /* U+4ECA "今" */
    0x0, 0x0, 0x0, 0x0, 0x6, 0xa0, 0x0, 0x0,
    0x0, 0x0, 0x0, 0x0, 0x0, 0x0, 0x3f, 0xf3,
    0x0, 0x0, 0x0, 0x0, 0x0, 0x0, 0x0, 0x2,
    0xec, 0xae, 0x20, 0x0, 0x0, 0x0, 0x0, 0x0,
    0x0, 0x3e, 0xc0, 0xa, 0xe4, 0x0, 0x0, 0x0,
    0x0, 0x0, 0x5, 0xfc, 0x10, 0x0, 0x9f, 0x70,
    0x0, 0x0, 0x0, 0x1, 0xaf, 0xa0, 0x51, 0x0,
    0x7, 0xfb, 0x20, 0x0, 0x0, 0x6e, 0xf6, 0x0,
    0xbe, 0x40, 0x0, 0x3e, 0xf8, 0x0, 0xd, 0xfb,
    0x20, 0x0, 0x8, 0xf6, 0x0, 0x1, 0x9f, 0xe0,
    0x6, 0x40, 0x0, 0x0, 0x0, 0x6f, 0x50, 0x0,
    0x3, 0x40, 0x0, 0x0, 0x0, 0x0, 0x0, 0x4,
    0x0, 0x0, 0x0, 0x0, 0x0, 0xb, 0xff, 0xff,
    0xff, 0xff, 0xff, 0xff, 0xb0, 0x0, 0x0, 0x4,
    0x66, 0x66, 0x66, 0x66, 0x66, 0xcf, 0x40, 0x0,
    0x0, 0x0, 0x0, 0x0, 0x0, 0x0, 0x3, 0xf8,
    0x0, 0x0, 0x0, 0x0, 0x0, 0x0, 0x0, 0x0,
    0x1e, 0xb0, 0x0, 0x0, 0x0, 0x0, 0x0, 0x0,
    0x0, 0x0, 0xce, 0x10, 0x0, 0x0, 0x0, 0x0,
    0x0, 0x0, 0x0, 0xa, 0xf3, 0x0, 0x0, 0x0,
    0x0, 0x0, 0x0, 0x0, 0x0, 0x7f, 0x50, 0x0,
    0x0, 0x0, 0x0, 0x0, 0x0, 0x0, 0x5, 0xf8,
    0x0, 0x0, 0x0, 0x0, 0x0, 0x0, 0x0, 0x0,
    0x1, 0x60, 0x0, 0x0, 0x0, 0x0,

    /* U+4ECD "仍" */
    0x0, 0x0, 0x45, 0x0, 0x0, 0x0, 0x0, 0x0,
    0x0, 0x0, 0x0, 0xc, 0x92, 0x44, 0x44, 0x44,
    0x44, 0x40, 0x0, 0x0, 0x3, 0xf3, 0x8f, 0xff,
    0xff, 0xff, 0xfc, 0x0, 0x0, 0x0, 0x9d, 0x0,
    0x2, 0xf3, 0x0, 0xa, 0x90, 0x0, 0x0, 0xf,
    0x60, 0x0, 0x2f, 0x20, 0x0, 0xd6, 0x0, 0x0,
    0x8, 0xf4, 0x0, 0x3, 0xf1, 0x0, 0x1f, 0x30,
    0x0, 0x2, 0xff, 0x40, 0x0, 0x4f, 0x10, 0x4,
    0xf0, 0x0, 0x0, 0xcd, 0xf4, 0x0, 0x5, 0xf0,
    0x0, 0x7e, 0x55, 0x51, 0x5f, 0x3f, 0x40, 0x0,
    0x7d, 0x0, 0xa, 0xee, 0xef, 0x50, 0x60, 0xf4,
    0x0, 0xa, 0xb0, 0x0, 0x0, 0x0, 0xf4, 0x0,
    0xf, 0x40, 0x0, 0xc9, 0x0, 0x0, 0x0, 0x1f,
    0x30, 0x0, 0xf4, 0x0, 0xf, 0x60, 0x0, 0x0,
    0x2, 0xf2, 0x0, 0xf, 0x40, 0x5, 0xf1, 0x0,
    0x0, 0x0, 0x3f, 0x0, 0x0, 0xf4, 0x0, 0xab,
    0x0, 0x0, 0x0, 0x5, 0xf0, 0x0, 0xf, 0x40,
    0x1f, 0x60, 0x0, 0x0, 0x0, 0x7d, 0x0, 0x0,
    0xf4, 0x9, 0xe0, 0x0, 0x0, 0x0, 0xb, 0xa0,
    0x0, 0xf, 0x45, 0xf5, 0x0, 0x0, 0x44, 0x36,
    0xf6, 0x0, 0x0, 0xf5, 0xc9, 0x0, 0x0, 0x9,
    0xff, 0xfb, 0x0, 0x0, 0x2, 0x0, 0x0, 0x0,
    0x0, 0x0, 0x0, 0x0, 0x0,

    /* U+4ECE "从" */
    0x0, 0x0, 0x2, 0x20, 0x0, 0x0, 0x4, 0x10,
    0x0, 0x0, 0x0, 0x0, 0xb, 0xb0, 0x0, 0x0,
    0x1f, 0x60, 0x0, 0x0, 0x0, 0x0, 0xc, 0xa0,
    0x0, 0x0, 0x2f, 0x40, 0x0, 0x0, 0x0, 0x0,
    0xe, 0x80, 0x0, 0x0, 0x4f, 0x30, 0x0, 0x0,
    0x0, 0x0, 0xf, 0x70, 0x0, 0x0, 0x5f, 0x10,
    0x0, 0x0, 0x0, 0x0, 0xf, 0x60, 0x0, 0x0,
    0x7f, 0x0, 0x0, 0x0, 0x0, 0x0, 0x2f, 0x40,
    0x0, 0x0, 0x9d, 0x0, 0x0, 0x0, 0x0, 0x0,
    0x4f, 0xa0, 0x0, 0x0, 0xcd, 0x0, 0x0, 0x0,
    0x0, 0x0, 0x7f, 0xf6, 0x0, 0x0, 0xff, 0x10,
    0x0, 0x0, 0x0, 0x0, 0x9d, 0x7f, 0x20, 0x3,
    0xff, 0x50, 0x0, 0x0, 0x0, 0x0, 0xca, 0xc,
    0xc0, 0x6, 0xfb, 0xa0, 0x0, 0x0, 0x0, 0x1,
    0xf7, 0x2, 0xf7, 0xc, 0xc4, 0xf1, 0x0, 0x0,
    0x0, 0x6, 0xf2, 0x0, 0x8e, 0x3f, 0x70, 0xe7,
    0x0, 0x0, 0x0, 0xb, 0xd0, 0x0, 0x6, 0x9f,
    0x10, 0x7e, 0x10, 0x0, 0x0, 0x1f, 0x70, 0x0,
    0x1, 0xf9, 0x0, 0xe, 0xa0, 0x0, 0x0, 0xbf,
    0x10, 0x0, 0xb, 0xf1, 0x0, 0x5, 0xf6, 0x0,
    0x6, 0xf8, 0x0, 0x0, 0x8f, 0x60, 0x0, 0x0,
    0xaf, 0x70, 0xd, 0xd0, 0x0, 0x4, 0xf9, 0x0,
    0x0, 0x0, 0xb, 0xc0, 0x1, 0x20, 0x0, 0x0,
    0x30, 0x0, 0x0, 0x0, 0x0, 0x10,

    /* U+4ED4 "仔" */
    0x0, 0x0, 0x9, 0x20, 0x0, 0x0, 0x0, 0x0,
    0x0, 0x0, 0x0, 0x5, 0xf1, 0x35, 0x55, 0x55,
    0x55, 0x55, 0x40, 0x0, 0x0, 0xda, 0xb, 0xff,
    0xff, 0xff, 0xff, 0xff, 0x20, 0x0, 0x4f, 0x20,
    0x0, 0x0, 0x0, 0x0, 0x9f, 0x30, 0x0, 0xc,
    0xb0, 0x0, 0x0, 0x0, 0x1, 0xbe, 0x30, 0x0,
    0x6, 0xf5, 0x0, 0x0, 0x0, 0x6, 0xea, 0x10,
    0x0, 0x1, 0xef, 0x50, 0x0, 0x0, 0x2, 0xf7,
    0x0, 0x0, 0x0, 0xcd, 0xf5, 0x0, 0x0, 0x0,
    0x2f, 0x30, 0x0, 0x0, 0x5f, 0x2e, 0x50, 0x11,
    0x11, 0x13, 0xf4, 0x11, 0x11, 0x10, 0x30, 0xe5,
    0xf, 0xff, 0xff, 0xff, 0xff, 0xff, 0xff, 0x0,
    0xe, 0x50, 0x33, 0x33, 0x35, 0xf6, 0x33, 0x33,
    0x30, 0x0, 0xe5, 0x0, 0x0, 0x0, 0x2f, 0x30,
    0x0, 0x0, 0x0, 0xe, 0x50, 0x0, 0x0, 0x2,
    0xf3, 0x0, 0x0, 0x0, 0x0, 0xe5, 0x0, 0x0,
    0x0, 0x2f, 0x30, 0x0, 0x0, 0x0, 0xe, 0x50,
    0x0, 0x0, 0x2, 0xf3, 0x0, 0x0, 0x0, 0x0,
    0xe5, 0x0, 0x0, 0x0, 0x2f, 0x30, 0x0, 0x0,
    0x0, 0xe, 0x50, 0x0, 0x0, 0x2, 0xf3, 0x0,
    0x0, 0x0, 0x0, 0xe5, 0x0, 0x4, 0x66, 0x8f,
    0x10, 0x0, 0x0, 0x0, 0xe, 0x50, 0x0, 0x7e,
    0xec, 0x80, 0x0, 0x0, 0x0,

    /* U+4ED6 "他" */
    0x0, 0x0, 0xb, 0x30, 0x0, 0x0, 0xc4, 0x0,
    0x0, 0x0, 0x0, 0x0, 0x7e, 0x0, 0x10, 0x0,
    0xe5, 0x0, 0x0, 0x0, 0x0, 0x0, 0xe7, 0x3,
    0xf1, 0x0, 0xe5, 0x0, 0x0, 0x0, 0x0, 0x7,
    0xe0, 0x3, 0xf1, 0x0, 0xe5, 0x0, 0x16, 0x0,
    0x0, 0xe, 0x80, 0x3, 0xf1, 0x0, 0xe6, 0x5b,
    0xff, 0x10, 0x0, 0xaf, 0x50, 0x3, 0xf1, 0x2,
    0xff, 0xfb, 0x7f, 0x10, 0x5, 0xff, 0x50, 0x3,
    0xf6, 0xbf, 0xf9, 0x10, 0x2f, 0x10, 0x4f, 0x8e,
    0x50, 0x29, 0xff, 0xa3, 0xe5, 0x0, 0x3f, 0x0,
    0x9b, 0xe, 0x58, 0xfe, 0xf2, 0x0, 0xe5, 0x0,
    0x3f, 0x0, 0x10, 0xe, 0x53, 0x43, 0xf1, 0x0,
    0xe5, 0x0, 0x3f, 0x0, 0x0, 0xe, 0x50, 0x3,
    0xf1, 0x0, 0xe5, 0x0, 0x4f, 0x0, 0x0, 0xe,
    0x50, 0x3, 0xf1, 0x0, 0xe5, 0x0, 0x8d, 0x0,
    0x0, 0xe, 0x50, 0x3, 0xf1, 0x0, 0xe5, 0xaf,
    0xf6, 0x0, 0x0, 0xe, 0x50, 0x3, 0xf1, 0x0,
    0xe5, 0x12, 0x10, 0x0, 0x0, 0xe, 0x50, 0x3,
    0xf1, 0x0, 0x0, 0x0, 0x4, 0xa0, 0x0, 0xe,
    0x50, 0x3, 0xf1, 0x0, 0x0, 0x0, 0x6, 0xd0,
    0x0, 0xe, 0x50, 0x1, 0xf8, 0x33, 0x33, 0x33,
    0x4d, 0xa0, 0x0, 0xe, 0x50, 0x0, 0x6e, 0xff,
    0xff, 0xff, 0xfc, 0x20, 0x0, 0x3, 0x10, 0x0,
    0x0, 0x0, 0x0, 0x0, 0x0, 0x0,

    /* U+4EE5 "以" */
    0x0, 0x21, 0x0, 0x0, 0x0, 0x0, 0x0, 0xe7,
    0x0, 0x0, 0xe, 0x70, 0x4, 0xb0, 0x0, 0x0,
    0xf, 0x60, 0x0, 0x0, 0xe7, 0x0, 0x1f, 0x80,
    0x0, 0x1, 0xf5, 0x0, 0x0, 0xe, 0x70, 0x0,
    0x5f, 0x40, 0x0, 0x2f, 0x30, 0x0, 0x0, 0xe7,
    0x0, 0x0, 0xbd, 0x0, 0x4, 0xf1, 0x0, 0x0,
    0xe, 0x70, 0x0, 0x2, 0xf5, 0x0, 0x6f, 0x0,
    0x0, 0x0, 0xe7, 0x0, 0x0, 0x3, 0x0, 0x9,
    0xc0, 0x0, 0x0, 0xe, 0x70, 0x0, 0x0, 0x0,
    0x0, 0xd9, 0x0, 0x0, 0x0, 0xe7, 0x0, 0x0,
    0x0, 0x0, 0x1f, 0x50, 0x0, 0x0, 0xe, 0x70,
    0x0, 0x0, 0x0, 0x6, 0xf1, 0x0, 0x0, 0x0,
    0xe7, 0x0, 0x0, 0x10, 0x0, 0xca, 0x0, 0x0,
    0x0, 0xe, 0x70, 0x17, 0xe8, 0x0, 0x4f, 0x80,
    0x0, 0x0, 0x0, 0xf9, 0x8f, 0xe7, 0x0, 0xd,
    0xdf, 0x60, 0x0, 0x0, 0x4f, 0xfe, 0x60, 0x0,
    0xb, 0xf2, 0x7f, 0x60, 0x0, 0xd, 0xe6, 0x0,
    0x0, 0x1b, 0xf4, 0x0, 0x8f, 0x50, 0x0, 0x30,
    0x0, 0x0, 0x5e, 0xe4, 0x0, 0x0, 0x9f, 0x30,
    0x0, 0x0, 0x1, 0xdf, 0xb1, 0x0, 0x0, 0x0,
    0xcd, 0x0, 0x0, 0x0, 0x6, 0x40, 0x0, 0x0,
    0x0, 0x2, 0x20,

    /* U+4EEC "们" */
    0x0, 0x0, 0x55, 0x1, 0x80, 0x0, 0x0, 0x0,
    0x0, 0x0, 0x0, 0xd, 0x90, 0xe, 0x70, 0x7f,
    0xff, 0xff, 0xf6, 0x0, 0x2, 0xf4, 0x0, 0x5f,
    0x11, 0x33, 0x33, 0x3f, 0x60, 0x0, 0x8e, 0x0,
    0x0, 0xc9, 0x0, 0x0, 0x0, 0xe6, 0x0, 0xd,
    0x90, 0x5, 0x5, 0xd0, 0x0, 0x0, 0xe, 0x60,
    0x4, 0xf5, 0x2, 0xf2, 0x0, 0x0, 0x0, 0x0,
    0xe6, 0x0, 0xbf, 0x40, 0x2f, 0x20, 0x0, 0x0,
    0x0, 0xe, 0x60, 0x4f, 0xf4, 0x2, 0xf2, 0x0,
    0x0, 0x0, 0x0, 0xe6, 0xd, 0xbf, 0x40, 0x2f,
    0x20, 0x0, 0x0, 0x0, 0xe, 0x60, 0xd1, 0xf4,
    0x2, 0xf2, 0x0, 0x0, 0x0, 0x0, 0xe6, 0x1,
    0xf, 0x40, 0x2f, 0x20, 0x0, 0x0, 0x0, 0xe,
    0x60, 0x0, 0xf4, 0x2, 0xf2, 0x0, 0x0, 0x0,
    0x0, 0xe6, 0x0, 0xf, 0x40, 0x2f, 0x20, 0x0,
    0x0, 0x0, 0xe, 0x60, 0x0, 0xf4, 0x2, 0xf2,
    0x0, 0x0, 0x0, 0x0, 0xe6, 0x0, 0xf, 0x40,
    0x2f, 0x20, 0x0, 0x0, 0x0, 0xe, 0x60, 0x0,
    0xf4, 0x2, 0xf2, 0x0, 0x0, 0x0, 0x0, 0xe6,
    0x0, 0xf, 0x40, 0x2f, 0x20, 0x0, 0x0, 0x0,
    0xe, 0x60, 0x0, 0xf4, 0x2, 0xf2, 0x0, 0x0,
    0x4, 0x44, 0xf5, 0x0, 0xf, 0x40, 0x2f, 0x20,
    0x0, 0x0, 0xbf, 0xeb, 0x10,

    /* U+4EF6 "件" */
    0x0, 0x0, 0x1, 0x0, 0x0, 0x0, 0x0, 0x0,
    0x0, 0x0, 0x0, 0x0, 0xd, 0x90, 0x13, 0x0,
    0xc8, 0x0, 0x0, 0x0, 0x0, 0x0, 0x5f, 0x20,
    0x7e, 0x0, 0xc8, 0x0, 0x0, 0x0, 0x0, 0x0,
    0xcb, 0x0, 0xba, 0x0, 0xc8, 0x0, 0x0, 0x0,
    0x0, 0x4, 0xf4, 0x0, 0xfa, 0x66, 0xdb, 0x66,
    0x66, 0x10, 0x0, 0xd, 0xf0, 0x5, 0xfe, 0xee,
    0xff, 0xee, 0xee, 0x30, 0x0, 0x9f, 0xe0, 0xc,
    0x90, 0x0, 0xc8, 0x0, 0x0, 0x0, 0x6, 0xfc,
    0xe0, 0x4f, 0x10, 0x0, 0xc8, 0x0, 0x0, 0x0,
    0xe, 0x85, 0xe0, 0x36, 0x0, 0x0, 0xc8, 0x0,
    0x0, 0x0, 0x3, 0x5, 0xe0, 0x0, 0x0, 0x0,
    0xc8, 0x0, 0x0, 0x0, 0x0, 0x5, 0xe0, 0x8f,
    0xff, 0xff, 0xff, 0xff, 0xff, 0xf1, 0x0, 0x5,
    0xe0, 0x35, 0x55, 0x55, 0xdb, 0x55, 0x55, 0x50,
    0x0, 0x5, 0xe0, 0x0, 0x0, 0x0, 0xc8, 0x0,
    0x0, 0x0, 0x0, 0x5, 0xe0, 0x0, 0x0, 0x0,
    0xc8, 0x0, 0x0, 0x0, 0x0, 0x5, 0xe0, 0x0,
    0x0, 0x0, 0xc8, 0x0, 0x0, 0x0, 0x0, 0x5,
    0xe0, 0x0, 0x0, 0x0, 0xc8, 0x0, 0x0, 0x0,
    0x0, 0x5, 0xe0, 0x0, 0x0, 0x0, 0xc8, 0x0,
    0x0, 0x0, 0x0, 0x5, 0xe0, 0x0, 0x0, 0x0,
    0xc8, 0x0, 0x0, 0x0, 0x0, 0x5, 0xe0, 0x0,
    0x0, 0x0, 0xc8, 0x0, 0x0, 0x0,

    /* U+4EFD "份" */
    0x0, 0x0, 0x1a, 0x10, 0x0, 0x20, 0x1, 0x40,
    0x0, 0x0, 0x0, 0x0, 0x8e, 0x0, 0x6, 0xf0,
    0x4, 0xf0, 0x0, 0x0, 0x0, 0x0, 0xe7, 0x0,
    0xb, 0xa0, 0x0, 0xf5, 0x0, 0x0, 0x0, 0x6,
    0xf1, 0x0, 0x2f, 0x40, 0x0, 0xab, 0x0, 0x0,
    0x0, 0xd, 0x90, 0x0, 0xad, 0x0, 0x0, 0x3f,
    0x30, 0x0, 0x0, 0x7f, 0x60, 0x3, 0xf5, 0x0,
    0x0, 0xc, 0xc0, 0x0, 0x2, 0xff, 0x60, 0x1d,
    0xb0, 0x0, 0x0, 0x2, 0xf8, 0x0, 0xc, 0xdf,
    0x61, 0xce, 0x10, 0x0, 0x0, 0x0, 0x6f, 0x80,
    0x5f, 0x2e, 0x64, 0xe9, 0xff, 0xff, 0xff, 0xff,
    0xa7, 0xb0, 0x4, 0xe, 0x60, 0x11, 0x44, 0xda,
    0x44, 0x4b, 0xa0, 0x0, 0x0, 0xe, 0x60, 0x0,
    0x0, 0xe6, 0x0, 0xb, 0x90, 0x0, 0x0, 0xe,
    0x60, 0x0, 0x1, 0xf3, 0x0, 0xc, 0x80, 0x0,
    0x0, 0xe, 0x60, 0x0, 0x4, 0xf0, 0x0, 0xd,
    0x70, 0x0, 0x0, 0xe, 0x60, 0x0, 0xa, 0xb0,
    0x0, 0xe, 0x60, 0x0, 0x0, 0xe, 0x60, 0x0,
    0xf, 0x50, 0x0, 0xf, 0x50, 0x0, 0x0, 0xe,
    0x60, 0x0, 0x9d, 0x0, 0x0, 0x1f, 0x30, 0x0,
    0x0, 0xe, 0x60, 0x5, 0xf4, 0x0, 0x0, 0x4f,
    0x0, 0x0, 0x0, 0xe, 0x60, 0x7f, 0x70, 0x2,
    0x55, 0xcc, 0x0, 0x0, 0x0, 0xe, 0x60, 0xa6,
    0x0, 0x3, 0xde, 0xc3, 0x0, 0x0, 0x0, 0x0,
    0x0, 0x0, 0x0, 0x0, 0x0, 0x0, 0x0, 0x0,

    /* U+4F0A "伊" */
    0x0, 0x0, 0x2, 0x60, 0x0, 0x0, 0x0, 0x0,
    0x0, 0x0, 0x0, 0x0, 0xa, 0xb2, 0x44, 0x44,
    0x44, 0x44, 0x44, 0x0, 0x0, 0x0, 0x2f, 0x38,
    0xff, 0xff, 0xff, 0xff, 0xfe, 0x0, 0x0, 0x0,
    0xba, 0x0, 0x0, 0xf, 0x30, 0x0, 0x5e, 0x0,
    0x0, 0x5, 0xf1, 0x0, 0x0, 0xf, 0x30, 0x0,
    0x5e, 0x0, 0x0, 0x2f, 0xe0, 0x0, 0x0, 0xf,
    0x30, 0x0, 0x5e, 0x0, 0x0, 0xdf, 0xe0, 0xdd,
    0xdd, 0xef, 0xed, 0xdd, 0xef, 0xd6, 0xc, 0xd7,
    0xe0, 0x55, 0x55, 0x6f, 0x85, 0x55, 0x9f, 0x52,
    0x3f, 0x25, 0xe0, 0x0, 0x0, 0x1f, 0x30, 0x0,
    0x5e, 0x0, 0x2, 0x5, 0xe0, 0x0, 0x0, 0x1f,
    0x30, 0x0, 0x5e, 0x0, 0x0, 0x5, 0xe0, 0x0,
    0x0, 0x2f, 0x20, 0x0, 0x5e, 0x0, 0x0, 0x5,
    0xe0, 0xc, 0xff, 0xff, 0xff, 0xff, 0xfe, 0x0,
    0x0, 0x5, 0xe0, 0x4, 0x44, 0xad, 0x44, 0x44,
    0x9e, 0x0, 0x0, 0x5, 0xe0, 0x0, 0x0, 0xd8,
    0x0, 0x0, 0x37, 0x0, 0x0, 0x5, 0xe0, 0x0,
    0x4, 0xf3, 0x0, 0x0, 0x0, 0x0, 0x0, 0x5,
    0xe0, 0x0, 0x1d, 0xa0, 0x0, 0x0, 0x0, 0x0,
    0x0, 0x5, 0xe0, 0x1, 0xdd, 0x10, 0x0, 0x0,
    0x0, 0x0, 0x0, 0x5, 0xe0, 0x6e, 0xe2, 0x0,
    0x0, 0x0, 0x0, 0x0, 0x0, 0x5, 0xe0, 0x99,
    0x0, 0x0, 0x0, 0x0, 0x0, 0x0, 0x0, 0x0,
    0x0, 0x0, 0x0, 0x0, 0x0, 0x0, 0x0, 0x0,

    /* U+4F11 "休" */
    0x0, 0x0, 0x0, 0x10, 0x0, 0x0, 0x10, 0x0,
    0x0, 0x0, 0x0, 0x0, 0x5, 0xf1, 0x0, 0x3,
    0xf1, 0x0, 0x0, 0x0, 0x0, 0x0, 0xd, 0x90,
    0x0, 0x3, 0xf1, 0x0, 0x0, 0x0, 0x0, 0x0,
    0x5f, 0x10, 0x0, 0x3, 0xf1, 0x0, 0x0, 0x0,
    0x0, 0x0, 0xe8, 0x0, 0x0, 0x3, 0xf1, 0x0,
    0x0, 0x0, 0x0, 0x9, 0xf1, 0x66, 0x66, 0x68,
    0xf7, 0x66, 0x66, 0x60, 0x0, 0x6f, 0xf1, 0xde,
    0xee, 0xef, 0xff, 0xee, 0xee, 0xe0, 0x4, 0xfc,
    0xf1, 0x0, 0x0, 0x3f, 0xff, 0x40, 0x0, 0x0,
    0x4f, 0xa3, 0xf1, 0x0, 0x0, 0xae, 0xfa, 0xb0,
    0x0, 0x0, 0x2b, 0x3, 0xf1, 0x0, 0x2, 0xf6,
    0xf3, 0xf3, 0x0, 0x0, 0x0, 0x3, 0xf1, 0x0,
    0xb, 0xa3, 0xf1, 0x8c, 0x0, 0x0, 0x0, 0x3,
    0xf1, 0x0, 0x4f, 0x23, 0xf1, 0x1f, 0x50, 0x0,
    0x0, 0x3, 0xf1, 0x1, 0xe9, 0x3, 0xf1, 0x7,
    0xf2, 0x0, 0x0, 0x3, 0xf1, 0xb, 0xe1, 0x3,
    0xf1, 0x0, 0xcc, 0x0, 0x0, 0x3, 0xf1, 0xaf,
    0x30, 0x3, 0xf1, 0x0, 0x2f, 0xb0, 0x0, 0x3,
    0xf7, 0xf5, 0x0, 0x3, 0xf1, 0x0, 0x4, 0xf4,
    0x0, 0x3, 0xf1, 0x30, 0x0, 0x3, 0xf1, 0x0,
    0x0, 0x10, 0x0, 0x3, 0xf1, 0x0, 0x0, 0x3,
    0xf1, 0x0, 0x0, 0x0, 0x0, 0x3, 0xe1, 0x0,
    0x0, 0x3, 0xf1, 0x0, 0x0, 0x0,

    /* U+4F17 "众" */
    0x0, 0x0, 0x0, 0x0, 0x4, 0xa0, 0x0, 0x0,
    0x0, 0x0, 0x0, 0x0, 0x0, 0x0, 0xe, 0xd0,
    0x0, 0x0, 0x0, 0x0, 0x0, 0x0, 0x0, 0x0,
    0x9f, 0xe7, 0x0, 0x0, 0x0, 0x0, 0x0, 0x0,
    0x0, 0x9, 0xf5, 0x3f, 0x60, 0x0, 0x0, 0x0,
    0x0, 0x0, 0x0, 0x9f, 0x60, 0x5, 0xf8, 0x0,
    0x0, 0x0, 0x0, 0x0, 0x3d, 0xf5, 0x0, 0x0,
    0x4e, 0xc3, 0x0, 0x0, 0x0, 0x3a, 0xfd, 0x30,
    0x0, 0x0, 0x2, 0xbf, 0xa4, 0x0, 0xa, 0xfe,
    0x74, 0x70, 0x0, 0x0, 0x16, 0x15, 0xdf, 0xd0,
    0x3, 0x60, 0x8, 0xd0, 0x0, 0x0, 0x4f, 0x10,
    0x4, 0x30, 0x0, 0x0, 0xb, 0xa0, 0x0, 0x0,
    0x7f, 0x0, 0x0, 0x0, 0x0, 0x0, 0xe, 0x80,
    0x0, 0x0, 0x9e, 0x0, 0x0, 0x0, 0x0, 0x0,
    0x3f, 0xf5, 0x0, 0x0, 0xdf, 0x40, 0x0, 0x0,
    0x0, 0x0, 0x8d, 0x6f, 0x70, 0x2, 0xfd, 0xb0,
    0x0, 0x0, 0x0, 0x0, 0xd7, 0x5, 0xf8, 0x7,
    0xd2, 0xf4, 0x0, 0x0, 0x0, 0x7, 0xf1, 0x0,
    0x6e, 0x2e, 0x60, 0x9d, 0x10, 0x0, 0x0, 0x1e,
    0x90, 0x0, 0x1, 0x9e, 0x0, 0x1e, 0xc0, 0x0,
    0x1, 0xdc, 0x0, 0x0, 0x6, 0xf4, 0x0, 0x3,
    0xfc, 0x20, 0xb, 0xe1, 0x0, 0x0, 0x5f, 0x60,
    0x0, 0x0, 0x3e, 0xb0, 0x0, 0x20, 0x0, 0x0,
    0x5, 0x0, 0x0, 0x0, 0x1, 0x10,

    /* U+4F19 "伙" */
    0x0, 0x0, 0x1, 0x0, 0x0, 0x0, 0x21, 0x0,
    0x0, 0x0, 0x0, 0x0, 0xc, 0xb0, 0x0, 0x0,
    0xf6, 0x0, 0x0, 0x0, 0x0, 0x0, 0x3f, 0x40,
    0x0, 0x0, 0xf6, 0x0, 0x0, 0x0, 0x0, 0x0,
    0xbc, 0x0, 0x0, 0x0, 0xf6, 0x0, 0x0, 0x0,
    0x0, 0x2, 0xf5, 0x0, 0x61, 0x0, 0xf6, 0x0,
    0x3, 0x50, 0x0, 0xb, 0xf0, 0x0, 0xf4, 0x0,
    0xf5, 0x0, 0xa, 0xd0, 0x0, 0x6f, 0xe0, 0x3,
    0xf1, 0x0, 0xf5, 0x0, 0xf, 0x70, 0x3, 0xff,
    0xe0, 0x6, 0xf0, 0x1, 0xf4, 0x0, 0x5f, 0x10,
    0xe, 0xc8, 0xe0, 0xa, 0xb0, 0x2, 0xf3, 0x0,
    0xba, 0x0, 0xa, 0x27, 0xe0, 0x1f, 0x60, 0x4,
    0xf6, 0x3, 0xf2, 0x0, 0x0, 0x7, 0xe0, 0x2a,
    0x0, 0x7, 0xf9, 0x0, 0x40, 0x0, 0x0, 0x7,
    0xe0, 0x0, 0x0, 0xa, 0xfd, 0x0, 0x0, 0x0,
    0x0, 0x7, 0xe0, 0x0, 0x0, 0xe, 0xaf, 0x30,
    0x0, 0x0, 0x0, 0x7, 0xe0, 0x0, 0x0, 0x5f,
    0x2c, 0xa0, 0x0, 0x0, 0x0, 0x7, 0xe0, 0x0,
    0x0, 0xdb, 0x5, 0xf2, 0x0, 0x0, 0x0, 0x7,
    0xe0, 0x0, 0x9, 0xf2, 0x0, 0xce, 0x10, 0x0,
    0x0, 0x7, 0xe0, 0x0, 0xaf, 0x50, 0x0, 0x2e,
    0xd3, 0x0, 0x0, 0x7, 0xe0, 0x6e, 0xf5, 0x0,
    0x0, 0x1, 0xdf, 0xb2, 0x0, 0x7, 0xe0, 0x99,
    0x10, 0x0, 0x0, 0x0, 0x6, 0xb0,

    /* U+4F1A "会" */
    0x0, 0x0, 0x0, 0x0, 0x5, 0x0, 0x0, 0x0,
    0x0, 0x0, 0x0, 0x0, 0x0, 0x9, 0xf3, 0x0,
    0x0, 0x0, 0x0, 0x0, 0x0, 0x0, 0x7, 0xfe,
    0xa0, 0x0, 0x0, 0x0, 0x0, 0x0, 0x0, 0x9,
    0xf6, 0x1d, 0xc1, 0x0, 0x0, 0x0, 0x0, 0x0,
    0x1b, 0xf6, 0x0, 0x1b, 0xe5, 0x0, 0x0, 0x0,
    0x0, 0x6f, 0xd3, 0x0, 0x0, 0x8, 0xfb, 0x20,
    0x0, 0x4, 0xcf, 0xd6, 0x55, 0x55, 0x55, 0x58,
    0xcf, 0xa3, 0x9, 0xfb, 0x38, 0xee, 0xee, 0xee,
    0xee, 0xe0, 0x5d, 0xe1, 0x13, 0x0, 0x0, 0x0,
    0x0, 0x0, 0x0, 0x0, 0x1, 0x0, 0x0, 0x0,
    0x0, 0x0, 0x0, 0x0, 0x0, 0x0, 0x0, 0x1e,
    0xee, 0xee, 0xee, 0xee, 0xee, 0xee, 0xee, 0xe7,
    0x0, 0x66, 0x66, 0x6a, 0xfa, 0x66, 0x66, 0x66,
    0x66, 0x30, 0x0, 0x0, 0x2, 0xeb, 0x0, 0x1,
    0x70, 0x0, 0x0, 0x0, 0x0, 0x0, 0xdd, 0x10,
    0x0, 0x1e, 0xb0, 0x0, 0x0, 0x0, 0x0, 0xbe,
    0x20, 0x0, 0x0, 0x2e, 0xb0, 0x0, 0x0, 0x0,
    0xbe, 0x20, 0x2, 0x34, 0x57, 0xaf, 0xa0, 0x0,
    0x0, 0xdf, 0xee, 0xff, 0xff, 0xfe, 0xdb, 0xaf,
    0x60, 0x0, 0xb, 0xa8, 0x75, 0x42, 0x10, 0x0,
    0x0, 0x9e, 0x0, 0x0, 0x0, 0x0, 0x0, 0x0,
    0x0, 0x0, 0x0, 0x10, 0x0,

    /* U+4F34 "伴" */
    0x0, 0x0, 0x1, 0x10, 0x0, 0x0, 0x10, 0x0,
    0x0, 0x0, 0x0, 0x0, 0xa, 0xc1, 0x20, 0x1,
    0xf3, 0x0, 0x15, 0x0, 0x0, 0x0, 0x3f, 0x49,
    0xc0, 0x1, 0xf3, 0x0, 0x8e, 0x0, 0x0, 0x0,
    0xbb, 0x1, 0xf5, 0x1, 0xf3, 0x0, 0xe6, 0x0,
    0x0, 0x4, 0xf3, 0x0, 0x9c, 0x1, 0xf3, 0x8,
    0xd0, 0x0, 0x0, 0x1d, 0xe0, 0x0, 0x3d, 0x1,
    0xf3, 0xd, 0x40, 0x0, 0x0, 0xbf, 0xe0, 0x4,
    0x55, 0x46, 0xf7, 0x45, 0x44, 0x20, 0x9, 0xf8,
    0xe0, 0x1f, 0xff, 0xff, 0xff, 0xff, 0xff, 0x70,
    0x4f, 0x45, 0xe0, 0x0, 0x0, 0x1, 0xf3, 0x0,
    0x0, 0x0, 0x5, 0x5, 0xe0, 0x0, 0x0, 0x1,
    0xf3, 0x0, 0x0, 0x0, 0x0, 0x5, 0xe0, 0x0,
    0x0, 0x1, 0xf3, 0x0, 0x0, 0x0, 0x0, 0x5,
    0xe0, 0x44, 0x44, 0x46, 0xf7, 0x44, 0x44, 0x41,
    0x0, 0x5, 0xe0, 0xef, 0xff, 0xff, 0xff, 0xff,
    0xff, 0xf5, 0x0, 0x5, 0xe0, 0x0, 0x0, 0x1,
    0xf3, 0x0, 0x0, 0x0, 0x0, 0x5, 0xe0, 0x0,
    0x0, 0x1, 0xf3, 0x0, 0x0, 0x0, 0x0, 0x5,
    0xe0, 0x0, 0x0, 0x1, 0xf3, 0x0, 0x0, 0x0,
    0x0, 0x5, 0xe0, 0x0, 0x0, 0x1, 0xf3, 0x0,
    0x0, 0x0, 0x0, 0x5, 0xe0, 0x0, 0x0, 0x1,
    0xf3, 0x0, 0x0, 0x0, 0x0, 0x5, 0xe0, 0x0,
    0x0, 0x1, 0xf3, 0x0, 0x0, 0x0,

    /* U+4F4E "低" */
    0x0, 0x0, 0x5, 0x50, 0x0, 0x0, 0x0, 0x2,
    0x76, 0x0, 0x0, 0x0, 0xe, 0x70, 0x0, 0x14,
    0x7a, 0xef, 0xd9, 0x10, 0x0, 0x0, 0x6f, 0x12,
    0xbe, 0xff, 0xcd, 0xc2, 0x0, 0x0, 0x0, 0x0,
    0xd9, 0x3, 0xf5, 0x20, 0x8, 0xc0, 0x0, 0x0,
    0x0, 0x5, 0xf2, 0x3, 0xf0, 0x0, 0x7, 0xc0,
    0x0, 0x0, 0x0, 0x1e, 0xe0, 0x3, 0xf0, 0x0,
    0x6, 0xd0, 0x0, 0x0, 0x0, 0xaf, 0xe0, 0x3,
    0xf0, 0x0, 0x5, 0xe0, 0x0, 0x0, 0x6, 0xfa,
    0xe0, 0x3, 0xf1, 0x0, 0x5, 0xf0, 0x0, 0x0,
    0x2f, 0x85, 0xe0, 0x3, 0xff, 0xff, 0xff, 0xff,
    0xff, 0xf3, 0x8, 0x5, 0xe0, 0x3, 0xf3, 0x33,
    0x34, 0xf6, 0x33, 0x30, 0x0, 0x5, 0xe0, 0x3,
    0xf0, 0x0, 0x0, 0xf5, 0x0, 0x0, 0x0, 0x5,
    0xe0, 0x3, 0xf0, 0x0, 0x0, 0xc7, 0x0, 0x0,
    0x0, 0x5, 0xe0, 0x3, 0xf0, 0x0, 0x0, 0xaa,
    0x0, 0x0, 0x0, 0x5, 0xe0, 0x3, 0xf0, 0x0,
    0x0, 0x7d, 0x0, 0x0, 0x0, 0x5, 0xe0, 0x3,
    0xf0, 0x0, 0x70, 0x3f, 0x10, 0x52, 0x0, 0x5,
    0xe0, 0x3, 0xf0, 0x0, 0xb7, 0xe, 0x60, 0x96,
    0x0, 0x5, 0xe0, 0x3, 0xf0, 0x26, 0x3e, 0x9,
    0xd0, 0xc3, 0x0, 0x5, 0xe0, 0x8, 0xfe, 0xfc,
    0xc, 0x62, 0xfd, 0xe0, 0x0, 0x5, 0xe0, 0xc,
    0xb5, 0x10, 0x4, 0x50, 0x4c, 0x60, 0x0, 0x0,
    0x0, 0x0, 0x0, 0x0, 0x0, 0x0, 0x0, 0x0,

    /* U+4F4F "住" */
    0x0, 0x0, 0x6, 0x80, 0x0, 0xc, 0x50, 0x0,
    0x0, 0x0, 0x0, 0x0, 0xe, 0x80, 0x0, 0x9,
    0xe0, 0x0, 0x0, 0x0, 0x0, 0x0, 0x6f, 0x10,
    0x0, 0x1, 0xf7, 0x0, 0x0, 0x0, 0x0, 0x0,
    0xda, 0x0, 0x0, 0x0, 0x75, 0x0, 0x0, 0x0,
    0x0, 0x5, 0xf2, 0x5f, 0xff, 0xff, 0xff, 0xff,
    0xff, 0xb0, 0x0, 0x1e, 0xf0, 0x14, 0x44, 0x44,
    0xf8, 0x44, 0x44, 0x30, 0x0, 0xaf, 0xf0, 0x0,
    0x0, 0x0, 0xf5, 0x0, 0x0, 0x0, 0x8, 0xfa,
    0xf0, 0x0, 0x0, 0x0, 0xf5, 0x0, 0x0, 0x0,
    0x1f, 0x84, 0xf0, 0x0, 0x0, 0x0, 0xf5, 0x0,
    0x0, 0x0, 0x5, 0x4, 0xf0, 0x0, 0x0, 0x0,
    0xf5, 0x0, 0x0, 0x0, 0x0, 0x4, 0xf0, 0xa,
    0xff, 0xff, 0xff, 0xff, 0xff, 0x20, 0x0, 0x4,
    0xf0, 0x3, 0x44, 0x44, 0xf8, 0x44, 0x44, 0x0,
    0x0, 0x4, 0xf0, 0x0, 0x0, 0x0, 0xf5, 0x0,
    0x0, 0x0, 0x0, 0x4, 0xf0, 0x0, 0x0, 0x0,
    0xf5, 0x0, 0x0, 0x0, 0x0, 0x4, 0xf0, 0x0,
    0x0, 0x0, 0xf5, 0x0, 0x0, 0x0, 0x0, 0x4,
    0xf0, 0x0, 0x0, 0x0, 0xf5, 0x0, 0x0, 0x0,
    0x0, 0x4, 0xf0, 0x45, 0x55, 0x55, 0xf8, 0x55,
    0x55, 0x50, 0x0, 0x4, 0xf0, 0xdf, 0xff, 0xff,
    0xff, 0xff, 0xff, 0xf1, 0x0, 0x4, 0xf0, 0x0,
    0x0, 0x0, 0x0, 0x0, 0x0, 0x0,

    /* U+4F53 "体" */
    0x0, 0x0, 0x1, 0x0, 0x0, 0x1, 0x20, 0x0,
    0x0, 0x0, 0x0, 0x0, 0x5f, 0x10, 0x0, 0x7,
    0xd0, 0x0, 0x0, 0x0, 0x0, 0x0, 0xc9, 0x0,
    0x0, 0x7, 0xd0, 0x0, 0x0, 0x0, 0x0, 0x4,
    0xf2, 0x0, 0x0, 0x7, 0xd0, 0x0, 0x0, 0x0,
    0x0, 0xb, 0xa1, 0x66, 0x66, 0x6a, 0xe6, 0x66,
    0x66, 0x60, 0x0, 0x4f, 0x52, 0xdd, 0xdd, 0xef,
    0xff, 0xdd, 0xdd, 0xc0, 0x0, 0xdf, 0x50, 0x0,
    0x0, 0x9f, 0xff, 0x10, 0x0, 0x0, 0xa, 0xef,
    0x50, 0x0, 0x0, 0xf9, 0xdb, 0x70, 0x0, 0x0,
    0x5f, 0x4e, 0x50, 0x0, 0x7, 0xa7, 0xd3, 0xd0,
    0x0, 0x0, 0x17, 0xe, 0x50, 0x0, 0x1f, 0x27,
    0xd0, 0xc7, 0x0, 0x0, 0x0, 0xe, 0x50, 0x0,
    0xaa, 0x7, 0xd0, 0x4e, 0x10, 0x0, 0x0, 0xe,
    0x50, 0x5, 0xf3, 0x7, 0xd0, 0xd, 0xb0, 0x0,
    0x0, 0xe, 0x50, 0x2f, 0x80, 0x7, 0xd0, 0x3,
    0xf7, 0x0, 0x0, 0xe, 0x52, 0xdc, 0x44, 0x49,
    0xe4, 0x44, 0x8f, 0x60, 0x0, 0xe, 0x5b, 0xd1,
    0xdf, 0xff, 0xff, 0xff, 0x29, 0xf1, 0x0, 0xe,
    0x51, 0x20, 0x0, 0x7, 0xd0, 0x0, 0x0, 0x20,
    0x0, 0xe, 0x50, 0x0, 0x0, 0x7, 0xd0, 0x0,
    0x0, 0x0, 0x0, 0xe, 0x50, 0x0, 0x0, 0x7,
    0xd0, 0x0, 0x0, 0x0, 0x0, 0xe, 0x50, 0x0,
    0x0, 0x6, 0xc0, 0x0, 0x0, 0x0,

    /* U+4F59 "余" */
    0x0, 0x0, 0x0, 0x0, 0x0, 0x0, 0x0, 0x0,
    0x0, 0x0, 0x0, 0x0, 0x0, 0x0, 0x8, 0xd0,
    0x0, 0x0, 0x0, 0x0, 0x0, 0x0, 0x0, 0x0,
    0x7f, 0xf7, 0x0, 0x0, 0x0, 0x0, 0x0, 0x0,
    0x0, 0x8, 0xf4, 0x4f, 0x70, 0x0, 0x0, 0x0,
    0x0, 0x0, 0x1, 0xbe, 0x30, 0x3, 0xeb, 0x10,
    0x0, 0x0, 0x0, 0x0, 0x4e, 0xd2, 0x0, 0x0,
    0x2c, 0xe6, 0x0, 0x0, 0x0, 0x1a, 0xf9, 0x0,
    0x0, 0x0, 0x0, 0x7f, 0xe6, 0x0, 0x19, 0xfd,
    0x7d, 0xdd, 0xdd, 0xdd, 0xdd, 0xd4, 0x9f, 0xe3,
    0x1c, 0x70, 0x15, 0x55, 0x5c, 0xd5, 0x55, 0x51,
    0x2, 0x80, 0x0, 0x0, 0x0, 0x0, 0x9, 0xc0,
    0x0, 0x0, 0x0, 0x0, 0x0, 0x0, 0x0, 0x0,
    0x9, 0xc0, 0x0, 0x0, 0x0, 0x0, 0x1, 0xee,
    0xee, 0xee, 0xef, 0xfe, 0xee, 0xee, 0xee, 0x40,
    0x0, 0x55, 0x55, 0x55, 0x5b, 0xd5, 0x55, 0x55,
    0x55, 0x10, 0x0, 0x0, 0x0, 0x0, 0x9, 0xc0,
    0x0, 0x0, 0x0, 0x0, 0x0, 0x0, 0x1d, 0x70,
    0x9, 0xc0, 0xb, 0xc1, 0x0, 0x0, 0x0, 0x0,
    0xcd, 0x0, 0x9, 0xc0, 0x1, 0xdd, 0x10, 0x0,
    0x0, 0xb, 0xe2, 0x0, 0x9, 0xc0, 0x0, 0x1d,
    0xd1, 0x0, 0x1, 0xce, 0x30, 0x0, 0x9, 0xc0,
    0x0, 0x2, 0xec, 0x0, 0x7, 0xd2, 0x0, 0x34,
    0x4c, 0xb0, 0x0, 0x0, 0x3e, 0x30, 0x0, 0x0,
    0x0, 0x6f, 0xfd, 0x40, 0x0, 0x0, 0x0, 0x0,
    0x0, 0x0, 0x0, 0x0, 0x0, 0x0, 0x0, 0x0,
    0x0, 0x0,

    /* U+4F5C "作" */
    0x0, 0x0, 0x3, 0x60, 0x0, 0x32, 0x0, 0x0,
    0x0, 0x0, 0x0, 0x0, 0xa, 0xc0, 0x0, 0xd9,
    0x0, 0x0, 0x0, 0x0, 0x0, 0x0, 0x1f, 0x40,
    0x4, 0xf3, 0x0, 0x0, 0x0, 0x0, 0x0, 0x0,
    0xac, 0x0, 0xc, 0xe5, 0x55, 0x55, 0x55, 0x51,
    0x0, 0x3, 0xf4, 0x0, 0x3f, 0xff, 0xff, 0xff,
    0xff, 0xf3, 0x0, 0xd, 0xf0, 0x0, 0xcb, 0x6,
    0xe0, 0x0, 0x0, 0x0, 0x0, 0x9f, 0xf0, 0x7,
    0xf2, 0x6, 0xe0, 0x0, 0x0, 0x0, 0x7, 0xfb,
    0xf0, 0x4f, 0x70, 0x6, 0xe1, 0x11, 0x11, 0x0,
    0x1f, 0x84, 0xf0, 0x8a, 0x0, 0x6, 0xff, 0xff,
    0xff, 0xb0, 0x4, 0x4, 0xf0, 0x0, 0x0, 0x6,
    0xe2, 0x22, 0x22, 0x10, 0x0, 0x4, 0xf0, 0x0,
    0x0, 0x6, 0xe0, 0x0, 0x0, 0x0, 0x0, 0x4,
    0xf0, 0x0, 0x0, 0x6, 0xe0, 0x0, 0x0, 0x0,
    0x0, 0x4, 0xf0, 0x0, 0x0, 0x6, 0xfd, 0xdd,
    0xdd, 0xd0, 0x0, 0x4, 0xf0, 0x0, 0x0, 0x6,
    0xf5, 0x55, 0x55, 0x50, 0x0, 0x4, 0xf0, 0x0,
    0x0, 0x6, 0xe0, 0x0, 0x0, 0x0, 0x0, 0x4,
    0xf0, 0x0, 0x0, 0x6, 0xe0, 0x0, 0x0, 0x0,
    0x0, 0x4, 0xf0, 0x0, 0x0, 0x6, 0xe0, 0x0,
    0x0, 0x0, 0x0, 0x4, 0xf0, 0x0, 0x0, 0x6,
    0xe0, 0x0, 0x0, 0x0, 0x0, 0x4, 0xf0, 0x0,
    0x0, 0x6, 0xe0, 0x0, 0x0, 0x0,

    /* U+4F60 "你" */
    0x0, 0x0, 0xa, 0x20, 0xa, 0x30, 0x0, 0x0,
    0x0, 0x0, 0x0, 0x7, 0xf0, 0x3, 0xf2, 0x0,
    0x0, 0x0, 0x0, 0x0, 0x0, 0xe8, 0x0, 0x8d,
    0x0, 0x0, 0x0, 0x0, 0x0, 0x0, 0x6f, 0x10,
    0xd, 0x80, 0x0, 0x0, 0x0, 0x0, 0x0, 0xe,
    0x80, 0x2, 0xff, 0xff, 0xff, 0xff, 0xff, 0xc0,
    0x8, 0xf5, 0x0, 0x9d, 0x44, 0x4f, 0x94, 0x44,
    0xca, 0x3, 0xff, 0x50, 0x2f, 0x50, 0x0, 0xe6,
    0x0, 0xc, 0x72, 0xea, 0xe5, 0xb, 0xd0, 0x0,
    0xe, 0x60, 0x0, 0xf4, 0xad, 0xe, 0x50, 0x94,
    0x1, 0x0, 0xe6, 0x1, 0x17, 0x3, 0x20, 0xe5,
    0x0, 0x6, 0xf0, 0xe, 0x60, 0xd8, 0x0, 0x0,
    0xe, 0x50, 0x0, 0xba, 0x0, 0xe6, 0x6, 0xf0,
    0x0, 0x0, 0xe5, 0x0, 0xf, 0x50, 0xe, 0x60,
    0xf, 0x60, 0x0, 0xe, 0x50, 0x5, 0xf1, 0x0,
    0xe6, 0x0, 0x9d, 0x0, 0x0, 0xe5, 0x0, 0xca,
    0x0, 0xe, 0x60, 0x3, 0xf2, 0x0, 0xe, 0x50,
    0x5f, 0x30, 0x0, 0xe6, 0x0, 0xe, 0x70, 0x0,
    0xe5, 0xa, 0xa0, 0x0, 0xe, 0x60, 0x0, 0xa8,
    0x0, 0xe, 0x50, 0x0, 0x0, 0x0, 0xe6, 0x0,
    0x0, 0x0, 0x0, 0xe5, 0x0, 0x0, 0x15, 0x5f,
    0x50, 0x0, 0x0, 0x0, 0xe, 0x50, 0x0, 0x1,
    0xff, 0xc1, 0x0, 0x0, 0x0, 0x0, 0x0, 0x0,
    0x0, 0x0, 0x0, 0x0, 0x0, 0x0,

    /* U+4F7F "使" */
    0x0, 0x0, 0x7, 0x60, 0x0, 0x0, 0xc3, 0x0,
    0x0, 0x0, 0x0, 0x0, 0x1f, 0x60, 0x0, 0x1,
    0xf3, 0x0, 0x0, 0x0, 0x0, 0x0, 0x9e, 0x34,
    0x44, 0x45, 0xf7, 0x44, 0x44, 0x40, 0x0, 0x1,
    0xf8, 0xaf, 0xff, 0xff, 0xff, 0xff, 0xff, 0xf1,
    0x0, 0x9, 0xf1, 0x0, 0x0, 0x1, 0xf3, 0x0,
    0x0, 0x0, 0x0, 0x4f, 0xe0, 0x2, 0x22, 0x24,
    0xf6, 0x22, 0x22, 0x10, 0x1, 0xef, 0xe0, 0x1f,
    0xff, 0xff, 0xff, 0xff, 0xff, 0x60, 0xd, 0xe7,
    0xe0, 0x1f, 0x20, 0x1, 0xf3, 0x0, 0xd, 0x60,
    0x3f, 0x35, 0xe0, 0x1f, 0x20, 0x1, 0xf3, 0x0,
    0xd, 0x60, 0x2, 0x5, 0xe0, 0x1f, 0x20, 0x1,
    0xf3, 0x0, 0xd, 0x60, 0x0, 0x5, 0xe0, 0x1f,
    0xff, 0xff, 0xff, 0xff, 0xff, 0x60, 0x0, 0x5,
    0xe0, 0x5, 0x33, 0x36, 0xf4, 0x33, 0x33, 0x10,
    0x0, 0x5, 0xe0, 0xc, 0x90, 0x6, 0xe0, 0x0,
    0x0, 0x0, 0x0, 0x5, 0xe0, 0x2, 0xf7, 0xc,
    0xa0, 0x0, 0x0, 0x0, 0x0, 0x5, 0xe0, 0x0,
    0x4f, 0xbf, 0x20, 0x0, 0x0, 0x0, 0x0, 0x5,
    0xe0, 0x0, 0x6, 0xff, 0x50, 0x0, 0x0, 0x0,
    0x0, 0x5, 0xe0, 0x0, 0x6f, 0xb9, 0xfe, 0x71,
    0x0, 0x0, 0x0, 0x5, 0xe1, 0x8e, 0xf7, 0x0,
    0x18, 0xff, 0xeb, 0x71, 0x0, 0x5, 0xe0, 0xc7,
    0x10, 0x0, 0x0, 0x3, 0x7b, 0xb0,

    /* U+4FDD "保" */
    0x0, 0x0, 0x7, 0x70, 0x0, 0x0, 0x0, 0x0,
    0x0, 0x0, 0x0, 0x0, 0x1f, 0x66, 0xff, 0xff,
    0xff, 0xff, 0xfe, 0x0, 0x0, 0x0, 0x8e, 0x6,
    0xe4, 0x44, 0x44, 0x44, 0x8e, 0x0, 0x0, 0x1,
    0xf7, 0x6, 0xd0, 0x0, 0x0, 0x0, 0x5e, 0x0,
    0x0, 0x8, 0xf1, 0x6, 0xd0, 0x0, 0x0, 0x0,
    0x5e, 0x0, 0x0, 0x3f, 0xe0, 0x6, 0xd0, 0x0,
    0x0, 0x0, 0x5e, 0x0, 0x1, 0xdf, 0xe0, 0x6,
    0xff, 0xff, 0xff, 0xff, 0xfe, 0x0, 0xc, 0xe7,
    0xe0, 0x1, 0x44, 0x44, 0xf8, 0x44, 0x43, 0x0,
    0x3f, 0x35, 0xe0, 0x0, 0x0, 0x0, 0xf5, 0x0,
    0x0, 0x0, 0x3, 0x5, 0xe0, 0x0, 0x0, 0x0,
    0xf5, 0x0, 0x0, 0x0, 0x0, 0x5, 0xe0, 0xef,
    0xff, 0xff, 0xff, 0xff, 0xff, 0xf1, 0x0, 0x5,
    0xe0, 0x44, 0x44, 0x5f, 0xff, 0xa4, 0x44, 0x40,
    0x0, 0x5, 0xe0, 0x0, 0x0, 0xab, 0xfb, 0xf2,
    0x0, 0x0, 0x0, 0x5, 0xe0, 0x0, 0x6, 0xe1,
    0xf5, 0x9d, 0x0, 0x0, 0x0, 0x5, 0xe0, 0x0,
    0x5f, 0x40, 0xf5, 0xd, 0xa0, 0x0, 0x0, 0x5,
    0xe0, 0x7, 0xf7, 0x0, 0xf5, 0x3, 0xfa, 0x0,
    0x0, 0x5, 0xe1, 0xbf, 0x70, 0x0, 0xf5, 0x0,
    0x4f, 0xc2, 0x0, 0x5, 0xe1, 0xc4, 0x0, 0x0,
    0xf5, 0x0, 0x3, 0xd2, 0x0, 0x5, 0xd0, 0x0,
    0x0, 0x0, 0xf5, 0x0, 0x0, 0x0,

    /* U+4FE1 "信" */
    0x0, 0x0, 0x4, 0x10, 0x0, 0x4, 0x20, 0x0,
    0x0, 0x0, 0x0, 0x0, 0x1f, 0x50, 0x0, 0xa,
    0xd0, 0x0, 0x0, 0x0, 0x0, 0x0, 0x8e, 0x0,
    0x0, 0x2, 0xf5, 0x0, 0x0, 0x0, 0x0, 0x0,
    0xe7, 0x23, 0x33, 0x33, 0x95, 0x33, 0x33, 0x30,
    0x0, 0x7, 0xf1, 0x9e, 0xee, 0xee, 0xee, 0xee,
    0xee, 0xe1, 0x0, 0x1f, 0xd0, 0x0, 0x0, 0x0,
    0x0, 0x0, 0x0, 0x0, 0x0, 0xbf, 0xd0, 0x2,
    0xcc, 0xcc, 0xcc, 0xcc, 0xc6, 0x0, 0x8, 0xe7,
    0xd0, 0x0, 0x55, 0x55, 0x55, 0x55, 0x52, 0x0,
    0xe, 0x55, 0xd0, 0x0, 0x0, 0x0, 0x0, 0x0,
    0x0, 0x0, 0x1, 0x5, 0xd0, 0x2, 0xff, 0xff,
    0xff, 0xff, 0xf7, 0x0, 0x0, 0x5, 0xd0, 0x0,
    0x22, 0x22, 0x22, 0x22, 0x21, 0x0, 0x0, 0x5,
    0xd0, 0x0, 0x0, 0x0, 0x0, 0x0, 0x0, 0x0,
    0x0, 0x5, 0xd0, 0x6, 0xff, 0xff, 0xff, 0xff,
    0xfa, 0x0, 0x0, 0x5, 0xd0, 0x6, 0xc2, 0x22,
    0x22, 0x22, 0x9a, 0x0, 0x0, 0x5, 0xd0, 0x6,
    0xb0, 0x0, 0x0, 0x0, 0x8a, 0x0, 0x0, 0x5,
    0xd0, 0x6, 0xb0, 0x0, 0x0, 0x0, 0x8a, 0x0,
    0x0, 0x5, 0xd0, 0x6, 0xc2, 0x22, 0x22, 0x22,
    0x9a, 0x0, 0x0, 0x5, 0xd0, 0x6, 0xfe, 0xee,
    0xee, 0xee, 0xfa, 0x0, 0x0, 0x5, 0xd0, 0x6,
    0xb0, 0x0, 0x0, 0x0, 0x8a, 0x0, 0x0, 0x0,
    0x0, 0x0, 0x0, 0x0, 0x0, 0x0, 0x0, 0x0,

    /* U+5019 "候" */
    0x0, 0x0, 0x57, 0x0, 0x0, 0x0, 0x0, 0x0,
    0x0, 0x0, 0x0, 0x0, 0xc9, 0x0, 0xd, 0xff,
    0xff, 0xff, 0xf1, 0x0, 0x0, 0x2, 0xf3, 0x0,
    0x2, 0x33, 0x33, 0x36, 0xf0, 0x0, 0x0, 0x8,
    0xe0, 0x0, 0x0, 0x0, 0x0, 0x6, 0xd0, 0x0,
    0x0, 0xe, 0x80, 0x20, 0x0, 0x0, 0x0, 0x8,
    0xb0, 0x0, 0x0, 0x5f, 0x40, 0xf2, 0xdd, 0xdd,
    0xdd, 0xdf, 0xfd, 0xd0, 0x0, 0xdf, 0x30, 0xf2,
    0x55, 0xa8, 0x55, 0x55, 0x55, 0x50, 0x7, 0xff,
    0x30, 0xf2, 0x0, 0xe6, 0x0, 0x0, 0x0, 0x0,
    0x1f, 0x9f, 0x30, 0xf2, 0x6, 0xf9, 0x88, 0x88,
    0x88, 0x20, 0xb, 0x1f, 0x30, 0xf2, 0xd, 0xb9,
    0xaf, 0xa9, 0x99, 0x20, 0x0, 0xf, 0x30, 0xf2,
    0xad, 0x0, 0x2f, 0x20, 0x0, 0x0, 0x0, 0xf,
    0x30, 0xf2, 0x83, 0x0, 0x2f, 0x20, 0x0, 0x0,
    0x0, 0xf, 0x30, 0xf2, 0xaa, 0xaa, 0xbf, 0xba,
    0xaa, 0xa0, 0x0, 0xf, 0x30, 0xf2, 0x77, 0x77,
    0xbf, 0xb7, 0x77, 0x70, 0x0, 0xf, 0x30, 0xd1,
    0x0, 0x0, 0xcf, 0xc0, 0x0, 0x0, 0x0, 0xf,
    0x30, 0x0, 0x0, 0x7, 0xf3, 0xe8, 0x0, 0x0,
    0x0, 0xf, 0x30, 0x0, 0x0, 0x9f, 0x50, 0x4f,
    0xa0, 0x0, 0x0, 0xf, 0x30, 0x1, 0x7e, 0xe3,
    0x0, 0x4, 0xef, 0x91, 0x0, 0xf, 0x30, 0x2,
    0xd7, 0x0, 0x0, 0x0, 0x17, 0x90,

    /* U+505A "做" */
    0x0, 0x0, 0x87, 0x0, 0xb4, 0x0, 0x5, 0xc0,
    0x0, 0x0, 0x0, 0x0, 0xf6, 0x0, 0xe5, 0x0,
    0x9, 0xb0, 0x0, 0x0, 0x0, 0x6, 0xf1, 0x0,
    0xe5, 0x0, 0xc, 0x80, 0x0, 0x0, 0x0, 0xc,
    0xb0, 0x0, 0xe5, 0x0, 0xf, 0x40, 0x0, 0x0,
    0x0, 0x3f, 0x5b, 0xff, 0xff, 0xff, 0x4f, 0xff,
    0xff, 0xf0, 0x0, 0xcf, 0x43, 0x44, 0xf8, 0x44,
    0x8d, 0x22, 0x5f, 0x20, 0x5, 0xff, 0x40, 0x0,
    0xe5, 0x0, 0xee, 0x0, 0x5d, 0x0, 0x1e, 0x9e,
    0x40, 0x0, 0xe5, 0x5, 0xff, 0x10, 0x8a, 0x0,
    0x8d, 0xe, 0x40, 0x0, 0xe5, 0xb, 0x7d, 0x30,
    0xb7, 0x0, 0x13, 0xe, 0x42, 0xee, 0xff, 0xea,
    0x9, 0x70, 0xe4, 0x0, 0x0, 0xe, 0x43, 0xf4,
    0x44, 0xaa, 0x6, 0xc4, 0xf0, 0x0, 0x0, 0xe,
    0x43, 0xf0, 0x0, 0x8a, 0x1, 0xfa, 0x90, 0x0,
    0x0, 0xe, 0x43, 0xf0, 0x0, 0x8a, 0x0, 0xcf,
    0x40, 0x0, 0x0, 0xe, 0x43, 0xf0, 0x0, 0x8a,
    0x0, 0x9f, 0x0, 0x0, 0x0, 0xe, 0x43, 0xf0,
    0x0, 0x8a, 0x3, 0xff, 0x70, 0x0, 0x0, 0xe,
    0x43, 0xff, 0xff, 0xfa, 0x1e, 0xa6, 0xf3, 0x0,
    0x0, 0xe, 0x43, 0xf3, 0x33, 0x36, 0xee, 0x10,
    0xcf, 0x40, 0x0, 0xe, 0x41, 0x60, 0x0, 0x4f,
    0xe3, 0x0, 0x2e, 0xf0, 0x0, 0xe, 0x40, 0x0,
    0x0, 0xb, 0x20, 0x0, 0x3, 0x80, 0x0, 0x0,
    0x0, 0x0, 0x0, 0x0, 0x0, 0x0, 0x0, 0x0,

    /* U+505C "停" */
    0x0, 0x0, 0x0, 0x0, 0x0, 0x0, 0x0, 0x0,
    0x0, 0x0, 0x0, 0x0, 0xc3, 0x0, 0x0, 0x9a,
    0x0, 0x0, 0x0, 0x0, 0x0, 0x7e, 0x22, 0x22,
    0x25, 0xf4, 0x22, 0x22, 0x10, 0x0, 0xd, 0x7a,
    0xff, 0xff, 0xff, 0xff, 0xff, 0xfd, 0x0, 0x5,
    0xf1, 0x0, 0x0, 0x0, 0x0, 0x0, 0x0, 0x0,
    0x0, 0xc9, 0x0, 0x2d, 0xdd, 0xdd, 0xdd, 0xdd,
    0x10, 0x0, 0x5f, 0x50, 0x2, 0xf3, 0x22, 0x22,
    0x24, 0xf1, 0x0, 0x1e, 0xf5, 0x0, 0x2f, 0x0,
    0x0, 0x0, 0x2f, 0x10, 0xb, 0xdf, 0x50, 0x2,
    0xff, 0xff, 0xff, 0xff, 0xf1, 0x4, 0xf3, 0xe5,
    0x0, 0x0, 0x0, 0x0, 0x0, 0x0, 0x0, 0x6,
    0xe, 0x50, 0x44, 0x44, 0x44, 0x44, 0x44, 0x44,
    0x30, 0x0, 0xe5, 0xf, 0xdc, 0xcc, 0xcc, 0xcc,
    0xcc, 0xec, 0x0, 0xe, 0x50, 0xf3, 0x0, 0x0,
    0x0, 0x0, 0x6, 0xc0, 0x0, 0xe5, 0xd, 0x6f,
    0xff, 0xff, 0xff, 0xff, 0x6b, 0x0, 0xe, 0x50,
    0x0, 0x22, 0x25, 0xf3, 0x22, 0x20, 0x0, 0x0,
    0xe5, 0x0, 0x0, 0x0, 0x3f, 0x10, 0x0, 0x0,
    0x0, 0xe, 0x50, 0x0, 0x0, 0x3, 0xf1, 0x0,
    0x0, 0x0, 0x0, 0xe5, 0x0, 0x0, 0x0, 0x3f,
    0x10, 0x0, 0x0, 0x0, 0xe, 0x50, 0x0, 0x2,
    0x26, 0xf1, 0x0, 0x0, 0x0, 0x0, 0xe5, 0x0,
    0x0, 0xff, 0xe9, 0x0, 0x0, 0x0, 0x0, 0x0,
    0x0, 0x0, 0x0, 0x0, 0x0, 0x0, 0x0, 0x0,

    /* U+50A8 "储" */
    0x0, 0x0, 0x84, 0x0, 0x0, 0x0, 0x4b, 0x0,
    0x0, 0x0, 0x0, 0x1, 0xf3, 0x40, 0x0, 0x0,
    0x5e, 0x0, 0x8, 0x90, 0x0, 0x6, 0xe0, 0xca,
    0x0, 0x33, 0x7f, 0x33, 0x2f, 0x50, 0x0, 0xc,
    0x80, 0x1e, 0x70, 0xee, 0xff, 0xee, 0xdc, 0x0,
    0x0, 0x2f, 0x30, 0x4, 0xa0, 0x0, 0x5e, 0x3,
    0xf3, 0x0, 0x0, 0xaf, 0x0, 0x0, 0x0, 0x0,
    0x5e, 0x1d, 0x80, 0x0, 0x2, 0xff, 0x15, 0x55,
    0x5, 0x99, 0xbf, 0xcf, 0xa9, 0x90, 0xc, 0xcf,
    0x1f, 0xff, 0x26, 0x99, 0xaf, 0xe9, 0x99, 0x90,
    0x4e, 0x3f, 0x0, 0xf, 0x20, 0x0, 0xae, 0x20,
    0x0, 0x0, 0x4, 0x2f, 0x0, 0xf, 0x20, 0x1b,
    0xf5, 0x22, 0x22, 0x0, 0x0, 0x2f, 0x0, 0xf,
    0x24, 0xef, 0xff, 0xff, 0xff, 0x20, 0x0, 0x2f,
    0x0, 0xf, 0x3d, 0x9c, 0x60, 0x0, 0xf, 0x20,
    0x0, 0x2f, 0x0, 0xf, 0x20, 0xb, 0x60, 0x0,
    0xf, 0x20, 0x0, 0x2f, 0x0, 0xf, 0x20, 0xb,
    0xff, 0xff, 0xff, 0x20, 0x0, 0x2f, 0x0, 0xf,
    0x26, 0x2b, 0x71, 0x11, 0x1f, 0x20, 0x0, 0x2f,
    0x0, 0x2f, 0xed, 0x2b, 0x60, 0x0, 0xf, 0x20,
    0x0, 0x2f, 0x0, 0x8f, 0x70, 0xb, 0xfe, 0xee,
    0xef, 0x20, 0x0, 0x2f, 0x0, 0x22, 0x0, 0xb,
    0x83, 0x33, 0x4f, 0x20, 0x0, 0x2f, 0x0, 0x0,
    0x0, 0xb, 0x60, 0x0, 0xe, 0x20, 0x0, 0x0,
    0x0, 0x0, 0x0, 0x0, 0x0, 0x0, 0x0, 0x0,

    /* U+50CF "像" */
    0x0, 0x0, 0x5, 0x0, 0x4, 0x50, 0x0, 0x0,
    0x0, 0x0, 0x0, 0x0, 0x4f, 0x20, 0x1e, 0x91,
    0x11, 0x10, 0x0, 0x0, 0x0, 0x0, 0xca, 0x0,
    0xbf, 0xff, 0xff, 0xd0, 0x0, 0x0, 0x0, 0x3,
    0xf2, 0xa, 0xc1, 0x0, 0x4e, 0x30, 0x0, 0x0,
    0x0, 0xa, 0x91, 0xbf, 0xdc, 0xcc, 0xfe, 0xcc,
    0xcb, 0x0, 0x0, 0x3f, 0x5c, 0xcf, 0x64, 0x45,
    0xf5, 0x44, 0x8e, 0x0, 0x0, 0xdf, 0x53, 0x1f,
    0x20, 0x4, 0xe0, 0x0, 0x4e, 0x0, 0xa, 0xef,
    0x50, 0xf, 0x41, 0x1b, 0xb1, 0x11, 0x6e, 0x0,
    0x5f, 0x4e, 0x50, 0xe, 0xee, 0xff, 0xee, 0xee,
    0xed, 0x0, 0x17, 0xe, 0x50, 0x0, 0x9, 0xf8,
    0x0, 0x0, 0x0, 0x0, 0x0, 0xe, 0x50, 0x5,
    0xdd, 0x6f, 0x40, 0x1, 0xab, 0x0, 0x0, 0xe,
    0x52, 0xed, 0x60, 0x1d, 0xe1, 0x7e, 0xb2, 0x0,
    0x0, 0xe, 0x50, 0x20, 0x5, 0xd6, 0xcf, 0xdf,
    0x10, 0x0, 0x0, 0xe, 0x50, 0x5, 0xcc, 0x20,
    0xbd, 0xc, 0x80, 0x0, 0x0, 0xe, 0x52, 0xec,
    0x40, 0x2c, 0xcf, 0x4, 0xf1, 0x0, 0x0, 0xe,
    0x50, 0x20, 0x7, 0xe6, 0x3f, 0x0, 0xcb, 0x0,
    0x0, 0xe, 0x50, 0x17, 0xec, 0x20, 0x4f, 0x0,
    0x2e, 0xc1, 0x0, 0xe, 0x54, 0xfb, 0x30, 0x22,
    0xcb, 0x0, 0x2, 0x90, 0x0, 0xe, 0x50, 0x20,
    0x0, 0xdf, 0xc2, 0x0, 0x0, 0x0,

    /* U+513F "儿" */
    0x0, 0x0, 0x4, 0x20, 0x0, 0x0, 0x24, 0x0,
    0x0, 0x0, 0x0, 0x0, 0xe, 0x60, 0x0, 0x0,
    0x6e, 0x0, 0x0, 0x0, 0x0, 0x0, 0xe, 0x60,
    0x0, 0x0, 0x6e, 0x0, 0x0, 0x0, 0x0, 0x0,
    0xe, 0x60, 0x0, 0x0, 0x6e, 0x0, 0x0, 0x0,
    0x0, 0x0, 0xe, 0x60, 0x0, 0x0, 0x6e, 0x0,
    0x0, 0x0, 0x0, 0x0, 0xe, 0x60, 0x0, 0x0,
    0x6e, 0x0, 0x0, 0x0, 0x0, 0x0, 0xe, 0x60,
    0x0, 0x0, 0x6e, 0x0, 0x0, 0x0, 0x0, 0x0,
    0xf, 0x60, 0x0, 0x0, 0x6e, 0x0, 0x0, 0x0,
    0x0, 0x0, 0xf, 0x50, 0x0, 0x0, 0x6e, 0x0,
    0x0, 0x0, 0x0, 0x0, 0xf, 0x40, 0x0, 0x0,
    0x6e, 0x0, 0x0, 0x0, 0x0, 0x0, 0x3f, 0x30,
    0x0, 0x0, 0x6e, 0x0, 0x0, 0x0, 0x0, 0x0,
    0x6f, 0x0, 0x0, 0x0, 0x6e, 0x0, 0x0, 0x0,
    0x0, 0x0, 0xac, 0x0, 0x0, 0x0, 0x6e, 0x0,
    0x1, 0x30, 0x0, 0x2, 0xf7, 0x0, 0x0, 0x0,
    0x6e, 0x0, 0x3, 0xf0, 0x0, 0xb, 0xe0, 0x0,
    0x0, 0x0, 0x6e, 0x0, 0x4, 0xf0, 0x0, 0x7f,
    0x50, 0x0, 0x0, 0x0, 0x6e, 0x0, 0x5, 0xe0,
    0x8, 0xf8, 0x0, 0x0, 0x0, 0x0, 0x5f, 0x64,
    0x4b, 0xa0, 0x2f, 0x70, 0x0, 0x0, 0x0, 0x0,
    0x1c, 0xff, 0xfd, 0x30, 0x0, 0x0, 0x0, 0x0,
    0x0, 0x0, 0x0, 0x0, 0x0, 0x0,

    /* U+5145 "充" */
    0x0, 0x0, 0x0, 0x0, 0x73, 0x0, 0x0, 0x0,
    0x0, 0x0, 0x0, 0x0, 0x0, 0xb, 0xd0, 0x0,
    0x0, 0x0, 0x0, 0x0, 0x0, 0x0, 0x0, 0x2f,
    0x70, 0x0, 0x0, 0x0, 0x2, 0x55, 0x55, 0x55,
    0x55, 0xb9, 0x55, 0x55, 0x55, 0x50, 0x6f, 0xff,
    0xff, 0xff, 0xff, 0xff, 0xff, 0xff, 0xfe, 0x0,
    0x0, 0x0, 0x3f, 0x90, 0x0, 0x1, 0x0, 0x0,
    0x0, 0x0, 0x0, 0x1e, 0xc0, 0x0, 0x6, 0xe4,
    0x0, 0x0, 0x0, 0x0, 0xc, 0xd1, 0x0, 0x0,
    0x7, 0xf6, 0x0, 0x0, 0x0, 0x1c, 0xd1, 0x0,
    0x0, 0x12, 0x38, 0xf8, 0x0, 0x0, 0x1e, 0xfe,
    0xde, 0xff, 0xff, 0xff, 0xff, 0xf9, 0x0, 0x0,
    0xa9, 0x87, 0xfa, 0x43, 0x6f, 0x30, 0x5, 0xf3,
    0x0, 0x0, 0x0, 0xf, 0x60, 0x4, 0xf2, 0x0,
    0x1, 0x0, 0x0, 0x0, 0x3, 0xf3, 0x0, 0x4f,
    0x20, 0x0, 0x0, 0x0, 0x0, 0x0, 0x9e, 0x0,
    0x4, 0xf2, 0x0, 0x0, 0x20, 0x0, 0x0, 0x1f,
    0x70, 0x0, 0x4f, 0x20, 0x0, 0xf, 0x30, 0x0,
    0x2d, 0xe1, 0x0, 0x4, 0xf2, 0x0, 0x1, 0xf2,
    0x0, 0x6e, 0xe3, 0x0, 0x0, 0x3f, 0x84, 0x44,
    0x8f, 0x5, 0xff, 0x91, 0x0, 0x0, 0x0, 0xbf,
    0xff, 0xfe, 0x70, 0x6, 0x10, 0x0, 0x0, 0x0,
    0x0, 0x0, 0x0, 0x0, 0x0,

    /* U+5148 "先" */
    0x0, 0x0, 0x0, 0x0, 0x47, 0x0, 0x0, 0x0,
    0x0, 0x0, 0x0, 0xe, 0x50, 0x8, 0xd0, 0x0,
    0x0, 0x0, 0x0, 0x0, 0x5, 0xf1, 0x0, 0x8d,
    0x0, 0x0, 0x0, 0x0, 0x0, 0x0, 0xbe, 0x55,
    0x5b, 0xe5, 0x55, 0x55, 0x52, 0x0, 0x0, 0x1f,
    0xfe, 0xee, 0xff, 0xee, 0xee, 0xee, 0x70, 0x0,
    0x9, 0xe0, 0x0, 0x8, 0xd0, 0x0, 0x0, 0x0,
    0x0, 0x3, 0xf5, 0x0, 0x0, 0x8d, 0x0, 0x0,
    0x0, 0x0, 0x0, 0x59, 0x0, 0x0, 0x8, 0xd0,
    0x0, 0x0, 0x0, 0x0, 0x1, 0x11, 0x11, 0x11,
    0x9d, 0x11, 0x11, 0x11, 0x11, 0x9, 0xff, 0xff,
    0xff, 0xff, 0xff, 0xff, 0xff, 0xff, 0xe0, 0x13,
    0x33, 0x38, 0xf3, 0x33, 0x3f, 0x83, 0x33, 0x32,
    0x0, 0x0, 0x0, 0x8d, 0x0, 0x0, 0xe6, 0x0,
    0x0, 0x0, 0x0, 0x0, 0xc, 0xa0, 0x0, 0xe,
    0x60, 0x0, 0x0, 0x0, 0x0, 0x2, 0xf5, 0x0,
    0x0, 0xe6, 0x0, 0x0, 0x0, 0x0, 0x0, 0xae,
    0x0, 0x0, 0xe, 0x60, 0x0, 0xf, 0x20, 0x0,
    0x9f, 0x50, 0x0, 0x0, 0xe6, 0x0, 0x2, 0xf1,
    0x3, 0xcf, 0x50, 0x0, 0x0, 0xe, 0xa4, 0x44,
    0x8e, 0x9, 0xfd, 0x40, 0x0, 0x0, 0x0, 0x7f,
    0xff, 0xfe, 0x60, 0x13, 0x0, 0x0, 0x0, 0x0,
    0x0, 0x0, 0x0, 0x0, 0x0,

    /* U+5149 "光" */
    0x0, 0x0, 0x0, 0x0, 0x9, 0x70, 0x0, 0x0,
    0x0, 0x0, 0x0, 0x8, 0x30, 0x0, 0xb, 0x90,
    0x0, 0x3, 0xc2, 0x0, 0x0, 0xb, 0xc0, 0x0,
    0xb, 0x90, 0x0, 0xa, 0xd0, 0x0, 0x0, 0x2,
    0xf5, 0x0, 0xb, 0x90, 0x0, 0x2f, 0x50, 0x0,
    0x0, 0x0, 0xad, 0x0, 0xb, 0x90, 0x0, 0xad,
    0x0, 0x0, 0x0, 0x0, 0x3f, 0x40, 0xb, 0x90,
    0x3, 0xf3, 0x0, 0x0, 0x0, 0x0, 0x7, 0x20,
    0xb, 0x90, 0x2, 0x60, 0x0, 0x0, 0x0, 0x0,
    0x0, 0x0, 0xc, 0xa0, 0x0, 0x0, 0x0, 0x0,
    0xd, 0xff, 0xff, 0xff, 0xff, 0xff, 0xff, 0xff,
    0xff, 0xe0, 0x2, 0x33, 0x33, 0x9e, 0x33, 0x35,
    0xf5, 0x33, 0x33, 0x30, 0x0, 0x0, 0x0, 0xac,
    0x0, 0x2, 0xf2, 0x0, 0x0, 0x0, 0x0, 0x0,
    0x0, 0xca, 0x0, 0x2, 0xf2, 0x0, 0x0, 0x0,
    0x0, 0x0, 0x0, 0xf7, 0x0, 0x2, 0xf2, 0x0,
    0x0, 0x0, 0x0, 0x0, 0x6, 0xf2, 0x0, 0x2,
    0xf2, 0x0, 0x0, 0x0, 0x0, 0x0, 0xc, 0xc0,
    0x0, 0x2, 0xf2, 0x0, 0x1, 0x90, 0x0, 0x0,
    0x8f, 0x40, 0x0, 0x2, 0xf2, 0x0, 0x2, 0xf1,
    0x0, 0x9, 0xf8, 0x0, 0x0, 0x2, 0xf2, 0x0,
    0x3, 0xf0, 0x7, 0xef, 0x70, 0x0, 0x0, 0x1,
    0xf8, 0x44, 0x4a, 0xc0, 0xb, 0x92, 0x0, 0x0,
    0x0, 0x0, 0x9f, 0xff, 0xfe, 0x40, 0x0, 0x0,
    0x0, 0x0, 0x0, 0x0, 0x0, 0x0, 0x0, 0x0,

    /* U+5165 "入" */
    0x0, 0x0, 0x0, 0x10, 0x0, 0x0, 0x0, 0x0,
    0x0, 0x0, 0x0, 0x0, 0x0, 0xba, 0x0, 0x0,
    0x0, 0x0, 0x0, 0x0, 0x0, 0x0, 0x0, 0x5f,
    0xc0, 0x0, 0x0, 0x0, 0x0, 0x0, 0x0, 0x0,
    0x0, 0x3, 0xfa, 0x0, 0x0, 0x0, 0x0, 0x0,
    0x0, 0x0, 0x0, 0x0, 0x5f, 0x60, 0x0, 0x0,
    0x0, 0x0, 0x0, 0x0, 0x0, 0x0, 0xe, 0xe1,
    0x0, 0x0, 0x0, 0x0, 0x0, 0x0, 0x0, 0x0,
    0x3f, 0xf8, 0x0, 0x0, 0x0, 0x0, 0x0, 0x0,
    0x0, 0x0, 0x8f, 0x8f, 0x10, 0x0, 0x0, 0x0,
    0x0, 0x0, 0x0, 0x0, 0xcb, 0xe, 0xa0, 0x0,
    0x0, 0x0, 0x0, 0x0, 0x0, 0x2, 0xf5, 0x6,
    0xf3, 0x0, 0x0, 0x0, 0x0, 0x0, 0x0, 0xb,
    0xf0, 0x0, 0xdc, 0x0, 0x0, 0x0, 0x0, 0x0,
    0x0, 0x3f, 0x70, 0x0, 0x5f, 0x50, 0x0, 0x0,
    0x0, 0x0, 0x0, 0xce, 0x0, 0x0, 0xd, 0xd0,
    0x0, 0x0, 0x0, 0x0, 0x9, 0xf5, 0x0, 0x0,
    0x4, 0xf8, 0x0, 0x0, 0x0, 0x0, 0x7f, 0x80,
    0x0, 0x0, 0x0, 0x8f, 0x60, 0x0, 0x0, 0x7,
    0xfa, 0x0, 0x0, 0x0, 0x0, 0xc, 0xf6, 0x0,
    0x2, 0xcf, 0xa0, 0x0, 0x0, 0x0, 0x0, 0x1,
    0xcf, 0xa0, 0xc, 0xf6, 0x0, 0x0, 0x0, 0x0,
    0x0, 0x0, 0xa, 0xe0, 0x1, 0x20, 0x0, 0x0,
    0x0, 0x0, 0x0, 0x0, 0x0, 0x20,

    /* U+5168 "全" */
    0x0, 0x0, 0x0, 0x0, 0x3, 0xb1, 0x0, 0x0,
    0x0, 0x0, 0x0, 0x0, 0x0, 0x0, 0x1e, 0xf4,
    0x0, 0x0, 0x0, 0x0, 0x0, 0x0, 0x0, 0x0,
    0xbd, 0x8f, 0x40, 0x0, 0x0, 0x0, 0x0, 0x0,
    0x0, 0xb, 0xe1, 0x8, 0xf4, 0x0, 0x0, 0x0,
    0x0, 0x0, 0x1, 0xce, 0x20, 0x0, 0x8f, 0x70,
    0x0, 0x0, 0x0, 0x0, 0x4e, 0xd1, 0x0, 0x0,
    0x6, 0xfb, 0x10, 0x0, 0x0, 0x8, 0xfa, 0x0,
    0x0, 0x0, 0x0, 0x3d, 0xf6, 0x0, 0x6, 0xef,
    0x94, 0x44, 0x44, 0x44, 0x44, 0x44, 0xaf, 0xc2,
    0xb, 0x91, 0xcf, 0xff, 0xff, 0xff, 0xff, 0xff,
    0x64, 0xd5, 0x0, 0x0, 0x0, 0x0, 0x7, 0xe0,
    0x0, 0x0, 0x0, 0x0, 0x0, 0x0, 0x0, 0x0,
    0x7, 0xe0, 0x0, 0x0, 0x0, 0x0, 0x0, 0x0,
    0x0, 0x0, 0x7, 0xe0, 0x0, 0x0, 0x0, 0x0,
    0x0, 0x0, 0xbf, 0xff, 0xff, 0xff, 0xff, 0xff,
    0x60, 0x0, 0x0, 0x0, 0x23, 0x33, 0x39, 0xf3,
    0x33, 0x33, 0x10, 0x0, 0x0, 0x0, 0x0, 0x0,
    0x7, 0xe0, 0x0, 0x0, 0x0, 0x0, 0x0, 0x0,
    0x0, 0x0, 0x7, 0xe0, 0x0, 0x0, 0x0, 0x0,
    0x0, 0x33, 0x33, 0x33, 0x39, 0xf3, 0x33, 0x33,
    0x33, 0x20, 0x4, 0xff, 0xff, 0xff, 0xff, 0xff,
    0xff, 0xff, 0xff, 0xc0,

    /* U+5171 "共" */
    0x0, 0x0, 0x2, 0x90, 0x0, 0x0, 0x9, 0x30,
    0x0, 0x0, 0x0, 0x0, 0x4, 0xf0, 0x0, 0x0,
    0xf, 0x50, 0x0, 0x0, 0x0, 0x0, 0x4, 0xf0,
    0x0, 0x0, 0xf, 0x50, 0x0, 0x0, 0x0, 0x0,
    0x4, 0xf0, 0x0, 0x0, 0xf, 0x50, 0x0, 0x0,
    0x0, 0x44, 0x48, 0xf5, 0x44, 0x44, 0x5f, 0x84,
    0x44, 0x10, 0x2, 0xff, 0xff, 0xff, 0xff, 0xff,
    0xff, 0xff, 0xff, 0x50, 0x0, 0x0, 0x4, 0xf0,
    0x0, 0x0, 0xf, 0x50, 0x0, 0x0, 0x0, 0x0,
    0x4, 0xf0, 0x0, 0x0, 0xf, 0x50, 0x0, 0x0,
    0x0, 0x0, 0x4, 0xf0, 0x0, 0x0, 0xf, 0x50,
    0x0, 0x0, 0x0, 0x0, 0x4, 0xf0, 0x0, 0x0,
    0xf, 0x50, 0x0, 0x0, 0x4, 0x44, 0x47, 0xf4,
    0x44, 0x44, 0x4f, 0x84, 0x44, 0x40, 0xf, 0xff,
    0xff, 0xff, 0xff, 0xff, 0xff, 0xff, 0xff, 0xf1,
    0x0, 0x0, 0x0, 0x0, 0x0, 0x0, 0x0, 0x0,
    0x0, 0x0, 0x0, 0x0, 0x0, 0x76, 0x0, 0x0,
    0x75, 0x0, 0x0, 0x0, 0x0, 0x0, 0x7, 0xf6,
    0x0, 0x0, 0x7f, 0x90, 0x0, 0x0, 0x0, 0x0,
    0x9f, 0x50, 0x0, 0x0, 0x4, 0xed, 0x20, 0x0,
    0x0, 0x3d, 0xf5, 0x0, 0x0, 0x0, 0x0, 0x1d,
    0xe4, 0x0, 0x5, 0xfc, 0x10, 0x0, 0x0, 0x0,
    0x0, 0x0, 0xbf, 0x40, 0x0, 0x50, 0x0, 0x0,
    0x0, 0x0, 0x0, 0x0, 0x5, 0x0,

    /* U+5173 "关" */
    0x0, 0x0, 0x30, 0x0, 0x0, 0x0, 0x5, 0x40,
    0x0, 0x0, 0x0, 0xe, 0x90, 0x0, 0x0, 0x0,
    0xf9, 0x0, 0x0, 0x0, 0x0, 0x4f, 0x30, 0x0,
    0x0, 0x7e, 0x10, 0x0, 0x0, 0x0, 0x0, 0xbc,
    0x0, 0x0, 0x1f, 0x60, 0x0, 0x0, 0x1, 0x55,
    0x58, 0x85, 0x55, 0x5b, 0xe5, 0x55, 0x40, 0x0,
    0x2f, 0xff, 0xff, 0xff, 0xff, 0xff, 0xff, 0xfc,
    0x0, 0x0, 0x0, 0x0, 0x0, 0x7f, 0x0, 0x0,
    0x0, 0x0, 0x0, 0x0, 0x0, 0x0, 0x7, 0xf0,
    0x0, 0x0, 0x0, 0x0, 0x0, 0x0, 0x0, 0x0,
    0x7f, 0x0, 0x0, 0x0, 0x0, 0x2, 0x55, 0x55,
    0x55, 0x5b, 0xf5, 0x55, 0x55, 0x55, 0x50, 0x5f,
    0xff, 0xff, 0xff, 0xff, 0xff, 0xff, 0xff, 0xfd,
    0x0, 0x0, 0x0, 0x0, 0x1f, 0xfb, 0x0, 0x0,
    0x0, 0x0, 0x0, 0x0, 0x0, 0x7, 0xf6, 0xf6,
    0x0, 0x0, 0x0, 0x0, 0x0, 0x0, 0x4, 0xfa,
    0x8, 0xf3, 0x0, 0x0, 0x0, 0x0, 0x0, 0x4,
    0xfc, 0x0, 0xb, 0xf3, 0x0, 0x0, 0x0, 0x0,
    0x8, 0xfc, 0x10, 0x0, 0xb, 0xf8, 0x0, 0x0,
    0x1, 0x7e, 0xf7, 0x0, 0x0, 0x0, 0x8, 0xfd,
    0x71, 0x6, 0xff, 0xa2, 0x0, 0x0, 0x0, 0x0,
    0x3, 0xbf, 0xf1, 0x7, 0x10, 0x0, 0x0, 0x0,
    0x0, 0x0, 0x0, 0x14, 0x0,

    /* U+5174 "兴" */
    0x0, 0x0, 0x0, 0x1, 0x30, 0x0, 0x0, 0x0,
    0x0, 0x0, 0x0, 0x0, 0x0, 0x9d, 0x0, 0x0,
    0x0, 0x1, 0xb4, 0x6, 0x90, 0x0, 0x2, 0xf4,
    0x0, 0x0, 0x0, 0x9f, 0x20, 0x3f, 0x50, 0x0,
    0xb, 0xc0, 0x0, 0x0, 0x2f, 0x80, 0x0, 0x9e,
    0x0, 0x0, 0x5f, 0x10, 0x0, 0x9, 0xe1, 0x0,
    0x1, 0xf7, 0x0, 0x0, 0xf6, 0x0, 0x2, 0xf7,
    0x0, 0x0, 0x9, 0xe0, 0x0, 0xb, 0x80, 0x0,
    0xbd, 0x0, 0x0, 0x0, 0x2f, 0x50, 0x0, 0x0,
    0x0, 0x5f, 0x30, 0x0, 0x0, 0x0, 0x30, 0x0,
    0x0, 0x0, 0xe, 0x90, 0x0, 0x0, 0x11, 0x11,
    0x11, 0x11, 0x11, 0x11, 0x21, 0x11, 0x11, 0xe,
    0xff, 0xff, 0xff, 0xff, 0xff, 0xff, 0xff, 0xff,
    0xe0, 0x23, 0x33, 0x33, 0x33, 0x33, 0x33, 0x33,
    0x33, 0x32, 0x0, 0x0, 0x1, 0x82, 0x0, 0x0,
    0x16, 0x0, 0x0, 0x0, 0x0, 0x0, 0xbe, 0x20,
    0x0, 0x4, 0xfa, 0x0, 0x0, 0x0, 0x0, 0x9f,
    0x30, 0x0, 0x0, 0x3, 0xfb, 0x0, 0x0, 0x0,
    0x9f, 0x50, 0x0, 0x0, 0x0, 0x3, 0xec, 0x0,
    0x1, 0xcf, 0x50, 0x0, 0x0, 0x0, 0x0, 0x3,
    0xfb, 0x0, 0xce, 0x30, 0x0, 0x0, 0x0, 0x0,
    0x0, 0x3, 0xf9, 0x1, 0x20, 0x0, 0x0, 0x0,
    0x0, 0x0, 0x0, 0x3, 0x0,

    /* U+5176 "其" */
    0x0, 0x0, 0x2b, 0x10, 0x0, 0x0, 0x2, 0xb1,
    0x0, 0x0, 0x0, 0x2, 0xf2, 0x0, 0x0, 0x0,
    0x2f, 0x20, 0x0, 0x1, 0x44, 0x6f, 0x64, 0x44,
    0x44, 0x46, 0xf6, 0x44, 0x10, 0x5f, 0xff, 0xff,
    0xff, 0xff, 0xff, 0xff, 0xff, 0xf6, 0x0, 0x0,
    0x2f, 0x20, 0x0, 0x0, 0x2, 0xf2, 0x0, 0x0,
    0x0, 0x2, 0xf2, 0x0, 0x0, 0x0, 0x2f, 0x20,
    0x0, 0x0, 0x0, 0x2f, 0xff, 0xff, 0xff, 0xff,
    0xf2, 0x0, 0x0, 0x0, 0x2, 0xf5, 0x33, 0x33,
    0x33, 0x5f, 0x20, 0x0, 0x0, 0x0, 0x2f, 0x20,
    0x0, 0x0, 0x2, 0xf2, 0x0, 0x0, 0x0, 0x2,
    0xf5, 0x44, 0x44, 0x44, 0x6f, 0x20, 0x0, 0x0,
    0x0, 0x2f, 0xee, 0xee, 0xee, 0xee, 0xf2, 0x0,
    0x0, 0x0, 0x2, 0xf2, 0x0, 0x0, 0x0, 0x2f,
    0x20, 0x0, 0x0, 0x0, 0x2f, 0x20, 0x0, 0x0,
    0x2, 0xf2, 0x0, 0x0, 0xef, 0xff, 0xff, 0xff,
    0xff, 0xff, 0xff, 0xff, 0xfe, 0x4, 0x44, 0x44,
    0x46, 0x44, 0x44, 0x54, 0x44, 0x44, 0x40, 0x0,
    0x0, 0x5d, 0xe2, 0x0, 0x2f, 0xc6, 0x0, 0x0,
    0x0, 0x17, 0xdf, 0x91, 0x0, 0x0, 0x17, 0xdf,
    0x92, 0x0, 0xaf, 0xd7, 0x10, 0x0, 0x0, 0x0,
    0x0, 0x5c, 0xf7, 0x3, 0x30, 0x0, 0x0, 0x0,
    0x0, 0x0, 0x0, 0x4, 0x0,

    /* U+517B "养" */
    0x0, 0x0, 0x5, 0x50, 0x0, 0x0, 0x6, 0x60,
    0x0, 0x0, 0x0, 0x0, 0x5, 0xf2, 0x0, 0x0,
    0x2f, 0x70, 0x0, 0x0, 0x0, 0x44, 0x44, 0xd9,
    0x44, 0x44, 0xbe, 0x44, 0x44, 0x0, 0x0, 0xdd,
    0xdd, 0xdd, 0xdf, 0xfd, 0xdd, 0xdd, 0xdd, 0x0,
    0x0, 0x0, 0x0, 0x0, 0xe, 0x60, 0x0, 0x0,
    0x0, 0x0, 0x0, 0xf, 0xff, 0xff, 0xff, 0xff,
    0xff, 0xff, 0xe0, 0x0, 0x0, 0x2, 0x22, 0x22,
    0xea, 0x22, 0x22, 0x22, 0x20, 0x0, 0x0, 0x0,
    0x0, 0x5, 0xf2, 0x0, 0x0, 0x0, 0x0, 0x0,
    0xe, 0xff, 0xff, 0xff, 0xff, 0xff, 0xff, 0xff,
    0xff, 0x90, 0x2, 0x22, 0x24, 0xee, 0x32, 0x23,
    0xdd, 0x32, 0x22, 0x10, 0x0, 0x0, 0x3e, 0xf3,
    0x0, 0x0, 0x1e, 0xd2, 0x0, 0x0, 0x0, 0x17,
    0xff, 0xb2, 0x0, 0x0, 0x56, 0xce, 0x60, 0x0,
    0x19, 0xff, 0xb2, 0xe6, 0x0, 0x0, 0xba, 0x8,
    0xfe, 0x80, 0xb, 0x93, 0x0, 0xf5, 0x0, 0x0,
    0xba, 0x0, 0x29, 0x70, 0x0, 0x0, 0x3, 0xf3,
    0x0, 0x0, 0xba, 0x0, 0x0, 0x0, 0x0, 0x0,
    0x9, 0xe0, 0x0, 0x0, 0xba, 0x0, 0x0, 0x0,
    0x0, 0x0, 0x7f, 0x50, 0x0, 0x0, 0xba, 0x0,
    0x0, 0x0, 0x0, 0x1a, 0xf8, 0x0, 0x0, 0x0,
    0xba, 0x0, 0x0, 0x0, 0x0, 0x7d, 0x50, 0x0,
    0x0, 0x0, 0xba, 0x0, 0x0, 0x0, 0x0, 0x0,
    0x0, 0x0, 0x0, 0x0, 0x0, 0x0, 0x0, 0x0,

    /* U+5185 "内" */
    0x0, 0x0, 0x0, 0x8, 0x80, 0x0, 0x0, 0x0,
    0x0, 0x0, 0x0, 0x0, 0xaa, 0x0, 0x0, 0x0,
    0x0, 0x0, 0x0, 0x0, 0xa, 0xa0, 0x0, 0x0,
    0x0, 0x5, 0x55, 0x55, 0x55, 0xcc, 0x55, 0x55,
    0x55, 0x50, 0xff, 0xff, 0xff, 0xff, 0xff, 0xff,
    0xff, 0xff, 0xf, 0x50, 0x0, 0x0, 0xc9, 0x0,
    0x0, 0x4, 0xf0, 0xf5, 0x0, 0x0, 0xe, 0x70,
    0x0, 0x0, 0x4f, 0xf, 0x50, 0x0, 0x1, 0xf5,
    0x0, 0x0, 0x4, 0xf0, 0xf5, 0x0, 0x0, 0x6f,
    0xd2, 0x0, 0x0, 0x4f, 0xf, 0x50, 0x0, 0xc,
    0xba, 0xe2, 0x0, 0x4, 0xf0, 0xf5, 0x0, 0x5,
    0xf3, 0xa, 0xe3, 0x0, 0x4f, 0xf, 0x50, 0x3,
    0xf8, 0x0, 0xa, 0xe3, 0x4, 0xf0, 0xf5, 0x4,
    0xfb, 0x0, 0x0, 0xb, 0xe2, 0x4f, 0xf, 0x59,
    0xfa, 0x0, 0x0, 0x0, 0xd, 0xd4, 0xf0, 0xf5,
    0x56, 0x0, 0x0, 0x0, 0x0, 0x23, 0x4f, 0xf,
    0x50, 0x0, 0x0, 0x0, 0x0, 0x0, 0x4, 0xf0,
    0xf5, 0x0, 0x0, 0x0, 0x0, 0x0, 0x0, 0x4f,
    0xf, 0x50, 0x0, 0x0, 0x0, 0x0, 0x66, 0x6a,
    0xf0, 0xf5, 0x0, 0x0, 0x0, 0x0, 0xb, 0xfe,
    0xd6, 0x0,

    /* U+518C "册" */
    0x0, 0x4, 0x44, 0x44, 0x30, 0x4, 0x44, 0x44,
    0x40, 0x0, 0x0, 0xd, 0xff, 0xff, 0xb0, 0x1f,
    0xff, 0xff, 0xe0, 0x0, 0x0, 0xd, 0x60, 0x8,
    0xb0, 0x1f, 0x30, 0x5, 0xe0, 0x0, 0x0, 0xd,
    0x60, 0x8, 0xb0, 0x1f, 0x30, 0x5, 0xe0, 0x0,
    0x0, 0xd, 0x60, 0x8, 0xb0, 0x1f, 0x30, 0x5,
    0xe0, 0x0, 0x0, 0xd, 0x60, 0x8, 0xb0, 0x1f,
    0x30, 0x5, 0xe0, 0x0, 0x0, 0xd, 0x60, 0x8,
    0xb0, 0x1f, 0x30, 0x5, 0xe0, 0x0, 0x2f, 0xff,
    0xff, 0xff, 0xff, 0xff, 0xff, 0xff, 0xff, 0xf2,
    0x5, 0x5f, 0x85, 0x5b, 0xd5, 0x6f, 0x65, 0x59,
    0xf5, 0x50, 0x0, 0xf, 0x40, 0x8, 0xb0, 0x3f,
    0x0, 0x5, 0xe0, 0x0, 0x0, 0x3f, 0x20, 0x8,
    0xb0, 0x5e, 0x0, 0x5, 0xe0, 0x0, 0x0, 0x5f,
    0x0, 0x8, 0xb0, 0x7c, 0x0, 0x5, 0xe0, 0x0,
    0x0, 0x7d, 0x0, 0x8, 0xb0, 0xaa, 0x0, 0x5,
    0xe0, 0x0, 0x0, 0xc8, 0x0, 0x8, 0xb0, 0xe6,
    0x0, 0x5, 0xe0, 0x0, 0x2, 0xf3, 0x0, 0x8,
    0xb4, 0xf2, 0x0, 0x5, 0xe0, 0x0, 0xa, 0xd0,
    0x3, 0x3b, 0xbb, 0xc0, 0x1, 0x17, 0xe0, 0x0,
    0xd, 0x40, 0xe, 0xfd, 0x5c, 0x30, 0xe, 0xff,
    0x90, 0x0, 0x1, 0x0, 0x0, 0x0, 0x0, 0x0,
    0x1, 0x20, 0x0, 0x0,

    /* U+518D "再" */
    0x2, 0x44, 0x44, 0x44, 0x44, 0x44, 0x44, 0x44,
    0x44, 0x20, 0x6, 0xff, 0xff, 0xff, 0xff, 0xff,
    0xff, 0xff, 0xff, 0x70, 0x0, 0x0, 0x0, 0x0,
    0xc, 0x90, 0x0, 0x0, 0x0, 0x0, 0x0, 0x2,
    0x33, 0x33, 0x3d, 0xa3, 0x33, 0x33, 0x20, 0x0,
    0x0, 0xc, 0xff, 0xff, 0xff, 0xff, 0xff, 0xff,
    0xc0, 0x0, 0x0, 0xc, 0x80, 0x0, 0xc, 0x90,
    0x0, 0x9, 0xc0, 0x0, 0x0, 0xc, 0x80, 0x0,
    0xc, 0x90, 0x0, 0x8, 0xc0, 0x0, 0x0, 0xc,
    0xa3, 0x33, 0x3d, 0xb3, 0x33, 0x3a, 0xc0, 0x0,
    0x0, 0xc, 0xff, 0xff, 0xff, 0xff, 0xff, 0xff,
    0xc0, 0x0, 0x0, 0xc, 0x80, 0x0, 0xc, 0x90,
    0x0, 0x8, 0xc0, 0x0, 0x0, 0xc, 0x80, 0x0,
    0xc, 0x90, 0x0, 0x8, 0xc0, 0x0, 0x15, 0x5d,
    0xb5, 0x55, 0x5d, 0xb5, 0x55, 0x5b, 0xd5, 0x51,
    0x2e, 0xef, 0xfe, 0xee, 0xee, 0xee, 0xee, 0xef,
    0xfe, 0xe3, 0x0, 0xc, 0x80, 0x0, 0x0, 0x0,
    0x0, 0x8, 0xc0, 0x0, 0x0, 0xc, 0x80, 0x0,
    0x0, 0x0, 0x0, 0x8, 0xc0, 0x0, 0x0, 0xc,
    0x80, 0x0, 0x0, 0x0, 0x0, 0x8, 0xc0, 0x0,
    0x0, 0xc, 0x80, 0x0, 0x0, 0x0, 0x44, 0x4b,
    0xb0, 0x0, 0x0, 0xc, 0x80, 0x0, 0x0, 0x0,
    0xbf, 0xfd, 0x40, 0x0,

    /* U+5192 "冒" */
    0x5f, 0xff, 0xff, 0xff, 0xff, 0xff, 0xff, 0xfe,
    0x5e, 0x11, 0x11, 0x11, 0x11, 0x11, 0x11, 0x7e,
    0x5e, 0x1, 0x22, 0x22, 0x22, 0x22, 0x20, 0x6e,
    0x5e, 0xc, 0xdd, 0xdd, 0xdd, 0xdd, 0xd1, 0x6e,
    0x5e, 0x0, 0x0, 0x0, 0x0, 0x0, 0x0, 0x6e,
    0x5e, 0xc, 0xee, 0xee, 0xee, 0xee, 0xe0, 0x6e,
    0x4a, 0x0, 0x0, 0x0, 0x0, 0x0, 0x0, 0x4a,
    0x0, 0x11, 0x11, 0x11, 0x11, 0x11, 0x11, 0x0,
    0x0, 0xef, 0xff, 0xff, 0xff, 0xff, 0xff, 0x90,
    0x0, 0xe4, 0x0, 0x0, 0x0, 0x0, 0xf, 0x90,
    0x0, 0xed, 0xcc, 0xcc, 0xcc, 0xcc, 0xdf, 0x90,
    0x0, 0xe6, 0x22, 0x22, 0x22, 0x22, 0x3f, 0x90,
    0x0, 0xe5, 0x0, 0x0, 0x0, 0x0, 0x1f, 0x90,
    0x0, 0xef, 0xff, 0xff, 0xff, 0xff, 0xff, 0x90,
    0x0, 0xe4, 0x0, 0x0, 0x0, 0x0, 0xf, 0x90,
    0x0, 0xe7, 0x33, 0x33, 0x33, 0x33, 0x4f, 0x90,
    0x0, 0xee, 0xdd, 0xdd, 0xdd, 0xdd, 0xdf, 0x90,
    0x0, 0xe4, 0x0, 0x0, 0x0, 0x0, 0xe, 0x80,

    /* U+51C6 "准" */
    0x0, 0x0, 0x0, 0x0, 0x35, 0x0, 0x52, 0x0,
    0x0, 0x0, 0xa3, 0x0, 0x0, 0xc, 0xa0, 0xb,
    0xc0, 0x0, 0x0, 0xa, 0xd0, 0x0, 0x3, 0xf3,
    0x0, 0x2f, 0x40, 0x0, 0x0, 0x1e, 0x90, 0x0,
    0xae, 0x22, 0x22, 0xa5, 0x22, 0x20, 0x0, 0x5f,
    0x30, 0x1f, 0xff, 0xff, 0xff, 0xff, 0xff, 0x60,
    0x0, 0xc7, 0xb, 0xf6, 0x0, 0x4, 0xf0, 0x0,
    0x0, 0x0, 0x0, 0x5, 0xff, 0x60, 0x0, 0x4f,
    0x0, 0x0, 0x0, 0x0, 0x3, 0xf6, 0xd7, 0x22,
    0x26, 0xf3, 0x22, 0x20, 0x0, 0x0, 0xaa, 0xd,
    0xff, 0xff, 0xff, 0xff, 0xff, 0x0, 0x0, 0x0,
    0x0, 0xd6, 0x0, 0x4, 0xf0, 0x0, 0x0, 0x0,
    0x3, 0x60, 0xd, 0x60, 0x0, 0x4f, 0x0, 0x0,
    0x0, 0x0, 0xad, 0x0, 0xd7, 0x22, 0x26, 0xf3,
    0x22, 0x20, 0x0, 0x1f, 0x60, 0xd, 0xff, 0xff,
    0xff, 0xff, 0xff, 0x0, 0x7, 0xf0, 0x0, 0xd6,
    0x0, 0x4, 0xf0, 0x0, 0x0, 0x0, 0xe9, 0x0,
    0xd, 0x60, 0x0, 0x4f, 0x0, 0x0, 0x0, 0x6f,
    0x20, 0x0, 0xd7, 0x11, 0x15, 0xf2, 0x11, 0x11,
    0xd, 0xb0, 0x0, 0xd, 0xff, 0xff, 0xff, 0xff,
    0xff, 0xc0, 0x73, 0x0, 0x0, 0xd7, 0x11, 0x11,
    0x11, 0x11, 0x11, 0x0, 0x0, 0x0, 0xd, 0x60,
    0x0, 0x0, 0x0, 0x0, 0x0,

    /* U+51FA "出" */
    0x0, 0x0, 0x0, 0xb, 0x60, 0x0, 0x0, 0x0,
    0x0, 0x0, 0x0, 0xe, 0x80, 0x0, 0x0, 0x0,
    0xd, 0x40, 0x0, 0xe, 0x80, 0x0, 0x6, 0xe0,
    0xf, 0x50, 0x0, 0xe, 0x80, 0x0, 0x7, 0xf0,
    0xf, 0x50, 0x0, 0xe, 0x80, 0x0, 0x7, 0xf0,
    0xf, 0x50, 0x0, 0xe, 0x80, 0x0, 0x7, 0xf0,
    0xf, 0x50, 0x0, 0xe, 0x80, 0x0, 0x7, 0xf0,
    0xf, 0x95, 0x55, 0x5f, 0xb5, 0x55, 0x5a, 0xf0,
    0xf, 0xff, 0xff, 0xff, 0xff, 0xff, 0xff, 0xf0,
    0x0, 0x0, 0x0, 0xe, 0x80, 0x0, 0x0, 0x0,
    0x42, 0x0, 0x0, 0xe, 0x80, 0x0, 0x0, 0x33,
    0xe8, 0x0, 0x0, 0xe, 0x80, 0x0, 0x0, 0xac,
    0xe8, 0x0, 0x0, 0xe, 0x80, 0x0, 0x0, 0xac,
    0xe8, 0x0, 0x0, 0xe, 0x80, 0x0, 0x0, 0xac,
    0xe8, 0x0, 0x0, 0xe, 0x80, 0x0, 0x0, 0xac,
    0xe8, 0x0, 0x0, 0xe, 0x80, 0x0, 0x0, 0xac,
    0xef, 0xff, 0xff, 0xff, 0xff, 0xff, 0xff, 0xfc,
    0x55, 0x55, 0x55, 0x55, 0x55, 0x55, 0x55, 0xcc,
    0x0, 0x0, 0x0, 0x0, 0x0, 0x0, 0x0, 0xac,

    /* U+51FB "击" */
    0x0, 0x0, 0x0, 0x0, 0x5c, 0x0, 0x0, 0x0,
    0x0, 0x0, 0x0, 0x0, 0x0, 0x6f, 0x0, 0x0,
    0x0, 0x0, 0x0, 0x0, 0x0, 0x0, 0x6f, 0x0,
    0x0, 0x0, 0x0, 0x0, 0x55, 0x55, 0x55, 0xaf,
    0x55, 0x55, 0x55, 0x30, 0x0, 0xde, 0xee, 0xee,
    0xff, 0xee, 0xee, 0xee, 0x70, 0x0, 0x0, 0x0,
    0x0, 0x6f, 0x0, 0x0, 0x0, 0x0, 0x0, 0x0,
    0x0, 0x0, 0x6f, 0x0, 0x0, 0x0, 0x0, 0x0,
    0x0, 0x0, 0x0, 0x6f, 0x0, 0x0, 0x0, 0x0,
    0x6f, 0xff, 0xff, 0xff, 0xff, 0xff, 0xff, 0xff,
    0xfe, 0x25, 0x55, 0x55, 0x55, 0xaf, 0x55, 0x55,
    0x55, 0x55, 0x0, 0x0, 0x0, 0x0, 0x6f, 0x0,
    0x0, 0x0, 0x0, 0x0, 0x76, 0x0, 0x0, 0x6f,
    0x0, 0x0, 0x19, 0x10, 0x0, 0xca, 0x0, 0x0,
    0x6f, 0x0, 0x0, 0x2f, 0x20, 0x0, 0xca, 0x0,
    0x0, 0x6f, 0x0, 0x0, 0x2f, 0x20, 0x0, 0xca,
    0x0, 0x0, 0x6f, 0x0, 0x0, 0x2f, 0x20, 0x0,
    0xca, 0x0, 0x0, 0x6f, 0x0, 0x0, 0x2f, 0x20,
    0x0, 0xcf, 0xff, 0xff, 0xff, 0xff, 0xff, 0xff,
    0x20, 0x0, 0x45, 0x55, 0x55, 0x55, 0x55, 0x55,
    0x7f, 0x20, 0x0, 0x0, 0x0, 0x0, 0x0, 0x0,
    0x0, 0x2f, 0x20,

    /* U+5206 "分" */
    0x0, 0x0, 0x0, 0x21, 0x0, 0x0, 0x2, 0x0,
    0x0, 0x0, 0x0, 0x0, 0x0, 0xdb, 0x0, 0x0,
    0x9d, 0x0, 0x0, 0x0, 0x0, 0x0, 0x5, 0xf4,
    0x0, 0x0, 0x1f, 0x60, 0x0, 0x0, 0x0, 0x0,
    0xd, 0xc0, 0x0, 0x0, 0x7, 0xf2, 0x0, 0x0,
    0x0, 0x0, 0x8f, 0x20, 0x0, 0x0, 0x0, 0xcc,
    0x0, 0x0, 0x0, 0x4, 0xf8, 0x0, 0x0, 0x0,
    0x0, 0x2f, 0xa0, 0x0, 0x0, 0x3f, 0xb0, 0x0,
    0x0, 0x0, 0x0, 0x5, 0xf8, 0x0, 0x4, 0xfd,
    0x32, 0x22, 0x22, 0x22, 0x22, 0x22, 0x8f, 0xa0,
    0xb, 0xc5, 0xff, 0xff, 0xff, 0xff, 0xff, 0xff,
    0x27, 0xa0, 0x0, 0x0, 0x22, 0x28, 0xf2, 0x22,
    0x22, 0x5f, 0x20, 0x0, 0x0, 0x0, 0x0, 0x9,
    0xc0, 0x0, 0x0, 0x4f, 0x10, 0x0, 0x0, 0x0,
    0x0, 0xd, 0x90, 0x0, 0x0, 0x5f, 0x0, 0x0,
    0x0, 0x0, 0x0, 0x4f, 0x30, 0x0, 0x0, 0x7e,
    0x0, 0x0, 0x0, 0x0, 0x0, 0xbc, 0x0, 0x0,
    0x0, 0x8d, 0x0, 0x0, 0x0, 0x0, 0x8, 0xf4,
    0x0, 0x0, 0x0, 0xab, 0x0, 0x0, 0x0, 0x0,
    0x8f, 0x80, 0x0, 0x0, 0x0, 0xe8, 0x0, 0x0,
    0x0, 0x4c, 0xf7, 0x0, 0x1, 0x54, 0x48, 0xf4,
    0x0, 0x0, 0x6, 0xfb, 0x20, 0x0, 0x0, 0xef,
    0xff, 0xa0, 0x0, 0x0, 0x0, 0x10, 0x0, 0x0,
    0x0, 0x0, 0x0, 0x0, 0x0, 0x0,

    /* U+5207 "切" */
    0x0, 0xe, 0x60, 0x0, 0x0, 0x0, 0x0, 0x0,
    0x0, 0x0, 0x0, 0xe6, 0x0, 0xb, 0xff, 0xff,
    0xff, 0xff, 0xf8, 0x0, 0xe, 0x60, 0x0, 0x34,
    0x49, 0xe4, 0x44, 0x4d, 0x80, 0x0, 0xe6, 0x0,
    0x0, 0x0, 0x7d, 0x0, 0x0, 0xd8, 0x0, 0xe,
    0xa9, 0xcf, 0x60, 0x8, 0xc0, 0x0, 0xd, 0x74,
    0xbe, 0xfe, 0xa7, 0x30, 0x0, 0x9b, 0x0, 0x0,
    0xe7, 0x48, 0x4e, 0x60, 0x0, 0x0, 0xa, 0xb0,
    0x0, 0xe, 0x60, 0x0, 0xe6, 0x0, 0x0, 0x0,
    0xc8, 0x0, 0x0, 0xf6, 0x0, 0xe, 0x60, 0x0,
    0x0, 0xf, 0x50, 0x0, 0xf, 0x50, 0x0, 0xe6,
    0x0, 0x0, 0x2, 0xf2, 0x0, 0x1, 0xf4, 0x0,
    0xe, 0x60, 0x4, 0x40, 0x6f, 0x0, 0x0, 0x2f,
    0x30, 0x0, 0xe7, 0x6d, 0xf6, 0xc, 0xb0, 0x0,
    0x3, 0xf2, 0x0, 0x3f, 0xfe, 0x70, 0x4, 0xf4,
    0x0, 0x0, 0x4f, 0x10, 0x8, 0xd6, 0x0, 0x0,
    0xdc, 0x0, 0x0, 0x6, 0xf0, 0x0, 0x0, 0x0,
    0x0, 0xbf, 0x20, 0x0, 0x0, 0xad, 0x0, 0x0,
    0x0, 0x2, 0xcf, 0x40, 0x2, 0x54, 0x6f, 0x90,
    0x0, 0x0, 0x0, 0x9d, 0x30, 0x0, 0x3f, 0xff,
    0xb1, 0x0, 0x0, 0x0, 0x0, 0x0, 0x0, 0x0,
    0x0, 0x0, 0x0,

    /* U+521D "初" */
    0x0, 0x4, 0x60, 0x0, 0x0, 0x0, 0x0, 0x0,
    0x0, 0x0, 0x0, 0x4f, 0x30, 0x0, 0x0, 0x0,
    0x0, 0x0, 0x0, 0x0, 0x0, 0xac, 0x0, 0xbf,
    0xff, 0xff, 0xff, 0xff, 0x60, 0x23, 0x35, 0x73,
    0x13, 0x44, 0x8f, 0x44, 0x44, 0xf6, 0xe, 0xff,
    0xff, 0xfc, 0x0, 0x6, 0xf0, 0x0, 0xf, 0x50,
    0x0, 0x0, 0x2f, 0x50, 0x0, 0x8d, 0x0, 0x0,
    0xf5, 0x0, 0x0, 0x9, 0xd0, 0x0, 0x9, 0xc0,
    0x0, 0xf, 0x40, 0x0, 0x4, 0xf3, 0x20, 0x0,
    0xab, 0x0, 0x0, 0xf4, 0x0, 0x1, 0xea, 0x1d,
    0x70, 0xc, 0x80, 0x0, 0x1f, 0x30, 0x1, 0xdf,
    0xfd, 0x70, 0x0, 0xf5, 0x0, 0x2, 0xf2, 0x1,
    0xcd, 0xfb, 0xf3, 0x0, 0x3f, 0x20, 0x0, 0x3f,
    0x11, 0xed, 0x1e, 0x68, 0xe2, 0x6, 0xf0, 0x0,
    0x4, 0xf0, 0x8, 0x10, 0xe6, 0x9, 0x10, 0xda,
    0x0, 0x0, 0x5f, 0x0, 0x0, 0xe, 0x60, 0x0,
    0x4f, 0x30, 0x0, 0x6, 0xe0, 0x0, 0x0, 0xe6,
    0x0, 0xb, 0xc0, 0x0, 0x0, 0x9c, 0x0, 0x0,
    0xe, 0x60, 0x8, 0xf4, 0x0, 0x0, 0xc, 0xa0,
    0x0, 0x0, 0xe6, 0x7, 0xf9, 0x0, 0x34, 0x36,
    0xf6, 0x0, 0x0, 0xe, 0x60, 0xba, 0x0, 0x8,
    0xff, 0xf9, 0x0, 0x0, 0x0, 0x10, 0x0, 0x0,
    0x0, 0x0, 0x0, 0x0, 0x0,

    /* U+5230 "到" */
    0x0, 0x0, 0x0, 0x0, 0x0, 0x0, 0x0, 0x0,
    0x62, 0x26, 0x66, 0x66, 0x66, 0x66, 0x60, 0x0,
    0x0, 0xe6, 0x4c, 0xcc, 0xfd, 0xcc, 0xcc, 0xb0,
    0xe5, 0x0, 0xe6, 0x0, 0x6, 0xf1, 0x3, 0x0,
    0x0, 0xe5, 0x0, 0xe6, 0x0, 0xe, 0x70, 0xc,
    0x90, 0x0, 0xe5, 0x0, 0xe6, 0x0, 0x9d, 0x0,
    0x2, 0xf5, 0x0, 0xe5, 0x0, 0xe6, 0x5, 0xf8,
    0x78, 0x9b, 0xef, 0x10, 0xe5, 0x0, 0xe6, 0xa,
    0xfd, 0xb9, 0x86, 0x5b, 0xa0, 0xe5, 0x0, 0xe6,
    0x0, 0x0, 0x6, 0x30, 0x2, 0x20, 0xe5, 0x0,
    0xe6, 0x0, 0x0, 0xd, 0x60, 0x0, 0x0, 0xe5,
    0x0, 0xe6, 0x3, 0x44, 0x4e, 0x94, 0x44, 0x20,
    0xe5, 0x0, 0xe6, 0xb, 0xee, 0xef, 0xfe, 0xee,
    0x70, 0xe5, 0x0, 0xe6, 0x0, 0x0, 0xd, 0x60,
    0x0, 0x0, 0xe5, 0x0, 0xe6, 0x0, 0x0, 0xd,
    0x60, 0x0, 0x0, 0xe5, 0x0, 0xe6, 0x0, 0x0,
    0xd, 0x60, 0x36, 0x60, 0x0, 0x0, 0xe6, 0x0,
    0x25, 0x8f, 0xff, 0xfc, 0x70, 0x0, 0x0, 0xe6,
    0x5f, 0xfe, 0xb8, 0x52, 0x0, 0x0, 0x4, 0x45,
    0xf5, 0x14, 0x10, 0x0, 0x0, 0x0, 0x0, 0xb,
    0xff, 0xb1, 0x0, 0x0, 0x0, 0x0, 0x0, 0x0,
    0x0, 0x0, 0x0,

    /* U+5236 "制" */
    0x0, 0x0, 0x0, 0x40, 0x0, 0x0, 0x0, 0x0,
    0x2, 0x0, 0x3, 0xe0, 0x1f, 0x20, 0x0, 0x0,
    0x0, 0x0, 0xe6, 0x0, 0x8c, 0x1, 0xf2, 0x0,
    0x0, 0x5, 0xe0, 0xe, 0x60, 0xd, 0xfe, 0xef,
    0xee, 0xee, 0x40, 0x5e, 0x0, 0xe6, 0x5, 0xf5,
    0x56, 0xf7, 0x55, 0x51, 0x5, 0xe0, 0xe, 0x60,
    0xd8, 0x0, 0x1f, 0x20, 0x0, 0x0, 0x5e, 0x0,
    0xe6, 0xa, 0x87, 0x78, 0xf8, 0x77, 0x77, 0x5,
    0xe0, 0xe, 0x60, 0xcc, 0xcc, 0xdf, 0xdc, 0xcc,
    0xc1, 0x5e, 0x0, 0xe6, 0x0, 0x0, 0x1, 0xf2,
    0x0, 0x0, 0x5, 0xe0, 0xe, 0x60, 0x0, 0x0,
    0x2f, 0x30, 0x0, 0x0, 0x5e, 0x0, 0xe6, 0x1,
    0xff, 0xff, 0xff, 0xff, 0xf5, 0x5, 0xe0, 0xe,
    0x60, 0x1f, 0x32, 0x4f, 0x42, 0x2e, 0x50, 0x5e,
    0x0, 0xe6, 0x1, 0xf1, 0x1, 0xf2, 0x0, 0xe5,
    0x5, 0xe0, 0xe, 0x60, 0x1f, 0x10, 0x1f, 0x20,
    0xe, 0x50, 0x1, 0x0, 0xe6, 0x1, 0xf1, 0x1,
    0xf2, 0x0, 0xe5, 0x0, 0x0, 0xe, 0x60, 0x1f,
    0x10, 0x1f, 0x23, 0x3e, 0x50, 0x0, 0x0, 0xe6,
    0x1, 0xe1, 0x1, 0xf2, 0xbf, 0xc1, 0x0, 0x56,
    0x6f, 0x50, 0x0, 0x0, 0x1f, 0x20, 0x0, 0x0,
    0x9, 0xff, 0xb1, 0x0, 0x0, 0x1, 0xf2, 0x0,
    0x0, 0x0, 0x0, 0x0, 0x0,

    /* U+524D "前" */
    0x0, 0x2, 0x50, 0x0, 0x0, 0x0, 0x5, 0x50,
    0x0, 0x0, 0x4, 0xf5, 0x0, 0x0, 0x0, 0x1f,
    0x80, 0x0, 0x0, 0x0, 0x8e, 0x10, 0x0, 0x0,
    0xad, 0x0, 0x0, 0x55, 0x55, 0x6f, 0x85, 0x55,
    0x57, 0xf9, 0x55, 0x55, 0xde, 0xee, 0xee, 0xee,
    0xee, 0xee, 0xee, 0xee, 0xed, 0x0, 0x0, 0x0,
    0x0, 0x0, 0x0, 0x0, 0x0, 0x0, 0x4, 0x66,
    0x66, 0x66, 0x30, 0x3, 0x10, 0xa, 0x70, 0x9,
    0xeb, 0xbb, 0xbe, 0x90, 0xd, 0x60, 0xc, 0x80,
    0x9, 0xa0, 0x0, 0xb, 0x90, 0xd, 0x60, 0xc,
    0x80, 0x9, 0xb2, 0x22, 0x2c, 0x90, 0xd, 0x60,
    0xc, 0x80, 0x9, 0xfe, 0xee, 0xef, 0x90, 0xd,
    0x60, 0xc, 0x80, 0x9, 0xa0, 0x0, 0xb, 0x90,
    0xd, 0x60, 0xc, 0x80, 0x9, 0xa0, 0x0, 0xb,
    0x90, 0xd, 0x60, 0xc, 0x80, 0x9, 0xff, 0xff,
    0xff, 0x90, 0xd, 0x60, 0xc, 0x80, 0x9, 0xa1,
    0x11, 0x1c, 0x90, 0xc, 0x60, 0xc, 0x80, 0x9,
    0xa0, 0x0, 0xb, 0x90, 0x0, 0x0, 0xc, 0x80,
    0x9, 0xa0, 0x0, 0xb, 0x90, 0x0, 0x0, 0xc,
    0x80, 0x9, 0xa0, 0x2, 0x2c, 0x80, 0x0, 0x34,
    0x4d, 0x80, 0x9, 0x90, 0x1f, 0xfd, 0x30, 0x0,
    0x9f, 0xfc, 0x20, 0x0, 0x0, 0x0, 0x0, 0x0,
    0x0, 0x0, 0x0, 0x0,

    /* U+5269 "剩" */
    0x0, 0x0, 0x0, 0x0, 0x1, 0x41, 0x0, 0x0,
    0x5, 0x10, 0x3, 0x56, 0x79, 0xbe, 0xfe, 0x70,
    0x0, 0x0, 0xf4, 0x1, 0xdc, 0xba, 0xdc, 0x41,
    0x0, 0x0, 0x20, 0xf, 0x40, 0x0, 0x0, 0x9,
    0xa0, 0x0, 0x0, 0x1f, 0x10, 0xf4, 0x8, 0x99,
    0x99, 0xdd, 0x99, 0x99, 0x91, 0xf1, 0xf, 0x40,
    0x78, 0x88, 0x8d, 0xd8, 0x88, 0x88, 0x1f, 0x10,
    0xf4, 0x0, 0x0, 0xd1, 0x9a, 0x1c, 0x0, 0x1,
    0xf1, 0xf, 0x40, 0x36, 0x6f, 0x19, 0xa2, 0xe1,
    0xa3, 0x1f, 0x10, 0xf4, 0x5, 0x99, 0xf1, 0x9a,
    0x2f, 0xe7, 0x1, 0xf1, 0xf, 0x40, 0x0, 0xf,
    0x19, 0xa2, 0xe1, 0x0, 0x1f, 0x10, 0xf4, 0x2,
    0x6a, 0xf1, 0x9a, 0x2e, 0x0, 0xa1, 0xf1, 0xf,
    0x40, 0x99, 0x5f, 0x1a, 0xa1, 0xf8, 0xab, 0x1f,
    0x10, 0xf4, 0x0, 0x0, 0x84, 0xfe, 0x44, 0x66,
    0x11, 0xf1, 0xf, 0x40, 0x0, 0x1, 0xde, 0xde,
    0x80, 0x0, 0x1e, 0x10, 0xf4, 0x0, 0x0, 0xc9,
    0x9a, 0x2d, 0xc1, 0x0, 0x0, 0xf, 0x40, 0x0,
    0xbc, 0x9, 0xa0, 0xb, 0xe3, 0x0, 0x0, 0xf4,
    0x2, 0xcc, 0x10, 0x9a, 0x0, 0x9, 0x10, 0x0,
    0xf, 0x40, 0xdb, 0x0, 0x9, 0xa0, 0x0, 0x0,
    0x3, 0x34, 0xf4, 0x2, 0x0, 0x0, 0x99, 0x0,
    0x0, 0x0, 0xbf, 0xfb, 0x0, 0x0, 0x0, 0x0,
    0x0, 0x0, 0x0, 0x0, 0x0, 0x0,

    /* U+529B "力" */
    0x0, 0x0, 0x0, 0x0, 0xa5, 0x0, 0x0, 0x0,
    0x0, 0x0, 0x0, 0x0, 0x0, 0xe7, 0x0, 0x0,
    0x0, 0x0, 0x0, 0x0, 0x0, 0x0, 0xe7, 0x0,
    0x0, 0x0, 0x0, 0x0, 0x0, 0x0, 0x0, 0xe7,
    0x0, 0x0, 0x0, 0x0, 0x3, 0x55, 0x55, 0x55,
    0xfa, 0x55, 0x55, 0x55, 0x55, 0x8, 0xff, 0xff,
    0xff, 0xff, 0xff, 0xff, 0xff, 0xfd, 0x0, 0x0,
    0x0, 0x1, 0xf5, 0x0, 0x0, 0x0, 0x9c, 0x0,
    0x0, 0x0, 0x3, 0xf3, 0x0, 0x0, 0x0, 0xab,
    0x0, 0x0, 0x0, 0x6, 0xf0, 0x0, 0x0, 0x0,
    0xba, 0x0, 0x0, 0x0, 0xb, 0xc0, 0x0, 0x0,
    0x0, 0xc9, 0x0, 0x0, 0x0, 0x1f, 0x60, 0x0,
    0x0, 0x0, 0xe7, 0x0, 0x0, 0x0, 0x7f, 0x10,
    0x0, 0x0, 0x0, 0xf6, 0x0, 0x0, 0x1, 0xfa,
    0x0, 0x0, 0x0, 0x1, 0xf4, 0x0, 0x0, 0xb,
    0xf1, 0x0, 0x0, 0x0, 0x3, 0xf2, 0x0, 0x0,
    0x9f, 0x40, 0x0, 0x0, 0x0, 0x6, 0xf0, 0x0,
    0xa, 0xf6, 0x0, 0x0, 0x0, 0x0, 0xa, 0xd0,
    0x3, 0xdf, 0x50, 0x0, 0x0, 0x15, 0x54, 0x7f,
    0x70, 0xc, 0xc2, 0x0, 0x0, 0x0, 0xe, 0xff,
    0xfa, 0x0, 0x0, 0x0, 0x0, 0x0, 0x0, 0x0,
    0x0, 0x0, 0x0,

    /* U+529F "功" */
    0x0, 0x0, 0x0, 0x0, 0x0, 0x0, 0x62, 0x0,
    0x0, 0x0, 0x0, 0x0, 0x0, 0x0, 0x0, 0xf,
    0x50, 0x0, 0x0, 0x5, 0x55, 0x55, 0x55, 0x20,
    0x0, 0xf5, 0x0, 0x0, 0x0, 0xde, 0xef, 0xfe,
    0xe5, 0x0, 0xf, 0x50, 0x0, 0x0, 0x0, 0x0,
    0xe6, 0x0, 0x12, 0x22, 0xf6, 0x22, 0x22, 0x10,
    0x0, 0xe, 0x60, 0x8, 0xff, 0xff, 0xff, 0xff,
    0xfb, 0x0, 0x0, 0xe6, 0x0, 0x12, 0x24, 0xf4,
    0x22, 0x2b, 0xa0, 0x0, 0xe, 0x60, 0x0, 0x0,
    0x4f, 0x10, 0x0, 0xaa, 0x0, 0x0, 0xe6, 0x0,
    0x0, 0x6, 0xf0, 0x0, 0xb, 0x90, 0x0, 0xe,
    0x60, 0x0, 0x0, 0x8d, 0x0, 0x0, 0xc8, 0x0,
    0x0, 0xe6, 0x0, 0x0, 0xc, 0x90, 0x0, 0xd,
    0x70, 0x0, 0xe, 0x63, 0x77, 0x2, 0xf4, 0x0,
    0x0, 0xe6, 0x0, 0x37, 0xff, 0xfc, 0x60, 0x7f,
    0x0, 0x0, 0xf, 0x51, 0xff, 0xe9, 0x51, 0x0,
    0x1f, 0x90, 0x0, 0x1, 0xf3, 0x6, 0x20, 0x0,
    0x0, 0xb, 0xe0, 0x0, 0x0, 0x3f, 0x20, 0x0,
    0x0, 0x0, 0x8, 0xf4, 0x0, 0x0, 0x7, 0xf0,
    0x0, 0x0, 0x0, 0x1b, 0xf6, 0x0, 0x24, 0x45,
    0xea, 0x0, 0x0, 0x0, 0x8, 0xe4, 0x0, 0x3,
    0xff, 0xfd, 0x20, 0x0, 0x0, 0x0, 0x0, 0x0,
    0x0, 0x0, 0x0, 0x0, 0x0,

    /* U+52A8 "动" */
    0x0, 0x0, 0x0, 0x0, 0x0, 0x0, 0x53, 0x0,
    0x0, 0x1, 0x11, 0x11, 0x11, 0x10, 0x0, 0xd7,
    0x0, 0x0, 0x3f, 0xff, 0xff, 0xff, 0x80, 0x0,
    0xd7, 0x0, 0x0, 0x1, 0x11, 0x11, 0x11, 0x0,
    0x0, 0xd7, 0x0, 0x0, 0x0, 0x0, 0x0, 0x0,
    0x1, 0x11, 0xe7, 0x11, 0x11, 0x0, 0x0, 0x0,
    0x0, 0xc, 0xff, 0xff, 0xff, 0xfe, 0x34, 0x44,
    0x44, 0x44, 0x32, 0x33, 0xf7, 0x33, 0x8d, 0xef,
    0xff, 0xff, 0xff, 0xd0, 0x1, 0xf3, 0x0, 0x7d,
    0x0, 0x4f, 0x20, 0x0, 0x0, 0x2, 0xf2, 0x0,
    0x8c, 0x0, 0x8d, 0x0, 0x20, 0x0, 0x4, 0xf0,
    0x0, 0x8b, 0x0, 0xd8, 0x0, 0xd7, 0x0, 0x7,
    0xd0, 0x0, 0x9b, 0x2, 0xf3, 0x0, 0x6d, 0x0,
    0xb, 0xa0, 0x0, 0xaa, 0x7, 0xc0, 0x0, 0xf,
    0x40, 0xe, 0x70, 0x0, 0xb9, 0xe, 0x62, 0x69,
    0xcf, 0xa0, 0x5f, 0x20, 0x0, 0xd7, 0x7f, 0xff,
    0xd9, 0x66, 0xf0, 0xcb, 0x0, 0x0, 0xf6, 0x48,
    0x40, 0x0, 0x0, 0x55, 0xf4, 0x0, 0x2, 0xf4,
    0x0, 0x0, 0x0, 0x0, 0x2f, 0xa0, 0x54, 0x4a,
    0xf0, 0x0, 0x0, 0x0, 0x0, 0x7d, 0x0, 0xbf,
    0xfe, 0x60, 0x0, 0x0, 0x0, 0x0, 0x0, 0x0,
    0x0, 0x0, 0x0,

    /* U+52A9 "助" */
    0x0, 0x0, 0x0, 0x0, 0x0, 0x0, 0x3c, 0x0,
    0x0, 0x0, 0xe, 0xff, 0xff, 0xf5, 0x0, 0x4,
    0xf0, 0x0, 0x0, 0x0, 0xe7, 0x44, 0x4f, 0x50,
    0x0, 0x4f, 0x0, 0x0, 0x0, 0xe, 0x40, 0x0,
    0xe5, 0x0, 0x4, 0xf0, 0x0, 0x0, 0x0, 0xe4,
    0x0, 0xe, 0x51, 0x11, 0x6f, 0x11, 0x11, 0x0,
    0xe, 0x74, 0x44, 0xf5, 0xcf, 0xff, 0xff, 0xff,
    0xf7, 0x0, 0xef, 0xff, 0xff, 0x53, 0x33, 0x8e,
    0x33, 0x3d, 0x70, 0xe, 0x40, 0x0, 0xe5, 0x0,
    0x8, 0xc0, 0x0, 0xd6, 0x0, 0xe4, 0x0, 0xe,
    0x50, 0x0, 0xaa, 0x0, 0xe, 0x60, 0xe, 0x62,
    0x22, 0xe5, 0x0, 0xc, 0x80, 0x0, 0xe5, 0x0,
    0xef, 0xff, 0xff, 0x50, 0x0, 0xf5, 0x0, 0xf,
    0x50, 0xe, 0x50, 0x0, 0xe5, 0x0, 0x5f, 0x0,
    0x0, 0xf4, 0x0, 0xe4, 0x0, 0xe, 0x50, 0xa,
    0xb0, 0x0, 0x1f, 0x30, 0xe, 0x40, 0x3, 0xfc,
    0x93, 0xf5, 0x0, 0x2, 0xf2, 0x3, 0xfb, 0xcf,
    0xfc, 0x95, 0xdb, 0x0, 0x0, 0x3f, 0x14, 0xfe,
    0xa7, 0x30, 0x0, 0xaf, 0x20, 0x0, 0x6, 0xf0,
    0x1, 0x0, 0x0, 0x1, 0xbf, 0x40, 0x4, 0x34,
    0xdb, 0x0, 0x0, 0x0, 0x0, 0x8d, 0x30, 0x0,
    0xdf, 0xfd, 0x30, 0x0, 0x0, 0x0, 0x0, 0x0,
    0x0, 0x0, 0x0, 0x0, 0x0,

    /* U+52C7 "勇" */
    0x0, 0x0, 0x0, 0x0, 0x0, 0x0, 0x0, 0x0,
    0x0, 0x9f, 0xff, 0xff, 0xff, 0xff, 0xff, 0xff,
    0x50, 0x1, 0x11, 0x13, 0x21, 0x11, 0x28, 0xee,
    0x50, 0x0, 0x0, 0x1, 0xdf, 0xda, 0x9f, 0xc5,
    0x0, 0x0, 0x0, 0x0, 0x0, 0x13, 0x7b, 0xfe,
    0x70, 0x0, 0x0, 0x3f, 0xee, 0xee, 0xef, 0xfe,
    0xee, 0xef, 0xe0, 0x3, 0xf0, 0x0, 0x0, 0xc7,
    0x0, 0x0, 0x5e, 0x0, 0x3f, 0xee, 0xee, 0xef,
    0xfe, 0xee, 0xef, 0xe0, 0x3, 0xf1, 0x0, 0x0,
    0xc7, 0x0, 0x0, 0x6e, 0x0, 0x3f, 0x10, 0x0,
    0xc, 0x80, 0x0, 0x6, 0xe0, 0x3, 0xfe, 0xdd,
    0xdd, 0xfe, 0xdd, 0xdd, 0xee, 0x0, 0x3f, 0x0,
    0x0, 0xc, 0x60, 0x0, 0x5, 0xe0, 0x0, 0x0,
    0x0, 0x2, 0xf3, 0x0, 0x0, 0x0, 0x0, 0xef,
    0xff, 0xff, 0xff, 0xff, 0xff, 0xff, 0xf5, 0x2,
    0x22, 0x22, 0x5f, 0x72, 0x22, 0x22, 0x4f, 0x30,
    0x0, 0x0, 0x6e, 0xa0, 0x0, 0x0, 0x5, 0xf0,
    0x3, 0x59, 0xee, 0x60, 0x0, 0x2, 0x12, 0xcc,
    0xb, 0xfc, 0x94, 0x0, 0x0, 0x1, 0xff, 0xfe,
    0x30, 0x0, 0x0, 0x0, 0x0, 0x0, 0x0, 0x0,
    0x0, 0x0,

    /* U+5305 "包" */
    0x0, 0x0, 0x1, 0xb2, 0x0, 0x0, 0x0, 0x0,
    0x0, 0x0, 0x0, 0x0, 0x9, 0xe0, 0x0, 0x0,
    0x0, 0x0, 0x0, 0x0, 0x0, 0x0, 0x2f, 0x70,
    0x0, 0x0, 0x0, 0x0, 0x0, 0x0, 0x0, 0x0,
    0xcf, 0xff, 0xff, 0xff, 0xff, 0xff, 0xf6, 0x0,
    0x0, 0x8, 0xf4, 0x33, 0x33, 0x33, 0x33, 0x33,
    0xf5, 0x0, 0x0, 0x5f, 0x60, 0x0, 0x0, 0x0,
    0x0, 0x0, 0xf5, 0x0, 0x5, 0xf9, 0x55, 0x55,
    0x55, 0x55, 0x0, 0x0, 0xf4, 0x0, 0xe, 0x91,
    0xfe, 0xdd, 0xdd, 0xef, 0x0, 0x1, 0xf4, 0x0,
    0x1, 0x0, 0xf3, 0x0, 0x0, 0x3f, 0x0, 0x2,
    0xf3, 0x0, 0x0, 0x0, 0xf3, 0x0, 0x0, 0x3f,
    0x0, 0x3, 0xf2, 0x0, 0x0, 0x0, 0xf3, 0x0,
    0x0, 0x3f, 0x0, 0x4, 0xf0, 0x0, 0x0, 0x0,
    0xfe, 0xdd, 0xdd, 0xef, 0x0, 0x7, 0xf0, 0x0,
    0x0, 0x0, 0xf7, 0x44, 0x44, 0x44, 0x23, 0x3c,
    0xc0, 0x0, 0x0, 0x0, 0xf3, 0x0, 0x0, 0x0,
    0x4f, 0xfe, 0x40, 0x0, 0x0, 0x0, 0xf3, 0x0,
    0x0, 0x0, 0x0, 0x0, 0x2, 0x80, 0x0, 0x0,
    0xf4, 0x0, 0x0, 0x0, 0x0, 0x0, 0x5, 0xf0,
    0x0, 0x0, 0xec, 0x54, 0x44, 0x44, 0x44, 0x44,
    0x5d, 0xc0, 0x0, 0x0, 0x3b, 0xef, 0xff, 0xff,
    0xff, 0xff, 0xeb, 0x20,

    /* U+5316 "化" */
    0x0, 0x0, 0x1, 0xd3, 0x0, 0x84, 0x0, 0x0,
    0x0, 0x0, 0x0, 0x0, 0x8, 0xe0, 0x0, 0xe7,
    0x0, 0x0, 0x0, 0x0, 0x0, 0x0, 0x1e, 0x70,
    0x0, 0xe7, 0x0, 0x0, 0x0, 0x0, 0x0, 0x0,
    0x9e, 0x0, 0x0, 0xe7, 0x0, 0x0, 0x3c, 0x20,
    0x0, 0x3, 0xf8, 0x0, 0x0, 0xe7, 0x0, 0x1,
    0xed, 0x10, 0x0, 0x1e, 0xf7, 0x0, 0x0, 0xe7,
    0x0, 0xc, 0xe2, 0x0, 0x0, 0xbe, 0xf7, 0x0,
    0x0, 0xe7, 0x0, 0xbf, 0x30, 0x0, 0xa, 0xf4,
    0xe7, 0x0, 0x0, 0xe7, 0x1c, 0xf4, 0x0, 0x0,
    0x1e, 0x60, 0xe7, 0x0, 0x0, 0xea, 0xee, 0x30,
    0x0, 0x0, 0x1, 0x0, 0xe7, 0x0, 0x0, 0xef,
    0xc1, 0x0, 0x0, 0x0, 0x0, 0x0, 0xe7, 0x0,
    0x1b, 0xfb, 0x0, 0x0, 0x0, 0x0, 0x0, 0x0,
    0xe7, 0x7, 0xfe, 0xf7, 0x0, 0x0, 0x0, 0x0,
    0x0, 0x0, 0xe7, 0x5f, 0x80, 0xe7, 0x0, 0x0,
    0x2, 0x40, 0x0, 0x0, 0xe7, 0x1, 0x0, 0xe7,
    0x0, 0x0, 0x5, 0xf0, 0x0, 0x0, 0xe7, 0x0,
    0x0, 0xe7, 0x0, 0x0, 0x6, 0xe0, 0x0, 0x0,
    0xe7, 0x0, 0x0, 0xe8, 0x0, 0x0, 0x9, 0xc0,
    0x0, 0x0, 0xe7, 0x0, 0x0, 0xcd, 0x55, 0x55,
    0x6f, 0x80, 0x0, 0x0, 0xe7, 0x0, 0x0, 0x4d,
    0xff, 0xff, 0xfb, 0x0, 0x0, 0x0, 0xe7, 0x0,
    0x0, 0x0, 0x0, 0x0, 0x0, 0x0,

    /* U+5341 "十" */
    0x0, 0x0, 0x0, 0x0, 0x33, 0x0, 0x0, 0x0,
    0x0, 0x0, 0x0, 0x0, 0x0, 0xa, 0xb0, 0x0,
    0x0, 0x0, 0x0, 0x0, 0x0, 0x0, 0x0, 0xab,
    0x0, 0x0, 0x0, 0x0, 0x0, 0x0, 0x0, 0x0,
    0xa, 0xb0, 0x0, 0x0, 0x0, 0x0, 0x0, 0x0,
    0x0, 0x0, 0xab, 0x0, 0x0, 0x0, 0x0, 0x0,
    0x0, 0x0, 0x0, 0xa, 0xb0, 0x0, 0x0, 0x0,
    0x0, 0x0, 0x0, 0x0, 0x0, 0xab, 0x0, 0x0,
    0x0, 0x0, 0x3, 0x33, 0x33, 0x33, 0x3c, 0xc3,
    0x33, 0x33, 0x33, 0x30, 0xdf, 0xff, 0xff, 0xff,
    0xff, 0xff, 0xff, 0xff, 0xff, 0x1, 0x11, 0x11,
    0x11, 0x1b, 0xc1, 0x11, 0x11, 0x11, 0x10, 0x0,
    0x0, 0x0, 0x0, 0xab, 0x0, 0x0, 0x0, 0x0,
    0x0, 0x0, 0x0, 0x0, 0xa, 0xb0, 0x0, 0x0,
    0x0, 0x0, 0x0, 0x0, 0x0, 0x0, 0xab, 0x0,
    0x0, 0x0, 0x0, 0x0, 0x0, 0x0, 0x0, 0xa,
    0xb0, 0x0, 0x0, 0x0, 0x0, 0x0, 0x0, 0x0,
    0x0, 0xab, 0x0, 0x0, 0x0, 0x0, 0x0, 0x0,
    0x0, 0x0, 0xa, 0xb0, 0x0, 0x0, 0x0, 0x0,
    0x0, 0x0, 0x0, 0x0, 0xab, 0x0, 0x0, 0x0,
    0x0, 0x0, 0x0, 0x0, 0x0, 0xa, 0xb0, 0x0,
    0x0, 0x0, 0x0, 0x0, 0x0, 0x0, 0x0, 0xab,
    0x0, 0x0, 0x0, 0x0, 0x0,

    /* U+5347 "升" */
    0x0, 0x0, 0x0, 0x0, 0x0, 0x0, 0x0, 0x0,
    0x0, 0x0, 0x0, 0x0, 0x0, 0x5, 0xd8, 0x0,
    0xa9, 0x0, 0x0, 0x0, 0x0, 0x4, 0x9e, 0xfa,
    0x30, 0xb, 0x90, 0x0, 0x0, 0x38, 0xcf, 0xff,
    0x50, 0x0, 0x0, 0xb9, 0x0, 0x0, 0x5, 0x95,
    0x26, 0xf0, 0x0, 0x0, 0xb, 0x90, 0x0, 0x0,
    0x0, 0x0, 0x5f, 0x0, 0x0, 0x0, 0xb9, 0x0,
    0x0, 0x0, 0x0, 0x5, 0xf0, 0x0, 0x0, 0xb,
    0x90, 0x0, 0x0, 0x0, 0x0, 0x5f, 0x0, 0x0,
    0x0, 0xb9, 0x0, 0x0, 0xd, 0xee, 0xef, 0xfe,
    0xee, 0xee, 0xef, 0xfe, 0xee, 0xe0, 0x66, 0x66,
    0xaf, 0x66, 0x66, 0x66, 0xdc, 0x66, 0x66, 0x0,
    0x0, 0x8, 0xd0, 0x0, 0x0, 0xb, 0x90, 0x0,
    0x0, 0x0, 0x0, 0xab, 0x0, 0x0, 0x0, 0xb9,
    0x0, 0x0, 0x0, 0x0, 0xe, 0x80, 0x0, 0x0,
    0xb, 0x90, 0x0, 0x0, 0x0, 0x3, 0xf3, 0x0,
    0x0, 0x0, 0xb9, 0x0, 0x0, 0x0, 0x0, 0xbd,
    0x0, 0x0, 0x0, 0xb, 0x90, 0x0, 0x0, 0x0,
    0x6f, 0x40, 0x0, 0x0, 0x0, 0xb9, 0x0, 0x0,
    0x0, 0x4f, 0xa0, 0x0, 0x0, 0x0, 0xb, 0x90,
    0x0, 0x0, 0x7f, 0xb0, 0x0, 0x0, 0x0, 0x0,
    0xb9, 0x0, 0x0, 0xa, 0x80, 0x0, 0x0, 0x0,
    0x0, 0xb, 0x90, 0x0, 0x0, 0x0, 0x0, 0x0,
    0x0, 0x0, 0x0, 0x0, 0x0, 0x0,

    /* U+5361 "卡" */
    0x0, 0x0, 0x0, 0x1, 0xc3, 0x0, 0x0, 0x0,
    0x0, 0x0, 0x0, 0x0, 0x1, 0xf4, 0x0, 0x0,
    0x0, 0x0, 0x0, 0x0, 0x0, 0x1, 0xf4, 0x0,
    0x0, 0x0, 0x0, 0x0, 0x0, 0x0, 0x1, 0xff,
    0xff, 0xff, 0xfd, 0x0, 0x0, 0x0, 0x0, 0x1,
    0xf8, 0x55, 0x55, 0x54, 0x0, 0x0, 0x0, 0x0,
    0x1, 0xf4, 0x0, 0x0, 0x0, 0x0, 0x0, 0x0,
    0x0, 0x1, 0xf4, 0x0, 0x0, 0x0, 0x0, 0x55,
    0x55, 0x55, 0x56, 0xf8, 0x55, 0x55, 0x55, 0x55,
    0xef, 0xff, 0xff, 0xff, 0xff, 0xff, 0xff, 0xff,
    0xff, 0x0, 0x0, 0x0, 0x0, 0xf5, 0x0, 0x0,
    0x0, 0x0, 0x0, 0x0, 0x0, 0x0, 0xf5, 0x0,
    0x0, 0x0, 0x0, 0x0, 0x0, 0x0, 0x0, 0xf5,
    0x73, 0x0, 0x0, 0x0, 0x0, 0x0, 0x0, 0x0,
    0xf6, 0xcf, 0xc5, 0x0, 0x0, 0x0, 0x0, 0x0,
    0x0, 0xf5, 0x3, 0xaf, 0xe7, 0x0, 0x0, 0x0,
    0x0, 0x0, 0xf5, 0x0, 0x2, 0x9f, 0xc0, 0x0,
    0x0, 0x0, 0x0, 0xf5, 0x0, 0x0, 0x2, 0x30,
    0x0, 0x0, 0x0, 0x0, 0xf5, 0x0, 0x0, 0x0,
    0x0, 0x0, 0x0, 0x0, 0x0, 0xf5, 0x0, 0x0,
    0x0, 0x0, 0x0, 0x0, 0x0, 0x0, 0xf5, 0x0,
    0x0, 0x0, 0x0,

    /* U+5370 "印" */
    0x0, 0x0, 0x0, 0x20, 0x0, 0x0, 0x0, 0x0,
    0x0, 0x0, 0x1, 0x6c, 0xfa, 0x1, 0x55, 0x55,
    0x55, 0x51, 0x8, 0xdf, 0xd9, 0x30, 0x4, 0xff,
    0xff, 0xff, 0xf3, 0xe, 0xa2, 0x0, 0x0, 0x4,
    0xf0, 0x0, 0x1, 0xf3, 0xe, 0x70, 0x0, 0x0,
    0x4, 0xf0, 0x0, 0x1, 0xf3, 0xe, 0x70, 0x0,
    0x0, 0x4, 0xf0, 0x0, 0x1, 0xf3, 0xe, 0x70,
    0x0, 0x0, 0x4, 0xf0, 0x0, 0x1, 0xf3, 0xe,
    0xed, 0xdd, 0xdd, 0x14, 0xf0, 0x0, 0x1, 0xf3,
    0xe, 0xa6, 0x66, 0x66, 0x4, 0xf0, 0x0, 0x1,
    0xf3, 0xe, 0x70, 0x0, 0x0, 0x4, 0xf0, 0x0,
    0x1, 0xf3, 0xe, 0x70, 0x0, 0x0, 0x4, 0xf0,
    0x0, 0x1, 0xf3, 0xe, 0x70, 0x0, 0x0, 0x4,
    0xf0, 0x0, 0x1, 0xf3, 0xe, 0x70, 0x0, 0x1,
    0x4, 0xf0, 0x0, 0x1, 0xf3, 0xf, 0x71, 0x59,
    0xdf, 0x4, 0xf0, 0x0, 0x2, 0xf3, 0x6f, 0xef,
    0xfc, 0x83, 0x4, 0xf0, 0x1f, 0xff, 0xe1, 0x6e,
    0x94, 0x0, 0x0, 0x4, 0xf0, 0x5, 0x65, 0x10,
    0x0, 0x0, 0x0, 0x0, 0x4, 0xf0, 0x0, 0x0,
    0x0, 0x0, 0x0, 0x0, 0x0, 0x4, 0xf0, 0x0,
    0x0, 0x0, 0x0, 0x0, 0x0, 0x0, 0x4, 0xf0,
    0x0, 0x0, 0x0,

    /* U+5373 "即" */
    0xd, 0xee, 0xee, 0xee, 0x60, 0x5c, 0xcc, 0xcc,
    0xc0, 0xe, 0x94, 0x44, 0x4f, 0x60, 0x6f, 0x77,
    0x79, 0xf1, 0xe, 0x60, 0x0, 0xe, 0x60, 0x6e,
    0x0, 0x3, 0xf1, 0xe, 0x60, 0x0, 0xe, 0x60,
    0x6e, 0x0, 0x3, 0xf1, 0xe, 0xfe, 0xee, 0xef,
    0x60, 0x6e, 0x0, 0x3, 0xf1, 0xe, 0x94, 0x44,
    0x4f, 0x60, 0x6e, 0x0, 0x3, 0xf1, 0xe, 0x60,
    0x0, 0xe, 0x60, 0x6e, 0x0, 0x3, 0xf1, 0xe,
    0x60, 0x0, 0xe, 0x60, 0x6e, 0x0, 0x3, 0xf1,
    0xe, 0x95, 0x55, 0x5f, 0x60, 0x6e, 0x0, 0x3,
    0xf1, 0xe, 0xed, 0xdd, 0xdd, 0x50, 0x6e, 0x0,
    0x3, 0xf1, 0xe, 0x60, 0x0, 0x0, 0x0, 0x6e,
    0x0, 0x3, 0xf1, 0xe, 0x60, 0xb, 0x80, 0x0,
    0x6e, 0x0, 0x4, 0xf1, 0xe, 0x60, 0x3, 0xf2,
    0x0, 0x6e, 0xa, 0xde, 0xe0, 0xe, 0x60, 0x17,
    0xfb, 0x0, 0x6e, 0x3, 0x65, 0x10, 0xf, 0xaa,
    0xff, 0xaf, 0x30, 0x6e, 0x0, 0x0, 0x0, 0x7f,
    0xfd, 0x70, 0xc, 0xb0, 0x6e, 0x0, 0x0, 0x0,
    0x7c, 0x50, 0x0, 0x5, 0x50, 0x6e, 0x0, 0x0,
    0x0, 0x0, 0x0, 0x0, 0x0, 0x0, 0x6e, 0x0,
    0x0, 0x0,

    /* U+5389 "厉" */
    0x0, 0x15, 0x55, 0x55, 0x55, 0x55, 0x55, 0x55,
    0x55, 0x40, 0x3, 0xfe, 0xee, 0xee, 0xee, 0xee,
    0xee, 0xee, 0xeb, 0x0, 0x3f, 0x10, 0x0, 0x0,
    0x0, 0x0, 0x0, 0x0, 0x0, 0x3, 0xf1, 0x0,
    0x0, 0x0, 0x0, 0x0, 0x0, 0x0, 0x0, 0x3f,
    0x1e, 0xff, 0xff, 0xff, 0xff, 0xff, 0xff, 0xb0,
    0x3, 0xf1, 0x44, 0x47, 0xf5, 0x44, 0x44, 0x44,
    0x43, 0x0, 0x3f, 0x10, 0x0, 0x5f, 0x0, 0x0,
    0x0, 0x0, 0x0, 0x3, 0xf0, 0x0, 0x6, 0xf0,
    0x0, 0x0, 0x0, 0x0, 0x0, 0x4f, 0x0, 0x0,
    0x8e, 0x44, 0x44, 0x44, 0x40, 0x0, 0x5, 0xf0,
    0x0, 0xc, 0xfe, 0xee, 0xee, 0xff, 0x0, 0x0,
    0x7d, 0x0, 0x0, 0xf7, 0x0, 0x0, 0x6, 0xf0,
    0x0, 0x9, 0xb0, 0x0, 0x4f, 0x30, 0x0, 0x0,
    0x8d, 0x0, 0x0, 0xc8, 0x0, 0xc, 0xe0, 0x0,
    0x0, 0xa, 0xb0, 0x0, 0xf, 0x40, 0x4, 0xf7,
    0x0, 0x0, 0x0, 0xc9, 0x0, 0x5, 0xf1, 0x1,
    0xdc, 0x0, 0x0, 0x0, 0xf, 0x60, 0x0, 0xda,
    0x2, 0xde, 0x20, 0x0, 0x35, 0x4a, 0xf2, 0x0,
    0x1d, 0x20, 0x7c, 0x10, 0x0, 0x6, 0xff, 0xe7,
    0x0, 0x0, 0x0, 0x0, 0x0, 0x0, 0x0, 0x0,
    0x0, 0x0, 0x0,

    /* U+539F "原" */
    0x0, 0x16, 0x66, 0x66, 0x66, 0x66, 0x66, 0x66,
    0x66, 0x50, 0x3, 0xfd, 0xdd, 0xdd, 0xdd, 0xdd,
    0xdd, 0xdd, 0xdc, 0x0, 0x3f, 0x0, 0x0, 0x0,
    0x6c, 0x10, 0x0, 0x0, 0x0, 0x3, 0xf0, 0x2,
    0x22, 0x2e, 0xa2, 0x22, 0x22, 0x0, 0x0, 0x3f,
    0x0, 0xff, 0xff, 0xff, 0xff, 0xff, 0xf3, 0x0,
    0x3, 0xf0, 0xf, 0x40, 0x0, 0x0, 0x0, 0x1f,
    0x30, 0x0, 0x4f, 0x0, 0xf5, 0x11, 0x11, 0x11,
    0x12, 0xf3, 0x0, 0x4, 0xf0, 0xf, 0xff, 0xff,
    0xff, 0xff, 0xff, 0x30, 0x0, 0x4f, 0x0, 0xf4,
    0x0, 0x0, 0x0, 0x1, 0xf3, 0x0, 0x5, 0xf0,
    0xf, 0x51, 0x11, 0x11, 0x11, 0x2f, 0x30, 0x0,
    0x7d, 0x0, 0xff, 0xff, 0xff, 0xff, 0xff, 0xf3,
    0x0, 0x9, 0xb0, 0x0, 0x0, 0x1, 0xf3, 0x0,
    0x0, 0x0, 0x0, 0xc9, 0x0, 0x9, 0x50, 0x1f,
    0x30, 0x75, 0x0, 0x0, 0xf, 0x50, 0x7, 0xf2,
    0x1, 0xf3, 0x6, 0xf4, 0x0, 0x3, 0xf2, 0x3,
    0xf6, 0x0, 0x1f, 0x30, 0x8, 0xf2, 0x0, 0xad,
    0x3, 0xf9, 0x0, 0x1, 0xf3, 0x0, 0xb, 0xd1,
    0x1f, 0x60, 0x9b, 0x0, 0x32, 0x4f, 0x20, 0x0,
    0x1d, 0x70, 0x50, 0x0, 0x0, 0xd, 0xfe, 0xa0,
    0x0, 0x0, 0x10,

    /* U+53BB "去" */
    0x0, 0x0, 0x0, 0x0, 0x88, 0x0, 0x0, 0x0,
    0x0, 0x0, 0x0, 0x0, 0x0, 0xbb, 0x0, 0x0,
    0x0, 0x0, 0x0, 0x0, 0x0, 0x0, 0xbb, 0x0,
    0x0, 0x0, 0x0, 0x2, 0x66, 0x66, 0x66, 0xdd,
    0x66, 0x66, 0x66, 0x30, 0x5, 0xff, 0xff, 0xff,
    0xff, 0xff, 0xff, 0xff, 0x70, 0x0, 0x0, 0x0,
    0x0, 0xbb, 0x0, 0x0, 0x0, 0x0, 0x0, 0x0,
    0x0, 0x0, 0xbb, 0x0, 0x0, 0x0, 0x0, 0x0,
    0x0, 0x0, 0x0, 0xbb, 0x0, 0x0, 0x0, 0x0,
    0x44, 0x44, 0x44, 0x44, 0xcc, 0x44, 0x44, 0x44,
    0x44, 0xef, 0xff, 0xff, 0xff, 0xff, 0xff, 0xff,
    0xff, 0xff, 0x0, 0x0, 0x1, 0xce, 0x10, 0x0,
    0x0, 0x0, 0x0, 0x0, 0x0, 0x5, 0xf4, 0x0,
    0x4, 0x70, 0x0, 0x0, 0x0, 0x0, 0x1e, 0x90,
    0x0, 0x5, 0xf5, 0x0, 0x0, 0x0, 0x0, 0xad,
    0x0, 0x0, 0x0, 0x8f, 0x30, 0x0, 0x0, 0x7,
    0xe2, 0x0, 0x0, 0x0, 0xb, 0xe1, 0x0, 0x0,
    0x5f, 0x40, 0x1, 0x23, 0x56, 0x79, 0xfb, 0x0,
    0x5, 0xff, 0xef, 0xff, 0xff, 0xfe, 0xcb, 0xaf,
    0x50, 0x3, 0xb8, 0x75, 0x43, 0x10, 0x0, 0x0,
    0xb, 0xd0, 0x0, 0x0, 0x0, 0x0, 0x0, 0x0,
    0x0, 0x1, 0x0,

    /* U+53C8 "又" */
    0x0, 0x44, 0x44, 0x44, 0x44, 0x44, 0x44, 0x44,
    0x30, 0x0, 0x0, 0xff, 0xff, 0xff, 0xff, 0xff,
    0xff, 0xff, 0xe0, 0x0, 0x0, 0x4, 0xf2, 0x0,
    0x0, 0x0, 0x0, 0xc, 0xa0, 0x0, 0x0, 0x0,
    0xd8, 0x0, 0x0, 0x0, 0x0, 0x1f, 0x40, 0x0,
    0x0, 0x0, 0x6e, 0x0, 0x0, 0x0, 0x0, 0x7e,
    0x0, 0x0, 0x0, 0x0, 0xf, 0x60, 0x0, 0x0,
    0x0, 0xe7, 0x0, 0x0, 0x0, 0x0, 0x9, 0xd0,
    0x0, 0x0, 0x7, 0xe0, 0x0, 0x0, 0x0, 0x0,
    0x2, 0xf7, 0x0, 0x0, 0x2f, 0x70, 0x0, 0x0,
    0x0, 0x0, 0x0, 0x8f, 0x30, 0x0, 0xcc, 0x0,
    0x0, 0x0, 0x0, 0x0, 0x0, 0xd, 0xe1, 0x9,
    0xf2, 0x0, 0x0, 0x0, 0x0, 0x0, 0x0, 0x2,
    0xfb, 0x8f, 0x40, 0x0, 0x0, 0x0, 0x0, 0x0,
    0x0, 0x0, 0x4f, 0xf6, 0x0, 0x0, 0x0, 0x0,
    0x0, 0x0, 0x0, 0x2, 0xcf, 0xfc, 0x20, 0x0,
    0x0, 0x0, 0x0, 0x0, 0x0, 0x7f, 0xd3, 0x3d,
    0xf6, 0x0, 0x0, 0x0, 0x0, 0x0, 0x4c, 0xf8,
    0x0, 0x0, 0xaf, 0xb4, 0x0, 0x0, 0x1, 0x8e,
    0xfb, 0x30, 0x0, 0x0, 0x5, 0xdf, 0xe8, 0x20,
    0xe, 0xf9, 0x20, 0x0, 0x0, 0x0, 0x0, 0x3,
    0x9f, 0xf1, 0x2, 0x0, 0x0, 0x0, 0x0, 0x0,
    0x0, 0x0, 0x0, 0x20,

    /* U+53CB "友" */
    0x0, 0x0, 0x0, 0xb, 0x40, 0x0, 0x0, 0x0,
    0x0, 0x0, 0x0, 0x0, 0x0, 0xf, 0x50, 0x0,
    0x0, 0x0, 0x0, 0x0, 0x0, 0x0, 0x0, 0x1f,
    0x30, 0x0, 0x0, 0x0, 0x0, 0x0, 0x1, 0x55,
    0x55, 0x7f, 0x75, 0x55, 0x55, 0x55, 0x55, 0x40,
    0x5, 0xff, 0xff, 0xff, 0xff, 0xff, 0xff, 0xff,
    0xff, 0xd0, 0x0, 0x0, 0x0, 0x7e, 0x0, 0x0,
    0x0, 0x0, 0x0, 0x0, 0x0, 0x0, 0x0, 0xab,
    0x0, 0x0, 0x0, 0x0, 0x0, 0x0, 0x0, 0x0,
    0x0, 0xdb, 0x44, 0x44, 0x44, 0x45, 0x10, 0x0,
    0x0, 0x0, 0x1, 0xff, 0xff, 0xff, 0xff, 0xff,
    0x70, 0x0, 0x0, 0x0, 0x7, 0xff, 0x30, 0x0,
    0x0, 0x5f, 0x10, 0x0, 0x0, 0x0, 0xc, 0xaa,
    0xc0, 0x0, 0x0, 0xd9, 0x0, 0x0, 0x0, 0x0,
    0x2f, 0x51, 0xf5, 0x0, 0x6, 0xf2, 0x0, 0x0,
    0x0, 0x0, 0xae, 0x0, 0x7f, 0x30, 0x3f, 0x70,
    0x0, 0x0, 0x0, 0x3, 0xf7, 0x0, 0x9, 0xe5,
    0xea, 0x0, 0x0, 0x0, 0x0, 0xc, 0xd0, 0x0,
    0x0, 0xcf, 0xe0, 0x0, 0x0, 0x0, 0x0, 0xaf,
    0x40, 0x0, 0x1a, 0xfc, 0xfc, 0x40, 0x0, 0x0,
    0x9, 0xf7, 0x0, 0x38, 0xfd, 0x40, 0x2b, 0xfc,
    0x62, 0x0, 0x6, 0x80, 0x1d, 0xfc, 0x60, 0x0,
    0x0, 0x4a, 0xef, 0xd1, 0x0, 0x0, 0x6, 0x20,
    0x0, 0x0, 0x0, 0x0, 0x4, 0x50,

    /* U+53D1 "发" */
    0x0, 0x0, 0x10, 0x0, 0xc, 0x50, 0x0, 0x30,
    0x0, 0x0, 0x0, 0x0, 0xbc, 0x0, 0x2f, 0x60,
    0x3, 0xf6, 0x0, 0x0, 0x0, 0x0, 0xf7, 0x0,
    0x5f, 0x30, 0x0, 0x5f, 0x50, 0x0, 0x0, 0x6,
    0xf1, 0x0, 0x8f, 0x0, 0x0, 0x7, 0xd0, 0x0,
    0x0, 0xd, 0xb2, 0x22, 0xbd, 0x22, 0x22, 0x22,
    0x32, 0x10, 0x0, 0x6f, 0xff, 0xff, 0xff, 0xff,
    0xff, 0xff, 0xff, 0x80, 0x0, 0x14, 0x22, 0x26,
    0xf6, 0x22, 0x22, 0x22, 0x22, 0x10, 0x0, 0x0,
    0x0, 0xa, 0xf0, 0x0, 0x0, 0x0, 0x0, 0x0,
    0x0, 0x0, 0x0, 0xf, 0xd6, 0x66, 0x66, 0x66,
    0x20, 0x0, 0x0, 0x0, 0x0, 0x7f, 0xed, 0xdd,
    0xdd, 0xdf, 0x70, 0x0, 0x0, 0x0, 0x1, 0xff,
    0xc0, 0x0, 0x0, 0x6f, 0x0, 0x0, 0x0, 0x0,
    0x9, 0xf4, 0xf6, 0x0, 0x1, 0xe8, 0x0, 0x0,
    0x0, 0x0, 0x5f, 0x60, 0x6e, 0x20, 0xa, 0xe1,
    0x0, 0x0, 0x0, 0x4, 0xfb, 0x0, 0xa, 0xe2,
    0x9f, 0x20, 0x0, 0x0, 0x0, 0x4e, 0xd1, 0x0,
    0x0, 0xbf, 0xf4, 0x0, 0x0, 0x0, 0x8, 0xfc,
    0x10, 0x0, 0x4, 0xdf, 0xf9, 0x10, 0x0, 0x0,
    0x1e, 0x90, 0x0, 0x3, 0xbf, 0xa1, 0x4d, 0xf8,
    0x20, 0x0, 0x0, 0x0, 0x8, 0xef, 0xb3, 0x0,
    0x0, 0x7e, 0xfd, 0x80, 0x0, 0x0, 0x8, 0x71,
    0x0, 0x0, 0x0, 0x0, 0x38, 0x90,

    /* U+53D7 "受" */
    0x0, 0x0, 0x0, 0x0, 0x0, 0x0, 0x25, 0x79,
    0x10, 0x0, 0x34, 0x67, 0x89, 0xab, 0xde, 0xff,
    0xec, 0x94, 0x0, 0xd, 0xdc, 0xba, 0x98, 0x97,
    0x42, 0x0, 0x3, 0x0, 0x0, 0x1, 0xd3, 0x0,
    0xb, 0x90, 0x0, 0x8, 0xe1, 0x0, 0x0, 0x9,
    0xc0, 0x0, 0x5f, 0x0, 0x1, 0xf5, 0x0, 0x0,
    0x0, 0x2e, 0x20, 0x0, 0xb2, 0x0, 0xbb, 0x0,
    0x0, 0x5f, 0xff, 0xff, 0xff, 0xff, 0xff, 0xff,
    0xff, 0xfe, 0x5, 0xf3, 0x33, 0x33, 0x33, 0x33,
    0x33, 0x33, 0x38, 0xe0, 0x5e, 0x0, 0x0, 0x0,
    0x0, 0x0, 0x0, 0x0, 0x6e, 0x5, 0xe0, 0x44,
    0x44, 0x44, 0x44, 0x44, 0x44, 0x6, 0xe0, 0x0,
    0xc, 0xff, 0xff, 0xff, 0xff, 0xff, 0xf3, 0x0,
    0x0, 0x0, 0xb, 0xc0, 0x0, 0x0, 0x1, 0xe8,
    0x0, 0x0, 0x0, 0x0, 0xd, 0xb0, 0x0, 0x0,
    0xdc, 0x0, 0x0, 0x0, 0x0, 0x0, 0x2e, 0xc1,
    0x2, 0xdc, 0x10, 0x0, 0x0, 0x0, 0x0, 0x0,
    0x1c, 0xf9, 0xfa, 0x0, 0x0, 0x0, 0x0, 0x0,
    0x0, 0x2, 0x8f, 0xff, 0x61, 0x0, 0x0, 0x0,
    0x0, 0x3, 0x7c, 0xfd, 0x62, 0x8e, 0xfb, 0x52,
    0x0, 0x5, 0xcf, 0xfd, 0x93, 0x0, 0x0, 0x5,
    0xbe, 0xff, 0xc1, 0x18, 0x41, 0x0, 0x0, 0x0,
    0x0, 0x0, 0x2, 0x66, 0x0,

    /* U+53D8 "变" */
    0x0, 0x0, 0x0, 0x0, 0x0, 0x0, 0x0, 0x0,
    0x0, 0x0, 0x0, 0x0, 0x0, 0xd, 0x90, 0x0,
    0x0, 0x0, 0x0, 0x0, 0x0, 0x0, 0x0, 0x5f,
    0x20, 0x0, 0x0, 0x0, 0x5, 0xee, 0xee, 0xee,
    0xee, 0xff, 0xee, 0xee, 0xee, 0xb0, 0x14, 0x44,
    0x44, 0xcb, 0x44, 0x6f, 0x64, 0x44, 0x43, 0x0,
    0x0, 0x58, 0xb, 0x90, 0x2, 0xf2, 0x54, 0x0,
    0x0, 0x0, 0xe, 0x70, 0xb9, 0x0, 0x2f, 0x25,
    0xf4, 0x0, 0x0, 0x8, 0xe0, 0xb, 0x90, 0x2,
    0xf2, 0x6, 0xf3, 0x0, 0x6, 0xf3, 0x0, 0xb9,
    0x0, 0x2f, 0x20, 0x8, 0xe1, 0x0, 0x55, 0x0,
    0xb, 0x90, 0x2, 0xf2, 0x0, 0x9, 0x20, 0x0,
    0x0, 0x0, 0x54, 0x0, 0x16, 0x0, 0x0, 0x0,
    0x0, 0x1f, 0xff, 0xff, 0xff, 0xff, 0xff, 0xff,
    0x40, 0x0, 0x0, 0x35, 0xf8, 0x33, 0x33, 0x33,
    0x4d, 0xc0, 0x0, 0x0, 0x0, 0x6, 0xf4, 0x0,
    0x0, 0xa, 0xe1, 0x0, 0x0, 0x0, 0x0, 0x7,
    0xf7, 0x0, 0x2c, 0xd3, 0x0, 0x0, 0x0, 0x0,
    0x0, 0x4, 0xec, 0x8f, 0x90, 0x0, 0x0, 0x0,
    0x0, 0x0, 0x0, 0x4b, 0xff, 0xe6, 0x10, 0x0,
    0x0, 0x0, 0x3, 0x6a, 0xef, 0xa4, 0x28, 0xef,
    0xb7, 0x41, 0x0, 0x6f, 0xfd, 0xa5, 0x0, 0x0,
    0x0, 0x49, 0xcf, 0xfe, 0x10, 0x41, 0x0, 0x0,
    0x0, 0x0, 0x0, 0x0, 0x2, 0x30,

    /* U+53EA "只" */
    0x0, 0x4, 0x44, 0x44, 0x44, 0x44, 0x44, 0x44,
    0x40, 0x0, 0x0, 0xef, 0xff, 0xff, 0xff, 0xff,
    0xff, 0xfe, 0x0, 0x0, 0xe, 0x70, 0x0, 0x0,
    0x0, 0x0, 0x8, 0xe0, 0x0, 0x0, 0xe6, 0x0,
    0x0, 0x0, 0x0, 0x0, 0x7e, 0x0, 0x0, 0xe,
    0x60, 0x0, 0x0, 0x0, 0x0, 0x7, 0xe0, 0x0,
    0x0, 0xe6, 0x0, 0x0, 0x0, 0x0, 0x0, 0x7e,
    0x0, 0x0, 0xe, 0x60, 0x0, 0x0, 0x0, 0x0,
    0x7, 0xe0, 0x0, 0x0, 0xe6, 0x0, 0x0, 0x0,
    0x0, 0x0, 0x7e, 0x0, 0x0, 0xe, 0xa5, 0x55,
    0x55, 0x55, 0x55, 0x5a, 0xe0, 0x0, 0x0, 0xde,
    0xee, 0xee, 0xee, 0xee, 0xee, 0xed, 0x0, 0x0,
    0x0, 0x0, 0x0, 0x0, 0x0, 0x0, 0x0, 0x0,
    0x0, 0x0, 0x0, 0x0, 0x0, 0x0, 0x0, 0x0,
    0x0, 0x0, 0x0, 0x0, 0x0, 0xdb, 0x0, 0x0,
    0xbd, 0x10, 0x0, 0x0, 0x0, 0x0, 0xbf, 0x30,
    0x0, 0x1, 0xce, 0x30, 0x0, 0x0, 0x1, 0xbf,
    0x30, 0x0, 0x0, 0x0, 0xaf, 0x60, 0x0, 0x4,
    0xee, 0x30, 0x0, 0x0, 0x0, 0x0, 0x8f, 0x70,
    0x8, 0xfa, 0x10, 0x0, 0x0, 0x0, 0x0, 0x0,
    0x7f, 0x70, 0x76, 0x0, 0x0, 0x0, 0x0, 0x0,
    0x0, 0x0, 0x74,

    /* U+53EF "可" */
    0x45, 0x55, 0x55, 0x55, 0x55, 0x55, 0x55, 0x55,
    0x55, 0xdf, 0xff, 0xff, 0xff, 0xff, 0xff, 0xff,
    0xff, 0xfe, 0x0, 0x0, 0x0, 0x0, 0x0, 0x0,
    0x0, 0xf7, 0x0, 0x0, 0x0, 0x0, 0x0, 0x0,
    0x0, 0x0, 0xe6, 0x0, 0x0, 0x0, 0x0, 0x0,
    0x0, 0x0, 0x0, 0xe6, 0x0, 0x0, 0xbf, 0xff,
    0xff, 0xff, 0x50, 0x0, 0xe6, 0x0, 0x0, 0xca,
    0x55, 0x55, 0x5f, 0x50, 0x0, 0xe6, 0x0, 0x0,
    0xc8, 0x0, 0x0, 0xf, 0x50, 0x0, 0xe6, 0x0,
    0x0, 0xc8, 0x0, 0x0, 0xf, 0x50, 0x0, 0xe6,
    0x0, 0x0, 0xc8, 0x0, 0x0, 0xf, 0x50, 0x0,
    0xe6, 0x0, 0x0, 0xc8, 0x0, 0x0, 0xf, 0x50,
    0x0, 0xe6, 0x0, 0x0, 0xcf, 0xff, 0xff, 0xff,
    0x50, 0x0, 0xe6, 0x0, 0x0, 0xca, 0x55, 0x55,
    0x55, 0x10, 0x0, 0xe6, 0x0, 0x0, 0xc8, 0x0,
    0x0, 0x0, 0x0, 0x0, 0xe6, 0x0, 0x0, 0x0,
    0x0, 0x0, 0x0, 0x0, 0x0, 0xe6, 0x0, 0x0,
    0x0, 0x0, 0x0, 0x0, 0x0, 0x0, 0xe6, 0x0,
    0x0, 0x0, 0x0, 0x0, 0x1, 0x66, 0x66, 0xf5,
    0x0, 0x0, 0x0, 0x0, 0x0, 0x0, 0xdf, 0xfe,
    0xa0, 0x0,

    /* U+5408 "合" */
    0x0, 0x0, 0x0, 0x0, 0x0, 0xa2, 0x0, 0x0,
    0x0, 0x0, 0x0, 0x0, 0x0, 0x0, 0xb, 0xf1,
    0x0, 0x0, 0x0, 0x0, 0x0, 0x0, 0x0, 0x0,
    0x9f, 0xeb, 0x0, 0x0, 0x0, 0x0, 0x0, 0x0,
    0x0, 0xa, 0xf4, 0x2e, 0xc1, 0x0, 0x0, 0x0,
    0x0, 0x0, 0x1, 0xbf, 0x40, 0x1, 0xde, 0x40,
    0x0, 0x0, 0x0, 0x0, 0x6f, 0xd2, 0x0, 0x0,
    0x9, 0xfb, 0x30, 0x0, 0x0, 0x4c, 0xfd, 0x43,
    0x33, 0x33, 0x33, 0x8d, 0xfa, 0x20, 0xc, 0xfc,
    0x4f, 0xff, 0xff, 0xff, 0xff, 0xf1, 0x6e, 0xf1,
    0x5, 0x50, 0x0, 0x0, 0x0, 0x0, 0x0, 0x0,
    0x1, 0x40, 0x0, 0x0, 0x0, 0x0, 0x0, 0x0,
    0x0, 0x0, 0x0, 0x0, 0x0, 0x0, 0x44, 0x44,
    0x44, 0x44, 0x44, 0x44, 0x10, 0x0, 0x0, 0x0,
    0xff, 0xff, 0xff, 0xff, 0xff, 0xff, 0x40, 0x0,
    0x0, 0x0, 0xf4, 0x0, 0x0, 0x0, 0x0, 0x1f,
    0x40, 0x0, 0x0, 0x0, 0xf4, 0x0, 0x0, 0x0,
    0x0, 0x1f, 0x40, 0x0, 0x0, 0x0, 0xf4, 0x0,
    0x0, 0x0, 0x0, 0x1f, 0x40, 0x0, 0x0, 0x0,
    0xf4, 0x0, 0x0, 0x0, 0x0, 0x1f, 0x40, 0x0,
    0x0, 0x0, 0xff, 0xff, 0xff, 0xff, 0xff, 0xff,
    0x40, 0x0, 0x0, 0x0, 0xf8, 0x44, 0x44, 0x44,
    0x44, 0x6f, 0x40, 0x0, 0x0, 0x0, 0xf4, 0x0,
    0x0, 0x0, 0x0, 0x1e, 0x40, 0x0,

    /* U+540C "同" */
    0x3e, 0xee, 0xee, 0xee, 0xee, 0xee, 0xee, 0xee,
    0xe3, 0x3f, 0x65, 0x55, 0x55, 0x55, 0x55, 0x55,
    0x56, 0xf3, 0x3f, 0x10, 0x0, 0x0, 0x0, 0x0,
    0x0, 0x1, 0xf3, 0x3f, 0x10, 0x33, 0x33, 0x33,
    0x33, 0x33, 0x1, 0xf3, 0x3f, 0x10, 0xff, 0xff,
    0xff, 0xff, 0xff, 0x21, 0xf3, 0x3f, 0x10, 0x0,
    0x0, 0x0, 0x0, 0x0, 0x1, 0xf3, 0x3f, 0x10,
    0x0, 0x0, 0x0, 0x0, 0x0, 0x1, 0xf3, 0x3f,
    0x10, 0xf, 0xff, 0xff, 0xff, 0xf0, 0x1, 0xf3,
    0x3f, 0x10, 0xf, 0x52, 0x22, 0x25, 0xf0, 0x1,
    0xf3, 0x3f, 0x10, 0xf, 0x30, 0x0, 0x3, 0xf0,
    0x1, 0xf3, 0x3f, 0x10, 0xf, 0x30, 0x0, 0x3,
    0xf0, 0x1, 0xf3, 0x3f, 0x10, 0xf, 0x30, 0x0,
    0x3, 0xf0, 0x1, 0xf3, 0x3f, 0x10, 0xf, 0xfe,
    0xee, 0xef, 0xf0, 0x1, 0xf3, 0x3f, 0x10, 0xf,
    0x63, 0x33, 0x33, 0x30, 0x1, 0xf3, 0x3f, 0x10,
    0xd, 0x20, 0x0, 0x0, 0x0, 0x1, 0xf3, 0x3f,
    0x10, 0x0, 0x0, 0x0, 0x0, 0x0, 0x1, 0xf3,
    0x3f, 0x10, 0x0, 0x0, 0x0, 0x0, 0x14, 0x46,
    0xf2, 0x3f, 0x10, 0x0, 0x0, 0x0, 0x0, 0x1f,
    0xfe, 0x90,

    /* U+540E "后" */
    0x0, 0x0, 0x0, 0x0, 0x0, 0x0, 0x0, 0x36,
    0x60, 0x0, 0x0, 0x0, 0x2, 0x35, 0x68, 0x9b,
    0xdf, 0xfe, 0xb2, 0x0, 0x0, 0xe, 0xff, 0xfe,
    0xcb, 0x98, 0x63, 0x10, 0x0, 0x0, 0x0, 0xe,
    0x70, 0x0, 0x0, 0x0, 0x0, 0x0, 0x0, 0x0,
    0x0, 0xe, 0x60, 0x0, 0x0, 0x0, 0x0, 0x0,
    0x0, 0x0, 0x0, 0xe, 0x83, 0x33, 0x33, 0x33,
    0x33, 0x33, 0x33, 0x30, 0x0, 0xe, 0xff, 0xff,
    0xff, 0xff, 0xff, 0xff, 0xff, 0xf0, 0x0, 0xf,
    0x71, 0x11, 0x11, 0x11, 0x11, 0x11, 0x11, 0x10,
    0x0, 0xf, 0x60, 0x0, 0x0, 0x0, 0x0, 0x0,
    0x0, 0x0, 0x0, 0xf, 0x50, 0x0, 0x0, 0x0,
    0x0, 0x0, 0x0, 0x0, 0x0, 0x1f, 0x40, 0xef,
    0xff, 0xff, 0xff, 0xff, 0xf7, 0x0, 0x0, 0x3f,
    0x20, 0xe9, 0x44, 0x44, 0x44, 0x44, 0xf7, 0x0,
    0x0, 0x5f, 0x0, 0xe6, 0x0, 0x0, 0x0, 0x0,
    0xe7, 0x0, 0x0, 0x9d, 0x0, 0xe6, 0x0, 0x0,
    0x0, 0x0, 0xe7, 0x0, 0x0, 0xe9, 0x0, 0xe6,
    0x0, 0x0, 0x0, 0x0, 0xe7, 0x0, 0x4, 0xf5,
    0x0, 0xe6, 0x0, 0x0, 0x0, 0x0, 0xe7, 0x0,
    0xc, 0xf1, 0x0, 0xef, 0xee, 0xee, 0xee, 0xee,
    0xf7, 0x0, 0x2f, 0x80, 0x0, 0xe9, 0x55, 0x55,
    0x55, 0x55, 0xf7, 0x0, 0x8, 0x10, 0x0, 0xe6,
    0x0, 0x0, 0x0, 0x0, 0xe7, 0x0, 0x0, 0x0,
    0x0, 0x0, 0x0, 0x0, 0x0, 0x0, 0x0, 0x0,

    /* U+5411 "向" */
    0x0, 0x0, 0x0, 0x4b, 0x30, 0x0, 0x0, 0x0,
    0x0, 0x0, 0x0, 0xa, 0xf0, 0x0, 0x0, 0x0,
    0x0, 0x0, 0x0, 0x0, 0xf8, 0x0, 0x0, 0x0,
    0x0, 0x4, 0x44, 0x44, 0x8f, 0x64, 0x44, 0x44,
    0x44, 0x40, 0xff, 0xff, 0xff, 0xff, 0xff, 0xff,
    0xff, 0xff, 0x1f, 0x50, 0x0, 0x0, 0x0, 0x0,
    0x0, 0x3, 0xf1, 0xf5, 0x0, 0x0, 0x0, 0x0,
    0x0, 0x0, 0x3f, 0x1f, 0x50, 0x2, 0x33, 0x33,
    0x33, 0x20, 0x3, 0xf1, 0xf5, 0x0, 0xef, 0xff,
    0xff, 0xfe, 0x0, 0x3f, 0x1f, 0x50, 0xe, 0x50,
    0x0, 0x5, 0xe0, 0x3, 0xf1, 0xf5, 0x0, 0xe4,
    0x0, 0x0, 0x4e, 0x0, 0x3f, 0x1f, 0x50, 0xe,
    0x40, 0x0, 0x4, 0xe0, 0x3, 0xf1, 0xf5, 0x0,
    0xe4, 0x0, 0x0, 0x4e, 0x0, 0x3f, 0x1f, 0x50,
    0xe, 0xff, 0xff, 0xff, 0xe0, 0x3, 0xf1, 0xf5,
    0x0, 0xe7, 0x44, 0x44, 0x43, 0x0, 0x3f, 0x1f,
    0x50, 0xb, 0x40, 0x0, 0x0, 0x0, 0x3, 0xf1,
    0xf5, 0x0, 0x0, 0x0, 0x0, 0x0, 0x0, 0x3f,
    0x1f, 0x50, 0x0, 0x0, 0x0, 0x0, 0x65, 0x59,
    0xf0, 0xf5, 0x0, 0x0, 0x0, 0x0, 0xb, 0xff,
    0xd8, 0x0,

    /* U+5417 "吗" */
    0x0, 0x0, 0x0, 0x4, 0xaa, 0xaa, 0xaa, 0xab,
    0x20, 0x5f, 0xff, 0xfe, 0x3, 0x88, 0x88, 0x88,
    0x9f, 0x20, 0x5f, 0x44, 0x8e, 0x0, 0x0, 0x0,
    0x0, 0x3f, 0x10, 0x5e, 0x0, 0x5e, 0x0, 0x8c,
    0x0, 0x0, 0x4f, 0x0, 0x5e, 0x0, 0x5e, 0x0,
    0x9a, 0x0, 0x0, 0x6d, 0x0, 0x5e, 0x0, 0x5e,
    0x0, 0xa9, 0x0, 0x0, 0x8c, 0x0, 0x5e, 0x0,
    0x5e, 0x0, 0xc7, 0x0, 0x0, 0xaa, 0x0, 0x5e,
    0x0, 0x5e, 0x0, 0xe5, 0x0, 0x0, 0xc8, 0x0,
    0x5e, 0x0, 0x5e, 0x0, 0xff, 0xff, 0xff, 0xff,
    0xff, 0x5e, 0x0, 0x5e, 0x0, 0x33, 0x33, 0x33,
    0x33, 0x8d, 0x5e, 0x0, 0x5e, 0x0, 0x0, 0x0,
    0x0, 0x0, 0x8c, 0x5f, 0xff, 0xfe, 0x0, 0x0,
    0x0, 0x0, 0x0, 0xaa, 0x5f, 0x33, 0x33, 0x1f,
    0xff, 0xff, 0xff, 0xf0, 0xc8, 0x5e, 0x0, 0x0,
    0x2, 0x22, 0x22, 0x22, 0x20, 0xf5, 0x1, 0x0,
    0x0, 0x0, 0x0, 0x0, 0x0, 0x3, 0xf2, 0x0,
    0x0, 0x0, 0x0, 0x0, 0x0, 0x22, 0x3b, 0xd0,
    0x0, 0x0, 0x0, 0x0, 0x0, 0x0, 0x8f, 0xfe,
    0x30, 0x0, 0x0, 0x0, 0x0, 0x0, 0x0, 0x0,
    0x0, 0x0,

    /* U+5427 "吧" */
    0x0, 0x0, 0x0, 0x2, 0x88, 0x88, 0x88, 0x88,
    0x83, 0x5, 0xff, 0xff, 0xe0, 0x4f, 0xba, 0xaf,
    0xca, 0xaf, 0x60, 0x5f, 0x44, 0x8e, 0x4, 0xf0,
    0x0, 0xf3, 0x0, 0xe6, 0x5, 0xe0, 0x5, 0xe0,
    0x4f, 0x0, 0xf, 0x30, 0xe, 0x60, 0x5e, 0x0,
    0x5e, 0x4, 0xf0, 0x0, 0xf3, 0x0, 0xe6, 0x5,
    0xe0, 0x5, 0xe0, 0x4f, 0x0, 0xf, 0x30, 0xe,
    0x60, 0x5e, 0x0, 0x5e, 0x4, 0xf0, 0x0, 0xf3,
    0x0, 0xe6, 0x5, 0xe0, 0x5, 0xe0, 0x4f, 0x0,
    0xf, 0x30, 0xe, 0x60, 0x5e, 0x0, 0x5e, 0x4,
    0xf6, 0x55, 0xf8, 0x55, 0xf6, 0x5, 0xe0, 0x5,
    0xe0, 0x4f, 0xed, 0xdd, 0xdd, 0xdf, 0x60, 0x5e,
    0x0, 0x5e, 0x4, 0xf0, 0x0, 0x0, 0x0, 0xe5,
    0x5, 0xff, 0xff, 0xe0, 0x4f, 0x0, 0x0, 0x0,
    0x0, 0x0, 0x5f, 0x33, 0x33, 0x4, 0xf0, 0x0,
    0x0, 0x0, 0x0, 0x5, 0xe0, 0x0, 0x0, 0x4f,
    0x0, 0x0, 0x0, 0x1, 0xd1, 0x1, 0x0, 0x0,
    0x3, 0xf1, 0x0, 0x0, 0x0, 0x4f, 0x0, 0x0,
    0x0, 0x0, 0x1f, 0x84, 0x44, 0x44, 0x4b, 0xc0,
    0x0, 0x0, 0x0, 0x0, 0x7e, 0xff, 0xff, 0xff,
    0xd3, 0x0,

    /* U+542C "听" */
    0x0, 0x0, 0x0, 0x0, 0x0, 0x0, 0x0, 0x28,
    0x30, 0x0, 0x0, 0x0, 0x0, 0x0, 0x1, 0x59,
    0xdf, 0xd8, 0x0, 0x5f, 0xff, 0xff, 0x0, 0x5e,
    0xfe, 0xa7, 0x20, 0x0, 0x5, 0xf5, 0x58, 0xf0,
    0x6, 0xf2, 0x0, 0x0, 0x0, 0x0, 0x5e, 0x0,
    0x4f, 0x0, 0x6e, 0x0, 0x0, 0x0, 0x0, 0x5,
    0xe0, 0x4, 0xf0, 0x6, 0xe0, 0x0, 0x0, 0x0,
    0x0, 0x5e, 0x0, 0x4f, 0x0, 0x6f, 0x44, 0x44,
    0x44, 0x44, 0x5, 0xe0, 0x4, 0xf0, 0x7, 0xff,
    0xff, 0xff, 0xff, 0xf1, 0x5e, 0x0, 0x4f, 0x0,
    0x7e, 0x0, 0x0, 0xf6, 0x0, 0x5, 0xe0, 0x4,
    0xf0, 0x7, 0xd0, 0x0, 0xf, 0x50, 0x0, 0x5e,
    0x0, 0x4f, 0x0, 0x8d, 0x0, 0x0, 0xf5, 0x0,
    0x5, 0xe0, 0x4, 0xf0, 0xa, 0xb0, 0x0, 0xf,
    0x50, 0x0, 0x5f, 0x66, 0x9f, 0x0, 0xc9, 0x0,
    0x0, 0xf5, 0x0, 0x5, 0xfd, 0xdd, 0xd0, 0xf,
    0x60, 0x0, 0xf, 0x50, 0x0, 0x5e, 0x0, 0x0,
    0x4, 0xf2, 0x0, 0x0, 0xf5, 0x0, 0x1, 0x20,
    0x0, 0x0, 0x9e, 0x0, 0x0, 0xf, 0x50, 0x0,
    0x0, 0x0, 0x0, 0x1f, 0x90, 0x0, 0x0, 0xf5,
    0x0, 0x0, 0x0, 0x0, 0x9, 0xf1, 0x0, 0x0,
    0xf, 0x50, 0x0, 0x0, 0x0, 0x0, 0x47, 0x0,
    0x0, 0x0, 0xf5, 0x0, 0x0,

    /* U+542F "启" */
    0x0, 0x0, 0x0, 0x0, 0xa, 0x50, 0x0, 0x0,
    0x0, 0x0, 0x0, 0x0, 0x0, 0xa, 0xd0, 0x0,
    0x0, 0x0, 0x0, 0x0, 0x0, 0x0, 0x2, 0xf4,
    0x0, 0x0, 0x0, 0x0, 0xd, 0xff, 0xff, 0xff,
    0xff, 0xff, 0xff, 0xf4, 0x0, 0xe, 0x94, 0x44,
    0x44, 0x44, 0x44, 0x45, 0xf4, 0x0, 0xe, 0x70,
    0x0, 0x0, 0x0, 0x0, 0x0, 0xf4, 0x0, 0xe,
    0x70, 0x0, 0x0, 0x0, 0x0, 0x0, 0xf4, 0x0,
    0xe, 0xfe, 0xee, 0xee, 0xee, 0xee, 0xee, 0xf4,
    0x0, 0xe, 0xa5, 0x55, 0x55, 0x55, 0x55, 0x55,
    0x51, 0x0, 0xf, 0x60, 0x0, 0x0, 0x0, 0x0,
    0x0, 0x0, 0x0, 0xf, 0x51, 0x22, 0x22, 0x22,
    0x22, 0x22, 0x21, 0x0, 0x1f, 0x45, 0xff, 0xff,
    0xff, 0xff, 0xff, 0xfa, 0x0, 0x3f, 0x15, 0xe1,
    0x11, 0x11, 0x11, 0x11, 0xba, 0x0, 0x7f, 0x5,
    0xe0, 0x0, 0x0, 0x0, 0x0, 0xba, 0x0, 0xbb,
    0x5, 0xe0, 0x0, 0x0, 0x0, 0x0, 0xba, 0x0,
    0xf7, 0x5, 0xe1, 0x11, 0x11, 0x11, 0x11, 0xba,
    0x8, 0xf2, 0x5, 0xff, 0xff, 0xff, 0xff, 0xff,
    0xfa, 0x1f, 0xa0, 0x5, 0xe2, 0x22, 0x22, 0x22,
    0x22, 0xca, 0xa, 0x20, 0x5, 0xe0, 0x0, 0x0,
    0x0, 0x0, 0xa9, 0x0, 0x0, 0x0, 0x0, 0x0,
    0x0, 0x0, 0x0, 0x0,

    /* U+5462 "呢" */
    0x0, 0x0, 0x0, 0x4, 0xdd, 0xdd, 0xdd, 0xdd,
    0xd4, 0x5, 0xff, 0xff, 0xd0, 0x5f, 0x55, 0x55,
    0x55, 0x5f, 0x50, 0x5f, 0x55, 0x9d, 0x5, 0xe0,
    0x0, 0x0, 0x0, 0xe5, 0x5, 0xe0, 0x5, 0xd0,
    0x5e, 0x0, 0x0, 0x0, 0xe, 0x50, 0x5e, 0x0,
    0x5d, 0x5, 0xf5, 0x55, 0x55, 0x55, 0xf5, 0x5,
    0xe0, 0x5, 0xd0, 0x5f, 0xee, 0xee, 0xee, 0xee,
    0x50, 0x5e, 0x0, 0x5d, 0x5, 0xe0, 0x4c, 0x0,
    0x0, 0x0, 0x5, 0xe0, 0x5, 0xd0, 0x5e, 0x5,
    0xe0, 0x0, 0x1, 0x0, 0x5e, 0x0, 0x5d, 0x6,
    0xd0, 0x5e, 0x0, 0x5, 0xf6, 0x5, 0xe0, 0x5,
    0xd0, 0x7d, 0x5, 0xe0, 0x1a, 0xf7, 0x0, 0x5e,
    0x0, 0x5d, 0x9, 0xb0, 0x5e, 0x7f, 0xc2, 0x0,
    0x5, 0xf6, 0x69, 0xd0, 0xb8, 0x5, 0xfc, 0x40,
    0x0, 0x0, 0x5f, 0xdd, 0xdc, 0xf, 0x50, 0x5e,
    0x0, 0x0, 0x0, 0x5, 0xe0, 0x0, 0x4, 0xf1,
    0x5, 0xe0, 0x0, 0x0, 0x60, 0x2, 0x0, 0x0,
    0xbb, 0x0, 0x5e, 0x0, 0x0, 0x2f, 0x0, 0x0,
    0x0, 0x6f, 0x30, 0x4, 0xf4, 0x33, 0x38, 0xe0,
    0x0, 0x0, 0x9, 0x80, 0x0, 0xc, 0xff, 0xff,
    0xe6, 0x0, 0x0, 0x0, 0x0, 0x0, 0x0, 0x0,
    0x0, 0x0, 0x0,

    /* U+5468 "周" */
    0x0, 0xe, 0xff, 0xff, 0xff, 0xff, 0xff, 0xff,
    0xf6, 0x0, 0xf, 0x84, 0x44, 0x46, 0x64, 0x44,
    0x44, 0xf6, 0x0, 0xf, 0x50, 0x0, 0x9, 0xa0,
    0x0, 0x0, 0xe6, 0x0, 0xf, 0x50, 0x11, 0x1a,
    0xb1, 0x11, 0x10, 0xe6, 0x0, 0xf, 0x54, 0xff,
    0xff, 0xff, 0xff, 0x80, 0xe6, 0x0, 0xf, 0x50,
    0x0, 0x9, 0xa0, 0x0, 0x0, 0xe6, 0x0, 0xf,
    0x51, 0x22, 0x2a, 0xb2, 0x22, 0x20, 0xe6, 0x0,
    0xf, 0x5c, 0xff, 0xff, 0xff, 0xff, 0xf1, 0xe6,
    0x0, 0xf, 0x40, 0x0, 0x0, 0x0, 0x0, 0x0,
    0xe6, 0x0, 0xf, 0x40, 0x12, 0x22, 0x22, 0x22,
    0x0, 0xe6, 0x0, 0x2f, 0x20, 0xcf, 0xff, 0xff,
    0xff, 0x0, 0xe6, 0x0, 0x4f, 0x0, 0xc7, 0x0,
    0x0, 0x4f, 0x0, 0xe6, 0x0, 0x7e, 0x0, 0xc7,
    0x0, 0x0, 0x4f, 0x0, 0xe6, 0x0, 0xba, 0x0,
    0xc8, 0x11, 0x11, 0x5f, 0x0, 0xe6, 0x0, 0xf6,
    0x0, 0xcf, 0xff, 0xff, 0xff, 0x0, 0xe6, 0x6,
    0xf1, 0x0, 0xc7, 0x0, 0x0, 0x0, 0x0, 0xe6,
    0xe, 0x90, 0x0, 0x21, 0x0, 0x0, 0x4, 0x34,
    0xf5, 0x1d, 0x10, 0x0, 0x0, 0x0, 0x0, 0xf,
    0xfe, 0xb1, 0x0, 0x0, 0x0, 0x0, 0x0, 0x0,
    0x0, 0x0, 0x0,

    /* U+548C "和" */
    0x0, 0x0, 0x0, 0x2, 0x71, 0x0, 0x0, 0x0,
    0x0, 0x0, 0x2, 0x57, 0xae, 0xfc, 0x50, 0x0,
    0x0, 0x0, 0x0, 0x9, 0xfd, 0xaf, 0x81, 0x0,
    0x5f, 0xff, 0xff, 0xff, 0x0, 0x0, 0x0, 0xf5,
    0x0, 0x5, 0xf5, 0x55, 0x58, 0xf0, 0x0, 0x0,
    0xf, 0x50, 0x0, 0x5f, 0x0, 0x0, 0x5f, 0x0,
    0x0, 0x0, 0xf5, 0x0, 0x5, 0xf0, 0x0, 0x5,
    0xf0, 0xe, 0xff, 0xff, 0xff, 0xfe, 0x5f, 0x0,
    0x0, 0x5f, 0x0, 0x44, 0x4a, 0xf8, 0x44, 0x45,
    0xf0, 0x0, 0x5, 0xf0, 0x0, 0x0, 0xdf, 0xd1,
    0x0, 0x5f, 0x0, 0x0, 0x5f, 0x0, 0x0, 0x5e,
    0xfd, 0xc0, 0x5, 0xf0, 0x0, 0x5, 0xf0, 0x0,
    0xd, 0x6f, 0x5c, 0x90, 0x5f, 0x0, 0x0, 0x5f,
    0x0, 0x5, 0xe0, 0xf5, 0x2f, 0x65, 0xf0, 0x0,
    0x5, 0xf0, 0x1, 0xe6, 0xf, 0x50, 0x64, 0x5f,
    0x0, 0x0, 0x5f, 0x0, 0xbd, 0x0, 0xf5, 0x0,
    0x5, 0xf0, 0x0, 0x5, 0xf0, 0x4f, 0x30, 0xf,
    0x50, 0x0, 0x5f, 0x44, 0x44, 0x8f, 0x0, 0x30,
    0x0, 0xf5, 0x0, 0x5, 0xff, 0xff, 0xff, 0xf0,
    0x0, 0x0, 0xf, 0x50, 0x0, 0x5f, 0x0, 0x0,
    0x5f, 0x0, 0x0, 0x0, 0xf5, 0x0, 0x3, 0x90,
    0x0, 0x2, 0x70, 0x0, 0x0, 0xf, 0x50, 0x0,
    0x0, 0x0, 0x0, 0x0, 0x0,

    /* U+54AA "咪" */
    0x0, 0x0, 0x0, 0x0, 0x0, 0x1, 0x40, 0x0,
    0x0, 0x0, 0x11, 0x11, 0x10, 0x11, 0x0, 0x6e,
    0x0, 0x5, 0x10, 0x5f, 0xff, 0xfe, 0xb, 0x90,
    0x6, 0xe0, 0x2, 0xf5, 0x5, 0xe1, 0x16, 0xe0,
    0x3f, 0x20, 0x6e, 0x0, 0x8d, 0x0, 0x5e, 0x0,
    0x5e, 0x0, 0xc9, 0x6, 0xe0, 0xe, 0x60, 0x5,
    0xe0, 0x5, 0xe0, 0x6, 0xe0, 0x6e, 0x6, 0xe0,
    0x0, 0x5e, 0x0, 0x5e, 0x0, 0x1c, 0x16, 0xe0,
    0xa6, 0x0, 0x5, 0xe0, 0x5, 0xe0, 0x22, 0x22,
    0x7e, 0x22, 0x22, 0x20, 0x5e, 0x0, 0x5e, 0x5f,
    0xff, 0xff, 0xff, 0xff, 0xff, 0x55, 0xe0, 0x5,
    0xe0, 0x11, 0x13, 0xff, 0xb1, 0x11, 0x10, 0x5e,
    0x0, 0x5e, 0x0, 0x0, 0xae, 0xfe, 0x20, 0x0,
    0x5, 0xfd, 0xde, 0xe0, 0x0, 0x3e, 0x7e, 0x7a,
    0x0, 0x0, 0x5f, 0x55, 0x55, 0x0, 0xd, 0x56,
    0xe0, 0xe4, 0x0, 0x5, 0xe0, 0x0, 0x0, 0x9,
    0xc0, 0x6e, 0x7, 0xd1, 0x0, 0x3a, 0x0, 0x0,
    0x8, 0xf2, 0x6, 0xe0, 0xd, 0xb0, 0x0, 0x0,
    0x0, 0x8, 0xf5, 0x0, 0x6e, 0x0, 0x3f, 0xa0,
    0x0, 0x0, 0x9, 0xf6, 0x0, 0x6, 0xe0, 0x0,
    0x6f, 0x70, 0x0, 0x0, 0x24, 0x0, 0x0, 0x6e,
    0x0, 0x0, 0x50, 0x0, 0x0, 0x0, 0x0, 0x0,
    0x6, 0xe0, 0x0, 0x0, 0x0,

    /* U+54EA "哪" */
    0x0, 0x0, 0x4, 0xee, 0xee, 0xec, 0xc, 0xee,
    0xed, 0x4, 0xff, 0xfe, 0x14, 0x8d, 0x48, 0xc0,
    0xd6, 0x37, 0xe0, 0x4d, 0x46, 0xe0, 0x6, 0xc0,
    0x5c, 0xd, 0x30, 0x99, 0x4, 0xc0, 0x2e, 0x0,
    0x6c, 0x5, 0xc0, 0xd3, 0xd, 0x40, 0x4c, 0x2,
    0xe0, 0x6, 0xc0, 0x5c, 0xd, 0x31, 0xf0, 0x4,
    0xc0, 0x2e, 0x4f, 0xff, 0xff, 0xc0, 0xd3, 0x6a,
    0x0, 0x4c, 0x2, 0xe0, 0x17, 0xc1, 0x6c, 0xd,
    0x3b, 0x50, 0x4, 0xc0, 0x2e, 0x0, 0x7a, 0x5,
    0xc0, 0xd3, 0x8a, 0x0, 0x4c, 0x2, 0xe0, 0x8,
    0x90, 0x5c, 0xd, 0x30, 0xe3, 0x4, 0xc0, 0x2e,
    0x13, 0xa9, 0x37, 0xc0, 0xd3, 0x8, 0x90, 0x4c,
    0x2, 0xe4, 0xef, 0xfe, 0xfc, 0xd, 0x30, 0x5c,
    0x4, 0xff, 0xfe, 0x0, 0xe0, 0x6, 0xb0, 0xd3,
    0x3, 0xe0, 0x4d, 0x33, 0x30, 0x3c, 0x0, 0x6b,
    0xd, 0x30, 0x3e, 0x4, 0xc0, 0x0, 0x7, 0x80,
    0x7, 0xb0, 0xd4, 0x4a, 0xc0, 0x0, 0x0, 0x0,
    0xd4, 0x0, 0x8a, 0xd, 0x3c, 0xb3, 0x0, 0x0,
    0x0, 0x6e, 0x0, 0x9, 0x90, 0xd3, 0x0, 0x0,
    0x0, 0x0, 0xe, 0x61, 0x33, 0xd6, 0xd, 0x30,
    0x0, 0x0, 0x0, 0x2, 0xb0, 0x3f, 0xfc, 0x10,
    0xd3, 0x0, 0x0, 0x0, 0x0, 0x0, 0x0, 0x0,
    0x0, 0x0, 0x0, 0x0, 0x0,

    /* U+5566 "啦" */
    0x0, 0x0, 0x0, 0x0, 0x0, 0x0, 0x0, 0x0,
    0x0, 0x0, 0x0, 0x0, 0x0, 0x4d, 0x0, 0x0,
    0xa7, 0x0, 0x0, 0x0, 0x0, 0x0, 0x4, 0xe0,
    0x0, 0x7, 0xd0, 0x0, 0x4, 0xff, 0xff, 0x0,
    0x4e, 0x0, 0x0, 0x2f, 0x10, 0x0, 0x4d, 0x35,
    0xf0, 0x4, 0xe0, 0x4, 0x44, 0xa5, 0x44, 0x4,
    0xc0, 0x2f, 0x4d, 0xef, 0xd6, 0xee, 0xee, 0xee,
    0xe0, 0x4c, 0x2, 0xf1, 0x58, 0xe5, 0x20, 0x0,
    0x0, 0x0, 0x4, 0xc0, 0x2f, 0x0, 0x4e, 0x0,
    0x57, 0x0, 0xe, 0x50, 0x4c, 0x2, 0xf0, 0x4,
    0xe0, 0x5, 0xb0, 0x0, 0xf3, 0x4, 0xc0, 0x2f,
    0x0, 0x4e, 0x0, 0x3e, 0x0, 0x2f, 0x10, 0x4c,
    0x2, 0xf0, 0x4, 0xfb, 0x91, 0xf0, 0x4, 0xf0,
    0x4, 0xc0, 0x2f, 0x29, 0xef, 0x81, 0xf, 0x30,
    0x6c, 0x0, 0x4c, 0x2, 0xf5, 0xda, 0xe0, 0x0,
    0xd5, 0x8, 0xa0, 0x4, 0xff, 0xff, 0x0, 0x4e,
    0x0, 0xb, 0x70, 0xa7, 0x0, 0x4d, 0x33, 0x30,
    0x4, 0xe0, 0x0, 0xa8, 0xd, 0x50, 0x4, 0xc0,
    0x0, 0x0, 0x4e, 0x0, 0x9, 0x90, 0xf2, 0x0,
    0x2, 0x0, 0x0, 0x4, 0xe0, 0x0, 0x66, 0x2e,
    0x0, 0x0, 0x0, 0x0, 0x0, 0x4e, 0x3, 0x33,
    0x38, 0xd3, 0x31, 0x0, 0x0, 0x1, 0x37, 0xd0,
    0xdf, 0xff, 0xff, 0xff, 0x60, 0x0, 0x0, 0x1f,
    0xe7, 0x0, 0x0, 0x0, 0x0, 0x0,

    /* U+559C "喜" */
    0x0, 0x0, 0x0, 0x0, 0x98, 0x0, 0x0, 0x0,
    0x0, 0x1, 0x11, 0x11, 0x11, 0xca, 0x11, 0x11,
    0x11, 0x10, 0x6f, 0xff, 0xff, 0xff, 0xff, 0xff,
    0xff, 0xff, 0xf7, 0x0, 0x0, 0x0, 0x0, 0xba,
    0x0, 0x0, 0x0, 0x0, 0x0, 0xbb, 0xbb, 0xbb,
    0xee, 0xbb, 0xbb, 0xbb, 0x10, 0x0, 0x22, 0x22,
    0x22, 0x22, 0x22, 0x22, 0x22, 0x0, 0x0, 0xe,
    0xee, 0xee, 0xee, 0xee, 0xee, 0xe0, 0x0, 0x0,
    0xf, 0x40, 0x0, 0x0, 0x0, 0x5, 0xf0, 0x0,
    0x0, 0xf, 0x40, 0x0, 0x0, 0x0, 0x4, 0xf0,
    0x0, 0x0, 0xe, 0xff, 0xee, 0xee, 0xee, 0xff,
    0xe0, 0x0, 0x0, 0x0, 0x5f, 0x0, 0x0, 0x2,
    0xf5, 0x0, 0x0, 0x44, 0x44, 0x5f, 0x94, 0x44,
    0x4a, 0xe4, 0x44, 0x44, 0xcc, 0xcc, 0xcc, 0xcc,
    0xcc, 0xcc, 0xcc, 0xcc, 0xcc, 0x0, 0x0, 0x0,
    0x0, 0x0, 0x0, 0x0, 0x0, 0x0, 0x0, 0x5f,
    0xff, 0xff, 0xff, 0xff, 0xff, 0xf7, 0x0, 0x0,
    0x5f, 0x0, 0x0, 0x0, 0x0, 0x0, 0xe7, 0x0,
    0x0, 0x5f, 0x0, 0x0, 0x0, 0x0, 0x0, 0xe7,
    0x0, 0x0, 0x5f, 0xff, 0xff, 0xff, 0xff, 0xff,
    0xf7, 0x0, 0x0, 0x5f, 0x0, 0x0, 0x0, 0x0,
    0x0, 0xe7, 0x0,

    /* U+55B5 "喵" */
    0x0, 0x0, 0x0, 0x0, 0x3, 0x20, 0x0, 0x41,
    0x0, 0x0, 0x0, 0x0, 0x0, 0x0, 0xc8, 0x0,
    0xe, 0x40, 0x0, 0x3b, 0xbb, 0xb3, 0x0, 0xc,
    0x80, 0x0, 0xe4, 0x0, 0x4, 0xf9, 0x9f, 0x5a,
    0xcc, 0xfe, 0xcc, 0xcf, 0xdc, 0xc2, 0x4e, 0x0,
    0xe5, 0x67, 0x7e, 0xc7, 0x77, 0xf9, 0x77, 0x14,
    0xe0, 0xe, 0x50, 0x0, 0xc8, 0x0, 0xe, 0x40,
    0x0, 0x4e, 0x0, 0xe5, 0x0, 0xc, 0x80, 0x0,
    0xe4, 0x0, 0x4, 0xe0, 0xe, 0x50, 0x34, 0x44,
    0x44, 0x44, 0x44, 0x10, 0x4e, 0x0, 0xe5, 0xe,
    0xff, 0xff, 0xff, 0xff, 0xf5, 0x4, 0xe0, 0xe,
    0x50, 0xe4, 0x0, 0x5e, 0x0, 0xe, 0x50, 0x4e,
    0x0, 0xe5, 0xe, 0x40, 0x5, 0xe0, 0x0, 0xe5,
    0x4, 0xe0, 0xe, 0x50, 0xe4, 0x0, 0x5e, 0x0,
    0xe, 0x50, 0x4f, 0x66, 0xe5, 0xe, 0xee, 0xee,
    0xfe, 0xee, 0xf5, 0x4, 0xfd, 0xdd, 0x40, 0xe8,
    0x44, 0x8f, 0x44, 0x4f, 0x50, 0x4e, 0x0, 0x0,
    0xe, 0x40, 0x5, 0xe0, 0x0, 0xe5, 0x1, 0x30,
    0x0, 0x0, 0xe4, 0x0, 0x5e, 0x0, 0xe, 0x50,
    0x0, 0x0, 0x0, 0xe, 0xfe, 0xef, 0xfe, 0xee,
    0xf5, 0x0, 0x0, 0x0, 0x0, 0xe8, 0x44, 0x44,
    0x44, 0x4f, 0x50, 0x0, 0x0, 0x0, 0xe, 0x40,
    0x0, 0x0, 0x0, 0xc5, 0x0,

    /* U+55B7 "喷" */
    0x0, 0x0, 0x0, 0x0, 0x0, 0x6, 0x80, 0x0,
    0x0, 0x0, 0x0, 0x0, 0x0, 0x11, 0x11, 0x9c,
    0x11, 0x11, 0x0, 0x4f, 0xff, 0xf2, 0x1f, 0xff,
    0xff, 0xff, 0xff, 0xf7, 0x4, 0xd4, 0x4f, 0x20,
    0x0, 0x0, 0x9b, 0x0, 0x0, 0x0, 0x4c, 0x0,
    0xe2, 0x0, 0x58, 0x5, 0x70, 0x58, 0x0, 0x4,
    0xc0, 0xe, 0x24, 0x4a, 0xc4, 0x44, 0x4a, 0xd4,
    0x41, 0x4c, 0x0, 0xe2, 0xcd, 0xef, 0xdd, 0xdd,
    0xef, 0xdd, 0x34, 0xc0, 0xe, 0x20, 0x7, 0xb0,
    0x0, 0x7, 0xb0, 0x0, 0x4c, 0x0, 0xe2, 0x2,
    0x67, 0x44, 0x44, 0x67, 0x30, 0x4, 0xc0, 0xe,
    0x20, 0x7f, 0xdd, 0xdd, 0xdd, 0xec, 0x0, 0x4c,
    0x0, 0xe2, 0x7, 0xb0, 0x0, 0x0, 0x6, 0xc0,
    0x4, 0xd0, 0xf, 0x20, 0x7b, 0x0, 0x69, 0x0,
    0x6c, 0x0, 0x4f, 0xff, 0xf2, 0x7, 0xb0, 0x7,
    0xc0, 0x6, 0xc0, 0x4, 0xd3, 0x33, 0x0, 0x7b,
    0x0, 0x8c, 0x0, 0x6c, 0x0, 0x4c, 0x0, 0x0,
    0x7, 0xb0, 0xb, 0x90, 0x6, 0xc0, 0x1, 0x50,
    0x0, 0x0, 0x24, 0x5, 0xf3, 0x95, 0x24, 0x0,
    0x0, 0x0, 0x0, 0x0, 0x3a, 0xf5, 0x4, 0xcd,
    0x50, 0x0, 0x0, 0x0, 0x39, 0xdf, 0x91, 0x0,
    0x0, 0x5e, 0xd3, 0x0, 0x0, 0x2, 0x84, 0x0,
    0x0, 0x0, 0x0, 0x8, 0x20,

    /* U+56DB "四" */
    0x0, 0x0, 0x0, 0x0, 0x0, 0x0, 0x0, 0x0,
    0x0, 0x3f, 0xff, 0xff, 0xff, 0xff, 0xff, 0xff,
    0xff, 0xf2, 0x3f, 0x64, 0x44, 0xf9, 0x44, 0x9e,
    0x44, 0x47, 0xf2, 0x3f, 0x20, 0x0, 0xf5, 0x0,
    0x6d, 0x0, 0x3, 0xf2, 0x3f, 0x20, 0x0, 0xf4,
    0x0, 0x6d, 0x0, 0x3, 0xf2, 0x3f, 0x20, 0x0,
    0xf3, 0x0, 0x6d, 0x0, 0x3, 0xf2, 0x3f, 0x20,
    0x3, 0xf1, 0x0, 0x6d, 0x0, 0x3, 0xf2, 0x3f,
    0x20, 0x6, 0xe0, 0x0, 0x6d, 0x0, 0x3, 0xf2,
    0x3f, 0x20, 0xb, 0xb0, 0x0, 0x6d, 0x0, 0x3,
    0xf2, 0x3f, 0x20, 0x4f, 0x40, 0x0, 0x5f, 0x33,
    0x36, 0xf2, 0x3f, 0x23, 0xda, 0x0, 0x0, 0x1c,
    0xff, 0xfc, 0xf2, 0x3f, 0x6f, 0xc1, 0x0, 0x0,
    0x0, 0x0, 0x3, 0xf2, 0x3f, 0x25, 0x0, 0x0,
    0x0, 0x0, 0x0, 0x3, 0xf2, 0x3f, 0x20, 0x0,
    0x0, 0x0, 0x0, 0x0, 0x3, 0xf2, 0x3f, 0xff,
    0xff, 0xff, 0xff, 0xff, 0xff, 0xff, 0xf2, 0x3f,
    0x75, 0x55, 0x55, 0x55, 0x55, 0x55, 0x57, 0xf2,
    0x2e, 0x20, 0x0, 0x0, 0x0, 0x0, 0x0, 0x2,
    0xb1,

    /* U+56DE "回" */
    0x4f, 0xff, 0xff, 0xff, 0xff, 0xff, 0xff, 0xff,
    0xf5, 0x4f, 0x66, 0x66, 0x66, 0x66, 0x66, 0x66,
    0x67, 0xf5, 0x4f, 0x0, 0x0, 0x0, 0x0, 0x0,
    0x0, 0x1, 0xf5, 0x4f, 0x0, 0x0, 0x0, 0x0,
    0x0, 0x0, 0x1, 0xf5, 0x4f, 0x0, 0x3, 0x33,
    0x33, 0x33, 0x30, 0x1, 0xf5, 0x4f, 0x0, 0xe,
    0xff, 0xff, 0xff, 0xe0, 0x1, 0xf5, 0x4f, 0x0,
    0xe, 0x50, 0x0, 0x6, 0xe0, 0x1, 0xf5, 0x4f,
    0x0, 0xe, 0x50, 0x0, 0x6, 0xe0, 0x1, 0xf5,
    0x4f, 0x0, 0xe, 0x50, 0x0, 0x6, 0xe0, 0x1,
    0xf5, 0x4f, 0x0, 0xe, 0x50, 0x0, 0x6, 0xe0,
    0x1, 0xf5, 0x4f, 0x0, 0xe, 0x83, 0x33, 0x38,
    0xe0, 0x1, 0xf5, 0x4f, 0x0, 0xe, 0xff, 0xff,
    0xff, 0xe0, 0x1, 0xf5, 0x4f, 0x0, 0x0, 0x0,
    0x0, 0x0, 0x0, 0x1, 0xf5, 0x4f, 0x0, 0x0,
    0x0, 0x0, 0x0, 0x0, 0x1, 0xf5, 0x4f, 0x0,
    0x0, 0x0, 0x0, 0x0, 0x0, 0x1, 0xf5, 0x4f,
    0xff, 0xff, 0xff, 0xff, 0xff, 0xff, 0xff, 0xf5,
    0x4f, 0x54, 0x44, 0x44, 0x44, 0x44, 0x44, 0x45,
    0xf5, 0x4f, 0x0, 0x0, 0x0, 0x0, 0x0, 0x0,
    0x1, 0xf5,

    /* U+56ED "园" */
    0x5f, 0xff, 0xff, 0xff, 0xff, 0xff, 0xff, 0xff,
    0xf5, 0x5f, 0x44, 0x44, 0x44, 0x44, 0x44, 0x44,
    0x44, 0xf5, 0x5f, 0x0, 0x0, 0x0, 0x0, 0x0,
    0x0, 0x0, 0xf5, 0x5f, 0x0, 0x23, 0x33, 0x33,
    0x33, 0x32, 0x0, 0xf5, 0x5f, 0x0, 0xae, 0xee,
    0xee, 0xee, 0xed, 0x0, 0xf5, 0x5f, 0x0, 0x0,
    0x0, 0x0, 0x0, 0x0, 0x0, 0xf5, 0x5f, 0x0,
    0x0, 0x0, 0x0, 0x0, 0x0, 0x0, 0xf5, 0x5f,
    0x1f, 0xff, 0xff, 0xff, 0xff, 0xff, 0xf1, 0xf5,
    0x5f, 0x2, 0x22, 0xc8, 0x22, 0xf5, 0x22, 0x20,
    0xf5, 0x5f, 0x0, 0x0, 0xe4, 0x0, 0xf3, 0x0,
    0x0, 0xf5, 0x5f, 0x0, 0x1, 0xf2, 0x0, 0xf3,
    0x0, 0x0, 0xf5, 0x5f, 0x0, 0x8, 0xc0, 0x0,
    0xf3, 0x0, 0xa2, 0xf5, 0x5f, 0x0, 0x4f, 0x40,
    0x0, 0xf4, 0x0, 0xe2, 0xf5, 0x5f, 0x1a, 0xf6,
    0x0, 0x0, 0xcf, 0xff, 0xd0, 0xf5, 0x5f, 0x7,
    0x10, 0x0, 0x0, 0x1, 0x22, 0x0, 0xf5, 0x5f,
    0xdd, 0xdd, 0xdd, 0xdd, 0xdd, 0xdd, 0xdd, 0xf5,
    0x5f, 0x66, 0x66, 0x66, 0x66, 0x66, 0x66, 0x66,
    0xf5, 0x5f, 0x0, 0x0, 0x0, 0x0, 0x0, 0x0,
    0x0, 0xf5,

    /* U+56F4 "围" */
    0x4f, 0xff, 0xff, 0xff, 0xff, 0xff, 0xff, 0xff,
    0xf5, 0x4f, 0x33, 0x33, 0x33, 0x44, 0x33, 0x33,
    0x33, 0xf5, 0x4e, 0x0, 0x0, 0x0, 0xc7, 0x0,
    0x0, 0x0, 0xf5, 0x4e, 0x2, 0x33, 0x33, 0xd9,
    0x33, 0x33, 0x20, 0xf5, 0x4e, 0x8, 0xdd, 0xdd,
    0xfe, 0xdd, 0xdd, 0x80, 0xf5, 0x4e, 0x0, 0x0,
    0x0, 0xc7, 0x0, 0x0, 0x0, 0xf5, 0x4e, 0x0,
    0x9c, 0xcc, 0xfe, 0xcc, 0xc9, 0x0, 0xf5, 0x4e,
    0x0, 0x45, 0x55, 0xda, 0x55, 0x54, 0x0, 0xf5,
    0x4e, 0x0, 0x0, 0x0, 0xc7, 0x0, 0x0, 0x0,
    0xf5, 0x4e, 0xc, 0xdd, 0xdd, 0xfe, 0xdd, 0xdd,
    0x80, 0xf5, 0x4e, 0x4, 0x44, 0x44, 0xda, 0x44,
    0x4b, 0x90, 0xf5, 0x4e, 0x0, 0x0, 0x0, 0xc7,
    0x0, 0xc, 0x70, 0xf5, 0x4e, 0x0, 0x0, 0x0,
    0xc7, 0x12, 0x3f, 0x30, 0xf5, 0x4e, 0x0, 0x0,
    0x0, 0xc7, 0x2e, 0xe9, 0x0, 0xf5, 0x4e, 0x0,
    0x0, 0x0, 0x85, 0x0, 0x0, 0x0, 0xf5, 0x4f,
    0xdd, 0xdd, 0xdd, 0xdd, 0xdd, 0xdd, 0xdd, 0xf5,
    0x4f, 0x55, 0x55, 0x55, 0x55, 0x55, 0x55, 0x55,
    0xf5, 0x4e, 0x0, 0x0, 0x0, 0x0, 0x0, 0x0,
    0x0, 0xf5,

    /* U+5728 "在" */
    0x0, 0x0, 0x0, 0x6, 0x10, 0x0, 0x0, 0x0,
    0x0, 0x0, 0x0, 0x0, 0x4f, 0x30, 0x0, 0x0,
    0x0, 0x0, 0x0, 0x0, 0x0, 0xad, 0x0, 0x0,
    0x0, 0x0, 0x0, 0x36, 0x66, 0x66, 0xfb, 0x66,
    0x66, 0x66, 0x66, 0x65, 0x7e, 0xee, 0xef, 0xfe,
    0xee, 0xee, 0xee, 0xee, 0xed, 0x0, 0x0, 0x1e,
    0x80, 0x0, 0x4, 0x30, 0x0, 0x0, 0x0, 0x0,
    0xad, 0x0, 0x0, 0xc, 0x80, 0x0, 0x0, 0x0,
    0x4, 0xf4, 0x0, 0x0, 0xc, 0x80, 0x0, 0x0,
    0x0, 0x1e, 0xa0, 0x0, 0x0, 0xc, 0x80, 0x0,
    0x0, 0x2, 0xdf, 0x70, 0x14, 0x44, 0x4d, 0xa4,
    0x44, 0x40, 0x2e, 0xee, 0x70, 0x5f, 0xff, 0xff,
    0xff, 0xff, 0xf2, 0xcc, 0x1d, 0x70, 0x0, 0x0,
    0xc, 0x80, 0x0, 0x0, 0x30, 0xd, 0x70, 0x0,
    0x0, 0xc, 0x80, 0x0, 0x0, 0x0, 0xd, 0x70,
    0x0, 0x0, 0xc, 0x80, 0x0, 0x0, 0x0, 0xd,
    0x70, 0x0, 0x0, 0xc, 0x80, 0x0, 0x0, 0x0,
    0xd, 0x70, 0x0, 0x0, 0xc, 0x80, 0x0, 0x0,
    0x0, 0xd, 0x70, 0x44, 0x44, 0x4d, 0xa4, 0x44,
    0x44, 0x0, 0xd, 0x72, 0xff, 0xff, 0xff, 0xff,
    0xff, 0xfe, 0x0, 0xd, 0x70, 0x0, 0x0, 0x0,
    0x0, 0x0, 0x0,

    /* U+5730 "地" */
    0x0, 0x5, 0x70, 0x0, 0x0, 0x0, 0x3d, 0x0,
    0x0, 0x0, 0x0, 0x8, 0xb0, 0x0, 0x0, 0x0,
    0x3f, 0x0, 0x0, 0x0, 0x0, 0x8, 0xb0, 0x0,
    0x6e, 0x0, 0x3f, 0x0, 0x0, 0x0, 0x0, 0x8,
    0xb0, 0x0, 0x6e, 0x0, 0x3f, 0x0, 0x4, 0x0,
    0x0, 0x8, 0xc0, 0x0, 0x6e, 0x0, 0x3f, 0x16,
    0xdf, 0x50, 0x2f, 0xff, 0xff, 0xf2, 0x6e, 0x0,
    0x4f, 0xfe, 0x8f, 0x40, 0x4, 0x4a, 0xd4, 0x40,
    0x6e, 0x4b, 0xff, 0x60, 0xf, 0x40, 0x0, 0x8,
    0xb0, 0x1, 0x9f, 0xfa, 0x7f, 0x0, 0xf, 0x40,
    0x0, 0x8, 0xb0, 0x5f, 0xff, 0x10, 0x3f, 0x0,
    0xf, 0x40, 0x0, 0x8, 0xb0, 0x15, 0x6e, 0x0,
    0x3f, 0x0, 0xf, 0x40, 0x0, 0x8, 0xb0, 0x0,
    0x6e, 0x0, 0x3f, 0x0, 0xf, 0x30, 0x0, 0x8,
    0xb1, 0x72, 0x6e, 0x0, 0x3f, 0x0, 0x3f, 0x20,
    0x0, 0x9, 0xff, 0xd3, 0x6e, 0x0, 0x3f, 0x1f,
    0xfb, 0x0, 0x6, 0xdf, 0xc5, 0x0, 0x6e, 0x0,
    0x3f, 0x2, 0x10, 0x0, 0x1f, 0xa3, 0x0, 0x0,
    0x6e, 0x0, 0x0, 0x0, 0x0, 0xe2, 0x1, 0x0,
    0x0, 0x0, 0x5e, 0x0, 0x0, 0x0, 0x2, 0xf1,
    0x0, 0x0, 0x0, 0x0, 0x4f, 0x63, 0x33, 0x33,
    0x3a, 0xd0, 0x0, 0x0, 0x0, 0x0, 0x9, 0xef,
    0xff, 0xff, 0xfd, 0x40,

    /* U+57F9 "培" */
    0x0, 0x3, 0x30, 0x0, 0x0, 0x0, 0x82, 0x0,
    0x0, 0x0, 0x0, 0xa9, 0x0, 0x0, 0x0, 0xc,
    0x70, 0x0, 0x0, 0x0, 0xa, 0x90, 0x1, 0x44,
    0x44, 0xac, 0x44, 0x44, 0x10, 0x0, 0xa9, 0x0,
    0x5f, 0xff, 0xff, 0xff, 0xff, 0xf5, 0x0, 0xa,
    0x90, 0x0, 0x9, 0x40, 0x0, 0x7, 0x90, 0x1,
    0xff, 0xff, 0xfe, 0x0, 0x8b, 0x0, 0x0, 0xc7,
    0x0, 0x4, 0x4c, 0xb4, 0x40, 0x2, 0xf1, 0x0,
    0x2f, 0x10, 0x0, 0x0, 0xa9, 0x0, 0x0, 0x9,
    0x10, 0x8, 0xa0, 0x0, 0x0, 0xa, 0x90, 0x2f,
    0xff, 0xff, 0xff, 0xff, 0xff, 0xf0, 0x0, 0xa9,
    0x0, 0x44, 0x44, 0x44, 0x44, 0x44, 0x44, 0x0,
    0xa, 0x90, 0x0, 0x0, 0x0, 0x0, 0x0, 0x0,
    0x0, 0x0, 0xa9, 0x0, 0x4, 0xff, 0xff, 0xff,
    0xff, 0x50, 0x0, 0xa, 0xa6, 0xc1, 0x4f, 0x33,
    0x33, 0x33, 0xf5, 0x0, 0x2, 0xcf, 0xfa, 0x14,
    0xe0, 0x0, 0x0, 0xe, 0x50, 0x1c, 0xfe, 0x81,
    0x0, 0x4e, 0x0, 0x0, 0x0, 0xe5, 0x0, 0xc6,
    0x0, 0x0, 0x4, 0xe0, 0x0, 0x0, 0xe, 0x50,
    0x0, 0x0, 0x0, 0x0, 0x4f, 0x55, 0x55, 0x55,
    0xf5, 0x0, 0x0, 0x0, 0x0, 0x4, 0xfd, 0xdd,
    0xdd, 0xdf, 0x50, 0x0, 0x0, 0x0, 0x0, 0x4e,
    0x0, 0x0, 0x0, 0xd5, 0x0,

    /* U+5883 "境" */
    0x0, 0x5, 0x40, 0x0, 0x0, 0x1, 0xb2, 0x0,
    0x0, 0x0, 0x0, 0xb, 0x90, 0x0, 0x22, 0x22,
    0xda, 0x22, 0x22, 0x0, 0x0, 0xb, 0x90, 0x0,
    0xff, 0xff, 0xff, 0xff, 0xfe, 0x0, 0x0, 0xb,
    0x90, 0x0, 0x3, 0xa0, 0x0, 0x2b, 0x0, 0x0,
    0x0, 0xb, 0x90, 0x0, 0x0, 0xf3, 0x0, 0x9a,
    0x0, 0x0, 0xf, 0xff, 0xff, 0x98, 0xcc, 0xfd,
    0xcc, 0xfe, 0xcc, 0x60, 0x2, 0x2c, 0xa2, 0x13,
    0x55, 0x55, 0x55, 0x55, 0x55, 0x20, 0x0, 0xb,
    0x90, 0x0, 0x11, 0x11, 0x11, 0x11, 0x10, 0x0,
    0x0, 0xb, 0x90, 0x0, 0xaf, 0xdd, 0xdd, 0xdd,
    0xf6, 0x0, 0x0, 0xb, 0x90, 0x0, 0xa9, 0x0,
    0x0, 0x0, 0xe6, 0x0, 0x0, 0xb, 0x90, 0x0,
    0xaf, 0xee, 0xee, 0xee, 0xf6, 0x0, 0x0, 0xb,
    0x90, 0x0, 0xa9, 0x0, 0x0, 0x0, 0xe6, 0x0,
    0x0, 0xb, 0xa6, 0xa0, 0xaf, 0xdd, 0xdd, 0xdd,
    0xf6, 0x0, 0x0, 0x5e, 0xfe, 0x80, 0x11, 0xab,
    0x17, 0xe1, 0x10, 0x0, 0x1f, 0xfa, 0x40, 0x0,
    0x0, 0xd7, 0x5, 0xe0, 0x0, 0x0, 0x6, 0x10,
    0x0, 0x0, 0x6, 0xf2, 0x5, 0xe0, 0x1, 0xe0,
    0x0, 0x0, 0x0, 0x2, 0x9f, 0x60, 0x5, 0xf1,
    0x15, 0xe0, 0x0, 0x0, 0x0, 0xaf, 0xc3, 0x0,
    0x1, 0xcf, 0xfe, 0x70, 0x0, 0x0, 0x0, 0x11,
    0x0, 0x0, 0x0, 0x0, 0x0, 0x0,

    /* U+58F0 "声" */
    0x0, 0x0, 0x0, 0x0, 0xe, 0x60, 0x0, 0x0,
    0x0, 0x0, 0x0, 0x0, 0x0, 0x0, 0xf7, 0x0,
    0x0, 0x0, 0x0, 0xc, 0xff, 0xff, 0xff, 0xff,
    0xff, 0xff, 0xff, 0xff, 0x50, 0x11, 0x11, 0x11,
    0x11, 0xf7, 0x11, 0x11, 0x11, 0x10, 0x0, 0x0,
    0x0, 0x0, 0xe, 0x60, 0x0, 0x0, 0x0, 0x0,
    0x8, 0xff, 0xff, 0xff, 0xff, 0xff, 0xff, 0xff,
    0x70, 0x0, 0x13, 0x33, 0x33, 0x33, 0x33, 0x33,
    0x33, 0x31, 0x0, 0x0, 0x0, 0x0, 0x0, 0x0,
    0x0, 0x0, 0x0, 0x0, 0x0, 0x1f, 0xff, 0xff,
    0xff, 0xff, 0xff, 0xff, 0xf0, 0x0, 0x1, 0xf5,
    0x22, 0x22, 0xe8, 0x22, 0x22, 0x6f, 0x0, 0x0,
    0x2f, 0x20, 0x0, 0xe, 0x60, 0x0, 0x4, 0xf0,
    0x0, 0x2, 0xf2, 0x0, 0x0, 0xe6, 0x0, 0x0,
    0x4f, 0x0, 0x0, 0x3f, 0x75, 0x55, 0x5f, 0x95,
    0x55, 0x58, 0xf0, 0x0, 0x6, 0xfc, 0xcc, 0xcc,
    0xcc, 0xcc, 0xcc, 0xdf, 0x0, 0x0, 0xab, 0x0,
    0x0, 0x0, 0x0, 0x0, 0x2, 0x90, 0x0, 0x1f,
    0x60, 0x0, 0x0, 0x0, 0x0, 0x0, 0x0, 0x0,
    0xa, 0xf1, 0x0, 0x0, 0x0, 0x0, 0x0, 0x0,
    0x0, 0x5, 0xf6, 0x0, 0x0, 0x0, 0x0, 0x0,
    0x0, 0x0, 0x0, 0x6, 0x0, 0x0, 0x0, 0x0,
    0x0, 0x0, 0x0, 0x0, 0x0,

    /* U+58F3 "壳" */
    0x0, 0x0, 0x0, 0x0, 0x8, 0xc0, 0x0, 0x0,
    0x0, 0x0, 0x0, 0x0, 0x0, 0x0, 0x8, 0xd0,
    0x0, 0x0, 0x0, 0x0, 0x8, 0xff, 0xff, 0xff,
    0xff, 0xff, 0xff, 0xff, 0xff, 0xe0, 0x2, 0x33,
    0x33, 0x33, 0x3a, 0xe3, 0x33, 0x33, 0x33, 0x30,
    0x0, 0x0, 0x0, 0x0, 0x8, 0xd0, 0x0, 0x0,
    0x0, 0x0, 0x0, 0x1f, 0xff, 0xff, 0xff, 0xff,
    0xff, 0xff, 0xf6, 0x0, 0x0, 0x3, 0x33, 0x33,
    0x33, 0x33, 0x33, 0x33, 0x31, 0x0, 0x0, 0x11,
    0x11, 0x11, 0x11, 0x11, 0x11, 0x11, 0x11, 0x0,
    0x3, 0xff, 0xff, 0xff, 0xff, 0xff, 0xff, 0xff,
    0xff, 0x70, 0x3, 0xf2, 0x11, 0x11, 0x11, 0x11,
    0x11, 0x11, 0x1d, 0x70, 0x3, 0xf0, 0x0, 0x23,
    0x33, 0x33, 0x33, 0x0, 0xc, 0x70, 0x3, 0xf0,
    0x0, 0xcf, 0xff, 0xff, 0xff, 0x20, 0xc, 0x70,
    0x0, 0x0, 0x0, 0xc8, 0x0, 0x0, 0x2f, 0x20,
    0x0, 0x0, 0x0, 0x0, 0x0, 0xd7, 0x0, 0x0,
    0x1f, 0x20, 0x0, 0x0, 0x0, 0x0, 0x2, 0xf4,
    0x0, 0x0, 0x1f, 0x20, 0x0, 0x10, 0x0, 0x0,
    0x2d, 0xc0, 0x0, 0x0, 0x1f, 0x20, 0x0, 0xd4,
    0x0, 0x49, 0xfc, 0x10, 0x0, 0x0, 0x1f, 0x73,
    0x34, 0xf2, 0xd, 0xfc, 0x50, 0x0, 0x0, 0x0,
    0xb, 0xff, 0xff, 0xa0, 0x2, 0x10, 0x0, 0x0,
    0x0, 0x0, 0x0, 0x0, 0x0, 0x0,

    /* U+5904 "处" */
    0x0, 0x0, 0x47, 0x0, 0x0, 0x0, 0x5a, 0x0,
    0x0, 0x0, 0x0, 0x0, 0xad, 0x0, 0x0, 0x0,
    0x7e, 0x0, 0x0, 0x0, 0x0, 0x0, 0xe9, 0x0,
    0x0, 0x0, 0x7e, 0x0, 0x0, 0x0, 0x0, 0x2,
    0xfc, 0x99, 0x99, 0x10, 0x7e, 0x0, 0x0, 0x0,
    0x0, 0x6, 0xfa, 0xaa, 0xcf, 0x10, 0x7e, 0x0,
    0x0, 0x0, 0x0, 0x9, 0xd0, 0x0, 0x7f, 0x0,
    0x7f, 0x80, 0x0, 0x0, 0x0, 0xe, 0xa0, 0x0,
    0xac, 0x0, 0x7f, 0xe8, 0x0, 0x0, 0x0, 0x5f,
    0xd0, 0x0, 0xd8, 0x0, 0x7e, 0x3f, 0x70, 0x0,
    0x0, 0xdb, 0xf2, 0x1, 0xf4, 0x0, 0x7e, 0x6,
    0xf4, 0x0, 0x7, 0xf1, 0xb7, 0x7, 0xf0, 0x0,
    0x7e, 0x0, 0xae, 0x10, 0x4, 0x60, 0x6e, 0xd,
    0xa0, 0x0, 0x7e, 0x0, 0xe, 0x80, 0x0, 0x0,
    0xe, 0xaf, 0x30, 0x0, 0x7e, 0x0, 0x1, 0x0,
    0x0, 0x0, 0x6, 0xfb, 0x0, 0x0, 0x7e, 0x0,
    0x0, 0x0, 0x0, 0x0, 0x7, 0xfc, 0x10, 0x0,
    0x7e, 0x0, 0x0, 0x0, 0x0, 0x0, 0x5f, 0xae,
    0xc1, 0x0, 0x7e, 0x0, 0x0, 0x0, 0x0, 0x3,
    0xfa, 0x2, 0xde, 0x70, 0x0, 0x0, 0x0, 0x0,
    0x0, 0x7f, 0xc0, 0x0, 0x19, 0xff, 0xc8, 0x76,
    0x56, 0x61, 0xc, 0xf9, 0x0, 0x0, 0x0, 0x16,
    0xad, 0xef, 0xff, 0xf0, 0x4, 0x40, 0x0, 0x0,
    0x0, 0x0, 0x0, 0x0, 0x0, 0x0,

    /* U+5907 "备" */
    0x0, 0x0, 0x0, 0x8, 0x90, 0x0, 0x0, 0x0,
    0x0, 0x0, 0x0, 0x0, 0x0, 0x5f, 0x50, 0x0,
    0x0, 0x0, 0x0, 0x0, 0x0, 0x0, 0x4, 0xff,
    0xff, 0xff, 0xff, 0xff, 0x40, 0x0, 0x0, 0x0,
    0x6f, 0xe3, 0x22, 0x22, 0x25, 0xf9, 0x0, 0x0,
    0x0, 0x2b, 0xe6, 0xcd, 0x20, 0x0, 0x5f, 0xa0,
    0x0, 0x0, 0x1, 0xfb, 0x10, 0x9, 0xf7, 0x3c,
    0xf6, 0x0, 0x0, 0x0, 0x0, 0x10, 0x0, 0x0,
    0x9f, 0xff, 0x30, 0x0, 0x0, 0x0, 0x0, 0x0,
    0x3, 0x9e, 0xfa, 0x7d, 0xfc, 0x73, 0x0, 0x0,
    0x5, 0x8b, 0xef, 0xd6, 0x10, 0x0, 0x38, 0xef,
    0xfd, 0xa6, 0xe, 0xda, 0x84, 0x22, 0x22, 0x22,
    0x22, 0x24, 0x78, 0xb4, 0x0, 0x7, 0xff, 0xff,
    0xff, 0xff, 0xff, 0xff, 0xf0, 0x0, 0x0, 0x7,
    0xe0, 0x0, 0x7, 0xe0, 0x0, 0x7, 0xf0, 0x0,
    0x0, 0x7, 0xe0, 0x0, 0x6, 0xe0, 0x0, 0x6,
    0xf0, 0x0, 0x0, 0x7, 0xff, 0xff, 0xff, 0xff,
    0xff, 0xff, 0xf0, 0x0, 0x0, 0x7, 0xe2, 0x22,
    0x28, 0xe2, 0x22, 0x28, 0xf0, 0x0, 0x0, 0x7,
    0xe0, 0x0, 0x6, 0xe0, 0x0, 0x6, 0xf0, 0x0,
    0x0, 0x7, 0xf3, 0x33, 0x39, 0xf3, 0x33, 0x38,
    0xf0, 0x0, 0x0, 0x7, 0xff, 0xff, 0xff, 0xff,
    0xff, 0xff, 0xf0, 0x0, 0x0, 0x7, 0xe0, 0x0,
    0x0, 0x0, 0x0, 0x6, 0xe0, 0x0,

    /* U+590D "复" */
    0x0, 0x0, 0x1c, 0x20, 0x0, 0x0, 0x0, 0x0,
    0x0, 0x0, 0x0, 0xb, 0xc0, 0x0, 0x0, 0x0,
    0x0, 0x0, 0x0, 0x0, 0x5, 0xff, 0xff, 0xff,
    0xff, 0xff, 0xff, 0xfb, 0x0, 0x3, 0xf7, 0x22,
    0x22, 0x22, 0x22, 0x22, 0x22, 0x20, 0x4, 0xf8,
    0x0, 0x0, 0x0, 0x0, 0x0, 0x0, 0x0, 0x0,
    0xe9, 0xe, 0xff, 0xff, 0xff, 0xff, 0xff, 0xf5,
    0x0, 0x2, 0x0, 0xe6, 0x0, 0x0, 0x0, 0x0,
    0xf, 0x50, 0x0, 0x0, 0xe, 0xfe, 0xee, 0xee,
    0xee, 0xef, 0xf5, 0x0, 0x0, 0x0, 0xe6, 0x0,
    0x0, 0x0, 0x0, 0xf, 0x50, 0x0, 0x0, 0xe,
    0x83, 0x33, 0x33, 0x33, 0x34, 0xf5, 0x0, 0x0,
    0x0, 0xbc, 0xff, 0xcc, 0xcc, 0xcc, 0xcc, 0x40,
    0x0, 0x0, 0x0, 0x5f, 0x40, 0x0, 0x0, 0x1,
    0x0, 0x0, 0x0, 0x0, 0x6f, 0xff, 0xff, 0xff,
    0xff, 0xfb, 0x0, 0x0, 0x1, 0x9f, 0xda, 0x0,
    0x0, 0x1, 0xbe, 0x10, 0x0, 0x1, 0xec, 0x21,
    0xbd, 0x40, 0x5, 0xec, 0x20, 0x0, 0x0, 0x3,
    0x0, 0x0, 0x6f, 0xcd, 0xe6, 0x0, 0x0, 0x0,
    0x0, 0x0, 0x25, 0x9d, 0xfc, 0xcf, 0xc8, 0x52,
    0x0, 0x4, 0xce, 0xff, 0xea, 0x51, 0x0, 0x16,
    0xae, 0xff, 0xea, 0x18, 0x53, 0x0, 0x0, 0x0,
    0x0, 0x0, 0x0, 0x25, 0x20,

    /* U+5916 "外" */
    0x0, 0x0, 0x22, 0x0, 0x0, 0x0, 0x42, 0x0,
    0x0, 0x0, 0x0, 0x0, 0xc9, 0x0, 0x0, 0x0,
    0xe7, 0x0, 0x0, 0x0, 0x0, 0x1, 0xf4, 0x0,
    0x0, 0x0, 0xe7, 0x0, 0x0, 0x0, 0x0, 0x6,
    0xfe, 0xee, 0xed, 0x10, 0xe7, 0x0, 0x0, 0x0,
    0x0, 0xb, 0xb5, 0x55, 0xaf, 0x0, 0xe7, 0x0,
    0x0, 0x0, 0x0, 0x1f, 0x20, 0x0, 0x9d, 0x0,
    0xe7, 0x0, 0x0, 0x0, 0x0, 0x9b, 0x0, 0x0,
    0xda, 0x0, 0xec, 0x50, 0x0, 0x0, 0x2, 0xf4,
    0x0, 0x0, 0xf6, 0x0, 0xed, 0xf8, 0x0, 0x0,
    0xd, 0xb9, 0x80, 0x5, 0xf1, 0x0, 0xe7, 0x6f,
    0xa0, 0x0, 0x1b, 0x14, 0xec, 0x1b, 0xc0, 0x0,
    0xe7, 0x4, 0xfb, 0x0, 0x0, 0x0, 0x1c, 0xef,
    0x60, 0x0, 0xe7, 0x0, 0x4f, 0xa0, 0x0, 0x0,
    0x0, 0xdf, 0x10, 0x0, 0xe7, 0x0, 0x5, 0x60,
    0x0, 0x0, 0x2, 0xf8, 0x0, 0x0, 0xe7, 0x0,
    0x0, 0x0, 0x0, 0x0, 0xb, 0xe1, 0x0, 0x0,
    0xe7, 0x0, 0x0, 0x0, 0x0, 0x0, 0x8f, 0x50,
    0x0, 0x0, 0xe7, 0x0, 0x0, 0x0, 0x0, 0x7,
    0xf9, 0x0, 0x0, 0x0, 0xe7, 0x0, 0x0, 0x0,
    0x0, 0x8f, 0xa0, 0x0, 0x0, 0x0, 0xe7, 0x0,
    0x0, 0x0, 0x2d, 0xf7, 0x0, 0x0, 0x0, 0x0,
    0xe7, 0x0, 0x0, 0x0, 0x9, 0x40, 0x0, 0x0,
    0x0, 0x0, 0xe7, 0x0, 0x0, 0x0,

    /* U+591A "多" */
    0x0, 0x0, 0x0, 0x2, 0xb4, 0x0, 0x0, 0x0,
    0x0, 0x0, 0x0, 0x0, 0x2d, 0xb0, 0x0, 0x0,
    0x0, 0x0, 0x0, 0x0, 0x3, 0xef, 0xff, 0xff,
    0xff, 0x80, 0x0, 0x0, 0x0, 0x8f, 0x83, 0x33,
    0x33, 0xbf, 0x20, 0x0, 0x0, 0x5d, 0xe4, 0x0,
    0x0, 0x8, 0xf4, 0x0, 0x0, 0x5, 0xf7, 0x9,
    0xd3, 0x0, 0xaf, 0x50, 0x0, 0x0, 0x0, 0x0,
    0x0, 0x8f, 0x9e, 0xc2, 0x0, 0x0, 0x0, 0x0,
    0x0, 0x0, 0x5d, 0xf8, 0x1b, 0x70, 0x0, 0x0,
    0x0, 0x3, 0x8e, 0xf8, 0x10, 0xbe, 0x10, 0x0,
    0x0, 0x2b, 0xff, 0xc7, 0x0, 0x1c, 0xff, 0xff,
    0xff, 0xf9, 0x9, 0x51, 0x0, 0x5, 0xeb, 0x33,
    0x33, 0x39, 0xf3, 0x0, 0x0, 0x3, 0xbf, 0x60,
    0x0, 0x0, 0x3f, 0x90, 0x0, 0x4, 0xcf, 0xa2,
    0x97, 0x0, 0x3, 0xeb, 0x0, 0x0, 0x6, 0x92,
    0x0, 0x5f, 0xa0, 0x7f, 0xb0, 0x0, 0x0, 0x0,
    0x0, 0x0, 0x3, 0xff, 0xf7, 0x0, 0x0, 0x0,
    0x0, 0x0, 0x2, 0x8d, 0xfb, 0x20, 0x0, 0x0,
    0x0, 0x2, 0x58, 0xdf, 0xd8, 0x20, 0x0, 0x0,
    0x0, 0x3d, 0xff, 0xfc, 0x93, 0x0, 0x0, 0x0,
    0x0, 0x0, 0x8, 0x52, 0x0, 0x0, 0x0, 0x0,
    0x0, 0x0, 0x0,

    /* U+591C "夜" */
    0x0, 0x0, 0x0, 0x0, 0x8, 0x30, 0x0, 0x0,
    0x0, 0x0, 0x0, 0x0, 0x0, 0x0, 0xc, 0xc0,
    0x0, 0x0, 0x0, 0x0, 0x3, 0x55, 0x55, 0x55,
    0x58, 0xf7, 0x55, 0x55, 0x55, 0x40, 0xa, 0xff,
    0xff, 0xff, 0xff, 0xff, 0xff, 0xff, 0xff, 0xe0,
    0x0, 0x0, 0x5, 0xe1, 0x0, 0xc, 0x70, 0x0,
    0x0, 0x0, 0x0, 0x0, 0xd, 0x90, 0x0, 0x4f,
    0x20, 0x0, 0x0, 0x0, 0x0, 0x0, 0x5f, 0x10,
    0x0, 0xdf, 0xff, 0xff, 0xff, 0x30, 0x0, 0x1,
    0xe7, 0x0, 0x7, 0xe4, 0x33, 0x33, 0x8f, 0x10,
    0x0, 0xb, 0xf5, 0x0, 0x3f, 0x55, 0xa0, 0x0,
    0xcb, 0x0, 0x0, 0x8f, 0xf5, 0x1, 0xef, 0x21,
    0xcb, 0x3, 0xf4, 0x0, 0x7, 0xf5, 0xf5, 0x1d,
    0xcb, 0xb0, 0x1d, 0x5a, 0xd0, 0x0, 0x2f, 0x60,
    0xf5, 0x8c, 0x2, 0xf4, 0x1, 0x4f, 0x40, 0x0,
    0x1, 0x0, 0xf5, 0x0, 0x0, 0x8e, 0x12, 0xea,
    0x0, 0x0, 0x0, 0x0, 0xf5, 0x0, 0x0, 0xc,
    0xcc, 0xd0, 0x0, 0x0, 0x0, 0x0, 0xf5, 0x0,
    0x0, 0x3, 0xff, 0x30, 0x0, 0x0, 0x0, 0x0,
    0xf5, 0x0, 0x0, 0x4e, 0xde, 0xe3, 0x0, 0x0,
    0x0, 0x0, 0xf5, 0x0, 0x2a, 0xf9, 0x1, 0xbf,
    0x81, 0x0, 0x0, 0x0, 0xf5, 0x3b, 0xfd, 0x40,
    0x0, 0x8, 0xff, 0x91, 0x0, 0x0, 0xf5, 0x5c,
    0x50, 0x0, 0x0, 0x0, 0x18, 0xd1, 0x0, 0x0,
    0x0, 0x0, 0x0, 0x0, 0x0, 0x0, 0x0, 0x0,

    /* U+5927 "大" */
    0x0, 0x0, 0x0, 0x0, 0x6, 0xa0, 0x0, 0x0,
    0x0, 0x0, 0x0, 0x0, 0x0, 0x0, 0x9, 0xd0,
    0x0, 0x0, 0x0, 0x0, 0x0, 0x0, 0x0, 0x0,
    0x9, 0xd0, 0x0, 0x0, 0x0, 0x0, 0x0, 0x0,
    0x0, 0x0, 0xa, 0xc0, 0x0, 0x0, 0x0, 0x0,
    0x0, 0x0, 0x0, 0x0, 0xb, 0xa0, 0x0, 0x0,
    0x0, 0x0, 0x0, 0x0, 0x0, 0x0, 0xd, 0x90,
    0x0, 0x0, 0x0, 0x0, 0x9, 0xff, 0xff, 0xff,
    0xff, 0xff, 0xff, 0xff, 0xff, 0xe0, 0x4, 0x66,
    0x66, 0x66, 0x8f, 0xfa, 0x66, 0x66, 0x66, 0x50,
    0x0, 0x0, 0x0, 0x0, 0x7f, 0xdb, 0x0, 0x0,
    0x0, 0x0, 0x0, 0x0, 0x0, 0x0, 0xcb, 0x5f,
    0x10, 0x0, 0x0, 0x0, 0x0, 0x0, 0x0, 0x2,
    0xf6, 0xe, 0x80, 0x0, 0x0, 0x0, 0x0, 0x0,
    0x0, 0xa, 0xf1, 0x8, 0xf2, 0x0, 0x0, 0x0,
    0x0, 0x0, 0x0, 0x3f, 0x70, 0x0, 0xeb, 0x0,
    0x0, 0x0, 0x0, 0x0, 0x1, 0xde, 0x0, 0x0,
    0x5f, 0x60, 0x0, 0x0, 0x0, 0x0, 0xc, 0xf3,
    0x0, 0x0, 0xa, 0xf5, 0x0, 0x0, 0x0, 0x1,
    0xcf, 0x40, 0x0, 0x0, 0x0, 0xbf, 0x60, 0x0,
    0x0, 0x5e, 0xf4, 0x0, 0x0, 0x0, 0x0, 0xb,
    0xfb, 0x20, 0xa, 0xfc, 0x20, 0x0, 0x0, 0x0,
    0x0, 0x0, 0x6f, 0xe0, 0x2, 0x40, 0x0, 0x0,
    0x0, 0x0, 0x0, 0x0, 0x1, 0x30,

    /* U+5929 "天" */
    0x2, 0x22, 0x22, 0x22, 0x22, 0x22, 0x22, 0x22,
    0x20, 0x0, 0xcf, 0xff, 0xff, 0xff, 0xff, 0xff,
    0xff, 0xff, 0x0, 0x1, 0x22, 0x22, 0x22, 0xac,
    0x22, 0x22, 0x22, 0x20, 0x0, 0x0, 0x0, 0x0,
    0x9, 0xc0, 0x0, 0x0, 0x0, 0x0, 0x0, 0x0,
    0x0, 0x0, 0xac, 0x0, 0x0, 0x0, 0x0, 0x0,
    0x0, 0x0, 0x0, 0xa, 0xb0, 0x0, 0x0, 0x0,
    0x0, 0x0, 0x0, 0x0, 0x0, 0xba, 0x0, 0x0,
    0x0, 0x0, 0x7, 0xff, 0xff, 0xff, 0xff, 0xff,
    0xff, 0xff, 0xff, 0xe0, 0x25, 0x55, 0x55, 0x56,
    0xff, 0x95, 0x55, 0x55, 0x55, 0x0, 0x0, 0x0,
    0x0, 0x7f, 0xcb, 0x0, 0x0, 0x0, 0x0, 0x0,
    0x0, 0x0, 0xd, 0xb3, 0xf3, 0x0, 0x0, 0x0,
    0x0, 0x0, 0x0, 0x7, 0xf4, 0xb, 0xc0, 0x0,
    0x0, 0x0, 0x0, 0x0, 0x3, 0xf9, 0x0, 0x2e,
    0xa0, 0x0, 0x0, 0x0, 0x0, 0x4, 0xfd, 0x0,
    0x0, 0x4f, 0x80, 0x0, 0x0, 0x0, 0x7, 0xfb,
    0x0, 0x0, 0x0, 0x6f, 0xb1, 0x0, 0x0, 0x4c,
    0xf9, 0x0, 0x0, 0x0, 0x0, 0x4e, 0xe7, 0x10,
    0x9f, 0xc4, 0x0, 0x0, 0x0, 0x0, 0x0, 0x19,
    0xff, 0x32, 0x40, 0x0, 0x0, 0x0, 0x0, 0x0,
    0x0, 0x1, 0x50,

    /* U+592A "太" */
    0x0, 0x0, 0x0, 0x0, 0x7, 0x90, 0x0, 0x0,
    0x0, 0x0, 0x0, 0x0, 0x0, 0x0, 0xa, 0xc0,
    0x0, 0x0, 0x0, 0x0, 0x0, 0x0, 0x0, 0x0,
    0xa, 0xc0, 0x0, 0x0, 0x0, 0x0, 0x0, 0x0,
    0x0, 0x0, 0xb, 0xb0, 0x0, 0x0, 0x0, 0x0,
    0x0, 0x0, 0x0, 0x0, 0xc, 0x90, 0x0, 0x0,
    0x0, 0x0, 0x4, 0x55, 0x55, 0x55, 0x5e, 0xb5,
    0x55, 0x55, 0x55, 0x50, 0xa, 0xff, 0xff, 0xff,
    0xff, 0xff, 0xff, 0xff, 0xff, 0xe0, 0x0, 0x0,
    0x0, 0x0, 0x3f, 0xf8, 0x0, 0x0, 0x0, 0x0,
    0x0, 0x0, 0x0, 0x0, 0x7f, 0x8e, 0x0, 0x0,
    0x0, 0x0, 0x0, 0x0, 0x0, 0x0, 0xca, 0x2f,
    0x40, 0x0, 0x0, 0x0, 0x0, 0x0, 0x0, 0x2,
    0xf6, 0xb, 0xb0, 0x0, 0x0, 0x0, 0x0, 0x0,
    0x0, 0xa, 0xe0, 0x5, 0xf4, 0x0, 0x0, 0x0,
    0x0, 0x0, 0x0, 0x2f, 0x60, 0x0, 0xbd, 0x0,
    0x0, 0x0, 0x0, 0x0, 0x1, 0xdf, 0x30, 0x0,
    0x2f, 0x90, 0x0, 0x0, 0x0, 0x0, 0xc, 0xfb,
    0xf5, 0x0, 0x7, 0xf8, 0x0, 0x0, 0x0, 0x1,
    0xcf, 0x40, 0x9f, 0x70, 0x0, 0x9f, 0x80, 0x0,
    0x0, 0x5e, 0xe4, 0x0, 0x8, 0xf6, 0x0, 0x9,
    0xfc, 0x30, 0xc, 0xf9, 0x10, 0x0, 0x0, 0xae,
    0x0, 0x0, 0x5e, 0xf2, 0x3, 0x30, 0x0, 0x0,
    0x0, 0x1, 0x0, 0x0, 0x1, 0x50,

    /* U+5931 "失" */
    0x0, 0x0, 0x15, 0x0, 0x9, 0x70, 0x0, 0x0,
    0x0, 0x0, 0x0, 0x0, 0x8f, 0x0, 0xc, 0x90,
    0x0, 0x0, 0x0, 0x0, 0x0, 0x0, 0xe9, 0x0,
    0xc, 0x90, 0x0, 0x0, 0x0, 0x0, 0x0, 0x4,
    0xf7, 0x33, 0x3d, 0xa3, 0x33, 0x33, 0x30, 0x0,
    0x0, 0xb, 0xff, 0xff, 0xff, 0xff, 0xff, 0xff,
    0xf4, 0x0, 0x0, 0x4f, 0x62, 0x22, 0x2d, 0xa2,
    0x22, 0x22, 0x20, 0x0, 0x1, 0xdc, 0x0, 0x0,
    0xd, 0x90, 0x0, 0x0, 0x0, 0x0, 0x7, 0xf2,
    0x0, 0x0, 0xe, 0x80, 0x0, 0x0, 0x0, 0x0,
    0x0, 0x10, 0x0, 0x0, 0xf, 0x70, 0x0, 0x0,
    0x0, 0x0, 0xd, 0xff, 0xff, 0xff, 0xff, 0xff,
    0xff, 0xff, 0xff, 0xe0, 0x5, 0x66, 0x66, 0x66,
    0xaf, 0xfa, 0x66, 0x66, 0x66, 0x50, 0x0, 0x0,
    0x0, 0x0, 0xcc, 0xac, 0x0, 0x0, 0x0, 0x0,
    0x0, 0x0, 0x0, 0x5, 0xf5, 0x2f, 0x50, 0x0,
    0x0, 0x0, 0x0, 0x0, 0x0, 0x2f, 0xb0, 0x9,
    0xf3, 0x0, 0x0, 0x0, 0x0, 0x0, 0x3, 0xee,
    0x10, 0x0, 0xbe, 0x20, 0x0, 0x0, 0x0, 0x0,
    0x8f, 0xc2, 0x0, 0x0, 0xc, 0xf7, 0x0, 0x0,
    0x0, 0x6e, 0xf8, 0x0, 0x0, 0x0, 0x0, 0x8f,
    0xd7, 0x20, 0xd, 0xfa, 0x20, 0x0, 0x0, 0x0,
    0x0, 0x3, 0x9f, 0xf1, 0x2, 0x10, 0x0, 0x0,
    0x0, 0x0, 0x0, 0x0, 0x0, 0x20,

    /* U+5934 "头" */
    0x0, 0x0, 0x0, 0x0, 0x1, 0x50, 0x0, 0x0,
    0x0, 0x0, 0x4, 0x30, 0x0, 0x5, 0xf0, 0x0,
    0x0, 0x0, 0x0, 0x9, 0xfc, 0x50, 0x5, 0xf0,
    0x0, 0x0, 0x0, 0x0, 0x0, 0x19, 0xfc, 0x16,
    0xf0, 0x0, 0x0, 0x0, 0x0, 0x0, 0x0, 0x29,
    0x6, 0xf0, 0x0, 0x0, 0x0, 0x6, 0xb4, 0x0,
    0x0, 0x6, 0xe0, 0x0, 0x0, 0x0, 0x2, 0xaf,
    0xc3, 0x0, 0x8, 0xd0, 0x0, 0x0, 0x0, 0x0,
    0x2, 0xbf, 0x40, 0xa, 0xb0, 0x0, 0x0, 0x0,
    0x0, 0x0, 0x4, 0x0, 0xc, 0x90, 0x0, 0x0,
    0x0, 0x45, 0x55, 0x55, 0x55, 0x5e, 0xb5, 0x55,
    0x55, 0x55, 0xce, 0xee, 0xee, 0xee, 0xff, 0xee,
    0xee, 0xee, 0xed, 0x0, 0x0, 0x0, 0x0, 0x7e,
    0x0, 0x0, 0x0, 0x0, 0x0, 0x0, 0x0, 0x0,
    0xe8, 0x0, 0x0, 0x0, 0x0, 0x0, 0x0, 0x0,
    0x9, 0xe2, 0xe9, 0x10, 0x0, 0x0, 0x0, 0x0,
    0x0, 0x8f, 0x40, 0x3c, 0xf7, 0x0, 0x0, 0x0,
    0x0, 0x2b, 0xf6, 0x0, 0x0, 0x5e, 0xe4, 0x0,
    0x0, 0x28, 0xfd, 0x30, 0x0, 0x0, 0x0, 0x9f,
    0x90, 0x5c, 0xfe, 0x70, 0x0, 0x0, 0x0, 0x0,
    0x5, 0xf8, 0x28, 0x40, 0x0, 0x0, 0x0, 0x0,
    0x0, 0x0, 0x21,

    /* U+5947 "奇" */
    0x0, 0x0, 0x0, 0x0, 0x7b, 0x0, 0x0, 0x0,
    0x0, 0x0, 0x0, 0x0, 0x0, 0xab, 0x0, 0x0,
    0x0, 0x0, 0xd, 0xff, 0xff, 0xff, 0xff, 0xff,
    0xff, 0xff, 0xf0, 0x3, 0x33, 0x33, 0x38, 0xf6,
    0x33, 0x33, 0x33, 0x30, 0x0, 0x0, 0x0, 0x2e,
    0xef, 0xa4, 0x0, 0x0, 0x0, 0x0, 0x0, 0x17,
    0xfb, 0x3, 0x9f, 0xe8, 0x10, 0x0, 0x5, 0x8b,
    0xfd, 0x50, 0x0, 0x0, 0x5c, 0xfa, 0x30, 0xb,
    0xa7, 0x20, 0x0, 0x0, 0x0, 0x0, 0x3a, 0x20,
    0xef, 0xff, 0xff, 0xff, 0xff, 0xff, 0xff, 0xff,
    0xff, 0x44, 0x44, 0x44, 0x44, 0x44, 0x44, 0x46,
    0xf6, 0x44, 0x0, 0x0, 0x0, 0x0, 0x0, 0x0,
    0x3, 0xf2, 0x0, 0x0, 0xcf, 0xff, 0xff, 0xff,
    0x0, 0x3, 0xf2, 0x0, 0x0, 0xd8, 0x22, 0x22,
    0x5f, 0x0, 0x3, 0xf2, 0x0, 0x0, 0xd7, 0x0,
    0x0, 0x3f, 0x0, 0x3, 0xf2, 0x0, 0x0, 0xd7,
    0x0, 0x0, 0x3f, 0x0, 0x3, 0xf2, 0x0, 0x0,
    0xdf, 0xff, 0xff, 0xff, 0x0, 0x3, 0xf2, 0x0,
    0x0, 0xd8, 0x22, 0x22, 0x22, 0x0, 0x3, 0xf2,
    0x0, 0x0, 0x63, 0x0, 0x0, 0x0, 0x43, 0x37,
    0xf1, 0x0, 0x0, 0x0, 0x0, 0x0, 0x0, 0xcf,
    0xfe, 0x90, 0x0,

    /* U+594F "奏" */
    0x0, 0x0, 0x0, 0x0, 0x6, 0x90, 0x0, 0x0,
    0x0, 0x0, 0x0, 0x2, 0x22, 0x22, 0x2a, 0xc2,
    0x22, 0x22, 0x21, 0x0, 0x0, 0x5f, 0xff, 0xff,
    0xff, 0xff, 0xff, 0xff, 0xf8, 0x0, 0x0, 0x0,
    0x0, 0x0, 0xf, 0x50, 0x0, 0x0, 0x0, 0x0,
    0x0, 0x2, 0x33, 0x33, 0x6f, 0x53, 0x33, 0x33,
    0x20, 0x0, 0x0, 0x8, 0xdd, 0xdd, 0xff, 0xdd,
    0xdd, 0xdd, 0xa0, 0x0, 0x0, 0x0, 0x0, 0x4,
    0xf3, 0x0, 0x0, 0x0, 0x0, 0x0, 0xb, 0xee,
    0xee, 0xef, 0xfe, 0xee, 0xee, 0xee, 0xee, 0xd0,
    0x2, 0x22, 0x23, 0xdd, 0x32, 0x22, 0xae, 0x32,
    0x22, 0x20, 0x0, 0x0, 0xc, 0xf2, 0x0, 0x0,
    0xd, 0xb0, 0x0, 0x0, 0x0, 0x2, 0xce, 0xdf,
    0xff, 0xff, 0xfe, 0xcd, 0x30, 0x0, 0x1, 0x8f,
    0xd2, 0x11, 0x1a, 0xb1, 0x11, 0xa, 0xf9, 0x20,
    0xe, 0xf7, 0x0, 0x0, 0xb, 0x90, 0x0, 0x0,
    0x4c, 0xf3, 0x3, 0x15, 0xff, 0xff, 0xff, 0xff,
    0xff, 0xff, 0x80, 0x20, 0x0, 0x0, 0x22, 0x22,
    0xbd, 0x27, 0x42, 0x22, 0x10, 0x0, 0x0, 0x0,
    0x0, 0xa, 0xf3, 0x1b, 0xfa, 0x30, 0x0, 0x0,
    0x0, 0x0, 0x7, 0xed, 0x20, 0x0, 0x3a, 0xfb,
    0x20, 0x0, 0x0, 0x2a, 0xfd, 0x60, 0x0, 0x0,
    0x0, 0x3c, 0xf7, 0x0, 0x0, 0x7, 0x30, 0x0,
    0x0, 0x0, 0x0, 0x0, 0x62, 0x0,

    /* U+597D "好" */
    0x0, 0x7, 0xc0, 0x0, 0x0, 0x0, 0x0, 0x0,
    0x0, 0x0, 0x0, 0xa, 0xa0, 0x0, 0x2, 0x33,
    0x33, 0x33, 0x33, 0x0, 0x0, 0xc, 0x80, 0x0,
    0x9, 0xff, 0xff, 0xff, 0xff, 0x20, 0x0, 0xf,
    0x50, 0x0, 0x0, 0x0, 0x0, 0x3, 0xf7, 0x0,
    0x3d, 0xdf, 0xed, 0xdd, 0x30, 0x0, 0x0, 0x1e,
    0xa0, 0x0, 0x16, 0xaf, 0x66, 0x7f, 0x30, 0x0,
    0x2, 0xea, 0x0, 0x0, 0x0, 0x8b, 0x0, 0x3f,
    0x10, 0x0, 0xc, 0xb0, 0x0, 0x0, 0x0, 0xc8,
    0x0, 0x6e, 0x0, 0x0, 0xd, 0x80, 0x0, 0x0,
    0x0, 0xf4, 0x0, 0x9b, 0x13, 0x33, 0x3d, 0xa3,
    0x33, 0x30, 0x4, 0xf0, 0x0, 0xd8, 0x8f, 0xff,
    0xff, 0xff, 0xff, 0xf1, 0x8, 0xd0, 0x2, 0xf4,
    0x0, 0x0, 0xd, 0x90, 0x0, 0x0, 0x7, 0xfb,
    0x17, 0xf0, 0x0, 0x0, 0xd, 0x80, 0x0, 0x0,
    0x0, 0x4e, 0xed, 0x90, 0x0, 0x0, 0xd, 0x80,
    0x0, 0x0, 0x0, 0x2, 0xdf, 0x60, 0x0, 0x0,
    0xd, 0x80, 0x0, 0x0, 0x0, 0x1, 0xef, 0xf5,
    0x0, 0x0, 0xd, 0x80, 0x0, 0x0, 0x0, 0xc,
    0xe1, 0xbf, 0x30, 0x0, 0xd, 0x80, 0x0, 0x0,
    0x0, 0xaf, 0x30, 0xc, 0x20, 0x0, 0xd, 0x80,
    0x0, 0x0, 0x2d, 0xe4, 0x0, 0x0, 0x0, 0x34,
    0x4e, 0x70, 0x0, 0x0, 0x2b, 0x20, 0x0, 0x0,
    0x0, 0x8f, 0xfc, 0x20, 0x0, 0x0, 0x0, 0x0,
    0x0, 0x0, 0x0, 0x0, 0x0, 0x0, 0x0, 0x0,

    /* U+5996 "妖" */
    0x0, 0x3, 0x60, 0x0, 0x0, 0x0, 0x0, 0x0,
    0x0, 0x0, 0x0, 0x9, 0xb0, 0x0, 0x0, 0x0,
    0x0, 0x26, 0xbc, 0x10, 0x0, 0xb, 0x80, 0x0,
    0x14, 0x79, 0xce, 0xfe, 0xa5, 0x0, 0x0, 0xd,
    0x60, 0x0, 0x4d, 0xb9, 0x8f, 0x40, 0x0, 0x0,
    0x5, 0x6f, 0x96, 0x64, 0x0, 0x0, 0x1f, 0x30,
    0x0, 0x0, 0xc, 0xef, 0xdd, 0xfb, 0x0, 0x0,
    0x1f, 0x30, 0x0, 0x0, 0x0, 0x6d, 0x0, 0xa9,
    0x0, 0x0, 0x2f, 0x20, 0x0, 0x0, 0x0, 0xa9,
    0x0, 0xd8, 0x0, 0x0, 0x2f, 0x20, 0x0, 0x0,
    0x0, 0xe6, 0x0, 0xf5, 0xdf, 0xff, 0xff, 0xff,
    0xff, 0xb0, 0x2, 0xf2, 0x2, 0xf2, 0x44, 0x44,
    0x9f, 0xb4, 0x44, 0x30, 0x6, 0xd0, 0x6, 0xe0,
    0x0, 0x0, 0x9f, 0xc0, 0x0, 0x0, 0x8, 0xf5,
    0xb, 0xa0, 0x0, 0x0, 0xda, 0xf1, 0x0, 0x0,
    0x0, 0x7f, 0x9f, 0x40, 0x0, 0x4, 0xf2, 0xd6,
    0x0, 0x0, 0x0, 0x5, 0xff, 0x0, 0x0, 0xb,
    0xb0, 0x8d, 0x0, 0x0, 0x0, 0x2, 0xff, 0x90,
    0x0, 0x6f, 0x20, 0x1f, 0x60, 0x0, 0x0, 0xd,
    0xb5, 0xf6, 0x2, 0xf7, 0x0, 0x8, 0xf2, 0x0,
    0x1, 0xce, 0x10, 0x72, 0x4f, 0xa0, 0x0, 0x0,
    0xcd, 0x30, 0xe, 0xd2, 0x0, 0x4, 0xfa, 0x0,
    0x0, 0x0, 0x1c, 0xf1, 0x4, 0x0, 0x0, 0x0,
    0x50, 0x0, 0x0, 0x0, 0x0, 0x30,

    /* U+5999 "妙" */
    0x0, 0x4, 0xe0, 0x0, 0x0, 0x0, 0x2f, 0x10,
    0x0, 0x0, 0x0, 0x6, 0xd0, 0x0, 0x0, 0x0,
    0x2f, 0x10, 0x0, 0x0, 0x0, 0x9, 0xa0, 0x0,
    0x0, 0x0, 0x2f, 0x10, 0x0, 0x0, 0x0, 0xc,
    0x70, 0x0, 0x0, 0x61, 0x2f, 0x12, 0xa0, 0x0,
    0x1d, 0xdf, 0xed, 0xd9, 0x1, 0xf2, 0x2f, 0x10,
    0xe5, 0x0, 0x6, 0x8f, 0x76, 0xca, 0x4, 0xf0,
    0x2f, 0x10, 0x8d, 0x0, 0x0, 0x6d, 0x0, 0xb8,
    0x7, 0xc0, 0x2f, 0x10, 0x1f, 0x40, 0x0, 0x99,
    0x0, 0xd6, 0xc, 0x80, 0x2f, 0x10, 0xb, 0xa0,
    0x0, 0xd5, 0x0, 0xf4, 0x2f, 0x30, 0x2f, 0x10,
    0x5, 0xc0, 0x2, 0xf1, 0x3, 0xf1, 0x4d, 0x0,
    0x2f, 0x10, 0x0, 0x0, 0x6, 0xe0, 0x8, 0xd0,
    0x0, 0x0, 0x2f, 0x10, 0x8d, 0x0, 0x2, 0xdd,
    0x2d, 0x80, 0x0, 0x0, 0x2f, 0x11, 0xf6, 0x0,
    0x0, 0xa, 0xff, 0x30, 0x0, 0x0, 0x16, 0xa,
    0xd0, 0x0, 0x0, 0x0, 0xcf, 0x80, 0x0, 0x0,
    0x0, 0x9f, 0x30, 0x0, 0x0, 0x5, 0xf8, 0xf9,
    0x0, 0x0, 0x9, 0xf4, 0x0, 0x0, 0x0, 0x1e,
    0x80, 0x49, 0x0, 0x6, 0xee, 0x40, 0x0, 0x0,
    0x3, 0xec, 0x0, 0x0, 0x38, 0xdf, 0x80, 0x0,
    0x0, 0x0, 0xd, 0xa0, 0x0, 0x8, 0xfc, 0x72,
    0x0, 0x0, 0x0, 0x0, 0x1, 0x0, 0x0, 0x0,
    0x20, 0x0, 0x0, 0x0, 0x0, 0x0,

    /* U+59CB "始" */
    0x0, 0x0, 0x0, 0x0, 0x0, 0x0, 0x0, 0x0,
    0x0, 0x0, 0x0, 0x5, 0xc0, 0x0, 0x0, 0x0,
    0xaa, 0x0, 0x0, 0x0, 0x0, 0x8, 0xc0, 0x0,
    0x0, 0x2, 0xf7, 0x0, 0x0, 0x0, 0x0, 0xa,
    0x90, 0x0, 0x0, 0x9, 0xe0, 0x0, 0x0, 0x0,
    0x0, 0xd, 0x60, 0x0, 0x0, 0x1f, 0x60, 0xd,
    0x40, 0x0, 0x1d, 0xdf, 0xed, 0xda, 0x0, 0x9d,
    0x0, 0x8, 0xe0, 0x0, 0x6, 0x8f, 0x66, 0xbb,
    0x3, 0xf3, 0x0, 0x0, 0xe9, 0x0, 0x0, 0x6d,
    0x0, 0xa9, 0xc, 0x90, 0x0, 0x0, 0x5f, 0x30,
    0x0, 0x9a, 0x0, 0xc7, 0xaf, 0xbb, 0xcd, 0xef,
    0xff, 0xb0, 0x0, 0xd6, 0x0, 0xf4, 0xac, 0xb9,
    0x87, 0x54, 0x35, 0xf2, 0x1, 0xf2, 0x1, 0xf2,
    0x0, 0x0, 0x0, 0x0, 0x0, 0x50, 0x5, 0xe0,
    0x6, 0xe0, 0x4, 0x44, 0x44, 0x44, 0x44, 0x0,
    0x4, 0xf9, 0xa, 0xa0, 0xd, 0xfe, 0xee, 0xee,
    0xef, 0x10, 0x0, 0x3d, 0xce, 0x50, 0xd, 0x50,
    0x0, 0x0, 0x2f, 0x10, 0x0, 0x1, 0xcf, 0x40,
    0xd, 0x50, 0x0, 0x0, 0x2f, 0x10, 0x0, 0x1,
    0xee, 0xf3, 0xd, 0x50, 0x0, 0x0, 0x2f, 0x10,
    0x0, 0xb, 0xd0, 0xae, 0xd, 0x50, 0x0, 0x0,
    0x2f, 0x10, 0x0, 0x9f, 0x30, 0x6, 0xd, 0x95,
    0x55, 0x55, 0x7f, 0x10, 0xc, 0xf6, 0x0, 0x0,
    0xd, 0xee, 0xee, 0xee, 0xef, 0x10, 0x8, 0x40,
    0x0, 0x0, 0xd, 0x50, 0x0, 0x0, 0x2f, 0x10,

    /* U+5B50 "子" */
    0x0, 0x55, 0x55, 0x55, 0x55, 0x55, 0x55, 0x54,
    0x0, 0x0, 0xe, 0xff, 0xff, 0xff, 0xff, 0xff,
    0xff, 0xe2, 0x0, 0x0, 0x0, 0x0, 0x0, 0x0,
    0x0, 0x4e, 0xc1, 0x0, 0x0, 0x0, 0x0, 0x0,
    0x0, 0x0, 0x8f, 0x90, 0x0, 0x0, 0x0, 0x0,
    0x0, 0x0, 0x6, 0xed, 0x40, 0x0, 0x0, 0x0,
    0x0, 0x0, 0x0, 0x9, 0xf7, 0x0, 0x0, 0x0,
    0x0, 0x0, 0x0, 0x0, 0x0, 0x9c, 0x0, 0x0,
    0x0, 0x0, 0x0, 0x0, 0x0, 0x0, 0x9, 0xc0,
    0x0, 0x0, 0x0, 0x0, 0xef, 0xff, 0xff, 0xff,
    0xff, 0xff, 0xff, 0xff, 0xff, 0x5, 0x66, 0x66,
    0x66, 0x6c, 0xd6, 0x66, 0x66, 0x66, 0x60, 0x0,
    0x0, 0x0, 0x0, 0x9c, 0x0, 0x0, 0x0, 0x0,
    0x0, 0x0, 0x0, 0x0, 0x9, 0xc0, 0x0, 0x0,
    0x0, 0x0, 0x0, 0x0, 0x0, 0x0, 0x9c, 0x0,
    0x0, 0x0, 0x0, 0x0, 0x0, 0x0, 0x0, 0x9,
    0xc0, 0x0, 0x0, 0x0, 0x0, 0x0, 0x0, 0x0,
    0x0, 0x9c, 0x0, 0x0, 0x0, 0x0, 0x0, 0x0,
    0x0, 0x0, 0x9, 0xc0, 0x0, 0x0, 0x0, 0x0,
    0x0, 0x0, 0x35, 0x55, 0xca, 0x0, 0x0, 0x0,
    0x0, 0x0, 0x0, 0x5, 0xff, 0xec, 0x30, 0x0,
    0x0, 0x0, 0x0,

    /* U+5B58 "存" */
    0x0, 0x0, 0x0, 0x2, 0x91, 0x0, 0x0, 0x0,
    0x0, 0x0, 0x0, 0x0, 0x0, 0x7, 0xf0, 0x0,
    0x0, 0x0, 0x0, 0x0, 0x1, 0x22, 0x22, 0x2d,
    0xb2, 0x22, 0x22, 0x22, 0x22, 0x20, 0x8, 0xff,
    0xff, 0xff, 0xff, 0xff, 0xff, 0xff, 0xff, 0xe0,
    0x1, 0x22, 0x22, 0xcc, 0x22, 0x22, 0x22, 0x22,
    0x22, 0x20, 0x0, 0x0, 0x4, 0xf4, 0x0, 0x0,
    0x0, 0x0, 0x0, 0x0, 0x0, 0x0, 0xd, 0xb0,
    0x14, 0x44, 0x44, 0x44, 0x41, 0x0, 0x0, 0x0,
    0x7f, 0x20, 0x6f, 0xff, 0xff, 0xff, 0xfa, 0x0,
    0x0, 0x3, 0xf9, 0x0, 0x0, 0x0, 0x0, 0x3d,
    0xa0, 0x0, 0x0, 0x2e, 0xf5, 0x0, 0x0, 0x0,
    0x7, 0xe6, 0x0, 0x0, 0x3, 0xed, 0xf5, 0x0,
    0x0, 0x0, 0x8e, 0x20, 0x0, 0x0, 0xe, 0xb1,
    0xf5, 0x4, 0x44, 0x44, 0xae, 0x44, 0x44, 0x41,
    0x4, 0x0, 0xf5, 0x2f, 0xff, 0xff, 0xff, 0xff,
    0xff, 0xf5, 0x0, 0x0, 0xf5, 0x0, 0x0, 0x0,
    0x8d, 0x0, 0x0, 0x0, 0x0, 0x0, 0xf5, 0x0,
    0x0, 0x0, 0x8d, 0x0, 0x0, 0x0, 0x0, 0x0,
    0xf5, 0x0, 0x0, 0x0, 0x8d, 0x0, 0x0, 0x0,
    0x0, 0x0, 0xf5, 0x0, 0x0, 0x0, 0x8d, 0x0,
    0x0, 0x0, 0x0, 0x0, 0xf5, 0x0, 0x3, 0x43,
    0xac, 0x0, 0x0, 0x0, 0x0, 0x0, 0xf5, 0x0,
    0x9, 0xff, 0xd5, 0x0, 0x0, 0x0,

    /* U+5B83 "它" */
    0x0, 0x0, 0x0, 0x2, 0xc1, 0x0, 0x0, 0x0,
    0x0, 0x0, 0x0, 0x0, 0x0, 0xea, 0x0, 0x0,
    0x0, 0x0, 0x0, 0x0, 0x0, 0x0, 0x7f, 0x10,
    0x0, 0x0, 0x0, 0x4f, 0xff, 0xff, 0xff, 0xff,
    0xff, 0xff, 0xff, 0xf2, 0x4f, 0x54, 0x44, 0x44,
    0x44, 0x44, 0x44, 0x46, 0xf2, 0x4f, 0x10, 0x0,
    0x0, 0x0, 0x0, 0x0, 0x3, 0xf2, 0x4f, 0x15,
    0xc0, 0x0, 0x0, 0x0, 0x0, 0x3, 0xf2, 0x0,
    0x6, 0xf0, 0x0, 0x0, 0x0, 0x1, 0x0, 0x0,
    0x0, 0x6, 0xf0, 0x0, 0x0, 0x3, 0xaf, 0x50,
    0x0, 0x0, 0x6, 0xf0, 0x0, 0x27, 0xdf, 0xc6,
    0x0, 0x0, 0x0, 0x6, 0xf3, 0x8d, 0xfd, 0x82,
    0x0, 0x0, 0x0, 0x0, 0x6, 0xff, 0xb6, 0x10,
    0x0, 0x0, 0x0, 0x0, 0x0, 0x6, 0xf0, 0x0,
    0x0, 0x0, 0x0, 0x0, 0x0, 0x0, 0x6, 0xf0,
    0x0, 0x0, 0x0, 0x0, 0x2, 0x10, 0x0, 0x6,
    0xf0, 0x0, 0x0, 0x0, 0x0, 0x9, 0xd0, 0x0,
    0x6, 0xf0, 0x0, 0x0, 0x0, 0x0, 0xc, 0xa0,
    0x0, 0x4, 0xf9, 0x55, 0x44, 0x44, 0x45, 0x8f,
    0x50, 0x0, 0x0, 0x7d, 0xff, 0xff, 0xff, 0xff,
    0xe8, 0x0,

    /* U+5B89 "安" */
    0x0, 0x0, 0x0, 0x2, 0x91, 0x0, 0x0, 0x0,
    0x0, 0x0, 0x0, 0x0, 0x1, 0xf8, 0x0, 0x0,
    0x0, 0x0, 0x4, 0x55, 0x55, 0x55, 0xbf, 0x55,
    0x55, 0x55, 0x51, 0xd, 0xff, 0xff, 0xff, 0xff,
    0xff, 0xff, 0xff, 0xf4, 0xd, 0x70, 0x0, 0x0,
    0x0, 0x0, 0x0, 0x1, 0xf4, 0xd, 0x70, 0x0,
    0x9, 0xe0, 0x0, 0x0, 0x1, 0xf4, 0x9, 0x50,
    0x0, 0x2f, 0x70, 0x0, 0x0, 0x0, 0xa3, 0x0,
    0x0, 0x0, 0xae, 0x0, 0x0, 0x0, 0x0, 0x0,
    0x5f, 0xff, 0xff, 0xff, 0xff, 0xff, 0xff, 0xff,
    0xfd, 0x15, 0x55, 0x5e, 0xc5, 0x55, 0x55, 0xdd,
    0x55, 0x54, 0x0, 0x0, 0x7f, 0x20, 0x0, 0x2,
    0xf6, 0x0, 0x0, 0x0, 0x2, 0xf8, 0x0, 0x0,
    0xa, 0xe0, 0x0, 0x0, 0x0, 0x7, 0xff, 0xa4,
    0x0, 0x7f, 0x40, 0x0, 0x0, 0x0, 0x0, 0x5,
    0xbf, 0xea, 0xf7, 0x0, 0x0, 0x0, 0x0, 0x0,
    0x0, 0x3, 0xef, 0xfb, 0x40, 0x0, 0x0, 0x0,
    0x0, 0x1, 0x8f, 0xd4, 0x5d, 0xfd, 0x60, 0x0,
    0x0, 0x26, 0xaf, 0xe6, 0x0, 0x0, 0x4c, 0xfd,
    0x40, 0xb, 0xff, 0xa5, 0x0, 0x0, 0x0, 0x0,
    0x4d, 0xe2, 0x2, 0x40, 0x0, 0x0, 0x0, 0x0,
    0x0, 0x0, 0x20,

    /* U+5B8C "完" */
    0x0, 0x0, 0x0, 0x0, 0x4b, 0x0, 0x0, 0x0,
    0x0, 0x0, 0x0, 0x0, 0x0, 0x0, 0x1f, 0x70,
    0x0, 0x0, 0x0, 0x0, 0x2, 0x55, 0x55, 0x55,
    0x5c, 0xe5, 0x55, 0x55, 0x55, 0x10, 0x5, 0xff,
    0xff, 0xff, 0xff, 0xff, 0xff, 0xff, 0xff, 0x30,
    0x5, 0xf0, 0x0, 0x0, 0x0, 0x0, 0x0, 0x0,
    0x2f, 0x30, 0x5, 0xf0, 0x0, 0x0, 0x0, 0x0,
    0x0, 0x0, 0x2f, 0x30, 0x5, 0xf0, 0x8f, 0xff,
    0xff, 0xff, 0xff, 0xf6, 0x2f, 0x30, 0x0, 0x0,
    0x24, 0x44, 0x44, 0x44, 0x44, 0x41, 0x0, 0x0,
    0x0, 0x0, 0x0, 0x0, 0x0, 0x0, 0x0, 0x0,
    0x0, 0x0, 0x2, 0x22, 0x22, 0x22, 0x22, 0x22,
    0x22, 0x22, 0x22, 0x10, 0xe, 0xff, 0xff, 0xff,
    0xff, 0xff, 0xff, 0xff, 0xff, 0xc0, 0x1, 0x11,
    0x11, 0x9d, 0x11, 0x17, 0xe1, 0x11, 0x11, 0x10,
    0x0, 0x0, 0x0, 0xaa, 0x0, 0x6, 0xe0, 0x0,
    0x0, 0x0, 0x0, 0x0, 0x0, 0xd8, 0x0, 0x6,
    0xe0, 0x0, 0x0, 0x0, 0x0, 0x0, 0x5, 0xf2,
    0x0, 0x6, 0xe0, 0x0, 0x2, 0x80, 0x0, 0x0,
    0x3e, 0xa0, 0x0, 0x6, 0xe0, 0x0, 0x4, 0xf0,
    0x0, 0x28, 0xfc, 0x0, 0x0, 0x6, 0xf4, 0x33,
    0x3a, 0xc0, 0xd, 0xfc, 0x60, 0x0, 0x0, 0x1,
    0xdf, 0xff, 0xfe, 0x40, 0x2, 0x10, 0x0, 0x0,
    0x0, 0x0, 0x0, 0x0, 0x0, 0x0,

    /* U+5B9A "定" */
    0x0, 0x0, 0x0, 0x0, 0x29, 0x10, 0x0, 0x0,
    0x0, 0x0, 0x0, 0x0, 0x0, 0x0, 0x1f, 0x90,
    0x0, 0x0, 0x0, 0x0, 0x1, 0x55, 0x55, 0x55,
    0x5b, 0xf5, 0x55, 0x55, 0x55, 0x10, 0x4, 0xff,
    0xff, 0xff, 0xff, 0xff, 0xff, 0xff, 0xff, 0x40,
    0x4, 0xf0, 0x0, 0x0, 0x0, 0x0, 0x0, 0x0,
    0xf, 0x40, 0x4, 0xf0, 0x0, 0x0, 0x0, 0x0,
    0x0, 0x0, 0xf, 0x40, 0x4, 0xe0, 0x45, 0x55,
    0x55, 0x55, 0x55, 0x55, 0xe, 0x40, 0x0, 0x0,
    0xbe, 0xee, 0xef, 0xfe, 0xee, 0xee, 0x0, 0x0,
    0x0, 0x0, 0x0, 0x0, 0xb, 0xa0, 0x0, 0x0,
    0x0, 0x0, 0x0, 0x0, 0x35, 0x0, 0xb, 0xa0,
    0x0, 0x0, 0x0, 0x0, 0x0, 0x0, 0xab, 0x0,
    0xb, 0xa0, 0x0, 0x0, 0x0, 0x0, 0x0, 0x0,
    0xc8, 0x0, 0xb, 0xff, 0xff, 0xff, 0xa0, 0x0,
    0x0, 0x1, 0xf9, 0x0, 0xb, 0xc4, 0x44, 0x44,
    0x30, 0x0, 0x0, 0x6, 0xff, 0x20, 0xb, 0xa0,
    0x0, 0x0, 0x0, 0x0, 0x0, 0xd, 0x89, 0xd1,
    0xb, 0xa0, 0x0, 0x0, 0x0, 0x0, 0x0, 0x6f,
    0x10, 0xce, 0x5b, 0xa0, 0x0, 0x0, 0x0, 0x0,
    0x4, 0xf7, 0x0, 0x8, 0xff, 0xd8, 0x75, 0x55,
    0x55, 0x50, 0xe, 0xa0, 0x0, 0x0, 0x27, 0xbd,
    0xef, 0xff, 0xff, 0xd0, 0x2, 0x0, 0x0, 0x0,
    0x0, 0x0, 0x0, 0x0, 0x0, 0x0,

    /* U+5BA0 "宠" */
    0x0, 0x0, 0x0, 0x0, 0x18, 0x10, 0x0, 0x0,
    0x0, 0x0, 0x0, 0x0, 0x0, 0x0, 0xe9, 0x0,
    0x0, 0x0, 0x0, 0x0, 0x55, 0x55, 0x55, 0x5b,
    0xf6, 0x55, 0x55, 0x55, 0x20, 0xf, 0xed, 0xdd,
    0xdd, 0xdd, 0xdd, 0xdd, 0xdd, 0xf6, 0x0, 0xf5,
    0x0, 0x3, 0x40, 0x1, 0x10, 0x0, 0xf, 0x60,
    0xf, 0x50, 0x0, 0x9c, 0x0, 0x8f, 0x81, 0x0,
    0xf6, 0x0, 0x52, 0x0, 0xb, 0xa0, 0x0, 0x3b,
    0xe2, 0x5, 0x20, 0x3, 0x33, 0x33, 0xda, 0x33,
    0x33, 0x37, 0x33, 0x32, 0x0, 0xee, 0xee, 0xff,
    0xfe, 0xff, 0xfe, 0xee, 0xee, 0x80, 0x0, 0x0,
    0x4, 0xf1, 0x3, 0xf1, 0x0, 0x0, 0x0, 0x0,
    0x0, 0x0, 0x9c, 0x0, 0x3f, 0x10, 0xa, 0x70,
    0x0, 0x0, 0x0, 0xe, 0x80, 0x3, 0xf1, 0x1b,
    0xd2, 0x0, 0x0, 0x0, 0x6, 0xf1, 0x0, 0x3f,
    0x5e, 0xc1, 0x0, 0x0, 0x0, 0x1, 0xe8, 0x0,
    0x3, 0xff, 0x80, 0x0, 0x0, 0x0, 0x0, 0xcd,
    0x10, 0x18, 0xff, 0x40, 0x0, 0x1, 0x20, 0x1,
    0xce, 0x22, 0x9f, 0xd8, 0xf1, 0x0, 0x0, 0x4e,
    0x6, 0xfd, 0x30, 0x3c, 0x50, 0x2f, 0x73, 0x33,
    0x3a, 0xc0, 0x79, 0x0, 0x0, 0x0, 0x0, 0xaf,
    0xff, 0xff, 0xe4,

    /* U+5BB3 "害" */
    0x0, 0x0, 0x0, 0x0, 0x0, 0x0, 0x0, 0x0,
    0x0, 0x0, 0x0, 0x0, 0x0, 0xd7, 0x0, 0x0,
    0x0, 0x0, 0x0, 0x0, 0x0, 0x0, 0x8e, 0x0,
    0x0, 0x0, 0x0, 0xf, 0xff, 0xff, 0xff, 0xff,
    0xff, 0xff, 0xff, 0xf8, 0xf, 0x74, 0x44, 0x44,
    0x56, 0x44, 0x44, 0x44, 0xd8, 0xf, 0x30, 0x0,
    0x0, 0x7e, 0x0, 0x0, 0x0, 0xc8, 0x7, 0x1d,
    0xff, 0xff, 0xff, 0xff, 0xff, 0xf5, 0x64, 0x0,
    0x2, 0x22, 0x22, 0x8e, 0x22, 0x22, 0x20, 0x0,
    0x0, 0x11, 0x11, 0x11, 0x8e, 0x11, 0x11, 0x11,
    0x0, 0x0, 0x8f, 0xff, 0xff, 0xff, 0xff, 0xff,
    0xff, 0x20, 0x0, 0x0, 0x0, 0x0, 0x7e, 0x0,
    0x0, 0x0, 0x0, 0x5d, 0xdd, 0xdd, 0xdd, 0xef,
    0xdd, 0xdd, 0xdd, 0xdc, 0x14, 0x44, 0x44, 0x44,
    0x9f, 0x44, 0x44, 0x44, 0x43, 0x0, 0x2, 0x22,
    0x22, 0x8e, 0x22, 0x22, 0x21, 0x0, 0x0, 0xe,
    0xff, 0xff, 0xff, 0xff, 0xff, 0xf9, 0x0, 0x0,
    0xe, 0x60, 0x0, 0x0, 0x0, 0x0, 0xc9, 0x0,
    0x0, 0xe, 0x60, 0x0, 0x0, 0x0, 0x0, 0xc9,
    0x0, 0x0, 0xe, 0x72, 0x22, 0x22, 0x22, 0x22,
    0xc9, 0x0, 0x0, 0xe, 0xff, 0xff, 0xff, 0xff,
    0xff, 0xf9, 0x0, 0x0, 0xe, 0x60, 0x0, 0x0,
    0x0, 0x0, 0xb8, 0x0,

    /* U+5BC6 "密" */
    0x0, 0x0, 0x0, 0x0, 0x9, 0x90, 0x0, 0x0,
    0x0, 0x0, 0x0, 0x0, 0x0, 0x0, 0x7, 0xe0,
    0x0, 0x0, 0x0, 0x0, 0x5, 0xff, 0xff, 0xff,
    0xff, 0xff, 0xff, 0xff, 0xff, 0x80, 0x5, 0xf3,
    0x33, 0x35, 0x53, 0x33, 0x33, 0x33, 0x3d, 0x80,
    0x5, 0xe0, 0x0, 0x6, 0xf9, 0x10, 0x8, 0x80,
    0xd, 0x80, 0x5, 0xc0, 0x0, 0x82, 0x1a, 0xe3,
    0x9f, 0x40, 0xb, 0x70, 0x0, 0x9, 0x80, 0xe4,
    0x0, 0x6b, 0xf4, 0x1c, 0x30, 0x0, 0x0, 0x3f,
    0x20, 0xe4, 0x5, 0xed, 0x20, 0x7, 0xf4, 0x0,
    0x2, 0xe8, 0x0, 0xe7, 0xcf, 0x70, 0x0, 0xc3,
    0x6f, 0x30, 0x9, 0xa0, 0x15, 0xff, 0xa1, 0x0,
    0x1, 0xf2, 0x9, 0xd0, 0x1, 0x6b, 0xfe, 0xbf,
    0xff, 0xff, 0xff, 0xb0, 0x0, 0x10, 0xe, 0xfc,
    0x60, 0x1, 0x24, 0x52, 0x21, 0x0, 0x0, 0x0,
    0x4, 0x30, 0x0, 0x0, 0x7, 0xe0, 0x0, 0x0,
    0x0, 0x0, 0x0, 0x5, 0x40, 0x0, 0x7, 0xe0,
    0x0, 0x3, 0x80, 0x0, 0x0, 0xb, 0x90, 0x0,
    0x7, 0xe0, 0x0, 0x6, 0xe0, 0x0, 0x0, 0xb,
    0x90, 0x0, 0x7, 0xe0, 0x0, 0x6, 0xe0, 0x0,
    0x0, 0xb, 0xfd, 0xdd, 0xde, 0xfd, 0xdd, 0xde,
    0xe0, 0x0, 0x0, 0x4, 0x66, 0x66, 0x66, 0x66,
    0x66, 0x6a, 0xe0, 0x0, 0x0, 0x0, 0x0, 0x0,
    0x0, 0x0, 0x0, 0x6, 0xe0, 0x0,

    /* U+5BF9 "对" */
    0x0, 0x0, 0x0, 0x0, 0x0, 0x0, 0x0, 0x9,
    0x90, 0x0, 0x0, 0x0, 0x0, 0x0, 0x0, 0x0,
    0x0, 0xa, 0xa0, 0x0, 0x1, 0x11, 0x11, 0x11,
    0x10, 0x0, 0x0, 0xa, 0xa0, 0x0, 0x9, 0xff,
    0xff, 0xff, 0xf0, 0x0, 0x0, 0xa, 0xa0, 0x0,
    0x1, 0x22, 0x22, 0x28, 0xd0, 0x0, 0x0, 0xa,
    0xa0, 0x0, 0x0, 0x0, 0x0, 0x9, 0xb6, 0xff,
    0xff, 0xff, 0xff, 0xf1, 0x0, 0x0, 0x0, 0xc,
    0x82, 0x55, 0x55, 0x5c, 0xc5, 0x50, 0x0, 0x94,
    0x0, 0xf, 0x50, 0x0, 0x0, 0xa, 0xa0, 0x0,
    0x0, 0x8f, 0x40, 0x4f, 0x10, 0x11, 0x0, 0xa,
    0xa0, 0x0, 0x0, 0x9, 0xf4, 0x8c, 0x0, 0xba,
    0x0, 0xa, 0xa0, 0x0, 0x0, 0x0, 0xaf, 0xe7,
    0x0, 0x3f, 0x30, 0xa, 0xa0, 0x0, 0x0, 0x0,
    0xb, 0xf4, 0x0, 0xb, 0xb0, 0xa, 0xa0, 0x0,
    0x0, 0x0, 0xb, 0xfd, 0x0, 0x4, 0xf1, 0xa,
    0xa0, 0x0, 0x0, 0x0, 0x3f, 0x7f, 0x90, 0x0,
    0xa2, 0xa, 0xa0, 0x0, 0x0, 0x0, 0xda, 0x7,
    0xf3, 0x0, 0x0, 0xa, 0xa0, 0x0, 0x0, 0x9,
    0xf1, 0x0, 0xc8, 0x0, 0x0, 0xa, 0xa0, 0x0,
    0x0, 0x7f, 0x60, 0x0, 0x10, 0x0, 0x0, 0xa,
    0xa0, 0x0, 0x8, 0xf6, 0x0, 0x0, 0x0, 0x0,
    0x55, 0x5d, 0x90, 0x0, 0x8, 0x60, 0x0, 0x0,
    0x0, 0x0, 0xaf, 0xfc, 0x20, 0x0, 0x0, 0x0,
    0x0, 0x0, 0x0, 0x0, 0x0, 0x0, 0x0, 0x0,

    /* U+5BFB "寻" */
    0x0, 0x8f, 0xff, 0xff, 0xff, 0xff, 0xff, 0xf4,
    0x0, 0x0, 0x1, 0x22, 0x22, 0x22, 0x22, 0x22,
    0x3f, 0x40, 0x0, 0x0, 0x0, 0x0, 0x0, 0x0,
    0x0, 0x1, 0xf4, 0x0, 0x0, 0x0, 0xef, 0xff,
    0xff, 0xff, 0xff, 0xff, 0x40, 0x0, 0x0, 0x2,
    0x22, 0x22, 0x22, 0x22, 0x23, 0xf4, 0x0, 0x0,
    0x0, 0x0, 0x0, 0x0, 0x0, 0x0, 0x1f, 0x40,
    0x0, 0x0, 0x8e, 0xee, 0xee, 0xee, 0xee, 0xef,
    0xf4, 0x0, 0x0, 0x1, 0x22, 0x22, 0x22, 0x22,
    0x2a, 0x72, 0x0, 0x0, 0x0, 0x0, 0x0, 0x0,
    0x0, 0x0, 0xc8, 0x0, 0x0, 0x3, 0x55, 0x55,
    0x55, 0x55, 0x55, 0x5d, 0xb5, 0x55, 0x50, 0xaf,
    0xff, 0xff, 0xff, 0xff, 0xff, 0xff, 0xff, 0xff,
    0x10, 0x0, 0x5, 0x90, 0x0, 0x0, 0xc, 0x80,
    0x0, 0x0, 0x0, 0x0, 0x2d, 0xb0, 0x0, 0x0,
    0xc8, 0x0, 0x0, 0x0, 0x0, 0x0, 0x1e, 0xb0,
    0x0, 0xc, 0x80, 0x0, 0x0, 0x0, 0x0, 0x0,
    0x3a, 0x0, 0x0, 0xc8, 0x0, 0x0, 0x0, 0x0,
    0x0, 0x0, 0x1, 0x44, 0x4e, 0x80, 0x0, 0x0,
    0x0, 0x0, 0x0, 0x0, 0x1f, 0xff, 0xc2, 0x0,
    0x0, 0x0,

    /* U+5BFF "寿" */
    0x0, 0x0, 0x0, 0x0, 0x2b, 0x10, 0x0, 0x0,
    0x0, 0x0, 0x0, 0x0, 0x0, 0x5, 0xf0, 0x0,
    0x0, 0x0, 0x0, 0x0, 0xbf, 0xff, 0xff, 0xff,
    0xff, 0xff, 0xff, 0xfd, 0x0, 0x2, 0x22, 0x22,
    0x2c, 0xb2, 0x22, 0x22, 0x22, 0x20, 0x0, 0x1,
    0x11, 0x11, 0xf7, 0x11, 0x11, 0x11, 0x10, 0x0,
    0x0, 0xef, 0xff, 0xff, 0xff, 0xff, 0xff, 0xff,
    0x0, 0x0, 0x0, 0x0, 0x9, 0xd0, 0x0, 0x0,
    0x0, 0x0, 0x0, 0x11, 0x11, 0x11, 0xd9, 0x11,
    0x11, 0x11, 0x11, 0x11, 0xe, 0xff, 0xff, 0xff,
    0xff, 0xff, 0xff, 0xff, 0xff, 0xe0, 0x11, 0x11,
    0x1d, 0xb1, 0x11, 0x11, 0x2c, 0x31, 0x11, 0x0,
    0x0, 0x6, 0xf2, 0x0, 0x0, 0x1, 0xf3, 0x0,
    0x0, 0x0, 0x1, 0xfe, 0xff, 0xff, 0xff, 0xff,
    0xff, 0xf6, 0x0, 0x0, 0xad, 0x23, 0x33, 0x33,
    0x35, 0xf6, 0x33, 0x10, 0x0, 0x8f, 0x33, 0xc1,
    0x0, 0x0, 0x1f, 0x30, 0x0, 0x0, 0x9f, 0x60,
    0x1d, 0xd0, 0x0, 0x1, 0xf3, 0x0, 0x0, 0xcf,
    0x50, 0x0, 0x2f, 0xa0, 0x0, 0x1f, 0x30, 0x0,
    0x5, 0x40, 0x0, 0x0, 0x5f, 0x20, 0x1, 0xf3,
    0x0, 0x0, 0x0, 0x0, 0x0, 0x0, 0x11, 0x44,
    0x6f, 0x20, 0x0, 0x0, 0x0, 0x0, 0x0, 0x0,
    0x1f, 0xfe, 0xa0, 0x0, 0x0,

    /* U+5C06 "将" */
    0x0, 0x0, 0x14, 0x0, 0x0, 0x0, 0x32, 0x0,
    0x0, 0x0, 0x0, 0x4, 0xf0, 0x0, 0x0, 0x4f,
    0x82, 0x22, 0x20, 0x0, 0x0, 0x4f, 0x0, 0x0,
    0x6f, 0xff, 0xff, 0xff, 0x40, 0xb6, 0x4, 0xf0,
    0x4, 0xdb, 0x20, 0x0, 0xc, 0xb0, 0x5, 0xf5,
    0x4f, 0x9, 0xe5, 0x68, 0x0, 0xa, 0xe1, 0x0,
    0x7, 0xf7, 0xf0, 0x11, 0x2, 0xe9, 0x1c, 0xd2,
    0x0, 0x0, 0xb, 0x9f, 0x0, 0x0, 0x3, 0xff,
    0xb0, 0x0, 0x0, 0x0, 0x4, 0xf0, 0x0, 0x39,
    0xfc, 0x50, 0x74, 0x0, 0x0, 0x0, 0x4f, 0x6,
    0xef, 0xa4, 0x0, 0xd, 0x70, 0x0, 0x0, 0x5,
    0xf0, 0x24, 0x0, 0x0, 0x0, 0xd7, 0x0, 0x0,
    0x3, 0xef, 0xf, 0xff, 0xff, 0xff, 0xff, 0xff,
    0xe0, 0x3, 0xfc, 0xf0, 0x44, 0x44, 0x44, 0x44,
    0xea, 0x44, 0x4, 0xf8, 0x4f, 0x0, 0x3c, 0x10,
    0x0, 0xd, 0x70, 0x0, 0xf9, 0x4, 0xf0, 0x0,
    0xdc, 0x0, 0x0, 0xd7, 0x0, 0x3, 0x0, 0x4f,
    0x0, 0x2, 0xf7, 0x0, 0xd, 0x70, 0x0, 0x0,
    0x4, 0xf0, 0x0, 0x7, 0xf1, 0x0, 0xd7, 0x0,
    0x0, 0x0, 0x4f, 0x0, 0x0, 0x5, 0x0, 0xd,
    0x70, 0x0, 0x0, 0x4, 0xf0, 0x0, 0x0, 0x3,
    0x44, 0xe7, 0x0, 0x0, 0x0, 0x4f, 0x0, 0x0,
    0x0, 0xbf, 0xfc, 0x20, 0x0,

    /* U+5C0F "小" */
    0x0, 0x0, 0x0, 0x0, 0x0, 0x0, 0x0, 0x0,
    0x0, 0x0, 0x0, 0x0, 0x0, 0x0, 0x7, 0xe0,
    0x0, 0x0, 0x0, 0x0, 0x0, 0x0, 0x0, 0x0,
    0x7, 0xe0, 0x0, 0x0, 0x0, 0x0, 0x0, 0x0,
    0x0, 0x0, 0x7, 0xe0, 0x0, 0x0, 0x0, 0x0,
    0x0, 0x0, 0x0, 0x0, 0x7, 0xe0, 0x0, 0x0,
    0x0, 0x0, 0x0, 0x0, 0x31, 0x0, 0x7, 0xe0,
    0x0, 0x14, 0x0, 0x0, 0x0, 0x0, 0xf9, 0x0,
    0x7, 0xe0, 0x0, 0x6f, 0x20, 0x0, 0x0, 0x4,
    0xf4, 0x0, 0x7, 0xe0, 0x0, 0xe, 0xa0, 0x0,
    0x0, 0x8, 0xf0, 0x0, 0x7, 0xe0, 0x0, 0x6,
    0xf3, 0x0, 0x0, 0xd, 0xa0, 0x0, 0x7, 0xe0,
    0x0, 0x0, 0xdb, 0x0, 0x0, 0x3f, 0x50, 0x0,
    0x7, 0xe0, 0x0, 0x0, 0x6f, 0x30, 0x0, 0xae,
    0x0, 0x0, 0x7, 0xe0, 0x0, 0x0, 0xe, 0xa0,
    0x3, 0xf7, 0x0, 0x0, 0x7, 0xe0, 0x0, 0x0,
    0x9, 0xf0, 0xd, 0xd0, 0x0, 0x0, 0x7, 0xe0,
    0x0, 0x0, 0x3, 0xf5, 0x5, 0x30, 0x0, 0x0,
    0x7, 0xe0, 0x0, 0x0, 0x0, 0xc4, 0x0, 0x0,
    0x0, 0x0, 0x7, 0xe0, 0x0, 0x0, 0x0, 0x0,
    0x0, 0x0, 0x0, 0x0, 0x7, 0xe0, 0x0, 0x0,
    0x0, 0x0, 0x0, 0x0, 0x1, 0x55, 0x5b, 0xd0,
    0x0, 0x0, 0x0, 0x0, 0x0, 0x0, 0x1, 0xff,
    0xfd, 0x50, 0x0, 0x0, 0x0, 0x0, 0x0, 0x0,
    0x0, 0x0, 0x0, 0x0, 0x0, 0x0, 0x0, 0x0,

    /* U+5C1A "尚" */
    0x0, 0x0, 0x0, 0x6, 0xc0, 0x0, 0x0, 0x20,
    0x1f, 0x60, 0x0, 0x7, 0xe0, 0x0, 0x1, 0xe8,
    0x7, 0xf4, 0x0, 0x7, 0xe0, 0x0, 0x9, 0xe0,
    0x0, 0xbe, 0x0, 0x7, 0xe0, 0x0, 0x4f, 0x40,
    0x0, 0x2f, 0x80, 0x7, 0xe0, 0x1, 0xe7, 0x0,
    0x0, 0x3, 0x0, 0x7, 0xe0, 0x0, 0x40, 0x0,
    0x6f, 0xff, 0xff, 0xff, 0xff, 0xff, 0xff, 0xfe,
    0x6f, 0x44, 0x44, 0x44, 0x44, 0x44, 0x44, 0x9e,
    0x6e, 0x0, 0x0, 0x0, 0x0, 0x0, 0x0, 0x6e,
    0x6e, 0x0, 0x14, 0x44, 0x44, 0x44, 0x0, 0x6e,
    0x6e, 0x0, 0x5f, 0xdd, 0xdd, 0xee, 0x0, 0x6e,
    0x6e, 0x0, 0x5e, 0x0, 0x0, 0x5e, 0x0, 0x6e,
    0x6e, 0x0, 0x5e, 0x0, 0x0, 0x5e, 0x0, 0x6e,
    0x6e, 0x0, 0x5e, 0x0, 0x0, 0x5e, 0x0, 0x6e,
    0x6e, 0x0, 0x5f, 0xff, 0xff, 0xfe, 0x0, 0x6e,
    0x6e, 0x0, 0x5e, 0x22, 0x22, 0x22, 0x0, 0x6e,
    0x6e, 0x0, 0x39, 0x0, 0x0, 0x0, 0x0, 0x6e,
    0x6e, 0x0, 0x0, 0x0, 0x0, 0x3, 0x55, 0xad,
    0x6e, 0x0, 0x0, 0x0, 0x0, 0x5, 0xfe, 0xc5,

    /* U+5C1D "尝" */
    0x0, 0x3, 0x0, 0x0, 0xb5, 0x0, 0x0, 0x40,
    0x0, 0x0, 0x5f, 0x40, 0x0, 0xf7, 0x0, 0x8,
    0xf2, 0x0, 0x0, 0xa, 0xe1, 0x0, 0xf7, 0x0,
    0x3f, 0x50, 0x0, 0x0, 0x2, 0xd4, 0x0, 0xf8,
    0x0, 0xa8, 0x0, 0x0, 0x6f, 0xff, 0xff, 0xff,
    0xff, 0xff, 0xff, 0xff, 0xf1, 0x6f, 0x11, 0x11,
    0x11, 0x11, 0x11, 0x11, 0x16, 0xf1, 0x6e, 0x0,
    0x0, 0x0, 0x0, 0x0, 0x0, 0x5, 0xf1, 0x6d,
    0x6f, 0xff, 0xff, 0xff, 0xff, 0xff, 0xc5, 0xe1,
    0x0, 0x24, 0x44, 0x44, 0x44, 0x44, 0x44, 0x30,
    0x0, 0x0, 0x0, 0x0, 0x0, 0x0, 0x0, 0x0,
    0x0, 0x0, 0x45, 0x55, 0x55, 0x55, 0x55, 0x55,
    0x55, 0x55, 0x52, 0xdf, 0xff, 0xff, 0xff, 0xff,
    0xff, 0xff, 0xff, 0xf5, 0x0, 0x0, 0x9, 0xf4,
    0x0, 0x1, 0x20, 0x0, 0x0, 0x0, 0x0, 0x6f,
    0x60, 0x0, 0xa, 0xe2, 0x0, 0x0, 0x0, 0x4,
    0xf9, 0x0, 0x0, 0x0, 0xbe, 0x20, 0x0, 0x0,
    0x3f, 0xa0, 0x0, 0x0, 0x0, 0x1d, 0xe1, 0x0,
    0x6, 0xfe, 0x78, 0x9a, 0xcd, 0xef, 0xff, 0xfc,
    0x0, 0xa, 0xfe, 0xdb, 0xa9, 0x86, 0x54, 0x32,
    0x4f, 0x80, 0x1, 0x0, 0x0, 0x0, 0x0, 0x0,
    0x0, 0x5, 0x10,

    /* U+5C31 "就" */
    0x0, 0x2, 0x70, 0x0, 0x0, 0x0, 0x73, 0x0,
    0x0, 0x0, 0x0, 0x2f, 0x30, 0x0, 0x0, 0xe,
    0x63, 0x50, 0x0, 0x33, 0x33, 0xcb, 0x33, 0x30,
    0x0, 0xe5, 0x3f, 0x30, 0xe, 0xff, 0xff, 0xff,
    0xff, 0x30, 0xf, 0x50, 0x6d, 0x0, 0x0, 0x0,
    0x0, 0x0, 0x0, 0x0, 0xf4, 0x0, 0x81, 0x0,
    0x22, 0x22, 0x22, 0x20, 0x35, 0x5f, 0x85, 0x55,
    0x50, 0xc, 0xff, 0xff, 0xff, 0x58, 0xdd, 0xfd,
    0xdd, 0xdd, 0x0, 0xc5, 0x0, 0x0, 0xe5, 0x0,
    0x2f, 0x10, 0x0, 0x0, 0xc, 0x50, 0x0, 0xe,
    0x50, 0x4, 0xf7, 0x60, 0x0, 0x0, 0xcf, 0xee,
    0xee, 0xf5, 0x0, 0x6c, 0xa8, 0x0, 0x0, 0x2,
    0x22, 0xc8, 0x22, 0x10, 0x9, 0x9a, 0x80, 0x0,
    0x0, 0x17, 0xc, 0x75, 0x70, 0x0, 0xd5, 0xa8,
    0x0, 0x0, 0x6, 0xc0, 0xc7, 0x3e, 0x0, 0x2f,
    0x1a, 0x80, 0x0, 0x0, 0xb7, 0xc, 0x70, 0xc6,
    0x8, 0xc0, 0xa8, 0x0, 0x0, 0x3f, 0x10, 0xc7,
    0x7, 0xa0, 0xf4, 0xa, 0x80, 0x8, 0x2b, 0x90,
    0xc, 0x70, 0x0, 0x8c, 0x0, 0xa8, 0x0, 0xc4,
    0x31, 0x11, 0xd7, 0x0, 0x5e, 0x20, 0xa, 0xa0,
    0x1e, 0x20, 0x6, 0xfe, 0x30, 0x1e, 0x40, 0x0,
    0x4d, 0xff, 0xa0, 0x0, 0x0, 0x0, 0x0, 0x0,
    0x0, 0x0, 0x0, 0x0, 0x0,

    /* U+5C3C "尼" */
    0x0, 0x4f, 0xff, 0xff, 0xff, 0xff, 0xff, 0xff,
    0x60, 0x0, 0x4f, 0x54, 0x44, 0x44, 0x44, 0x44,
    0x4f, 0x60, 0x0, 0x4f, 0x0, 0x0, 0x0, 0x0,
    0x0, 0xf, 0x60, 0x0, 0x4f, 0x0, 0x0, 0x0,
    0x0, 0x0, 0xf, 0x60, 0x0, 0x4f, 0x54, 0x44,
    0x44, 0x44, 0x44, 0x4f, 0x60, 0x0, 0x4f, 0xff,
    0xff, 0xff, 0xff, 0xff, 0xff, 0x60, 0x0, 0x5f,
    0x0, 0x0, 0x0, 0x0, 0x0, 0x0, 0x0, 0x0,
    0x5f, 0x0, 0xe6, 0x0, 0x0, 0x0, 0x0, 0x0,
    0x0, 0x6f, 0x0, 0xe6, 0x0, 0x0, 0x0, 0x68,
    0x0, 0x0, 0x7d, 0x0, 0xe6, 0x0, 0x2, 0x8f,
    0xf9, 0x10, 0x0, 0x9c, 0x0, 0xe6, 0x6, 0xcf,
    0xc6, 0x0, 0x0, 0x0, 0xba, 0x0, 0xed, 0xfd,
    0x82, 0x0, 0x0, 0x0, 0x0, 0xe7, 0x0, 0xeb,
    0x30, 0x0, 0x0, 0x0, 0x10, 0x2, 0xf3, 0x0,
    0xe6, 0x0, 0x0, 0x0, 0x0, 0xc7, 0x6, 0xf0,
    0x0, 0xe7, 0x0, 0x0, 0x0, 0x0, 0xe6, 0xd,
    0x90, 0x0, 0xcd, 0x65, 0x55, 0x55, 0x59, 0xf2,
    0x5f, 0x20, 0x0, 0x3b, 0xde, 0xee, 0xee, 0xec,
    0x60, 0x27, 0x0, 0x0, 0x0, 0x0, 0x0, 0x0,
    0x0, 0x0,

    /* U+5C3E "尾" */
    0x0, 0x4f, 0xff, 0xff, 0xff, 0xff, 0xff, 0xff,
    0xf6, 0x0, 0x4, 0xf4, 0x33, 0x33, 0x33, 0x33,
    0x33, 0x3f, 0x60, 0x0, 0x4f, 0x10, 0x0, 0x0,
    0x0, 0x0, 0x0, 0xe6, 0x0, 0x4, 0xf4, 0x33,
    0x33, 0x33, 0x33, 0x33, 0x3f, 0x60, 0x0, 0x4f,
    0xff, 0xff, 0xff, 0xff, 0xff, 0xff, 0xf6, 0x0,
    0x4, 0xf1, 0x0, 0x0, 0x0, 0x25, 0xac, 0x20,
    0x0, 0x0, 0x4f, 0x11, 0x36, 0x8b, 0xef, 0xc8,
    0x30, 0x0, 0x0, 0x5, 0xf0, 0xbd, 0xa8, 0x8f,
    0x10, 0x0, 0x0, 0x0, 0x0, 0x5f, 0x0, 0x0,
    0x3, 0xf3, 0x46, 0x9b, 0xa0, 0x0, 0x6, 0xe0,
    0x35, 0x8a, 0xdf, 0xfd, 0xb8, 0x63, 0x0, 0x0,
    0x8d, 0xd, 0xc9, 0x77, 0xf1, 0x0, 0x0, 0x0,
    0x0, 0xa, 0xb0, 0x0, 0x0, 0x3f, 0x23, 0x68,
    0xbd, 0xf3, 0x0, 0xe8, 0x2, 0x57, 0x9c, 0xff,
    0xeb, 0x96, 0x41, 0x0, 0x1f, 0x4a, 0xfd, 0xa8,
    0x8f, 0x10, 0x0, 0x0, 0x30, 0x6, 0xf0, 0x0,
    0x0, 0x3, 0xf1, 0x0, 0x0, 0xa, 0x90, 0xd9,
    0x0, 0x0, 0x0, 0x2f, 0x73, 0x33, 0x34, 0xe6,
    0x2f, 0x20, 0x0, 0x0, 0x0, 0xaf, 0xff, 0xff,
    0xfc, 0x0, 0x10, 0x0, 0x0, 0x0, 0x0, 0x0,
    0x0, 0x0, 0x0,

    /* U+5C4F "屏" */
    0x0, 0x3f, 0xff, 0xff, 0xff, 0xff, 0xff, 0xff,
    0xfe, 0x0, 0x3, 0xf5, 0x33, 0x33, 0x33, 0x33,
    0x33, 0x39, 0xe0, 0x0, 0x3f, 0x10, 0x0, 0x0,
    0x0, 0x0, 0x0, 0x7e, 0x0, 0x3, 0xf5, 0x33,
    0x33, 0x33, 0x33, 0x33, 0x39, 0xe0, 0x0, 0x3f,
    0xff, 0xff, 0xff, 0xff, 0xff, 0xff, 0xfe, 0x0,
    0x3, 0xf1, 0x0, 0x93, 0x0, 0x0, 0x4, 0xb1,
    0x0, 0x0, 0x3f, 0x10, 0xa, 0xd0, 0x0, 0x0,
    0xcb, 0x0, 0x0, 0x3, 0xf1, 0x33, 0x4a, 0x43,
    0x33, 0x7f, 0x43, 0x31, 0x0, 0x4f, 0x1f, 0xff,
    0xff, 0xff, 0xff, 0xff, 0xff, 0x60, 0x4, 0xf0,
    0x0, 0xe, 0x50, 0x0, 0x5f, 0x0, 0x0, 0x0,
    0x6f, 0x0, 0x0, 0xe5, 0x0, 0x5, 0xf0, 0x0,
    0x0, 0x8, 0xd2, 0x33, 0x3f, 0x83, 0x33, 0x7f,
    0x33, 0x33, 0x0, 0xab, 0x8f, 0xff, 0xff, 0xff,
    0xff, 0xff, 0xff, 0xd0, 0xe, 0x70, 0x0, 0x5f,
    0x10, 0x0, 0x5f, 0x0, 0x0, 0x2, 0xf4, 0x0,
    0xd, 0xb0, 0x0, 0x5, 0xf0, 0x0, 0x0, 0x8f,
    0x0, 0xa, 0xf3, 0x0, 0x0, 0x5f, 0x0, 0x0,
    0xf, 0x80, 0x2c, 0xf5, 0x0, 0x0, 0x5, 0xf0,
    0x0, 0x1, 0xc1, 0x5, 0xc2, 0x0, 0x0, 0x0,
    0x5f, 0x0, 0x0, 0x0, 0x0, 0x0, 0x0, 0x0,
    0x0, 0x0, 0x0, 0x0, 0x0,

    /* U+5C5E "属" */
    0x0, 0x2f, 0xff, 0xff, 0xff, 0xff, 0xff, 0xff,
    0xfa, 0x0, 0x2f, 0x41, 0x11, 0x11, 0x11, 0x11,
    0x11, 0xba, 0x0, 0x2f, 0x20, 0x0, 0x0, 0x0,
    0x0, 0x0, 0xaa, 0x0, 0x2f, 0xff, 0xff, 0xff,
    0xff, 0xff, 0xff, 0xfa, 0x0, 0x2f, 0x41, 0x11,
    0x11, 0x11, 0x12, 0x46, 0x21, 0x0, 0x2f, 0x25,
    0xab, 0xbc, 0xdd, 0xed, 0xca, 0x40, 0x0, 0x2f,
    0x21, 0x32, 0x21, 0x4f, 0x0, 0x0, 0x0, 0x0,
    0x3f, 0x12, 0xcc, 0xcc, 0xdf, 0xcc, 0xcc, 0xc1,
    0x0, 0x3f, 0x13, 0xf1, 0x11, 0x4f, 0x11, 0x13,
    0xf1, 0x0, 0x4f, 0x3, 0xf0, 0x0, 0x3f, 0x0,
    0x2, 0xf1, 0x0, 0x6e, 0x2, 0xee, 0xee, 0xef,
    0xee, 0xee, 0xe1, 0x0, 0x7c, 0x0, 0x0, 0x0,
    0x4f, 0x0, 0x0, 0x0, 0x0, 0xaa, 0xf, 0xfe,
    0xee, 0xff, 0xee, 0xee, 0xff, 0x0, 0xe6, 0xf,
    0x30, 0x0, 0x3f, 0x4, 0x40, 0x3f, 0x2, 0xf3,
    0xf, 0x31, 0x12, 0x6f, 0x47, 0xe1, 0x3f, 0x8,
    0xd0, 0xf, 0x3c, 0xed, 0xcb, 0xba, 0xb9, 0x3f,
    0xf, 0x70, 0xf, 0x30, 0x0, 0x0, 0x0, 0x8,
    0x4f, 0x1a, 0x10, 0xf, 0x30, 0x0, 0x0, 0x0,
    0x5f, 0xea, 0x0, 0x0, 0x0, 0x0, 0x0, 0x0,
    0x0, 0x0, 0x0,

    /* U+5CA9 "岩" */
    0x0, 0x0, 0x0, 0x0, 0x8, 0x80, 0x0, 0x0,
    0x0, 0x0, 0x6, 0xc0, 0x0, 0x0, 0xba, 0x0,
    0x0, 0xb, 0x70, 0x0, 0x6e, 0x0, 0x0, 0xb,
    0xa0, 0x0, 0x0, 0xd8, 0x0, 0x6, 0xe0, 0x0,
    0x0, 0xba, 0x0, 0x0, 0xd, 0x80, 0x0, 0x6f,
    0xff, 0xff, 0xff, 0xff, 0xff, 0xff, 0xf8, 0x0,
    0x1, 0x44, 0x44, 0x44, 0x44, 0x44, 0x44, 0x44,
    0x20, 0x0, 0x0, 0x0, 0x0, 0x0, 0x0, 0x0,
    0x0, 0x0, 0x0, 0x45, 0x55, 0x55, 0x55, 0x55,
    0x55, 0x55, 0x55, 0x54, 0xd, 0xff, 0xff, 0xff,
    0xff, 0xff, 0xff, 0xff, 0xff, 0xe0, 0x0, 0x0,
    0xb, 0xc0, 0x0, 0x0, 0x0, 0x0, 0x0, 0x0,
    0x0, 0x6, 0xf3, 0x0, 0x0, 0x0, 0x0, 0x0,
    0x0, 0x0, 0x3, 0xfb, 0x44, 0x44, 0x44, 0x44,
    0x44, 0x20, 0x0, 0x3, 0xef, 0xff, 0xff, 0xff,
    0xff, 0xff, 0xf8, 0x0, 0x4, 0xfb, 0xf6, 0x0,
    0x0, 0x0, 0x0, 0xd, 0x80, 0x9, 0xfa, 0xf,
    0x60, 0x0, 0x0, 0x0, 0x0, 0xd8, 0x2, 0xe5,
    0x0, 0xf6, 0x0, 0x0, 0x0, 0x0, 0xd, 0x80,
    0x0, 0x0, 0xf, 0x84, 0x44, 0x44, 0x44, 0x44,
    0xe8, 0x0, 0x0, 0x0, 0xff, 0xee, 0xee, 0xee,
    0xee, 0xef, 0x80, 0x0, 0x0, 0xf, 0x60, 0x0,
    0x0, 0x0, 0x0, 0xc7, 0x0,

    /* U+5DF1 "己" */
    0x16, 0x66, 0x66, 0x66, 0x66, 0x66, 0x66, 0x30,
    0x0, 0x2f, 0xff, 0xff, 0xff, 0xff, 0xff, 0xff,
    0x70, 0x0, 0x0, 0x0, 0x0, 0x0, 0x0, 0x0,
    0xe, 0x70, 0x0, 0x0, 0x0, 0x0, 0x0, 0x0,
    0x0, 0xe, 0x70, 0x0, 0x0, 0x0, 0x0, 0x0,
    0x0, 0x0, 0xe, 0x70, 0x0, 0x0, 0x0, 0x0,
    0x0, 0x0, 0x0, 0xe, 0x70, 0x0, 0x0, 0x0,
    0x0, 0x0, 0x0, 0x0, 0xe, 0x70, 0x0, 0xe,
    0xff, 0xff, 0xff, 0xff, 0xff, 0xff, 0x70, 0x0,
    0xe, 0x94, 0x44, 0x44, 0x44, 0x44, 0x4f, 0x70,
    0x0, 0xe, 0x60, 0x0, 0x0, 0x0, 0x0, 0xa,
    0x50, 0x0, 0xe, 0x60, 0x0, 0x0, 0x0, 0x0,
    0x0, 0x0, 0x0, 0xe, 0x60, 0x0, 0x0, 0x0,
    0x0, 0x0, 0x0, 0x0, 0xe, 0x60, 0x0, 0x0,
    0x0, 0x0, 0x0, 0x4, 0x80, 0xe, 0x60, 0x0,
    0x0, 0x0, 0x0, 0x0, 0x7, 0xe0, 0xe, 0x70,
    0x0, 0x0, 0x0, 0x0, 0x0, 0xc, 0xb0, 0xb,
    0xe7, 0x55, 0x55, 0x55, 0x55, 0x56, 0xaf, 0x50,
    0x1, 0xae, 0xff, 0xff, 0xff, 0xff, 0xff, 0xd7,
    0x0,

    /* U+5DF2 "已" */
    0x6, 0x66, 0x66, 0x66, 0x66, 0x66, 0x66, 0x62,
    0x0, 0x1f, 0xff, 0xff, 0xff, 0xff, 0xff, 0xff,
    0xf7, 0x0, 0x0, 0x0, 0x0, 0x0, 0x0, 0x0,
    0x0, 0xe7, 0x0, 0x0, 0x10, 0x0, 0x0, 0x0,
    0x0, 0x0, 0xe7, 0x0, 0x0, 0xf5, 0x0, 0x0,
    0x0, 0x0, 0x0, 0xe7, 0x0, 0x0, 0xf5, 0x0,
    0x0, 0x0, 0x0, 0x0, 0xe7, 0x0, 0x0, 0xf5,
    0x0, 0x0, 0x0, 0x0, 0x0, 0xe7, 0x0, 0x0,
    0xff, 0xee, 0xee, 0xee, 0xee, 0xee, 0xf7, 0x0,
    0x0, 0xf9, 0x55, 0x55, 0x55, 0x55, 0x55, 0xf7,
    0x0, 0x0, 0xf5, 0x0, 0x0, 0x0, 0x0, 0x0,
    0xa5, 0x0, 0x0, 0xf5, 0x0, 0x0, 0x0, 0x0,
    0x0, 0x0, 0x0, 0x0, 0xf5, 0x0, 0x0, 0x0,
    0x0, 0x0, 0x0, 0x10, 0x0, 0xf5, 0x0, 0x0,
    0x0, 0x0, 0x0, 0x0, 0x7d, 0x0, 0xf5, 0x0,
    0x0, 0x0, 0x0, 0x0, 0x0, 0x9c, 0x0, 0xf6,
    0x0, 0x0, 0x0, 0x0, 0x0, 0x0, 0xe9, 0x0,
    0xce, 0x75, 0x44, 0x44, 0x44, 0x45, 0x6b, 0xf3,
    0x0, 0x2a, 0xef, 0xff, 0xff, 0xff, 0xff, 0xec,
    0x40,

    /* U+5DF4 "巴" */
    0x25, 0x55, 0x55, 0x55, 0x55, 0x55, 0x55, 0x50,
    0x6, 0xfe, 0xee, 0xee, 0xff, 0xee, 0xee, 0xfe,
    0x0, 0x6f, 0x0, 0x0, 0xe, 0x60, 0x0, 0x6,
    0xe0, 0x6, 0xf0, 0x0, 0x0, 0xe6, 0x0, 0x0,
    0x6e, 0x0, 0x6f, 0x0, 0x0, 0xe, 0x60, 0x0,
    0x6, 0xe0, 0x6, 0xf0, 0x0, 0x0, 0xe6, 0x0,
    0x0, 0x6e, 0x0, 0x6f, 0x0, 0x0, 0xe, 0x60,
    0x0, 0x6, 0xe0, 0x6, 0xf5, 0x55, 0x55, 0xf9,
    0x55, 0x55, 0xae, 0x0, 0x6f, 0xff, 0xff, 0xff,
    0xff, 0xff, 0xff, 0xe0, 0x6, 0xf0, 0x0, 0x0,
    0x0, 0x0, 0x0, 0x6e, 0x0, 0x6f, 0x0, 0x0,
    0x0, 0x0, 0x0, 0x0, 0x0, 0x6, 0xf0, 0x0,
    0x0, 0x0, 0x0, 0x0, 0x0, 0x0, 0x6f, 0x0,
    0x0, 0x0, 0x0, 0x0, 0x0, 0x5, 0x26, 0xf0,
    0x0, 0x0, 0x0, 0x0, 0x0, 0x0, 0xd9, 0x5f,
    0x10, 0x0, 0x0, 0x0, 0x0, 0x0, 0x1f, 0x61,
    0xfc, 0x65, 0x55, 0x55, 0x55, 0x55, 0x6d, 0xf1,
    0x4, 0xce, 0xff, 0xff, 0xff, 0xff, 0xfe, 0xc3,
    0x0,

    /* U+5E03 "布" */
    0x0, 0x0, 0x0, 0x0, 0xd5, 0x0, 0x0, 0x0,
    0x0, 0x0, 0x0, 0x0, 0x0, 0x5f, 0x20, 0x0,
    0x0, 0x0, 0x0, 0x0, 0x0, 0x0, 0xb, 0xc0,
    0x0, 0x0, 0x0, 0x0, 0x0, 0x8d, 0xdd, 0xdd,
    0xff, 0xdd, 0xdd, 0xdd, 0xdd, 0xdc, 0x4, 0x66,
    0x66, 0xde, 0x66, 0x66, 0x66, 0x66, 0x66, 0x60,
    0x0, 0x0, 0x2f, 0x60, 0x0, 0x0, 0x0, 0x0,
    0x0, 0x0, 0x0, 0xc, 0xe0, 0x0, 0x9a, 0x0,
    0x0, 0x0, 0x0, 0x0, 0x6, 0xf6, 0x0, 0x9,
    0xb0, 0x0, 0x0, 0x0, 0x0, 0x1, 0xef, 0x65,
    0x55, 0xcd, 0x55, 0x55, 0x54, 0x0, 0x1, 0xdf,
    0xfe, 0xee, 0xef, 0xfe, 0xee, 0xef, 0xc0, 0x1,
    0xce, 0xae, 0x0, 0x0, 0x9b, 0x0, 0x0, 0x8c,
    0x0, 0xed, 0x26, 0xe0, 0x0, 0x9, 0xb0, 0x0,
    0x8, 0xc0, 0x5, 0x0, 0x6e, 0x0, 0x0, 0x9b,
    0x0, 0x0, 0x8c, 0x0, 0x0, 0x6, 0xe0, 0x0,
    0x9, 0xb0, 0x0, 0x8, 0xc0, 0x0, 0x0, 0x6e,
    0x0, 0x0, 0x9b, 0x0, 0x0, 0x9c, 0x0, 0x0,
    0x6, 0xe0, 0x0, 0x9, 0xb0, 0xae, 0xef, 0x80,
    0x0, 0x0, 0x36, 0x0, 0x0, 0x9b, 0x1, 0x43,
    0x20, 0x0, 0x0, 0x0, 0x0, 0x0, 0x9, 0xb0,
    0x0, 0x0, 0x0, 0x0, 0x0, 0x0, 0x0, 0x0,
    0x9b, 0x0, 0x0, 0x0, 0x0,

    /* U+5E26 "带" */
    0x0, 0x6, 0x70, 0x0, 0x76, 0x0, 0x6, 0x70,
    0x0, 0x0, 0xa, 0xa0, 0x0, 0xb9, 0x0, 0x9,
    0xb0, 0x0, 0x44, 0x4c, 0xc4, 0x44, 0xcb, 0x44,
    0x4b, 0xd4, 0x44, 0xdd, 0xdf, 0xfd, 0xdd, 0xff,
    0xdd, 0xdf, 0xfd, 0xdd, 0x0, 0xa, 0xa0, 0x0,
    0xb9, 0x0, 0x9, 0xb0, 0x0, 0x0, 0xa, 0xa0,
    0x0, 0xa9, 0x0, 0x9, 0xb0, 0x0, 0x0, 0x0,
    0x0, 0x0, 0x0, 0x0, 0x0, 0x0, 0x0, 0x6f,
    0xff, 0xff, 0xff, 0xff, 0xff, 0xff, 0xff, 0xf6,
    0x6e, 0x22, 0x22, 0x22, 0xca, 0x22, 0x22, 0x22,
    0xe6, 0x6e, 0x0, 0x0, 0x0, 0xb9, 0x0, 0x0,
    0x0, 0xe6, 0x6e, 0x4, 0x44, 0x44, 0xdb, 0x44,
    0x44, 0x42, 0xe6, 0x0, 0x2f, 0xfe, 0xee, 0xff,
    0xee, 0xee, 0xf8, 0x0, 0x0, 0x2f, 0x10, 0x0,
    0xb9, 0x0, 0x0, 0xd8, 0x0, 0x0, 0x2f, 0x10,
    0x0, 0xb9, 0x0, 0x0, 0xd8, 0x0, 0x0, 0x2f,
    0x10, 0x0, 0xb9, 0x0, 0x0, 0xd8, 0x0, 0x0,
    0x2f, 0x10, 0x0, 0xb9, 0x2, 0x45, 0xe7, 0x0,
    0x0, 0x2d, 0x10, 0x0, 0xb9, 0x2, 0xdd, 0xa2,
    0x0, 0x0, 0x0, 0x0, 0x0, 0xb9, 0x0, 0x0,
    0x0, 0x0, 0x0, 0x0, 0x0, 0x0, 0xb9, 0x0,
    0x0, 0x0, 0x0,

    /* U+5E2E "帮" */
    0x0, 0x0, 0x5b, 0x0, 0x0, 0x0, 0x0, 0x0,
    0x0, 0x12, 0x22, 0x8e, 0x22, 0x21, 0x3e, 0xee,
    0xee, 0xe5, 0x9f, 0xff, 0xff, 0xff, 0xfa, 0x4f,
    0x43, 0x3a, 0xe1, 0x0, 0x0, 0x6e, 0x0, 0x0,
    0x4f, 0x0, 0x2f, 0x40, 0x4, 0x44, 0x9e, 0x44,
    0x41, 0x4f, 0x0, 0xc9, 0x0, 0x2c, 0xcc, 0xef,
    0xcc, 0xc3, 0x4f, 0x1, 0xca, 0x10, 0x0, 0x0,
    0x7d, 0x0, 0x0, 0x4f, 0x0, 0x8, 0xd0, 0x99,
    0x99, 0xde, 0x99, 0x98, 0x4f, 0x0, 0x0, 0xe6,
    0x66, 0x6a, 0xf7, 0x66, 0x65, 0x4f, 0x14, 0x35,
    0xf5, 0x0, 0x4f, 0x90, 0x0, 0x0, 0x4f, 0x2d,
    0xdc, 0x80, 0x2a, 0xf9, 0x0, 0x0, 0x43, 0x4f,
    0x0, 0x0, 0x0, 0x1a, 0x63, 0x33, 0x33, 0xcb,
    0x33, 0x33, 0x33, 0x0, 0x0, 0xef, 0xff, 0xff,
    0xff, 0xff, 0xff, 0xff, 0x40, 0x0, 0xe6, 0x0,
    0x0, 0xca, 0x0, 0x0, 0x1f, 0x40, 0x0, 0xe6,
    0x0, 0x0, 0xb9, 0x0, 0x0, 0x1f, 0x40, 0x0,
    0xe6, 0x0, 0x0, 0xb9, 0x0, 0x0, 0x1f, 0x40,
    0x0, 0xe6, 0x0, 0x0, 0xb9, 0x2, 0xfe, 0xfe,
    0x10, 0x0, 0x31, 0x0, 0x0, 0xb9, 0x0, 0x33,
    0x20, 0x0, 0x0, 0x0, 0x0, 0x0, 0xb9, 0x0,
    0x0, 0x0, 0x0,

    /* U+5E55 "幕" */
    0x0, 0x0, 0x0, 0x82, 0x0, 0x0, 0x38, 0x0,
    0x0, 0x0, 0x2, 0x33, 0x33, 0xf6, 0x33, 0x33,
    0x7f, 0x33, 0x33, 0x20, 0xa, 0xee, 0xee, 0xff,
    0xee, 0xee, 0xff, 0xee, 0xee, 0x90, 0x0, 0x0,
    0x0, 0xf4, 0x0, 0x0, 0x5d, 0x0, 0x0, 0x0,
    0x0, 0x7, 0xee, 0xee, 0xee, 0xee, 0xee, 0xee,
    0xb0, 0x0, 0x0, 0x7, 0xc0, 0x0, 0x0, 0x0,
    0x0, 0x9, 0xb0, 0x0, 0x0, 0x7, 0xfd, 0xdd,
    0xdd, 0xdd, 0xdd, 0xdf, 0xb0, 0x0, 0x0, 0x7,
    0xc0, 0x0, 0x0, 0x0, 0x0, 0x9, 0xb0, 0x0,
    0x0, 0x7, 0xd2, 0x22, 0x22, 0x22, 0x22, 0x2a,
    0xb0, 0x0, 0x0, 0x6, 0xcc, 0xcf, 0xec, 0xcc,
    0xcc, 0xcc, 0x90, 0x0, 0x2, 0x22, 0x22, 0x7f,
    0x42, 0x22, 0x22, 0x22, 0x22, 0x20, 0xe, 0xff,
    0xff, 0xff, 0xff, 0xff, 0xff, 0xff, 0xff, 0xe0,
    0x0, 0x0, 0x9e, 0x40, 0xb, 0x90, 0x2, 0xc8,
    0x0, 0x0, 0x0, 0x6d, 0xff, 0xee, 0xef, 0xfe,
    0xee, 0xff, 0xe8, 0x20, 0x1e, 0xd5, 0xc9, 0x22,
    0x2c, 0xa2, 0x22, 0x6f, 0x4b, 0xf1, 0x4, 0x0,
    0xc7, 0x0, 0xb, 0x90, 0x0, 0x4f, 0x0, 0x10,
    0x0, 0x0, 0xc7, 0x0, 0xb, 0x90, 0x1, 0x5f,
    0x0, 0x0, 0x0, 0x0, 0xc7, 0x0, 0xb, 0x90,
    0x3e, 0xd9, 0x0, 0x0, 0x0, 0x0, 0x0, 0x0,
    0xb, 0x90, 0x0, 0x0, 0x0, 0x0,

    /* U+5E76 "并" */
    0x0, 0x1, 0x60, 0x0, 0x0, 0x0, 0x7, 0x20,
    0x0, 0x0, 0x3, 0xf6, 0x0, 0x0, 0x0, 0x4f,
    0x50, 0x0, 0x0, 0x0, 0x8f, 0x10, 0x0, 0x0,
    0xad, 0x0, 0x0, 0x0, 0x0, 0xe, 0x90, 0x0,
    0x2, 0xf4, 0x0, 0x0, 0x16, 0x66, 0x6a, 0x86,
    0x66, 0x6b, 0xe6, 0x66, 0x62, 0x2e, 0xee, 0xef,
    0xee, 0xee, 0xee, 0xfe, 0xee, 0xe4, 0x0, 0x0,
    0x3f, 0x20, 0x0, 0x0, 0xf4, 0x0, 0x0, 0x0,
    0x0, 0x3f, 0x20, 0x0, 0x0, 0xf4, 0x0, 0x0,
    0x0, 0x0, 0x3f, 0x20, 0x0, 0x0, 0xf4, 0x0,
    0x0, 0x0, 0x0, 0x3f, 0x20, 0x0, 0x0, 0xf4,
    0x0, 0x0, 0xef, 0xff, 0xff, 0xff, 0xff, 0xff,
    0xff, 0xff, 0xfe, 0x44, 0x44, 0x9f, 0x54, 0x44,
    0x45, 0xf8, 0x44, 0x44, 0x0, 0x0, 0x8d, 0x0,
    0x0, 0x0, 0xf4, 0x0, 0x0, 0x0, 0x0, 0xda,
    0x0, 0x0, 0x0, 0xf4, 0x0, 0x0, 0x0, 0x4,
    0xf4, 0x0, 0x0, 0x0, 0xf4, 0x0, 0x0, 0x0,
    0x1e, 0xd0, 0x0, 0x0, 0x0, 0xf4, 0x0, 0x0,
    0x1, 0xcf, 0x20, 0x0, 0x0, 0x0, 0xf4, 0x0,
    0x0, 0x4e, 0xf4, 0x0, 0x0, 0x0, 0x0, 0xf4,
    0x0, 0x0, 0x7c, 0x20, 0x0, 0x0, 0x0, 0x0,
    0xf4, 0x0, 0x0, 0x0, 0x0, 0x0, 0x0, 0x0,
    0x0, 0x0, 0x0, 0x0,

    /* U+5E7D "幽" */
    0x0, 0x0, 0x0, 0x0, 0x62, 0x0, 0x0, 0x0,
    0x0, 0x0, 0x0, 0x1, 0x0, 0xe5, 0x0, 0x21,
    0x0, 0x0, 0x4f, 0x0, 0x6c, 0x0, 0xe5, 0x0,
    0xd5, 0x0, 0xf4, 0x4f, 0x0, 0xb6, 0x0, 0xe5,
    0x3, 0xe0, 0x0, 0xf4, 0x4f, 0x1, 0xe0, 0x0,
    0xe5, 0x9, 0x80, 0x0, 0xf4, 0x4f, 0x7, 0x80,
    0x72, 0xe5, 0x1e, 0x10, 0xa1, 0xf4, 0x4f, 0xd,
    0x11, 0xf1, 0xe5, 0xa7, 0x6, 0xd0, 0xf4, 0x4f,
    0x9e, 0xce, 0x90, 0xe8, 0xff, 0xff, 0x50, 0xf4,
    0x4f, 0x46, 0x4e, 0x20, 0xe5, 0x41, 0x6d, 0x0,
    0xf4, 0x4f, 0x0, 0x5b, 0x10, 0xe5, 0x0, 0xe8,
    0x30, 0xf4, 0x4f, 0x0, 0xd4, 0xc0, 0xe5, 0x7,
    0xa4, 0xa0, 0xf4, 0x4f, 0x5, 0x90, 0xb2, 0xe5,
    0x2e, 0x10, 0xd1, 0xf4, 0x4f, 0x1e, 0x56, 0xb7,
    0xe6, 0xca, 0x79, 0xe7, 0xf4, 0x4f, 0x9f, 0xd9,
    0x7b, 0xe9, 0xeb, 0x85, 0x5b, 0xf4, 0x4f, 0x10,
    0x0, 0x7, 0xe5, 0x0, 0x0, 0x6, 0xf4, 0x4f,
    0x33, 0x33, 0x33, 0xe7, 0x33, 0x33, 0x33, 0xf4,
    0x4f, 0xff, 0xff, 0xff, 0xff, 0xff, 0xff, 0xff,
    0xf4, 0x0, 0x0, 0x0, 0x0, 0x0, 0x0, 0x0,
    0x0, 0xf4,

    /* U+5E94 "应" */
    0x0, 0x0, 0x0, 0x0, 0x2, 0xc2, 0x0, 0x0,
    0x0, 0x0, 0x0, 0x0, 0x0, 0x0, 0x0, 0xea,
    0x0, 0x0, 0x0, 0x0, 0x0, 0x2, 0x22, 0x22,
    0x22, 0x8f, 0x32, 0x22, 0x22, 0x20, 0x0, 0x5f,
    0xff, 0xff, 0xff, 0xff, 0xff, 0xff, 0xff, 0xf0,
    0x0, 0x5f, 0x21, 0x11, 0x11, 0x11, 0x11, 0x11,
    0x11, 0x10, 0x0, 0x5f, 0x0, 0x0, 0x0, 0x10,
    0x0, 0x0, 0x21, 0x0, 0x0, 0x5f, 0x0, 0x20,
    0x0, 0xe5, 0x0, 0x0, 0x8e, 0x0, 0x0, 0x5f,
    0x5, 0xe0, 0x0, 0xaa, 0x0, 0x0, 0xd9, 0x0,
    0x0, 0x5f, 0x0, 0xf5, 0x0, 0x6e, 0x0, 0x1,
    0xf3, 0x0, 0x0, 0x5f, 0x0, 0xab, 0x0, 0x1f,
    0x30, 0x7, 0xd0, 0x0, 0x0, 0x6f, 0x0, 0x4f,
    0x10, 0xe, 0x60, 0xd, 0x80, 0x0, 0x0, 0x7e,
    0x0, 0xf, 0x50, 0xa, 0xa0, 0x3f, 0x20, 0x0,
    0x0, 0x8c, 0x0, 0xa, 0xa0, 0x5, 0x70, 0xb9,
    0x0, 0x0, 0x0, 0xba, 0x0, 0x5, 0x80, 0x0,
    0x2, 0xf2, 0x0, 0x0, 0x0, 0xe7, 0x0, 0x0,
    0x0, 0x0, 0xa, 0x90, 0x0, 0x0, 0x2, 0xf3,
    0x0, 0x0, 0x0, 0x0, 0x3f, 0x10, 0x0, 0x0,
    0x8, 0xe0, 0x9e, 0xee, 0xee, 0xee, 0xff, 0xee,
    0xee, 0xe4, 0xd, 0x80, 0x35, 0x55, 0x55, 0x55,
    0x55, 0x55, 0x55, 0x51, 0x1, 0x10, 0x0, 0x0,
    0x0, 0x0, 0x0, 0x0, 0x0, 0x0,

    /* U+5EA6 "度" */
    0x0, 0x0, 0x0, 0x0, 0x0, 0x0, 0x0, 0x0,
    0x0, 0x0, 0x0, 0x0, 0x0, 0x0, 0x3, 0xf3,
    0x0, 0x0, 0x0, 0x0, 0x0, 0x0, 0x0, 0x0,
    0x0, 0xca, 0x0, 0x0, 0x0, 0x0, 0x0, 0x4f,
    0xff, 0xff, 0xff, 0xff, 0xff, 0xff, 0xff, 0xe0,
    0x0, 0x4f, 0x55, 0x55, 0x75, 0x55, 0x55, 0x76,
    0x55, 0x40, 0x0, 0x4f, 0x0, 0x2, 0xf2, 0x0,
    0x0, 0xe6, 0x0, 0x0, 0x0, 0x4f, 0x11, 0x13,
    0xf3, 0x11, 0x11, 0xe7, 0x11, 0x10, 0x0, 0x4f,
    0x7f, 0xff, 0xff, 0xff, 0xff, 0xff, 0xff, 0xa0,
    0x0, 0x4f, 0x0, 0x2, 0xf2, 0x0, 0x0, 0xe6,
    0x0, 0x0, 0x0, 0x4f, 0x0, 0x2, 0xf2, 0x0,
    0x0, 0xe6, 0x0, 0x0, 0x0, 0x5f, 0x0, 0x2,
    0xff, 0xff, 0xff, 0xf6, 0x0, 0x0, 0x0, 0x5f,
    0x0, 0x0, 0x22, 0x22, 0x22, 0x20, 0x0, 0x0,
    0x0, 0x7d, 0x2, 0x22, 0x22, 0x22, 0x22, 0x22,
    0x20, 0x0, 0x0, 0x8c, 0x2f, 0xff, 0xff, 0xff,
    0xff, 0xff, 0xe0, 0x0, 0x0, 0xba, 0x0, 0xc,
    0xb0, 0x0, 0x0, 0x5f, 0x40, 0x0, 0x0, 0xe6,
    0x0, 0x1, 0xdb, 0x10, 0x7, 0xf6, 0x0, 0x0,
    0x1, 0xf3, 0x0, 0x0, 0x1a, 0xf8, 0xdd, 0x30,
    0x0, 0x0, 0x7, 0xe0, 0x0, 0x2, 0x6a, 0xff,
    0xfa, 0x51, 0x0, 0x0, 0xd, 0x90, 0xac, 0xff,
    0xd8, 0x30, 0x39, 0xef, 0xeb, 0x90, 0x5, 0x20,
    0x56, 0x30, 0x0, 0x0, 0x0, 0x2, 0x58, 0x60,

    /* U+5F00 "开" */
    0x5, 0x55, 0x55, 0x55, 0x55, 0x55, 0x55, 0x55,
    0x51, 0x2f, 0xff, 0xff, 0xff, 0xff, 0xff, 0xff,
    0xff, 0xf4, 0x0, 0x0, 0x1f, 0x40, 0x0, 0x0,
    0xe6, 0x0, 0x0, 0x0, 0x0, 0x1f, 0x40, 0x0,
    0x0, 0xe6, 0x0, 0x0, 0x0, 0x0, 0x1f, 0x40,
    0x0, 0x0, 0xe6, 0x0, 0x0, 0x0, 0x0, 0x1f,
    0x40, 0x0, 0x0, 0xe6, 0x0, 0x0, 0x0, 0x0,
    0x1f, 0x40, 0x0, 0x0, 0xe6, 0x0, 0x0, 0x44,
    0x44, 0x5f, 0x74, 0x44, 0x44, 0xf9, 0x44, 0x44,
    0xef, 0xff, 0xff, 0xff, 0xff, 0xff, 0xff, 0xff,
    0xff, 0x0, 0x0, 0x4f, 0x10, 0x0, 0x0, 0xe6,
    0x0, 0x0, 0x0, 0x0, 0x6f, 0x0, 0x0, 0x0,
    0xe6, 0x0, 0x0, 0x0, 0x0, 0xac, 0x0, 0x0,
    0x0, 0xe6, 0x0, 0x0, 0x0, 0x1, 0xf7, 0x0,
    0x0, 0x0, 0xe6, 0x0, 0x0, 0x0, 0x8, 0xf1,
    0x0, 0x0, 0x0, 0xe6, 0x0, 0x0, 0x0, 0x3f,
    0x80, 0x0, 0x0, 0x0, 0xe6, 0x0, 0x0, 0x2,
    0xed, 0x0, 0x0, 0x0, 0x0, 0xe6, 0x0, 0x0,
    0x4f, 0xd2, 0x0, 0x0, 0x0, 0x0, 0xe6, 0x0,
    0x0, 0x6c, 0x10, 0x0, 0x0, 0x0, 0x0, 0xe6,
    0x0, 0x0, 0x0, 0x0, 0x0, 0x0, 0x0, 0x0,
    0x0, 0x0, 0x0,

    /* U+5F03 "弃" */
    0x0, 0x0, 0x0, 0x0, 0x28, 0x0, 0x0, 0x0,
    0x0, 0x0, 0x0, 0x0, 0x0, 0x1, 0xf6, 0x0,
    0x0, 0x0, 0x0, 0x5, 0x55, 0x55, 0x55, 0x5b,
    0xe5, 0x55, 0x55, 0x55, 0x40, 0xcd, 0xdd, 0xdd,
    0xff, 0xdd, 0xdd, 0xdd, 0xdd, 0xdb, 0x0, 0x0,
    0x0, 0x6f, 0x60, 0x0, 0x85, 0x0, 0x0, 0x0,
    0x0, 0x0, 0x7f, 0x50, 0x0, 0x5, 0xf8, 0x0,
    0x0, 0x0, 0x0, 0xae, 0x30, 0x0, 0x0, 0x14,
    0xea, 0x0, 0x0, 0x1, 0xef, 0xdd, 0xde, 0xff,
    0xff, 0xff, 0xfb, 0x0, 0x0, 0x9, 0x86, 0x55,
    0x43, 0x22, 0x10, 0x2, 0xf9, 0x0, 0x0, 0x0,
    0x14, 0x0, 0x0, 0x0, 0x50, 0x4, 0x0, 0x0,
    0x0, 0x5, 0xf0, 0x0, 0x0, 0x2f, 0x20, 0x0,
    0x0, 0x44, 0x44, 0x8f, 0x44, 0x44, 0x46, 0xf6,
    0x44, 0x44, 0xf, 0xff, 0xff, 0xff, 0xff, 0xff,
    0xff, 0xff, 0xff, 0xd0, 0x0, 0x0, 0x9d, 0x0,
    0x0, 0x2, 0xf2, 0x0, 0x0, 0x0, 0x0, 0xe,
    0x90, 0x0, 0x0, 0x2f, 0x20, 0x0, 0x0, 0x0,
    0x9, 0xf2, 0x0, 0x0, 0x2, 0xf2, 0x0, 0x0,
    0x0, 0x9, 0xf6, 0x0, 0x0, 0x0, 0x2f, 0x20,
    0x0, 0x0, 0x6e, 0xf6, 0x0, 0x0, 0x0, 0x2,
    0xf2, 0x0, 0x0, 0xb, 0xa2, 0x0, 0x0, 0x0,
    0x0, 0x2f, 0x20, 0x0, 0x0, 0x0, 0x0, 0x0,
    0x0, 0x0, 0x0, 0x0, 0x0, 0x0,

    /* U+5F0F "式" */
    0x0, 0x0, 0x0, 0x0, 0x0, 0x68, 0x2, 0x40,
    0x0, 0x0, 0x0, 0x0, 0x0, 0x0, 0x9, 0xd0,
    0x5f, 0x80, 0x0, 0x0, 0x0, 0x0, 0x0, 0x0,
    0x8d, 0x0, 0x3e, 0xa0, 0x0, 0x0, 0x0, 0x0,
    0x0, 0x8, 0xd0, 0x0, 0x35, 0x0, 0xdf, 0xff,
    0xff, 0xff, 0xff, 0xff, 0xff, 0xff, 0xfe, 0x4,
    0x55, 0x55, 0x55, 0x55, 0x59, 0xf5, 0x55, 0x55,
    0x50, 0x0, 0x0, 0x0, 0x0, 0x0, 0x4f, 0x10,
    0x0, 0x0, 0x0, 0x0, 0x0, 0x0, 0x0, 0x2,
    0xf3, 0x0, 0x0, 0x0, 0x15, 0x55, 0x55, 0x55,
    0x53, 0xf, 0x50, 0x0, 0x0, 0x2, 0xff, 0xff,
    0xff, 0xff, 0xa0, 0xe7, 0x0, 0x0, 0x0, 0x0,
    0x0, 0x7d, 0x0, 0x0, 0xd, 0x90, 0x0, 0x0,
    0x0, 0x0, 0x7, 0xd0, 0x0, 0x0, 0xac, 0x0,
    0x0, 0x0, 0x0, 0x0, 0x7d, 0x0, 0x0, 0x6,
    0xf0, 0x0, 0x0, 0x0, 0x0, 0x7, 0xd0, 0x0,
    0x0, 0x2f, 0x40, 0x0, 0x10, 0x0, 0x0, 0x7d,
    0x0, 0x0, 0x0, 0xd9, 0x0, 0xe, 0x20, 0x0,
    0x7, 0xe5, 0x8c, 0xf4, 0x7, 0xf1, 0x0, 0xf2,
    0x3, 0x7a, 0xef, 0xfc, 0x84, 0x0, 0x1f, 0x90,
    0x2f, 0x19, 0xff, 0xb7, 0x40, 0x0, 0x0, 0x0,
    0x6f, 0xaa, 0xc0, 0x22, 0x0, 0x0, 0x0, 0x0,
    0x0, 0x0, 0x6d, 0xe4, 0x0,

    /* U+5F31 "弱" */
    0x0, 0x11, 0x11, 0x11, 0x10, 0x1, 0x11, 0x11,
    0x11, 0x0, 0x6f, 0xff, 0xff, 0xff, 0x7, 0xff,
    0xff, 0xff, 0xf1, 0x0, 0x11, 0x11, 0x16, 0xf0,
    0x12, 0x22, 0x22, 0x6f, 0x10, 0x0, 0x0, 0x0,
    0x5f, 0x0, 0x0, 0x0, 0x4, 0xf1, 0x0, 0x22,
    0x22, 0x27, 0xf0, 0x2, 0x22, 0x22, 0x6f, 0x10,
    0xd, 0xff, 0xff, 0xff, 0x0, 0xff, 0xff, 0xff,
    0xf1, 0x0, 0xe6, 0x0, 0x0, 0x0, 0xf, 0x50,
    0x0, 0x0, 0x0, 0xf, 0x50, 0x0, 0x0, 0x0,
    0xf3, 0x0, 0x0, 0x0, 0x0, 0xf6, 0x22, 0x22,
    0x20, 0x1f, 0x52, 0x22, 0x22, 0x0, 0x1f, 0xff,
    0xff, 0xff, 0x13, 0xff, 0xff, 0xff, 0xf4, 0x0,
    0x30, 0x0, 0x4, 0xf0, 0x3, 0x0, 0x0, 0x1f,
    0x30, 0xb, 0xfb, 0x50, 0x5f, 0x0, 0xbf, 0xa4,
    0x2, 0xf2, 0x0, 0x1, 0x7e, 0x66, 0xd0, 0x0,
    0x17, 0xe6, 0x3f, 0x10, 0x0, 0x0, 0x5a, 0xec,
    0x0, 0x0, 0x5, 0xae, 0xf0, 0x1, 0x5a, 0xfd,
    0x7c, 0xa0, 0x15, 0xaf, 0xc6, 0x8f, 0x0, 0xdd,
    0x72, 0x0, 0xd8, 0x9, 0xd7, 0x20, 0x9, 0xc0,
    0x0, 0x0, 0x32, 0x6f, 0x40, 0x0, 0x0, 0x1,
    0xe9, 0x0, 0x0, 0xe, 0xff, 0xa0, 0x0, 0x5,
    0xff, 0xfe, 0x20, 0x0, 0x0, 0x0, 0x0, 0x0,
    0x0, 0x1, 0x22, 0x0, 0x0,

    /* U+5F3A "强" */
    0xb, 0xee, 0xee, 0xe5, 0xc, 0xee, 0xee, 0xee,
    0xe5, 0x0, 0x4, 0x55, 0x55, 0xf5, 0xd, 0x83,
    0x33, 0x33, 0xf6, 0x0, 0x0, 0x0, 0x0, 0xe5,
    0xd, 0x50, 0x0, 0x0, 0xe6, 0x0, 0x0, 0x0,
    0x0, 0xe5, 0xd, 0x50, 0x0, 0x0, 0xe6, 0x0,
    0x0, 0x33, 0x33, 0xf5, 0xd, 0xff, 0xff, 0xff,
    0xf6, 0x0, 0x5, 0xff, 0xff, 0xf5, 0x2, 0x33,
    0x7f, 0x33, 0x31, 0x0, 0x7, 0xc0, 0x0, 0x0,
    0x0, 0x0, 0x5e, 0x0, 0x0, 0x0, 0x8, 0xa0,
    0x0, 0x0, 0x4f, 0xff, 0xff, 0xff, 0xfd, 0x0,
    0xb, 0x80, 0x0, 0x0, 0x4e, 0x22, 0x7e, 0x22,
    0x7e, 0x0, 0xd, 0xdc, 0xcc, 0xc2, 0x4e, 0x0,
    0x5e, 0x0, 0x4e, 0x0, 0x6, 0x66, 0x68, 0xf1,
    0x4e, 0x0, 0x5e, 0x0, 0x4e, 0x0, 0x0, 0x0,
    0x4, 0xf0, 0x4f, 0xff, 0xff, 0xff, 0xfe, 0x0,
    0x0, 0x0, 0x5, 0xf0, 0x2, 0x22, 0x7e, 0x23,
    0x52, 0x0, 0x0, 0x0, 0x7, 0xd0, 0x0, 0x0,
    0x5e, 0x4, 0xf2, 0x0, 0x0, 0x0, 0xa, 0xb0,
    0x0, 0x0, 0x5e, 0x0, 0xbc, 0x0, 0x0, 0x33,
    0x4f, 0x71, 0x45, 0x67, 0xaf, 0xbc, 0xef, 0x50,
    0x0, 0xaf, 0xfb, 0x2, 0xfe, 0xdb, 0x97, 0x53,
    0x6, 0xd0, 0x0, 0x0, 0x0, 0x0, 0x0, 0x0,
    0x0, 0x0, 0x0, 0x20,

    /* U+5F53 "当" */
    0x0, 0x0, 0x0, 0x8, 0x40, 0x0, 0x0, 0x0,
    0x36, 0x0, 0x0, 0xe, 0x80, 0x0, 0x3, 0xa1,
    0x4f, 0x40, 0x0, 0xe, 0x80, 0x0, 0xa, 0xe0,
    0xa, 0xe0, 0x0, 0xe, 0x80, 0x0, 0x2f, 0x60,
    0x1, 0xf7, 0x0, 0xe, 0x80, 0x0, 0xbc, 0x0,
    0x0, 0x9e, 0x0, 0xe, 0x80, 0x4, 0xf3, 0x0,
    0x0, 0x13, 0x0, 0xe, 0x80, 0x3, 0x60, 0x0,
    0x36, 0x66, 0x66, 0x6f, 0xb6, 0x66, 0x66, 0x60,
    0x6e, 0xee, 0xee, 0xee, 0xee, 0xee, 0xee, 0xf1,
    0x0, 0x0, 0x0, 0x0, 0x0, 0x0, 0x4, 0xf1,
    0x0, 0x0, 0x0, 0x0, 0x0, 0x0, 0x4, 0xf1,
    0x3, 0x33, 0x33, 0x33, 0x33, 0x33, 0x37, 0xf1,
    0xc, 0xff, 0xff, 0xff, 0xff, 0xff, 0xff, 0xf1,
    0x0, 0x0, 0x0, 0x0, 0x0, 0x0, 0x5, 0xf1,
    0x0, 0x0, 0x0, 0x0, 0x0, 0x0, 0x4, 0xf1,
    0x0, 0x0, 0x0, 0x0, 0x0, 0x0, 0x4, 0xf1,
    0x56, 0x66, 0x66, 0x66, 0x66, 0x66, 0x69, 0xf1,
    0xce, 0xee, 0xee, 0xee, 0xee, 0xee, 0xef, 0xf1,
    0x0, 0x0, 0x0, 0x0, 0x0, 0x0, 0x4, 0xf1,

    /* U+5F55 "录" */
    0x3, 0xdd, 0xdd, 0xdd, 0xdd, 0xdd, 0xdd, 0xe6,
    0x0, 0x0, 0x16, 0x66, 0x66, 0x66, 0x66, 0x66,
    0x6f, 0x60, 0x0, 0x0, 0x0, 0x0, 0x0, 0x0,
    0x0, 0x0, 0xf6, 0x0, 0x0, 0x3, 0x44, 0x44,
    0x44, 0x44, 0x44, 0x5f, 0x50, 0x0, 0x0, 0xaf,
    0xff, 0xff, 0xff, 0xff, 0xff, 0xf4, 0x0, 0x0,
    0x0, 0x0, 0x0, 0x0, 0x0, 0x0, 0x2f, 0x30,
    0x0, 0x12, 0x22, 0x22, 0x22, 0x22, 0x22, 0x26,
    0xf4, 0x22, 0x8, 0xff, 0xff, 0xff, 0xff, 0xff,
    0xff, 0xff, 0xff, 0xe0, 0x0, 0x10, 0x0, 0x0,
    0xac, 0x0, 0x0, 0x2, 0x0, 0x0, 0xe, 0xa1,
    0x0, 0xa, 0xf3, 0x0, 0x9, 0xf3, 0x0, 0x0,
    0x2c, 0xe4, 0x0, 0xaf, 0xd0, 0xa, 0xf5, 0x0,
    0x0, 0x0, 0xa, 0xf1, 0xa, 0xde, 0x9d, 0xd3,
    0x0, 0x0, 0x0, 0x0, 0x2, 0x3a, 0xfb, 0x4f,
    0xc0, 0x0, 0x0, 0x0, 0x0, 0x5, 0xcf, 0xbc,
    0xb0, 0x6f, 0x80, 0x0, 0x0, 0x1, 0x8e, 0xf9,
    0x20, 0xab, 0x0, 0x6f, 0xb2, 0x0, 0x3, 0xfe,
    0x81, 0x0, 0xa, 0xb0, 0x0, 0x3d, 0xfb, 0x50,
    0x6, 0x0, 0x2, 0x22, 0xbb, 0x0, 0x0, 0x6,
    0xdc, 0x0, 0x0, 0x0, 0x7f, 0xfd, 0x40, 0x0,
    0x0, 0x0, 0x0,

    /* U+5F62 "形" */
    0x0, 0x0, 0x0, 0x0, 0x0, 0x0, 0x0, 0x0,
    0x1, 0x0, 0x3, 0x44, 0x44, 0x44, 0x44, 0x42,
    0x0, 0x0, 0x9e, 0x10, 0xb, 0xff, 0xff, 0xff,
    0xff, 0xf7, 0x0, 0xa, 0xe2, 0x0, 0x0, 0x6,
    0xd0, 0x0, 0xb9, 0x0, 0x3, 0xdd, 0x20, 0x0,
    0x0, 0x6, 0xd0, 0x0, 0xb9, 0x1, 0x9f, 0x90,
    0x0, 0x0, 0x0, 0x6, 0xd0, 0x0, 0xb9, 0x1,
    0xa4, 0x0, 0x0, 0x0, 0x0, 0x6, 0xd0, 0x0,
    0xb9, 0x0, 0x0, 0x0, 0x9, 0x70, 0x0, 0x6,
    0xd0, 0x0, 0xb9, 0x0, 0x0, 0x0, 0xae, 0x20,
    0x1f, 0xff, 0xff, 0xff, 0xff, 0xfb, 0x0, 0x1b,
    0xe3, 0x0, 0x4, 0x49, 0xd4, 0x44, 0xcb, 0x43,
    0x5, 0xec, 0x20, 0x0, 0x0, 0x7, 0xc0, 0x0,
    0xb9, 0x0, 0xbf, 0x80, 0x0, 0x0, 0x0, 0x9,
    0xb0, 0x0, 0xb9, 0x0, 0x63, 0x0, 0x0, 0x30,
    0x0, 0xb, 0x90, 0x0, 0xb9, 0x0, 0x0, 0x0,
    0x8, 0xf2, 0x0, 0xe, 0x60, 0x0, 0xb9, 0x0,
    0x0, 0x0, 0x4f, 0x60, 0x0, 0x2f, 0x30, 0x0,
    0xb9, 0x0, 0x0, 0x4, 0xf9, 0x0, 0x0, 0x8d,
    0x0, 0x0, 0xb9, 0x0, 0x0, 0x6f, 0x90, 0x0,
    0x1, 0xe7, 0x0, 0x0, 0xb9, 0x0, 0x1b, 0xf8,
    0x0, 0x0, 0xb, 0xe0, 0x0, 0x0, 0xb9, 0x8,
    0xfe, 0x40, 0x0, 0x0, 0xb, 0x40, 0x0, 0x0,
    0xb9, 0xa, 0x80, 0x0, 0x0, 0x0, 0x0, 0x0,
    0x0, 0x0, 0x0, 0x0, 0x0, 0x0, 0x0, 0x0,

    /* U+5F81 "征" */
    0x0, 0x0, 0x38, 0x0, 0x0, 0x0, 0x0, 0x0,
    0x0, 0x0, 0x0, 0x1, 0xd9, 0x1, 0x33, 0x33,
    0x33, 0x33, 0x33, 0x10, 0x0, 0x1c, 0xc0, 0x7,
    0xff, 0xff, 0xff, 0xff, 0xff, 0x80, 0x2, 0xdd,
    0x10, 0x0, 0x0, 0x0, 0x7e, 0x0, 0x0, 0x0,
    0xd, 0xb0, 0x2, 0x0, 0x0, 0x0, 0x6e, 0x0,
    0x0, 0x0, 0x3, 0x0, 0x3f, 0x40, 0x0, 0x0,
    0x6e, 0x0, 0x0, 0x0, 0x0, 0x0, 0xdb, 0x0,
    0x0, 0x0, 0x6e, 0x0, 0x0, 0x0, 0x0, 0x9,
    0xf2, 0x0, 0xb9, 0x0, 0x6e, 0x0, 0x0, 0x0,
    0x0, 0x8f, 0xf0, 0x0, 0xb9, 0x0, 0x6e, 0x11,
    0x11, 0x0, 0x9, 0xfc, 0xf0, 0x0, 0xb9, 0x0,
    0x6f, 0xff, 0xff, 0x30, 0x2f, 0x75, 0xf0, 0x0,
    0xb9, 0x0, 0x6e, 0x22, 0x22, 0x0, 0x3, 0x5,
    0xf0, 0x0, 0xb9, 0x0, 0x6e, 0x0, 0x0, 0x0,
    0x0, 0x5, 0xf0, 0x0, 0xb9, 0x0, 0x6e, 0x0,
    0x0, 0x0, 0x0, 0x5, 0xf0, 0x0, 0xb9, 0x0,
    0x6e, 0x0, 0x0, 0x0, 0x0, 0x5, 0xf0, 0x0,
    0xb9, 0x0, 0x6e, 0x0, 0x0, 0x0, 0x0, 0x5,
    0xf0, 0x0, 0xb9, 0x0, 0x6e, 0x0, 0x0, 0x0,
    0x0, 0x5, 0xf0, 0x34, 0xcb, 0x44, 0x9e, 0x44,
    0x44, 0x40, 0x0, 0x5, 0xf0, 0xcf, 0xff, 0xff,
    0xff, 0xff, 0xff, 0xf1, 0x0, 0x5, 0xf0, 0x0,
    0x0, 0x0, 0x0, 0x0, 0x0, 0x0,

    /* U+5F85 "待" */
    0x0, 0x0, 0x19, 0x10, 0x0, 0x0, 0x85, 0x0,
    0x0, 0x0, 0x0, 0x0, 0xbc, 0x0, 0x0, 0x0,
    0xc8, 0x0, 0x0, 0x0, 0x0, 0xa, 0xe1, 0x0,
    0x11, 0x11, 0xd9, 0x11, 0x11, 0x0, 0x1, 0xce,
    0x20, 0x3, 0xff, 0xff, 0xff, 0xff, 0xff, 0x20,
    0xd, 0xc1, 0x2, 0x0, 0x11, 0x11, 0xd9, 0x11,
    0x11, 0x0, 0x3, 0x0, 0x1f, 0x60, 0x0, 0x0,
    0xc8, 0x0, 0x0, 0x0, 0x0, 0x0, 0xcc, 0x13,
    0x33, 0x33, 0xd9, 0x33, 0x33, 0x30, 0x0, 0x7,
    0xf2, 0x7f, 0xff, 0xff, 0xff, 0xff, 0xff, 0xf3,
    0x0, 0x6f, 0xf0, 0x0, 0x0, 0x0, 0x0, 0xf,
    0x50, 0x0, 0x7, 0xfb, 0xf0, 0x0, 0x0, 0x0,
    0x0, 0xf, 0x40, 0x0, 0x3f, 0x83, 0xf0, 0x16,
    0x66, 0x66, 0x66, 0x6f, 0x96, 0x60, 0x6, 0x3,
    0xf0, 0x2d, 0xdd, 0xdd, 0xdd, 0xdf, 0xed, 0xd1,
    0x0, 0x3, 0xf0, 0x0, 0x3, 0x0, 0x0, 0xf,
    0x40, 0x0, 0x0, 0x3, 0xf0, 0x0, 0x5f, 0x30,
    0x0, 0xf, 0x40, 0x0, 0x0, 0x3, 0xf0, 0x0,
    0xa, 0xe0, 0x0, 0xf, 0x40, 0x0, 0x0, 0x3,
    0xf0, 0x0, 0x0, 0xe8, 0x0, 0xf, 0x40, 0x0,
    0x0, 0x3, 0xf0, 0x0, 0x0, 0x66, 0x0, 0xf,
    0x40, 0x0, 0x0, 0x3, 0xf0, 0x0, 0x0, 0x0,
    0x44, 0x4f, 0x40, 0x0, 0x0, 0x3, 0xf0, 0x0,
    0x0, 0x0, 0xcf, 0xfb, 0x0, 0x0, 0x0, 0x0,
    0x0, 0x0, 0x0, 0x0, 0x0, 0x0, 0x0, 0x0,

    /* U+5F88 "很" */
    0x0, 0x0, 0x2a, 0x10, 0x0, 0x0, 0x0, 0x0,
    0x0, 0x0, 0x0, 0x0, 0xcb, 0x0, 0xff, 0xff,
    0xff, 0xff, 0xf5, 0x0, 0x0, 0xb, 0xd1, 0x0,
    0xf7, 0x33, 0x33, 0x33, 0xf5, 0x0, 0x2, 0xdd,
    0x20, 0x0, 0xf4, 0x0, 0x0, 0x0, 0xe5, 0x0,
    0xd, 0xc1, 0x2, 0x0, 0xf6, 0x11, 0x11, 0x11,
    0xf5, 0x0, 0x3, 0x0, 0x2f, 0x60, 0xff, 0xff,
    0xff, 0xff, 0xf5, 0x0, 0x0, 0x0, 0xcc, 0x0,
    0xf5, 0x0, 0x0, 0x0, 0xf5, 0x0, 0x0, 0x8,
    0xf2, 0x0, 0xf4, 0x0, 0x0, 0x0, 0xe5, 0x0,
    0x0, 0x7f, 0xf0, 0x0, 0xf7, 0x33, 0x33, 0x33,
    0xf5, 0x0, 0x8, 0xfc, 0xf0, 0x0, 0xff, 0xff,
    0xff, 0xff, 0xf5, 0x0, 0x3f, 0x84, 0xf0, 0x0,
    0xf4, 0x6, 0xd0, 0x0, 0x1, 0x0, 0x5, 0x4,
    0xf0, 0x0, 0xf4, 0x0, 0xf4, 0x0, 0x7f, 0x20,
    0x0, 0x4, 0xf0, 0x0, 0xf4, 0x0, 0xab, 0x1a,
    0xf6, 0x0, 0x0, 0x4, 0xf0, 0x0, 0xf4, 0x0,
    0x3f, 0xec, 0x20, 0x0, 0x0, 0x4, 0xf0, 0x0,
    0xf4, 0x0, 0x9, 0xf1, 0x0, 0x0, 0x0, 0x4,
    0xf0, 0x0, 0xf4, 0x0, 0x1, 0xdd, 0x10, 0x0,
    0x0, 0x4, 0xf0, 0x0, 0xf5, 0x48, 0xc0, 0x2e,
    0xd4, 0x0, 0x0, 0x4, 0xf0, 0x5, 0xff, 0xfc,
    0x80, 0x2, 0xcf, 0xc0, 0x0, 0x4, 0xf0, 0x5,
    0xb5, 0x10, 0x0, 0x0, 0x6, 0x80,

    /* U+5F97 "得" */
    0x0, 0x0, 0x17, 0x10, 0x11, 0x11, 0x11, 0x11,
    0x11, 0x0, 0x0, 0x0, 0xcc, 0x0, 0xcf, 0xff,
    0xff, 0xff, 0xfb, 0x0, 0x0, 0xa, 0xd1, 0x0,
    0xc7, 0x0, 0x0, 0x0, 0xab, 0x0, 0x1, 0xbd,
    0x20, 0x0, 0xc9, 0x22, 0x22, 0x22, 0xbb, 0x0,
    0xd, 0xb1, 0x1, 0x0, 0xce, 0xdd, 0xdd, 0xdd,
    0xfb, 0x0, 0x4, 0x0, 0x2f, 0x50, 0xc7, 0x0,
    0x0, 0x0, 0xab, 0x0, 0x0, 0x0, 0xda, 0x0,
    0xce, 0xdd, 0xdd, 0xdd, 0xfb, 0x0, 0x0, 0x9,
    0xf0, 0x0, 0x23, 0x33, 0x33, 0x33, 0x32, 0x0,
    0x0, 0x9f, 0xf0, 0x1, 0x11, 0x11, 0x11, 0x11,
    0x11, 0x10, 0xb, 0xfa, 0xf0, 0x1f, 0xff, 0xff,
    0xff, 0xff, 0xff, 0xb0, 0x5f, 0x45, 0xf0, 0x0,
    0x0, 0x0, 0x0, 0x5f, 0x0, 0x0, 0x2, 0x5,
    0xf0, 0x12, 0x22, 0x22, 0x22, 0x6f, 0x22, 0x20,
    0x0, 0x5, 0xf0, 0x8f, 0xff, 0xff, 0xff, 0xff,
    0xff, 0xf0, 0x0, 0x5, 0xf0, 0x0, 0x14, 0x0,
    0x0, 0x5f, 0x0, 0x0, 0x0, 0x5, 0xf0, 0x0,
    0x6f, 0x30, 0x0, 0x4f, 0x0, 0x0, 0x0, 0x5,
    0xf0, 0x0, 0x9, 0xe1, 0x0, 0x4f, 0x0, 0x0,
    0x0, 0x5, 0xf0, 0x0, 0x0, 0xc8, 0x0, 0x4f,
    0x0, 0x0, 0x0, 0x5, 0xf0, 0x0, 0x0, 0x10,
    0x32, 0x7f, 0x0, 0x0, 0x0, 0x5, 0xe0, 0x0,
    0x0, 0x0, 0xef, 0xe8, 0x0, 0x0,

    /* U+5FA1 "御" */
    0x0, 0x1, 0x50, 0x5, 0x30, 0x0, 0x0, 0x0,
    0x0, 0x0, 0x0, 0xbc, 0x0, 0xe6, 0x0, 0x0,
    0x0, 0x0, 0x0, 0x0, 0x7e, 0x10, 0x3f, 0x75,
    0x55, 0x52, 0xff, 0xff, 0xe0, 0x7f, 0x40, 0x9,
    0xfd, 0xfe, 0xdd, 0x2f, 0x43, 0x7e, 0x3f, 0x30,
    0x65, 0xf4, 0xc, 0x50, 0x2, 0xf0, 0x4, 0xe0,
    0x10, 0x3f, 0xac, 0x0, 0xc5, 0x0, 0x2f, 0x0,
    0x4e, 0x0, 0xd, 0x90, 0x21, 0x1d, 0x61, 0x13,
    0xf0, 0x4, 0xe0, 0x7, 0xf3, 0x4f, 0xff, 0xff,
    0xff, 0x4f, 0x0, 0x4e, 0x5, 0xff, 0x30, 0x22,
    0x2d, 0x72, 0x23, 0xf0, 0x4, 0xe3, 0xf8, 0xf3,
    0x2, 0x10, 0xc5, 0x0, 0x2f, 0x0, 0x4e, 0x4b,
    0xf, 0x30, 0xb5, 0xc, 0x83, 0x32, 0xf0, 0x4,
    0xe0, 0x0, 0xf3, 0xb, 0x50, 0xcf, 0xfe, 0x2f,
    0x0, 0x4e, 0x0, 0xf, 0x30, 0xb5, 0xc, 0x50,
    0x2, 0xf0, 0x4, 0xe0, 0x0, 0xf3, 0xb, 0x50,
    0xc5, 0x0, 0x2f, 0x0, 0x4e, 0x0, 0xf, 0x30,
    0xb5, 0xc, 0x50, 0x3, 0xf2, 0xde, 0xc0, 0x0,
    0xf3, 0xb, 0x85, 0xed, 0xdf, 0x9f, 0x5, 0x51,
    0x0, 0xf, 0x3b, 0xff, 0xfe, 0xb7, 0x43, 0xf0,
    0x0, 0x0, 0x0, 0xf3, 0x68, 0x41, 0x0, 0x0,
    0x2f, 0x0, 0x0, 0x0, 0xf, 0x30, 0x0, 0x0,
    0x0, 0x2, 0xf0, 0x0, 0x0,

    /* U+5FC3 "心" */
    0x0, 0x0, 0x0, 0x0, 0x0, 0x0, 0x0, 0x0,
    0x0, 0x0, 0x0, 0x0, 0x0, 0xc, 0xa0, 0x0,
    0x0, 0x0, 0x0, 0x0, 0x0, 0x0, 0x0, 0x2,
    0xdd, 0x20, 0x0, 0x0, 0x0, 0x0, 0x0, 0x0,
    0x0, 0x0, 0x1b, 0xf4, 0x0, 0x0, 0x0, 0x0,
    0x0, 0x0, 0x0, 0x0, 0x0, 0x9f, 0x60, 0x0,
    0x0, 0x0, 0x0, 0x0, 0x0, 0x61, 0x0, 0x8,
    0xd0, 0x0, 0x0, 0x0, 0x0, 0x0, 0x1, 0xf4,
    0x0, 0x0, 0x10, 0x0, 0x20, 0x0, 0x0, 0x4b,
    0x1, 0xf4, 0x0, 0x0, 0x0, 0x8, 0xd0, 0x0,
    0x0, 0x7d, 0x1, 0xf4, 0x0, 0x0, 0x0, 0x2,
    0xf4, 0x0, 0x0, 0xaa, 0x1, 0xf4, 0x0, 0x0,
    0x0, 0x0, 0xbb, 0x0, 0x0, 0xd8, 0x1, 0xf4,
    0x0, 0x0, 0x0, 0x0, 0x5f, 0x20, 0x1, 0xf5,
    0x1, 0xf4, 0x0, 0x0, 0x0, 0x0, 0xf, 0x70,
    0x5, 0xf1, 0x1, 0xf4, 0x0, 0x0, 0x0, 0x40,
    0xa, 0xc0, 0xa, 0xd0, 0x1, 0xf4, 0x0, 0x0,
    0x0, 0xc8, 0x6, 0xf1, 0xd, 0x80, 0x1, 0xf4,
    0x0, 0x0, 0x0, 0xd7, 0x1, 0x70, 0x0, 0x0,
    0x1, 0xf4, 0x0, 0x0, 0x0, 0xf5, 0x0, 0x0,
    0x0, 0x0, 0x0, 0xfb, 0x44, 0x44, 0x49, 0xf1,
    0x0, 0x0, 0x0, 0x0, 0x0, 0x6e, 0xff, 0xff,
    0xfd, 0x60, 0x0, 0x0,

    /* U+5FC6 "忆" */
    0x0, 0x1, 0x50, 0x0, 0x0, 0x0, 0x0, 0x0,
    0x0, 0x0, 0x0, 0x5f, 0x0, 0x0, 0x0, 0x0,
    0x0, 0x0, 0x0, 0x0, 0x5, 0xf0, 0x3, 0xff,
    0xff, 0xff, 0xff, 0xfe, 0x20, 0x0, 0x5f, 0x54,
    0x14, 0x44, 0x44, 0x44, 0x9f, 0x70, 0x6, 0xa5,
    0xf6, 0xc0, 0x0, 0x0, 0x0, 0x3f, 0x90, 0x0,
    0x89, 0x5f, 0xe, 0x30, 0x0, 0x0, 0x1e, 0xb0,
    0x0, 0xb, 0x75, 0xf0, 0x99, 0x0, 0x0, 0xc,
    0xd0, 0x0, 0x0, 0xe3, 0x5f, 0x2, 0x10, 0x0,
    0xa, 0xe1, 0x0, 0x0, 0x3f, 0x5, 0xf0, 0x0,
    0x0, 0x7, 0xf3, 0x0, 0x0, 0x1, 0x50, 0x5f,
    0x0, 0x0, 0x4, 0xf6, 0x0, 0x0, 0x0, 0x0,
    0x5, 0xf0, 0x0, 0x2, 0xe9, 0x0, 0x0, 0x0,
    0x0, 0x0, 0x5f, 0x0, 0x0, 0xcc, 0x0, 0x0,
    0x0, 0x0, 0x0, 0x5, 0xf0, 0x0, 0x8e, 0x10,
    0x0, 0x0, 0x2, 0x30, 0x0, 0x5f, 0x0, 0x2f,
    0x50, 0x0, 0x0, 0x0, 0x6d, 0x0, 0x5, 0xf0,
    0x9, 0xc0, 0x0, 0x0, 0x0, 0x7, 0xc0, 0x0,
    0x5f, 0x0, 0xc9, 0x0, 0x0, 0x0, 0x0, 0xa9,
    0x0, 0x5, 0xf0, 0x9, 0xe8, 0x55, 0x55, 0x55,
    0x6f, 0x50, 0x0, 0x5f, 0x0, 0x8, 0xde, 0xff,
    0xff, 0xfe, 0x90, 0x0, 0x5, 0xf0, 0x0, 0x0,
    0x0, 0x0, 0x0, 0x0, 0x0,

    /* U+5FEB "快" */
    0x0, 0x2, 0x40, 0x0, 0x0, 0x1, 0x50, 0x0,
    0x0, 0x0, 0x0, 0x6, 0xe0, 0x0, 0x0, 0x3,
    0xf2, 0x0, 0x0, 0x0, 0x0, 0x6, 0xe0, 0x0,
    0x0, 0x3, 0xf2, 0x0, 0x0, 0x0, 0x0, 0x6,
    0xe1, 0x11, 0x55, 0x57, 0xf6, 0x55, 0x54, 0x0,
    0x3, 0x76, 0xe9, 0x85, 0xee, 0xef, 0xff, 0xee,
    0xfc, 0x0, 0x6, 0xa6, 0xe2, 0xe0, 0x0, 0x3,
    0xf2, 0x0, 0x9c, 0x0, 0x8, 0x86, 0xe0, 0xb4,
    0x0, 0x3, 0xf2, 0x0, 0x9c, 0x0, 0xc, 0x66,
    0xe0, 0x43, 0x0, 0x3, 0xf2, 0x0, 0x9c, 0x0,
    0xf, 0x26, 0xe0, 0x0, 0x0, 0x4, 0xf1, 0x0,
    0x9c, 0x0, 0x19, 0x6, 0xe0, 0x5, 0x55, 0x58,
    0xf6, 0x55, 0xbd, 0x53, 0x0, 0x6, 0xe0, 0x1f,
    0xff, 0xff, 0xff, 0xff, 0xff, 0xf9, 0x0, 0x6,
    0xe0, 0x0, 0x0, 0xa, 0xfe, 0x0, 0x0, 0x0,
    0x0, 0x6, 0xe0, 0x0, 0x0, 0xe, 0x8f, 0x60,
    0x0, 0x0, 0x0, 0x6, 0xe0, 0x0, 0x0, 0x5f,
    0x19, 0xd0, 0x0, 0x0, 0x0, 0x6, 0xe0, 0x0,
    0x0, 0xda, 0x1, 0xf9, 0x0, 0x0, 0x0, 0x6,
    0xe0, 0x0, 0xa, 0xf1, 0x0, 0x6f, 0x60, 0x0,
    0x0, 0x6, 0xe0, 0x0, 0x9f, 0x40, 0x0, 0xa,
    0xf8, 0x0, 0x0, 0x6, 0xe0, 0x3d, 0xf5, 0x0,
    0x0, 0x0, 0xaf, 0xd4, 0x0, 0x6, 0xe0, 0x6c,
    0x20, 0x0, 0x0, 0x0, 0x5, 0xd3, 0x0, 0x0,
    0x0, 0x0, 0x0, 0x0, 0x0, 0x0, 0x0, 0x0,

    /* U+6001 "态" */
    0x0, 0x0, 0x0, 0x0, 0xa, 0xa0, 0x0, 0x0,
    0x0, 0x0, 0x0, 0x0, 0x0, 0x0, 0xd, 0x90,
    0x0, 0x0, 0x0, 0x0, 0x0, 0x0, 0x0, 0x0,
    0xf, 0x60, 0x0, 0x0, 0x0, 0x0, 0xc, 0xff,
    0xff, 0xff, 0xff, 0xff, 0xff, 0xff, 0xff, 0xe0,
    0x4, 0x44, 0x44, 0x44, 0xbe, 0xdc, 0x44, 0x44,
    0x44, 0x40, 0x0, 0x0, 0x0, 0x0, 0xe7, 0x4f,
    0x20, 0x0, 0x0, 0x0, 0x0, 0x0, 0x0, 0x9,
    0xe1, 0xb, 0xc0, 0x0, 0x0, 0x0, 0x0, 0x0,
    0x0, 0x7f, 0x40, 0x1, 0xdc, 0x10, 0x0, 0x0,
    0x0, 0x0, 0x1a, 0xf8, 0xd9, 0x0, 0x2e, 0xd4,
    0x0, 0x0, 0x0, 0x28, 0xed, 0x30, 0x3d, 0xd2,
    0x1, 0xbf, 0xb5, 0x0, 0xb, 0xfe, 0x70, 0x0,
    0x1, 0xca, 0x0, 0x5, 0xcf, 0xc0, 0x3, 0x30,
    0x0, 0x0, 0x6c, 0x10, 0x0, 0x0, 0x2, 0x20,
    0x0, 0xb, 0x28, 0xa0, 0xc, 0xd1, 0x0, 0xc,
    0x90, 0x0, 0x0, 0x4f, 0x19, 0xb0, 0x0, 0xcc,
    0x0, 0x4, 0xf2, 0x0, 0x0, 0x9b, 0x9, 0xb0,
    0x0, 0x1d, 0x30, 0x51, 0xcb, 0x0, 0x1, 0xf5,
    0x9, 0xb0, 0x0, 0x0, 0x0, 0xc7, 0x5f, 0x10,
    0x9, 0xd0, 0x8, 0xe4, 0x33, 0x33, 0x35, 0xf4,
    0xe, 0x70, 0x3, 0x40, 0x2, 0xcf, 0xff, 0xff,
    0xff, 0xa0, 0x4, 0x20,

    /* U+6025 "急" */
    0x0, 0x0, 0x0, 0xa4, 0x0, 0x0, 0x0, 0x0,
    0x0, 0x0, 0x0, 0x0, 0x8f, 0x42, 0x22, 0x22,
    0x0, 0x0, 0x0, 0x0, 0x0, 0x4f, 0xff, 0xff,
    0xff, 0xf8, 0x0, 0x0, 0x0, 0x0, 0x4f, 0x80,
    0x0, 0x0, 0x8e, 0x10, 0x0, 0x0, 0x0, 0x5f,
    0xa1, 0x0, 0x0, 0x4f, 0x50, 0x0, 0x0, 0x0,
    0xaf, 0xef, 0xff, 0xff, 0xff, 0xff, 0xff, 0xf2,
    0x0, 0x6, 0x40, 0x0, 0x0, 0x0, 0x0, 0x0,
    0x3f, 0x20, 0x0, 0x0, 0x1, 0x11, 0x11, 0x11,
    0x11, 0x14, 0xf2, 0x0, 0x0, 0x6, 0xff, 0xff,
    0xff, 0xff, 0xff, 0xff, 0x20, 0x0, 0x0, 0x0,
    0x0, 0x0, 0x0, 0x0, 0x2, 0xf2, 0x0, 0x0,
    0x2, 0x22, 0x22, 0x22, 0x22, 0x22, 0x5f, 0x20,
    0x0, 0x1, 0xff, 0xff, 0xff, 0xff, 0xff, 0xff,
    0xf2, 0x0, 0x0, 0x0, 0x0, 0x0, 0x78, 0x0,
    0x0, 0x0, 0x10, 0x0, 0x5, 0x70, 0xd6, 0x3,
    0xe9, 0x0, 0x0, 0x8d, 0x0, 0x0, 0xd8, 0xe,
    0x60, 0x3, 0xf8, 0x0, 0x31, 0xe8, 0x0, 0x6f,
    0x10, 0xe6, 0x0, 0x5, 0x80, 0x2f, 0x16, 0xf1,
    0x1e, 0x80, 0xd, 0xa3, 0x33, 0x33, 0x39, 0xe0,
    0xe, 0x80, 0x50, 0x0, 0x6e, 0xff, 0xff, 0xff,
    0xe5, 0x0, 0x20,

    /* U+6027 "性" */
    0x0, 0x2, 0x40, 0x0, 0x0, 0x0, 0x13, 0x0,
    0x0, 0x0, 0x0, 0x6e, 0x0, 0x0, 0x42, 0x7,
    0xd0, 0x0, 0x0, 0x0, 0x6, 0xe0, 0x0, 0xe,
    0x60, 0x7d, 0x0, 0x0, 0x0, 0x0, 0x6e, 0x11,
    0x3, 0xf2, 0x7, 0xd0, 0x0, 0x0, 0x4, 0x76,
    0xe9, 0x80, 0x7f, 0x55, 0xae, 0x55, 0x55, 0x20,
    0x79, 0x6e, 0x2f, 0x1c, 0xff, 0xff, 0xff, 0xff,
    0xf7, 0xa, 0x76, 0xe0, 0xb9, 0xf3, 0x0, 0x7d,
    0x0, 0x0, 0x0, 0xd4, 0x6e, 0x2, 0xbb, 0x0,
    0x7, 0xd0, 0x0, 0x0, 0x2f, 0x6, 0xe0, 0xb,
    0x30, 0x0, 0x7d, 0x0, 0x0, 0x1, 0x40, 0x6e,
    0x0, 0x0, 0x0, 0x7, 0xd0, 0x0, 0x0, 0x0,
    0x6, 0xe0, 0x0, 0xbf, 0xff, 0xff, 0xff, 0xff,
    0x10, 0x0, 0x6e, 0x0, 0x3, 0x44, 0x4a, 0xe4,
    0x44, 0x40, 0x0, 0x6, 0xe0, 0x0, 0x0, 0x0,
    0x7d, 0x0, 0x0, 0x0, 0x0, 0x6e, 0x0, 0x0,
    0x0, 0x7, 0xd0, 0x0, 0x0, 0x0, 0x6, 0xe0,
    0x0, 0x0, 0x0, 0x7d, 0x0, 0x0, 0x0, 0x0,
    0x6e, 0x0, 0x0, 0x0, 0x7, 0xd0, 0x0, 0x0,
    0x0, 0x6, 0xe0, 0x15, 0x55, 0x55, 0xae, 0x55,
    0x55, 0x50, 0x0, 0x6e, 0x4, 0xff, 0xff, 0xff,
    0xff, 0xff, 0xff, 0x0, 0x6, 0xe0, 0x0, 0x0,
    0x0, 0x0, 0x0, 0x0, 0x0,

    /* U+6050 "恐" */
    0x3, 0x44, 0x44, 0x44, 0x3, 0xaa, 0xaa, 0xaa,
    0x20, 0x0, 0xe, 0xff, 0xff, 0xff, 0x35, 0xf8,
    0x88, 0x8f, 0x30, 0x0, 0x0, 0x0, 0xe5, 0x0,
    0x5, 0xe0, 0x0, 0xf, 0x30, 0x0, 0x0, 0x0,
    0xe5, 0x0, 0x5, 0xe4, 0x30, 0xf, 0x30, 0x0,
    0x0, 0x0, 0xe5, 0x0, 0x6, 0xd6, 0xf4, 0xf,
    0x30, 0x0, 0x0, 0x0, 0xe5, 0x0, 0x8, 0xb0,
    0x6f, 0x3f, 0x30, 0x0, 0x0, 0x0, 0xeb, 0xbf,
    0x6d, 0x60, 0x8, 0x4f, 0x30, 0x30, 0x16, 0xae,
    0xfc, 0x72, 0x8d, 0x0, 0x0, 0xf, 0x30, 0xe1,
    0x1e, 0x95, 0x10, 0x9, 0xe2, 0x0, 0x0, 0xf,
    0x75, 0xf0, 0x0, 0x0, 0x0, 0x5b, 0x12, 0x10,
    0x0, 0x8, 0xdd, 0x70, 0x0, 0x0, 0x4, 0xe0,
    0xa, 0xc1, 0x0, 0x4, 0x0, 0x0, 0x0, 0x4c,
    0x4, 0xf0, 0x0, 0xbc, 0x0, 0x1e, 0x80, 0x0,
    0x0, 0x9b, 0x4, 0xf0, 0x0, 0x1e, 0x70, 0x3,
    0xf4, 0x0, 0x0, 0xf5, 0x4, 0xf0, 0x0, 0x2,
    0x3, 0x70, 0x7e, 0x10, 0x8, 0xe0, 0x4, 0xf0,
    0x0, 0x0, 0x5, 0xd0, 0xd, 0xa0, 0xf, 0x60,
    0x3, 0xf6, 0x44, 0x44, 0x4c, 0xa0, 0x4, 0xc0,
    0x2, 0x0, 0x0, 0xaf, 0xff, 0xff, 0xfd, 0x20,
    0x0, 0x0,

    /* U+6062 "恢" */
    0x0, 0x3, 0x30, 0x0, 0x0, 0x41, 0x0, 0x0,
    0x0, 0x0, 0x0, 0xa, 0xa0, 0x0, 0x0, 0xe5,
    0x0, 0x0, 0x0, 0x0, 0x0, 0xa, 0xa0, 0x0,
    0x1, 0xf3, 0x0, 0x0, 0x0, 0x0, 0x0, 0x1a,
    0xa9, 0x1e, 0xee, 0xfe, 0xee, 0xee, 0xee, 0xd0,
    0x3, 0xca, 0xac, 0x55, 0x59, 0xe5, 0x55, 0x55,
    0x55, 0x40, 0x5, 0xba, 0xa6, 0xb0, 0x8, 0xb0,
    0x0, 0xc3, 0x0, 0x0, 0x7, 0x9a, 0xa2, 0xf0,
    0xb, 0x80, 0x0, 0xf3, 0x0, 0x0, 0xb, 0x6a,
    0xa0, 0x60, 0xe, 0x52, 0x70, 0xf2, 0x8, 0x40,
    0xf, 0x2a, 0xa0, 0x0, 0x3f, 0x16, 0xa1, 0xf1,
    0xe, 0x30, 0x6, 0xa, 0xa0, 0x0, 0x8c, 0x9,
    0x73, 0xf0, 0x2f, 0x0, 0x0, 0xa, 0xa0, 0x0,
    0xd8, 0xe, 0x36, 0xd0, 0x8a, 0x0, 0x0, 0xa,
    0xa0, 0x4, 0xf2, 0x5d, 0x9, 0xc0, 0xe4, 0x0,
    0x0, 0xa, 0xa0, 0xb, 0xa0, 0x24, 0xd, 0xf1,
    0x60, 0x0, 0x0, 0xa, 0xa0, 0x4f, 0x30, 0x0,
    0x2f, 0xd6, 0x0, 0x0, 0x0, 0xa, 0xa1, 0xe9,
    0x0, 0x0, 0xbc, 0x4e, 0x0, 0x0, 0x0, 0xa,
    0xa1, 0xb0, 0x0, 0x5, 0xf5, 0xc, 0x80, 0x0,
    0x0, 0xa, 0xa0, 0x0, 0x0, 0x3e, 0xa0, 0x4,
    0xf5, 0x0, 0x0, 0xa, 0xa0, 0x0, 0x19, 0xfa,
    0x0, 0x0, 0x7f, 0x90, 0x0, 0xa, 0xa0, 0x0,
    0x2d, 0x60, 0x0, 0x0, 0x5, 0x90, 0x0, 0x0,
    0x0, 0x0, 0x0, 0x0, 0x0, 0x0, 0x0, 0x0,

    /* U+606F "息" */
    0x0, 0x0, 0x0, 0x0, 0xc, 0x90, 0x0, 0x0,
    0x0, 0x0, 0x0, 0x0, 0x0, 0x2, 0xf4, 0x0,
    0x0, 0x0, 0x0, 0x0, 0x1, 0xff, 0xff, 0xff,
    0xff, 0xff, 0xff, 0x0, 0x0, 0x0, 0x1f, 0x52,
    0x22, 0x22, 0x22, 0x26, 0xf0, 0x0, 0x0, 0x1,
    0xf4, 0x11, 0x11, 0x11, 0x11, 0x5f, 0x0, 0x0,
    0x0, 0x1f, 0xff, 0xff, 0xff, 0xff, 0xff, 0xf0,
    0x0, 0x0, 0x1, 0xf3, 0x0, 0x0, 0x0, 0x0,
    0x4f, 0x0, 0x0, 0x0, 0x1f, 0x41, 0x11, 0x11,
    0x11, 0x15, 0xf0, 0x0, 0x0, 0x1, 0xff, 0xff,
    0xff, 0xff, 0xff, 0xff, 0x0, 0x0, 0x0, 0x1f,
    0x30, 0x0, 0x0, 0x0, 0x4, 0xf0, 0x0, 0x0,
    0x1, 0xf7, 0x44, 0x44, 0x44, 0x44, 0x7f, 0x0,
    0x0, 0x0, 0xc, 0xcc, 0xcc, 0xdc, 0xcc, 0xcc,
    0xc0, 0x0, 0x0, 0x0, 0x2, 0x20, 0x4f, 0x40,
    0x0, 0x0, 0x30, 0x0, 0x4, 0xe0, 0xb9, 0x0,
    0x5f, 0x50, 0x0, 0x6f, 0x20, 0x0, 0xba, 0xb,
    0x90, 0x0, 0x6d, 0x0, 0x60, 0xbd, 0x0, 0x4f,
    0x30, 0xb9, 0x0, 0x0, 0x0, 0xf, 0x42, 0xf5,
    0xc, 0xa0, 0xa, 0xd4, 0x43, 0x33, 0x47, 0xf1,
    0x9, 0x70, 0x11, 0x0, 0x3d, 0xff, 0xff, 0xff,
    0xe8, 0x0, 0x0,

    /* U+6089 "悉" */
    0x0, 0x0, 0x0, 0x0, 0x0, 0x0, 0x0, 0x36,
    0x30, 0x0, 0x0, 0x13, 0x45, 0x67, 0x89, 0xbc,
    0xef, 0xec, 0x80, 0x0, 0x0, 0x9e, 0xdc, 0xba,
    0x9d, 0xc5, 0x31, 0x10, 0x0, 0x0, 0x0, 0x0,
    0x7a, 0x0, 0xa, 0xa0, 0x0, 0xca, 0x0, 0x0,
    0x0, 0x0, 0x1e, 0x70, 0xa, 0xa0, 0x7, 0xd1,
    0x0, 0x0, 0x3, 0x44, 0x4a, 0xd4, 0x4c, 0xc4,
    0x5f, 0x74, 0x44, 0x40, 0xb, 0xff, 0xff, 0xff,
    0xff, 0xff, 0xff, 0xff, 0xff, 0xe0, 0x0, 0x0,
    0x0, 0x2c, 0xbb, 0xba, 0xd2, 0x0, 0x0, 0x0,
    0x0, 0x0, 0x6, 0xe9, 0xa, 0xa0, 0x8f, 0x70,
    0x0, 0x0, 0x0, 0x6, 0xce, 0x50, 0xa, 0xa0,
    0x3, 0xde, 0x82, 0x0, 0x8, 0xef, 0x80, 0x0,
    0xa, 0xa0, 0x0, 0x6, 0xdf, 0xc1, 0x6, 0x61,
    0x0, 0x3, 0xe7, 0x0, 0x0, 0x0, 0x4, 0x50,
    0x0, 0x3, 0x20, 0x94, 0x4d, 0xd2, 0x0, 0x5a,
    0x0, 0x0, 0x0, 0xc, 0x80, 0xd7, 0x0, 0xac,
    0x0, 0x1d, 0xc1, 0x0, 0x0, 0x3f, 0x10, 0xd7,
    0x0, 0x0, 0x1, 0x41, 0xdc, 0x0, 0x1, 0xea,
    0x0, 0xd7, 0x0, 0x0, 0x3, 0xf0, 0x1e, 0xa0,
    0xd, 0xc0, 0x0, 0xda, 0x33, 0x33, 0x39, 0xd0,
    0x5, 0xe1, 0x2, 0x10, 0x0, 0x6e, 0xff, 0xff,
    0xfe, 0x50, 0x0, 0x0,

    /* U+60C5 "情" */
    0x0, 0x4, 0x10, 0x0, 0x0, 0x0, 0x50, 0x0,
    0x0, 0x0, 0x0, 0xe, 0x40, 0x1, 0x11, 0x13,
    0xf4, 0x11, 0x11, 0x0, 0x0, 0xe, 0x40, 0x5f,
    0xff, 0xff, 0xff, 0xff, 0xff, 0x80, 0x0, 0xe,
    0x77, 0x0, 0x0, 0x2, 0xf2, 0x0, 0x0, 0x0,
    0x9, 0x7e, 0x6f, 0x1d, 0xff, 0xff, 0xff, 0xff,
    0xff, 0x0, 0xb, 0x5e, 0x4b, 0x60, 0x0, 0x2,
    0xf3, 0x0, 0x0, 0x0, 0xd, 0x4e, 0x43, 0x31,
    0x11, 0x13, 0xf4, 0x11, 0x11, 0x10, 0xf, 0x1e,
    0x40, 0xef, 0xff, 0xff, 0xff, 0xff, 0xff, 0xf1,
    0x4d, 0xe, 0x40, 0x0, 0x0, 0x0, 0x0, 0x0,
    0x0, 0x0, 0x15, 0xe, 0x40, 0x7, 0xff, 0xff,
    0xff, 0xff, 0xf8, 0x0, 0x0, 0xe, 0x40, 0x7,
    0xc1, 0x11, 0x11, 0x11, 0xc8, 0x0, 0x0, 0xe,
    0x40, 0x7, 0xc1, 0x11, 0x11, 0x11, 0xc8, 0x0,
    0x0, 0xe, 0x40, 0x7, 0xfe, 0xee, 0xee, 0xee,
    0xf8, 0x0, 0x0, 0xe, 0x40, 0x7, 0xc0, 0x0,
    0x0, 0x0, 0xc8, 0x0, 0x0, 0xe, 0x40, 0x7,
    0xfd, 0xdd, 0xdd, 0xdd, 0xf8, 0x0, 0x0, 0xe,
    0x40, 0x7, 0xd2, 0x22, 0x22, 0x22, 0xd8, 0x0,
    0x0, 0xe, 0x40, 0x7, 0xc0, 0x0, 0x0, 0x0,
    0xc8, 0x0, 0x0, 0xe, 0x40, 0x7, 0xc0, 0x0,
    0x1, 0x22, 0xd8, 0x0, 0x0, 0xe, 0x40, 0x7,
    0xc0, 0x0, 0x2, 0xff, 0xd2, 0x0,

    /* U+60F3 "想" */
    0x0, 0x0, 0x1a, 0x0, 0x0, 0x0, 0x0, 0x0,
    0x0, 0x0, 0x0, 0x2, 0xf1, 0x0, 0x7, 0x99,
    0x99, 0x99, 0x90, 0x0, 0x0, 0x2f, 0x10, 0x0,
    0xcb, 0x77, 0x77, 0xaf, 0x0, 0x9a, 0xab, 0xfa,
    0xaa, 0x3c, 0x70, 0x0, 0x4, 0xf0, 0x7, 0x77,
    0xcf, 0x87, 0x72, 0xcc, 0x88, 0x88, 0xbf, 0x0,
    0x0, 0x1e, 0xf2, 0x0, 0xc, 0xb8, 0x88, 0x8a,
    0xf0, 0x0, 0x9, 0xdf, 0xe4, 0x0, 0xc7, 0x0,
    0x0, 0x4f, 0x0, 0x3, 0xf5, 0xf6, 0xf8, 0xc,
    0xb6, 0x66, 0x69, 0xf0, 0x1, 0xe7, 0x2f, 0x13,
    0xe3, 0xcc, 0x99, 0x99, 0xbf, 0x1, 0xda, 0x2,
    0xf1, 0x0, 0xc, 0x70, 0x0, 0x4, 0xf0, 0x7,
    0x0, 0x2f, 0x10, 0x0, 0xca, 0x55, 0x55, 0x8f,
    0x0, 0x0, 0x2, 0xf1, 0x0, 0x19, 0xbb, 0xbb,
    0xbb, 0xb0, 0x0, 0x11, 0x0, 0x10, 0x6e, 0x30,
    0x0, 0x2, 0x60, 0x0, 0x7, 0xd0, 0x5f, 0x0,
    0x8f, 0x30, 0x0, 0x4f, 0x40, 0x0, 0xd8, 0x5,
    0xf0, 0x0, 0x9a, 0x2, 0x30, 0xad, 0x0, 0x5f,
    0x20, 0x5f, 0x0, 0x0, 0x0, 0x5e, 0x1, 0xf7,
    0xd, 0x90, 0x4, 0xf5, 0x33, 0x33, 0x3b, 0xb0,
    0x7, 0x70, 0x11, 0x0, 0xb, 0xff, 0xff, 0xff,
    0xd3, 0x0, 0x0,

    /* U+610F "意" */
    0x0, 0x0, 0x0, 0x0, 0x78, 0x0, 0x0, 0x0,
    0x0, 0x0, 0x22, 0x22, 0x22, 0x6f, 0x42, 0x22,
    0x22, 0x10, 0x6, 0xff, 0xff, 0xff, 0xff, 0xff,
    0xff, 0xff, 0xc0, 0x0, 0x0, 0x2f, 0x20, 0x0,
    0x0, 0xba, 0x0, 0x0, 0x0, 0x0, 0xc, 0x90,
    0x0, 0x3, 0xf3, 0x0, 0x0, 0x4f, 0xff, 0xff,
    0xff, 0xff, 0xff, 0xff, 0xff, 0xfd, 0x0, 0x0,
    0x0, 0x0, 0x0, 0x0, 0x0, 0x0, 0x0, 0x0,
    0xe, 0xee, 0xee, 0xee, 0xee, 0xee, 0xe7, 0x0,
    0x0, 0xf, 0x50, 0x0, 0x0, 0x0, 0x0, 0xd8,
    0x0, 0x0, 0xf, 0x73, 0x33, 0x33, 0x33, 0x33,
    0xd8, 0x0, 0x0, 0xf, 0xdb, 0xbb, 0xbb, 0xbb,
    0xbb, 0xf8, 0x0, 0x0, 0xf, 0x50, 0x0, 0x0,
    0x0, 0x0, 0xc8, 0x0, 0x0, 0xe, 0xff, 0xff,
    0xff, 0xff, 0xff, 0xf7, 0x0, 0x0, 0x14, 0x4,
    0x33, 0xd8, 0x0, 0x0, 0x43, 0x0, 0x0, 0xab,
    0xc, 0x80, 0x1a, 0xe2, 0x10, 0x6f, 0x30, 0x3,
    0xf3, 0xc, 0x80, 0x0, 0x40, 0x8a, 0x8, 0xe1,
    0x2e, 0x80, 0xc, 0xa2, 0x22, 0x22, 0xc8, 0x0,
    0xc8, 0x16, 0x0, 0x5, 0xef, 0xff, 0xff, 0xd2,
    0x0, 0x10,

    /* U+611F "感" */
    0x0, 0x0, 0x0, 0x0, 0x0, 0x0, 0x0, 0x0,
    0x0, 0x0, 0x0, 0x0, 0x0, 0x0, 0x0, 0x3,
    0xf0, 0x8b, 0x20, 0x0, 0x0, 0x0, 0x0, 0x0,
    0x0, 0x2, 0xf0, 0x6, 0xe1, 0x0, 0x0, 0x5e,
    0xee, 0xee, 0xee, 0xee, 0xfe, 0xee, 0xfe, 0xe0,
    0x0, 0x5f, 0x33, 0x33, 0x33, 0x33, 0xf6, 0x33,
    0x33, 0x30, 0x0, 0x5e, 0x0, 0x0, 0x0, 0x0,
    0xc7, 0x0, 0x33, 0x0, 0x0, 0x5e, 0x3f, 0xff,
    0xff, 0xf4, 0x9a, 0x0, 0xd8, 0x0, 0x0, 0x7c,
    0x0, 0x0, 0x0, 0x0, 0x6e, 0x4, 0xf1, 0x0,
    0x0, 0x8b, 0xe, 0xff, 0xff, 0xd0, 0x1f, 0x3e,
    0x80, 0x0, 0x0, 0x99, 0xf, 0x30, 0x3, 0xe0,
    0xb, 0xed, 0x0, 0x0, 0x0, 0xd6, 0xf, 0x20,
    0x3, 0xe0, 0x9, 0xf3, 0x0, 0xb0, 0x1, 0xf1,
    0xf, 0xba, 0xab, 0xe0, 0x9f, 0xea, 0x0, 0xf0,
    0x9, 0xb0, 0x5, 0x55, 0x55, 0x5c, 0xe3, 0x3f,
    0xa9, 0xd0, 0x9, 0x30, 0x1, 0x10, 0x5, 0x5,
    0x20, 0x3, 0xbc, 0x40, 0x0, 0x6, 0xa, 0xb0,
    0xc, 0xb0, 0x0, 0x4, 0xd0, 0x0, 0x0, 0x6e,
    0xa, 0xb0, 0x0, 0xcc, 0x0, 0x41, 0xd9, 0x0,
    0x1, 0xe7, 0xa, 0xb0, 0x0, 0x17, 0x0, 0xc7,
    0x4f, 0x20, 0xa, 0xd0, 0x9, 0xd2, 0x11, 0x11,
    0x13, 0xf4, 0xc, 0x80, 0x3, 0x30, 0x3, 0xdf,
    0xff, 0xff, 0xff, 0xa0, 0x0, 0x0,

    /* U+6162 "慢" */
    0x0, 0x4, 0x20, 0x0, 0x0, 0x0, 0x0, 0x0,
    0x0, 0x0, 0x0, 0xd, 0x60, 0x2, 0xfe, 0xee,
    0xee, 0xee, 0xf5, 0x0, 0x0, 0xd, 0x60, 0x2,
    0xf0, 0x0, 0x0, 0x0, 0xf5, 0x0, 0x0, 0xd,
    0x66, 0x2, 0xfc, 0xcc, 0xcc, 0xcc, 0xf5, 0x0,
    0x9, 0x3d, 0x6e, 0x22, 0xf0, 0x0, 0x0, 0x0,
    0xf5, 0x0, 0xc, 0x2d, 0x69, 0x72, 0xfd, 0xdd,
    0xdd, 0xdd, 0xf5, 0x0, 0xe, 0x1d, 0x66, 0xa0,
    0x0, 0x0, 0x0, 0x0, 0x0, 0x0, 0x2e, 0xd,
    0x60, 0x4f, 0xee, 0xff, 0xef, 0xfe, 0xef, 0x50,
    0x5a, 0xd, 0x60, 0x3e, 0x0, 0xe2, 0x2, 0xe0,
    0xd, 0x50, 0x23, 0xd, 0x60, 0x3e, 0x0, 0xe2,
    0x2, 0xe0, 0xd, 0x50, 0x0, 0xd, 0x60, 0x3e,
    0xee, 0xee, 0xee, 0xee, 0xee, 0x50, 0x0, 0xd,
    0x60, 0x0, 0x0, 0x0, 0x0, 0x0, 0x10, 0x0,
    0x0, 0xd, 0x60, 0x9f, 0xff, 0xff, 0xff, 0xff,
    0xfa, 0x0, 0x0, 0xd, 0x60, 0x0, 0xbc, 0x10,
    0x0, 0x9, 0xf2, 0x0, 0x0, 0xd, 0x60, 0x0,
    0xd, 0xc2, 0x0, 0x9f, 0x50, 0x0, 0x0, 0xd,
    0x60, 0x0, 0x1, 0xbf, 0x8d, 0xf4, 0x0, 0x0,
    0x0, 0xd, 0x60, 0x0, 0x2, 0x7f, 0xff, 0xa2,
    0x0, 0x0, 0x0, 0xd, 0x61, 0x69, 0xcf, 0xe8,
    0x37, 0xdf, 0xd9, 0x50, 0x0, 0xd, 0x60, 0xec,
    0x84, 0x0, 0x0, 0x4, 0x8c, 0x90, 0x0, 0x0,
    0x0, 0x0, 0x0, 0x0, 0x0, 0x0, 0x0, 0x0,

    /* U+61C2 "懂" */
    0x0, 0x2, 0x40, 0x0, 0x1, 0x40, 0x0, 0x4,
    0x0, 0x0, 0x0, 0x6, 0xc0, 0x0, 0x4, 0xf0,
    0x0, 0x3f, 0x10, 0x0, 0x0, 0x6, 0xc0, 0x4f,
    0xff, 0xff, 0xff, 0xff, 0xff, 0xf0, 0x0, 0x6,
    0xc4, 0x0, 0x3, 0xf0, 0x0, 0x4f, 0x66, 0x0,
    0x4, 0xb6, 0xca, 0x65, 0xce, 0xff, 0xff, 0xdc,
    0xa8, 0x10, 0x7, 0xa6, 0xc4, 0xc0, 0x21, 0x10,
    0xc7, 0x0, 0x0, 0x0, 0x9, 0x86, 0xc0, 0x6e,
    0xee, 0xee, 0xff, 0xee, 0xee, 0xe2, 0xd, 0x46,
    0xc0, 0x0, 0x0, 0x0, 0xc8, 0x0, 0x0, 0x0,
    0x2f, 0x6, 0xc0, 0x2, 0xdd, 0xdd, 0xfe, 0xdd,
    0xdd, 0x0, 0x3, 0x6, 0xc0, 0x2, 0xf0, 0x0,
    0xb7, 0x0, 0x3f, 0x0, 0x0, 0x6, 0xc0, 0x2,
    0xfb, 0xbb, 0xed, 0xbb, 0xcf, 0x0, 0x0, 0x6,
    0xc0, 0x2, 0xf2, 0x22, 0xc9, 0x22, 0x5f, 0x0,
    0x0, 0x6, 0xc0, 0x2, 0xf1, 0x0, 0xc8, 0x0,
    0x4f, 0x0, 0x0, 0x6, 0xc0, 0x2, 0xcc, 0xcc,
    0xfe, 0xcc, 0xcc, 0x0, 0x0, 0x6, 0xc0, 0x0,
    0x0, 0x0, 0xc8, 0x0, 0x0, 0x0, 0x0, 0x6,
    0xc0, 0x7, 0xee, 0xee, 0xff, 0xee, 0xee, 0x50,
    0x0, 0x6, 0xc0, 0x0, 0x0, 0x0, 0xc8, 0x0,
    0x0, 0x0, 0x0, 0x6, 0xc0, 0x9f, 0xff, 0xff,
    0xff, 0xff, 0xff, 0xf2, 0x0, 0x6, 0xc0, 0x0,
    0x0, 0x0, 0x0, 0x0, 0x0, 0x0,

    /* U+6210 "成" */
    0x0, 0x0, 0x0, 0x0, 0x0, 0xb, 0x41, 0x70,
    0x0, 0x0, 0x0, 0x0, 0x0, 0x0, 0x0, 0xf,
    0x62, 0xce, 0x50, 0x0, 0x0, 0x0, 0x0, 0x0,
    0x0, 0xf, 0x60, 0x6, 0xf8, 0x0, 0x0, 0x14,
    0x44, 0x44, 0x44, 0x4f, 0x94, 0x44, 0x78, 0x40,
    0x0, 0x5f, 0xff, 0xff, 0xff, 0xff, 0xff, 0xff,
    0xff, 0xf0, 0x0, 0x5f, 0x0, 0x0, 0x0, 0xc,
    0x90, 0x0, 0x0, 0x0, 0x0, 0x5f, 0x0, 0x0,
    0x0, 0xa, 0xb0, 0x0, 0x21, 0x0, 0x0, 0x5f,
    0x44, 0x44, 0x40, 0x8, 0xc0, 0x0, 0xe8, 0x0,
    0x0, 0x5f, 0xff, 0xff, 0xf2, 0x6, 0xe0, 0x4,
    0xf2, 0x0, 0x0, 0x6f, 0x0, 0x2, 0xf2, 0x4,
    0xf1, 0xb, 0xb0, 0x0, 0x0, 0x7f, 0x0, 0x2,
    0xf1, 0x1, 0xf4, 0x3f, 0x50, 0x0, 0x0, 0x8e,
    0x0, 0x3, 0xf1, 0x0, 0xd8, 0xcc, 0x0, 0x0,
    0x0, 0x9c, 0x0, 0x4, 0xf0, 0x0, 0xaf, 0xf2,
    0x0, 0x0, 0x0, 0xba, 0x0, 0x5, 0xf0, 0x0,
    0x6f, 0x80, 0x0, 0x30, 0x0, 0xf7, 0x25, 0x5c,
    0xc0, 0x4, 0xff, 0x70, 0x1, 0xf1, 0x4, 0xf2,
    0x2d, 0xdc, 0x40, 0x7f, 0xba, 0xf2, 0x3, 0xf0,
    0xc, 0xc0, 0x0, 0x0, 0x5e, 0xf8, 0x1, 0xde,
    0x7b, 0xb0, 0x1e, 0x40, 0x0, 0x0, 0x8b, 0x20,
    0x0, 0x1a, 0xee, 0x30, 0x1, 0x0, 0x0, 0x0,
    0x0, 0x0, 0x0, 0x0, 0x0, 0x0,

    /* U+6211 "我" */
    0x0, 0x0, 0x0, 0x1, 0x65, 0x8, 0x80, 0x11,
    0x0, 0x0, 0x0, 0x3, 0x69, 0xdf, 0xfa, 0xa,
    0xb0, 0x9e, 0x20, 0x0, 0x7, 0xff, 0xdd, 0xe3,
    0x0, 0x9, 0xc0, 0xa, 0xe2, 0x0, 0x1, 0x20,
    0x7, 0xd0, 0x0, 0x8, 0xd0, 0x0, 0xbd, 0x10,
    0x0, 0x0, 0x7, 0xd0, 0x0, 0x7, 0xd0, 0x0,
    0x18, 0x0, 0x0, 0x0, 0x7, 0xd0, 0x0, 0x7,
    0xe0, 0x0, 0x0, 0x0, 0xc, 0xff, 0xff, 0xff,
    0xff, 0xff, 0xff, 0xff, 0xff, 0xe0, 0x4, 0x44,
    0x4a, 0xe4, 0x44, 0x47, 0xf6, 0x44, 0x44, 0x40,
    0x0, 0x0, 0x7, 0xd0, 0x0, 0x2, 0xf3, 0x0,
    0x44, 0x0, 0x0, 0x0, 0x7, 0xd0, 0x0, 0x0,
    0xf6, 0x0, 0xe8, 0x0, 0x0, 0x0, 0x7, 0xd3,
    0x7b, 0x70, 0xd8, 0x9, 0xe0, 0x0, 0x0, 0x25,
    0x9d, 0xff, 0xd9, 0x30, 0xac, 0x5f, 0x40, 0x0,
    0xe, 0xff, 0xdd, 0xe1, 0x0, 0x0, 0x6f, 0xf8,
    0x0, 0x0, 0x7, 0x51, 0x7, 0xd0, 0x0, 0x0,
    0x4f, 0xb0, 0x0, 0x0, 0x0, 0x0, 0x7, 0xd0,
    0x0, 0x4, 0xff, 0x90, 0x0, 0xc2, 0x0, 0x0,
    0x7, 0xd0, 0x0, 0x6f, 0xa8, 0xf0, 0x0, 0xf2,
    0x0, 0x0, 0x7, 0xd0, 0x2c, 0xf8, 0x1, 0xf9,
    0x2, 0xf0, 0x0, 0x35, 0x5b, 0xc0, 0x9d, 0x30,
    0x0, 0x6f, 0x99, 0xc0, 0x0, 0x7f, 0xfd, 0x50,
    0x0, 0x0, 0x0, 0x6, 0xef, 0x40, 0x0, 0x0,
    0x0, 0x0, 0x0, 0x0, 0x0, 0x0, 0x0, 0x0,

    /* U+624D "才" */
    0x0, 0x0, 0x0, 0x0, 0x0, 0x0, 0x83, 0x0,
    0x0, 0x0, 0x0, 0x0, 0x0, 0x0, 0x0, 0xf,
    0x60, 0x0, 0x0, 0x0, 0x0, 0x0, 0x0, 0x0,
    0x0, 0xf6, 0x0, 0x0, 0x0, 0x0, 0x0, 0x0,
    0x0, 0x0, 0xf, 0x60, 0x0, 0x0, 0x3, 0x77,
    0x77, 0x77, 0x77, 0x77, 0xfb, 0x77, 0x77, 0x60,
    0x6e, 0xee, 0xee, 0xee, 0xef, 0xff, 0xfe, 0xee,
    0xed, 0x0, 0x0, 0x0, 0x0, 0x0, 0xcd, 0xf6,
    0x0, 0x0, 0x0, 0x0, 0x0, 0x0, 0x0, 0x8f,
    0x3f, 0x60, 0x0, 0x0, 0x0, 0x0, 0x0, 0x0,
    0x4f, 0x60, 0xf6, 0x0, 0x0, 0x0, 0x0, 0x0,
    0x0, 0x4f, 0x90, 0xf, 0x60, 0x0, 0x0, 0x0,
    0x0, 0x0, 0x4f, 0xa0, 0x0, 0xf6, 0x0, 0x0,
    0x0, 0x0, 0x0, 0x5f, 0xa0, 0x0, 0xf, 0x60,
    0x0, 0x0, 0x0, 0x0, 0x8f, 0x90, 0x0, 0x0,
    0xf6, 0x0, 0x0, 0x0, 0x3, 0xcf, 0x60, 0x0,
    0x0, 0xf, 0x60, 0x0, 0x0, 0x9, 0xfd, 0x30,
    0x0, 0x0, 0x0, 0xf6, 0x0, 0x0, 0x0, 0x68,
    0x0, 0x0, 0x0, 0x0, 0xf, 0x60, 0x0, 0x0,
    0x0, 0x0, 0x0, 0x0, 0x45, 0x57, 0xf5, 0x0,
    0x0, 0x0, 0x0, 0x0, 0x0, 0x7, 0xff, 0xea,
    0x10, 0x0, 0x0, 0x0, 0x0, 0x0, 0x0, 0x0,
    0x0, 0x0, 0x0, 0x0, 0x0,

    /* U+6253 "打" */
    0x0, 0x0, 0xe6, 0x0, 0x0, 0x0, 0x0, 0x0,
    0x0, 0x0, 0x0, 0x0, 0xe6, 0x0, 0x34, 0x44,
    0x44, 0x44, 0x44, 0x40, 0x0, 0x0, 0xe6, 0x0,
    0xaf, 0xff, 0xff, 0xff, 0xff, 0xf2, 0x0, 0x0,
    0xe6, 0x0, 0x0, 0x0, 0x0, 0xe8, 0x0, 0x0,
    0xe, 0xee, 0xff, 0xee, 0x30, 0x0, 0x0, 0xe7,
    0x0, 0x0, 0x5, 0x55, 0xfa, 0x55, 0x10, 0x0,
    0x0, 0xe7, 0x0, 0x0, 0x0, 0x0, 0xe6, 0x0,
    0x0, 0x0, 0x0, 0xe7, 0x0, 0x0, 0x0, 0x0,
    0xe6, 0x0, 0x0, 0x0, 0x0, 0xe7, 0x0, 0x0,
    0x0, 0x0, 0xe6, 0x3, 0x20, 0x0, 0x0, 0xe7,
    0x0, 0x0, 0x0, 0x1, 0xfd, 0xff, 0x50, 0x0,
    0x0, 0xe7, 0x0, 0x0, 0x8, 0xdf, 0xfc, 0x51,
    0x0, 0x0, 0x0, 0xe7, 0x0, 0x0, 0xc, 0x84,
    0xf6, 0x0, 0x0, 0x0, 0x0, 0xe7, 0x0, 0x0,
    0x0, 0x0, 0xe6, 0x0, 0x0, 0x0, 0x0, 0xe7,
    0x0, 0x0, 0x0, 0x0, 0xe6, 0x0, 0x0, 0x0,
    0x0, 0xe7, 0x0, 0x0, 0x0, 0x0, 0xe6, 0x0,
    0x0, 0x0, 0x0, 0xe7, 0x0, 0x0, 0x0, 0x0,
    0xe6, 0x0, 0x0, 0x0, 0x0, 0xe7, 0x0, 0x0,
    0x1, 0x44, 0xf5, 0x0, 0x0, 0x34, 0x45, 0xf6,
    0x0, 0x0, 0x2, 0xff, 0xc1, 0x0, 0x0, 0x7f,
    0xff, 0xd2, 0x0, 0x0, 0x0, 0x0, 0x0, 0x0,
    0x0, 0x1, 0x10, 0x0, 0x0, 0x0,

    /* U+626B "扫" */
    0x0, 0x0, 0x20, 0x0, 0x0, 0x0, 0x0, 0x0,
    0x0, 0x0, 0x0, 0xe, 0x50, 0x0, 0x0, 0x0,
    0x0, 0x0, 0x0, 0x0, 0x0, 0xe5, 0x0, 0x12,
    0x22, 0x22, 0x22, 0x22, 0x0, 0x0, 0xe, 0x50,
    0x9, 0xff, 0xff, 0xff, 0xff, 0xf0, 0x0, 0x0,
    0xe5, 0x0, 0x12, 0x22, 0x22, 0x22, 0x6f, 0x0,
    0xef, 0xff, 0xff, 0xf0, 0x0, 0x0, 0x0, 0x4,
    0xf0, 0x4, 0x44, 0xf8, 0x44, 0x0, 0x0, 0x0,
    0x0, 0x4f, 0x0, 0x0, 0xe, 0x50, 0x0, 0x0,
    0x0, 0x0, 0x4, 0xf0, 0x0, 0x0, 0xe5, 0x0,
    0x0, 0x0, 0x0, 0x0, 0x4f, 0x0, 0x0, 0xe,
    0x50, 0x0, 0x55, 0x55, 0x55, 0x58, 0xf0, 0x0,
    0x0, 0xe8, 0x6b, 0x2f, 0xff, 0xff, 0xff, 0xff,
    0x0, 0x47, 0xbf, 0xfd, 0x91, 0x0, 0x0, 0x0,
    0x4, 0xf0, 0xf, 0xd9, 0xf6, 0x0, 0x0, 0x0,
    0x0, 0x0, 0x4f, 0x0, 0x10, 0xe, 0x50, 0x0,
    0x0, 0x0, 0x0, 0x4, 0xf0, 0x0, 0x0, 0xe5,
    0x0, 0x0, 0x0, 0x0, 0x0, 0x4f, 0x0, 0x0,
    0xe, 0x50, 0x0, 0x0, 0x0, 0x0, 0x4, 0xf0,
    0x0, 0x0, 0xe5, 0x0, 0x34, 0x44, 0x44, 0x44,
    0x7f, 0x0, 0x13, 0x4f, 0x50, 0xb, 0xff, 0xff,
    0xff, 0xff, 0xf0, 0x2, 0xff, 0xc1, 0x0, 0x0,
    0x0, 0x0, 0x0, 0x4f, 0x0, 0x0, 0x0, 0x0,
    0x0, 0x0, 0x0, 0x0, 0x0, 0x0,

    /* U+627E "找" */
    0x0, 0x0, 0x20, 0x0, 0x0, 0x1, 0x0, 0x0,
    0x0, 0x0, 0x0, 0x1, 0xf2, 0x0, 0x0, 0x4f,
    0x10, 0x60, 0x0, 0x0, 0x0, 0x1, 0xf2, 0x0,
    0x0, 0x2f, 0x22, 0xeb, 0x0, 0x0, 0x0, 0x1,
    0xf2, 0x0, 0x0, 0x1f, 0x30, 0x2e, 0x90, 0x0,
    0x0, 0x1, 0xf2, 0x0, 0x0, 0xf, 0x40, 0x4,
    0xe1, 0x0, 0xe, 0xee, 0xfe, 0xe9, 0x0, 0xf,
    0x50, 0x1, 0x34, 0x30, 0x5, 0x57, 0xf7, 0x54,
    0x56, 0x8f, 0xdd, 0xff, 0xff, 0x90, 0x0, 0x1,
    0xf2, 0x0, 0xed, 0xbe, 0xc6, 0x42, 0x10, 0x0,
    0x0, 0x1, 0xf2, 0x0, 0x0, 0x9, 0xb0, 0x0,
    0x30, 0x0, 0x0, 0x1, 0xf2, 0x3, 0x0, 0x7,
    0xe0, 0x0, 0xe7, 0x0, 0x0, 0x3, 0xfc, 0xfc,
    0x0, 0x4, 0xf1, 0x8, 0xe0, 0x0, 0x19, 0xef,
    0xf9, 0x40, 0x0, 0x1, 0xf5, 0x3f, 0x50, 0x0,
    0xb, 0x74, 0xf2, 0x0, 0x0, 0x0, 0xcb, 0xea,
    0x0, 0x0, 0x0, 0x1, 0xf2, 0x0, 0x0, 0x0,
    0x8f, 0xc0, 0x0, 0x0, 0x0, 0x1, 0xf2, 0x0,
    0x0, 0x2, 0xdf, 0x50, 0x0, 0x60, 0x0, 0x1,
    0xf2, 0x0, 0x0, 0x4f, 0xcd, 0xc0, 0x0, 0xe4,
    0x0, 0x1, 0xf2, 0x0, 0x2a, 0xf9, 0x4, 0xf7,
    0x1, 0xf1, 0x2, 0x36, 0xf2, 0x4, 0xfd, 0x40,
    0x0, 0x8f, 0xab, 0xd0, 0x5, 0xff, 0xa0, 0x0,
    0x40, 0x0, 0x0, 0x7, 0xef, 0x40, 0x0, 0x0,
    0x0, 0x0, 0x0, 0x0, 0x0, 0x0, 0x0, 0x0,

    /* U+628A "把" */
    0x0, 0x2, 0x40, 0x0, 0x0, 0x0, 0x0, 0x0,
    0x0, 0x0, 0x0, 0x7, 0xd0, 0x0, 0xde, 0xee,
    0xee, 0xee, 0xee, 0x30, 0x0, 0x7, 0xd0, 0x0,
    0xea, 0x55, 0x9f, 0x55, 0x7f, 0x30, 0x0, 0x7,
    0xd0, 0x0, 0xe6, 0x0, 0x5e, 0x0, 0x2f, 0x30,
    0xd, 0xef, 0xfe, 0xd0, 0xe6, 0x0, 0x5e, 0x0,
    0x2f, 0x30, 0x5, 0x5a, 0xe5, 0x50, 0xe6, 0x0,
    0x5e, 0x0, 0x2f, 0x30, 0x0, 0x7, 0xd0, 0x0,
    0xe6, 0x0, 0x5e, 0x0, 0x2f, 0x30, 0x0, 0x7,
    0xd0, 0x0, 0xe6, 0x0, 0x5e, 0x0, 0x2f, 0x30,
    0x0, 0x7, 0xd0, 0x0, 0xe6, 0x0, 0x5e, 0x0,
    0x2f, 0x30, 0x0, 0x7, 0xe9, 0xd3, 0xef, 0xff,
    0xff, 0xff, 0xff, 0x30, 0x6, 0xbf, 0xfb, 0x71,
    0xe9, 0x55, 0x55, 0x55, 0x6f, 0x30, 0xd, 0x9a,
    0xd0, 0x0, 0xe6, 0x0, 0x0, 0x0, 0x18, 0x10,
    0x0, 0x7, 0xd0, 0x0, 0xe6, 0x0, 0x0, 0x0,
    0x0, 0x0, 0x0, 0x7, 0xd0, 0x0, 0xe6, 0x0,
    0x0, 0x0, 0x0, 0x20, 0x0, 0x7, 0xd0, 0x0,
    0xe6, 0x0, 0x0, 0x0, 0x0, 0xf4, 0x0, 0x7,
    0xd0, 0x0, 0xe7, 0x0, 0x0, 0x0, 0x2, 0xf2,
    0x0, 0x7, 0xd0, 0x0, 0xcc, 0x54, 0x44, 0x44,
    0x4b, 0xe0, 0x1, 0x3a, 0xc0, 0x0, 0x3c, 0xff,
    0xff, 0xff, 0xfd, 0x40, 0x4, 0xfe, 0x60, 0x0,
    0x0, 0x0, 0x0, 0x0, 0x0, 0x0, 0x0, 0x0,
    0x0, 0x0, 0x0, 0x0, 0x0, 0x0, 0x0, 0x0,

    /* U+6293 "抓" */
    0x0, 0x1, 0x20, 0x0, 0x0, 0x0, 0x0, 0x0,
    0x0, 0x0, 0x0, 0x7, 0xc0, 0x0, 0x0, 0x0,
    0x0, 0x3, 0x77, 0x0, 0x0, 0x7, 0xc0, 0x0,
    0x13, 0x57, 0x9c, 0xff, 0xe9, 0x10, 0x0, 0x7,
    0xc0, 0x1, 0xff, 0xed, 0xf7, 0x4a, 0xa0, 0x0,
    0x0, 0x7, 0xc0, 0x1, 0xf1, 0x4, 0xe0, 0x8,
    0xa0, 0x0, 0xe, 0xef, 0xfe, 0xe5, 0xf1, 0x4,
    0xe0, 0x7, 0xb0, 0x0, 0x5, 0x5a, 0xd5, 0x53,
    0xf1, 0x4, 0xe0, 0x7, 0xc0, 0x0, 0x0, 0x7,
    0xc0, 0x2, 0xf1, 0x4, 0xe0, 0x6, 0xc0, 0x0,
    0x0, 0x7, 0xc0, 0x2, 0xf1, 0x4, 0xe0, 0x5,
    0xe0, 0x0, 0x0, 0x7, 0xc0, 0x23, 0xf0, 0x4,
    0xe0, 0x3, 0xf0, 0x0, 0x0, 0x8, 0xec, 0xf6,
    0xf0, 0x4, 0xe0, 0x2, 0xf1, 0x0, 0x19, 0xef,
    0xe7, 0x25, 0xe0, 0x4, 0xe0, 0x0, 0xf3, 0x0,
    0xc, 0x79, 0xc0, 0x6, 0xc0, 0x4, 0xe0, 0x0,
    0xe5, 0x0, 0x0, 0x7, 0xc0, 0x9, 0xa0, 0x4,
    0xe0, 0x0, 0xb9, 0x0, 0x0, 0x7, 0xc0, 0xd,
    0x60, 0x4, 0xe0, 0x0, 0x8c, 0x0, 0x0, 0x7,
    0xc0, 0xf, 0x30, 0x4, 0xe0, 0x0, 0x4f, 0x10,
    0x0, 0x7, 0xc0, 0x6e, 0x0, 0x4, 0xe0, 0x0,
    0xe, 0x70, 0x2, 0x3a, 0xb0, 0xd8, 0x0, 0x4,
    0xe0, 0x0, 0x8, 0xe0, 0x8, 0xfd, 0x50, 0xb1,
    0x0, 0x4, 0xe0, 0x0, 0x1, 0x90,

    /* U+6295 "投" */
    0x0, 0x0, 0x20, 0x0, 0x0, 0x0, 0x0, 0x0,
    0x0, 0x0, 0x0, 0x4, 0xf0, 0x0, 0x0, 0x0,
    0x0, 0x0, 0x0, 0x0, 0x0, 0x4, 0xf0, 0x0,
    0x5, 0xff, 0xff, 0xfe, 0x0, 0x0, 0x0, 0x4,
    0xf0, 0x0, 0x5, 0xf3, 0x33, 0x7e, 0x0, 0x0,
    0x0, 0x4, 0xf0, 0x0, 0x6, 0xe0, 0x0, 0x5e,
    0x0, 0x0, 0xc, 0xcd, 0xfc, 0xc7, 0x9, 0xc0,
    0x0, 0x5e, 0x0, 0x0, 0x6, 0x69, 0xf6, 0x64,
    0x1e, 0x70, 0x0, 0x5f, 0x0, 0x0, 0x0, 0x4,
    0xf0, 0x1, 0xcd, 0x0, 0x0, 0x3f, 0xdd, 0xd0,
    0x0, 0x4, 0xf0, 0xd, 0xd2, 0x0, 0x0, 0x3,
    0x55, 0x50, 0x0, 0x4, 0xf0, 0x2, 0x0, 0x0,
    0x0, 0x0, 0x0, 0x0, 0x0, 0x4, 0xf8, 0xc8,
    0xff, 0xff, 0xff, 0xff, 0xfa, 0x0, 0x6, 0xae,
    0xfc, 0x83, 0xcd, 0x54, 0x44, 0x46, 0xf4, 0x0,
    0x1e, 0xa9, 0xf0, 0x0, 0x2f, 0x50, 0x0, 0xb,
    0xc0, 0x0, 0x0, 0x4, 0xf0, 0x0, 0x8, 0xe2,
    0x0, 0x7f, 0x30, 0x0, 0x0, 0x4, 0xf0, 0x0,
    0x0, 0xae, 0x38, 0xf4, 0x0, 0x0, 0x0, 0x4,
    0xf0, 0x0, 0x0, 0xb, 0xff, 0x40, 0x0, 0x0,
    0x0, 0x4, 0xf0, 0x0, 0x2, 0x9f, 0xdf, 0xc4,
    0x0, 0x0, 0x2, 0x37, 0xf0, 0x27, 0xbf, 0xd5,
    0x2, 0xaf, 0xd8, 0x40, 0x8, 0xfe, 0x90, 0xce,
    0x94, 0x0, 0x0, 0x3, 0x8d, 0xe1, 0x0, 0x0,
    0x0, 0x0, 0x0, 0x0, 0x0, 0x0, 0x0, 0x0,

    /* U+62E5 "拥" */
    0x0, 0x5, 0x70, 0x0, 0x0, 0x0, 0x0, 0x0,
    0x0, 0x0, 0x0, 0x9b, 0x0, 0x4, 0x44, 0x44,
    0x44, 0x44, 0x41, 0x0, 0x9, 0xb0, 0x0, 0xff,
    0xff, 0xff, 0xff, 0xff, 0x50, 0x0, 0x9b, 0x0,
    0xf, 0x30, 0x4, 0xe0, 0x0, 0xe5, 0x1b, 0xbe,
    0xeb, 0xb1, 0xf3, 0x0, 0x4e, 0x0, 0xe, 0x50,
    0x66, 0xcd, 0x66, 0x1f, 0x30, 0x4, 0xe0, 0x0,
    0xe5, 0x0, 0x9, 0xb0, 0x0, 0xff, 0xff, 0xff,
    0xff, 0xff, 0x50, 0x0, 0x9b, 0x0, 0xf, 0x64,
    0x47, 0xf4, 0x44, 0xf5, 0x0, 0x9, 0xb0, 0x0,
    0xf3, 0x0, 0x4e, 0x0, 0xe, 0x50, 0x0, 0x9d,
    0xae, 0x1f, 0x30, 0x4, 0xe0, 0x0, 0xe5, 0x5,
    0xaf, 0xfb, 0x61, 0xf4, 0x11, 0x6e, 0x11, 0x1e,
    0x54, 0xfb, 0xcb, 0x0, 0x2f, 0xff, 0xff, 0xff,
    0xff, 0xf5, 0x1, 0x9, 0xb0, 0x4, 0xf1, 0x11,
    0x6e, 0x11, 0x1e, 0x50, 0x0, 0x9b, 0x0, 0x6c,
    0x0, 0x4, 0xe0, 0x0, 0xe5, 0x0, 0x9, 0xb0,
    0xb, 0x90, 0x0, 0x4e, 0x0, 0xe, 0x50, 0x0,
    0x9b, 0x0, 0xf6, 0x0, 0x4, 0xe0, 0x0, 0xe5,
    0x0, 0x9, 0xb0, 0x7f, 0x10, 0x0, 0x4e, 0x0,
    0xe, 0x50, 0x34, 0xba, 0x1f, 0xa0, 0x0, 0x4,
    0xe1, 0x44, 0xf5, 0x9, 0xfd, 0x40, 0xa1, 0x0,
    0x0, 0x0, 0x1f, 0xfc, 0x10, 0x0, 0x0, 0x0,
    0x0, 0x0, 0x0, 0x0, 0x0, 0x0,

    /* U+62E9 "择" */
    0x0, 0x1, 0x30, 0x0, 0x0, 0x0, 0x0, 0x0,
    0x0, 0x0, 0x0, 0x5, 0xe0, 0x0, 0xdd, 0xdd,
    0xdd, 0xdd, 0xdd, 0x20, 0x0, 0x5, 0xe0, 0x0,
    0x59, 0xf6, 0x55, 0x55, 0xdb, 0x0, 0x0, 0x5,
    0xe0, 0x0, 0x0, 0xc9, 0x0, 0x8, 0xf1, 0x0,
    0xe, 0xef, 0xfe, 0xe5, 0x0, 0x2e, 0x90, 0x9f,
    0x40, 0x0, 0x5, 0x59, 0xf5, 0x51, 0x0, 0x3,
    0xee, 0xe3, 0x0, 0x0, 0x0, 0x5, 0xe0, 0x0,
    0x0, 0x6, 0xef, 0xd4, 0x0, 0x0, 0x0, 0x5,
    0xe0, 0x0, 0x5, 0xdf, 0x82, 0xaf, 0xa3, 0x0,
    0x0, 0x5, 0xe0, 0x7, 0xef, 0xa2, 0x0, 0x4,
    0xcf, 0xd4, 0x0, 0x5, 0xf5, 0x95, 0x71, 0x0,
    0x3c, 0x0, 0x2, 0x81, 0x3, 0x7d, 0xfd, 0x81,
    0x14, 0x44, 0x7f, 0x44, 0x43, 0x0, 0x1f, 0xdb,
    0xf0, 0x0, 0x6f, 0xff, 0xff, 0xff, 0xfd, 0x0,
    0x1, 0x5, 0xe0, 0x0, 0x0, 0x0, 0x4f, 0x0,
    0x0, 0x0, 0x0, 0x5, 0xe0, 0x0, 0x0, 0x0,
    0x4f, 0x0, 0x0, 0x0, 0x0, 0x5, 0xe0, 0xa,
    0xff, 0xff, 0xff, 0xff, 0xff, 0xf5, 0x0, 0x5,
    0xe0, 0x2, 0x33, 0x33, 0x7f, 0x33, 0x33, 0x31,
    0x0, 0x5, 0xe0, 0x0, 0x0, 0x0, 0x4f, 0x0,
    0x0, 0x0, 0x2, 0x49, 0xe0, 0x0, 0x0, 0x0,
    0x4f, 0x0, 0x0, 0x0, 0x6, 0xfe, 0x70, 0x0,
    0x0, 0x0, 0x4f, 0x0, 0x0, 0x0,

    /* U+62F3 "拳" */
    0x0, 0x0, 0x0, 0x0, 0x2, 0xa0, 0x0, 0x0,
    0x0, 0x0, 0x0, 0x0, 0x5d, 0x0, 0x6, 0xd0,
    0x0, 0x8a, 0x0, 0x0, 0x0, 0x0, 0xc, 0xa0,
    0xb, 0x90, 0x3, 0xf3, 0x0, 0x0, 0x0, 0x13,
    0x35, 0xc3, 0x4f, 0x73, 0x3d, 0xa3, 0x31, 0x0,
    0x0, 0x5f, 0xff, 0xff, 0xff, 0xff, 0xff, 0xff,
    0xf7, 0x0, 0x0, 0x0, 0x0, 0x2, 0xf5, 0x0,
    0x0, 0x0, 0x0, 0x0, 0x2, 0x33, 0x33, 0x3b,
    0xe3, 0x33, 0x33, 0x33, 0x33, 0x30, 0x8, 0xee,
    0xee, 0xff, 0xee, 0xee, 0xff, 0xee, 0xee, 0xd0,
    0x0, 0x0, 0x9, 0xf4, 0x0, 0x0, 0x2e, 0x90,
    0x0, 0x0, 0x0, 0x0, 0xbf, 0x85, 0x68, 0xac,
    0xf9, 0xfb, 0x10, 0x0, 0x0, 0x6e, 0xd5, 0xa9,
    0x8c, 0xd3, 0x0, 0x2d, 0xe7, 0x10, 0xd, 0xf8,
    0x11, 0x11, 0x19, 0xc1, 0x11, 0x11, 0x8f, 0xf6,
    0x4, 0x10, 0x8e, 0xee, 0xef, 0xfe, 0xee, 0xed,
    0x1, 0x61, 0x0, 0x0, 0x0, 0x0, 0x8, 0xc0,
    0x0, 0x0, 0x0, 0x0, 0x0, 0x9f, 0xff, 0xff,
    0xff, 0xff, 0xff, 0xff, 0xfd, 0x0, 0x0, 0x1,
    0x11, 0x11, 0x19, 0xc1, 0x11, 0x11, 0x11, 0x0,
    0x0, 0x0, 0x0, 0x0, 0x8, 0xc0, 0x0, 0x0,
    0x0, 0x0, 0x0, 0x0, 0x0, 0x11, 0x1a, 0xb0,
    0x0, 0x0, 0x0, 0x0, 0x0, 0x0, 0x0, 0x8f,
    0xfd, 0x40, 0x0, 0x0, 0x0, 0x0,

    /* U+6309 "按" */
    0x0, 0x2, 0x40, 0x0, 0x0, 0x0, 0x42, 0x0,
    0x0, 0x0, 0x0, 0x6, 0xe0, 0x0, 0x0, 0x0,
    0xca, 0x0, 0x0, 0x0, 0x0, 0x6, 0xe0, 0x0,
    0x22, 0x22, 0x8f, 0x22, 0x22, 0x20, 0x0, 0x6,
    0xe0, 0x5, 0xfd, 0xdd, 0xdd, 0xdd, 0xde, 0xe0,
    0x2e, 0xef, 0xfe, 0xe7, 0xf0, 0x1, 0x30, 0x0,
    0x5, 0xe0, 0x5, 0x59, 0xf5, 0x55, 0xf0, 0x7,
    0xf0, 0x0, 0x5, 0xe0, 0x0, 0x6, 0xe0, 0x3,
    0xa0, 0xc, 0xa0, 0x0, 0x3, 0x90, 0x0, 0x6,
    0xe0, 0x0, 0x0, 0x2f, 0x40, 0x0, 0x0, 0x0,
    0x0, 0x6, 0xe0, 0xd, 0xff, 0xff, 0xff, 0xff,
    0xff, 0xf3, 0x0, 0x6, 0xe0, 0x36, 0x44, 0xf9,
    0x44, 0x4a, 0xe4, 0x40, 0x0, 0x8, 0xfe, 0xf6,
    0x6, 0xf1, 0x0, 0xc, 0xa0, 0x0, 0x2a, 0xff,
    0xf7, 0x10, 0xd, 0x90, 0x0, 0x1f, 0x50, 0x0,
    0x2d, 0x78, 0xe0, 0x0, 0x6f, 0x70, 0x0, 0x7f,
    0x10, 0x0, 0x0, 0x6, 0xe0, 0x0, 0x8, 0xfc,
    0x41, 0xf8, 0x0, 0x0, 0x0, 0x6, 0xe0, 0x0,
    0x0, 0x2a, 0xfe, 0xe0, 0x0, 0x0, 0x0, 0x6,
    0xe0, 0x0, 0x0, 0x1, 0xcf, 0xf7, 0x0, 0x0,
    0x0, 0x6, 0xe0, 0x0, 0x0, 0x5e, 0xd3, 0x8f,
    0xc2, 0x0, 0x2, 0x38, 0xe0, 0x3, 0x9e, 0xf8,
    0x0, 0x2, 0xdf, 0x60, 0x8, 0xfe, 0x70, 0x6,
    0xc6, 0x10, 0x0, 0x0, 0x9, 0x90, 0x0, 0x0,
    0x0, 0x0, 0x0, 0x0, 0x0, 0x0, 0x0, 0x0,

    /* U+6355 "捕" */
    0x0, 0x1, 0x40, 0x0, 0x0, 0x0, 0x14, 0x0,
    0x0, 0x0, 0x0, 0x4f, 0x0, 0x0, 0x0, 0x5,
    0xe1, 0xd9, 0x10, 0x0, 0x4, 0xf0, 0x0, 0x0,
    0x0, 0x5e, 0x0, 0x8e, 0x20, 0x0, 0x4f, 0x0,
    0x7c, 0xcc, 0xcd, 0xfc, 0xcc, 0xda, 0x2e, 0xef,
    0xfe, 0xe6, 0x44, 0x44, 0x8f, 0x44, 0x44, 0x30,
    0x55, 0x8f, 0x55, 0x10, 0x0, 0x5, 0xe0, 0x0,
    0x0, 0x0, 0x4, 0xf0, 0x0, 0x44, 0x44, 0x8f,
    0x44, 0x44, 0x10, 0x0, 0x4f, 0x0, 0xf, 0xff,
    0xff, 0xff, 0xff, 0xf5, 0x0, 0x4, 0xf0, 0x0,
    0xf5, 0x0, 0x5e, 0x0, 0xe, 0x50, 0x0, 0x4f,
    0x7b, 0x5f, 0x61, 0x16, 0xe1, 0x11, 0xe5, 0x5,
    0x9e, 0xfc, 0x71, 0xff, 0xff, 0xff, 0xff, 0xff,
    0x54, 0xfb, 0x9f, 0x0, 0xf, 0x50, 0x5, 0xe0,
    0x0, 0xe5, 0x0, 0x4, 0xf0, 0x0, 0xf5, 0x0,
    0x5e, 0x0, 0xe, 0x50, 0x0, 0x4f, 0x0, 0xf,
    0xff, 0xff, 0xff, 0xff, 0xf5, 0x0, 0x4, 0xf0,
    0x0, 0xf7, 0x33, 0x7f, 0x33, 0x3f, 0x50, 0x0,
    0x4f, 0x0, 0xf, 0x50, 0x5, 0xe0, 0x0, 0xe5,
    0x0, 0x4, 0xf0, 0x0, 0xf5, 0x0, 0x5e, 0x0,
    0xe, 0x50, 0x23, 0x7f, 0x0, 0xf, 0x50, 0x5,
    0xe0, 0x12, 0xf5, 0x7, 0xfe, 0x80, 0x0, 0xf5,
    0x0, 0x4c, 0xd, 0xfd, 0x10, 0x0, 0x0, 0x0,
    0x0, 0x0, 0x0, 0x0, 0x0, 0x0,

    /* U+636E "据" */
    0x0, 0x3, 0x30, 0x0, 0x0, 0x0, 0x0, 0x0,
    0x0, 0x0, 0x0, 0x8, 0xa0, 0x0, 0xff, 0xff,
    0xff, 0xff, 0xff, 0x30, 0x0, 0x8, 0xa0, 0x0,
    0xf7, 0x33, 0x33, 0x33, 0x4f, 0x30, 0x0, 0x8,
    0xa0, 0x0, 0xf4, 0x0, 0x0, 0x0, 0xf, 0x30,
    0x1b, 0xbe, 0xeb, 0xb0, 0xf4, 0x0, 0x0, 0x0,
    0xf, 0x30, 0x18, 0x8c, 0xd8, 0x80, 0xff, 0xff,
    0xff, 0xff, 0xff, 0x30, 0x0, 0x8, 0xa0, 0x0,
    0xf7, 0x22, 0x2e, 0x72, 0x22, 0x0, 0x0, 0x8,
    0xa0, 0x0, 0xf4, 0x0, 0xe, 0x50, 0x0, 0x0,
    0x0, 0x8, 0xa0, 0x1, 0xf8, 0x55, 0x5e, 0x95,
    0x55, 0x50, 0x0, 0x8, 0xb5, 0x91, 0xfe, 0xdd,
    0xdf, 0xed, 0xdd, 0xd1, 0x4, 0x8d, 0xfc, 0x82,
    0xf2, 0x0, 0xe, 0x50, 0x0, 0x0, 0x3e, 0xac,
    0xb0, 0x4, 0xf0, 0x0, 0xe, 0x50, 0x0, 0x0,
    0x0, 0x8, 0xa0, 0x6, 0xe4, 0xff, 0xff, 0xff,
    0xff, 0x40, 0x0, 0x8, 0xa0, 0x9, 0xb4, 0xe2,
    0x22, 0x22, 0x2e, 0x40, 0x0, 0x8, 0xa0, 0xd,
    0x94, 0xe0, 0x0, 0x0, 0xe, 0x40, 0x0, 0x8,
    0xa0, 0x2f, 0x44, 0xe0, 0x0, 0x0, 0xe, 0x40,
    0x0, 0x8, 0xa0, 0x9f, 0x4, 0xe2, 0x22, 0x22,
    0x2e, 0x40, 0x4, 0x5c, 0xa1, 0xf8, 0x4, 0xfe,
    0xee, 0xee, 0xef, 0x40, 0x8, 0xdb, 0x30, 0xa1,
    0x4, 0xe0, 0x0, 0x0, 0xd, 0x40,

    /* U+63A2 "探" */
    0x0, 0x1, 0x20, 0x0, 0x0, 0x0, 0x0, 0x0,
    0x0, 0x0, 0x0, 0x9, 0xa0, 0x0, 0x0, 0x0,
    0x0, 0x0, 0x0, 0x0, 0x0, 0x9, 0xa0, 0x9,
    0xdd, 0xdd, 0xdd, 0xdd, 0xdd, 0x30, 0x0, 0x9,
    0xa0, 0xa, 0x95, 0x55, 0x55, 0x55, 0x5f, 0x40,
    0x0, 0x9, 0xa0, 0xa, 0x60, 0x11, 0x0, 0x30,
    0xe, 0x40, 0xe, 0xef, 0xfe, 0xa7, 0x40, 0xd9,
    0x4, 0xf6, 0x8, 0x20, 0x5, 0x5b, 0xc5, 0x30,
    0xa, 0xd0, 0x0, 0x5f, 0x70, 0x0, 0x0, 0x9,
    0xa0, 0x1, 0xbf, 0x30, 0x0, 0x5, 0xf6, 0x0,
    0x0, 0x9, 0xa0, 0xa, 0xe3, 0x0, 0x93, 0x0,
    0x8e, 0x0, 0x0, 0x9, 0xa0, 0x21, 0x20, 0x0,
    0xe5, 0x0, 0x1, 0x0, 0x0, 0x9, 0xee, 0xb0,
    0x0, 0x0, 0xe5, 0x0, 0x0, 0x0, 0x5, 0xaf,
    0xf9, 0x2e, 0xff, 0xff, 0xff, 0xff, 0xff, 0x80,
    0xe, 0xac, 0xa0, 0x3, 0x33, 0x4f, 0xff, 0xa3,
    0x33, 0x10, 0x0, 0x9, 0xa0, 0x0, 0x0, 0xa9,
    0xe8, 0xf3, 0x0, 0x0, 0x0, 0x9, 0xa0, 0x0,
    0x8, 0xc0, 0xe5, 0x6e, 0x10, 0x0, 0x0, 0x9,
    0xa0, 0x0, 0x9e, 0x20, 0xe5, 0xa, 0xe2, 0x0,
    0x0, 0x9, 0xa0, 0x4d, 0xd2, 0x0, 0xe5, 0x0,
    0x9f, 0x70, 0x1, 0x2b, 0xa0, 0x78, 0x0, 0x0,
    0xe5, 0x0, 0x6, 0x70, 0x7, 0xfe, 0x50, 0x0,
    0x0, 0x0, 0xe5, 0x0, 0x0, 0x0,

    /* U+63A5 "接" */
    0x0, 0x2, 0x20, 0x0, 0x0, 0x0, 0x10, 0x0,
    0x0, 0x0, 0x0, 0xa, 0x90, 0x0, 0x0, 0x3,
    0xf2, 0x0, 0x0, 0x0, 0x0, 0xa, 0x90, 0x2,
    0x77, 0x77, 0xdd, 0x77, 0x77, 0x40, 0x0, 0xa,
    0x90, 0x2, 0x78, 0x97, 0x77, 0x7a, 0x87, 0x40,
    0x1e, 0xef, 0xfe, 0x90, 0x8, 0xc0, 0x0, 0xd,
    0x80, 0x0, 0x5, 0x5c, 0xb5, 0x30, 0x0, 0xe5,
    0x0, 0x5e, 0x0, 0x0, 0x0, 0xa, 0x90, 0x0,
    0x0, 0x66, 0x0, 0xe6, 0x0, 0x0, 0x0, 0xa,
    0x90, 0xe, 0xff, 0xff, 0xff, 0xff, 0xff, 0xf1,
    0x0, 0xa, 0x90, 0x3, 0x33, 0x38, 0x93, 0x33,
    0x33, 0x30, 0x0, 0xa, 0xa7, 0x50, 0x0, 0xd,
    0x70, 0x0, 0x0, 0x0, 0x1, 0x6d, 0xff, 0x74,
    0x44, 0x7f, 0x54, 0x44, 0x44, 0x41, 0x3f, 0xfe,
    0xa0, 0x3e, 0xee, 0xff, 0xee, 0xef, 0xfe, 0xe4,
    0x5, 0xa, 0x90, 0x0, 0x7, 0xd0, 0x0, 0xc,
    0x90, 0x0, 0x0, 0xa, 0x90, 0x0, 0x2f, 0x40,
    0x0, 0x3f, 0x30, 0x0, 0x0, 0xa, 0x90, 0x0,
    0x9f, 0xd7, 0x10, 0xdb, 0x0, 0x0, 0x0, 0xa,
    0x90, 0x0, 0x2, 0x8d, 0xfd, 0xf1, 0x0, 0x0,
    0x0, 0xa, 0x90, 0x0, 0x0, 0x17, 0xfe, 0xfc,
    0x30, 0x0, 0x2, 0x3c, 0x80, 0x15, 0x8b, 0xfd,
    0x50, 0x3b, 0xfa, 0x10, 0x8, 0xfd, 0x30, 0x3e,
    0xb8, 0x40, 0x0, 0x0, 0x4d, 0x50, 0x0, 0x0,
    0x0, 0x0, 0x0, 0x0, 0x0, 0x0, 0x0, 0x0,

    /* U+63CF "描" */
    0x0, 0x9, 0xa0, 0x0, 0x0, 0xe6, 0x0, 0xe,
    0x50, 0x0, 0x0, 0x9, 0xa0, 0x0, 0x0, 0xe6,
    0x0, 0xe, 0x50, 0x0, 0x0, 0x9, 0xa0, 0x0,
    0x0, 0xf7, 0x0, 0xe, 0x60, 0x0, 0x0, 0x9,
    0xa0, 0xc, 0xff, 0xff, 0xff, 0xff, 0xff, 0xf0,
    0x1e, 0xef, 0xfe, 0xc1, 0x22, 0xf8, 0x22, 0x2e,
    0x72, 0x20, 0x5, 0x5b, 0xc5, 0x40, 0x0, 0xe6,
    0x0, 0xe, 0x50, 0x0, 0x0, 0x9, 0xa0, 0x0,
    0x0, 0xe6, 0x0, 0xe, 0x50, 0x0, 0x0, 0x9,
    0xa0, 0x0, 0x0, 0x0, 0x0, 0x0, 0x0, 0x0,
    0x0, 0x9, 0xa0, 0x0, 0xef, 0xff, 0xff, 0xff,
    0xff, 0x50, 0x0, 0x9, 0xc8, 0xa0, 0xe7, 0x33,
    0x7f, 0x33, 0x3f, 0x50, 0x5, 0xaf, 0xfb, 0x50,
    0xe4, 0x0, 0x4e, 0x0, 0xf, 0x50, 0x3f, 0xbc,
    0xa0, 0x0, 0xe4, 0x0, 0x4e, 0x0, 0xf, 0x50,
    0x0, 0x9, 0xa0, 0x0, 0xef, 0xff, 0xff, 0xff,
    0xff, 0x50, 0x0, 0x9, 0xa0, 0x0, 0xe7, 0x33,
    0x7f, 0x33, 0x3f, 0x50, 0x0, 0x9, 0xa0, 0x0,
    0xe4, 0x0, 0x4e, 0x0, 0xf, 0x50, 0x0, 0x9,
    0xa0, 0x0, 0xe4, 0x0, 0x4e, 0x0, 0xf, 0x50,
    0x0, 0x9, 0xa0, 0x0, 0xef, 0xee, 0xff, 0xee,
    0xef, 0x50, 0x4, 0x5c, 0x90, 0x0, 0xe7, 0x44,
    0x44, 0x44, 0x4f, 0x50, 0x9, 0xec, 0x30, 0x0,
    0xe4, 0x0, 0x0, 0x0, 0xd, 0x40,

    /* U+63D0 "提" */
    0x0, 0x0, 0x0, 0x0, 0x0, 0x0, 0x0, 0x0,
    0x0, 0x0, 0x0, 0x9, 0xa0, 0x0, 0x11, 0x11,
    0x11, 0x11, 0x11, 0x0, 0x0, 0x9, 0xa0, 0x0,
    0xef, 0xff, 0xff, 0xff, 0xfe, 0x0, 0x0, 0x9,
    0xa0, 0x0, 0xe4, 0x0, 0x0, 0x0, 0x6e, 0x0,
    0x0, 0x9, 0xa0, 0x0, 0xe6, 0x22, 0x22, 0x22,
    0x8e, 0x0, 0x17, 0x7c, 0xd7, 0x60, 0xee, 0xdd,
    0xdd, 0xdd, 0xee, 0x0, 0x18, 0x8c, 0xd8, 0x70,
    0xe4, 0x0, 0x0, 0x0, 0x6e, 0x0, 0x0, 0x9,
    0xa0, 0x0, 0xee, 0xee, 0xee, 0xee, 0xfe, 0x0,
    0x0, 0x9, 0xa0, 0x0, 0x22, 0x22, 0x22, 0x22,
    0x22, 0x0, 0x0, 0x9, 0xa0, 0x0, 0x11, 0x11,
    0x11, 0x11, 0x11, 0x10, 0x0, 0x9, 0xc8, 0xab,
    0xff, 0xff, 0xff, 0xff, 0xff, 0xf0, 0x3, 0x9e,
    0xfd, 0x60, 0x0, 0x0, 0xe5, 0x0, 0x0, 0x0,
    0x3f, 0xed, 0xa0, 0x0, 0x67, 0x0, 0xe5, 0x0,
    0x0, 0x0, 0x4, 0x9, 0xa0, 0x0, 0xa8, 0x0,
    0xe8, 0x44, 0x44, 0x0, 0x0, 0x9, 0xa0, 0x0,
    0xe7, 0x0, 0xee, 0xdd, 0xdd, 0x0, 0x0, 0x9,
    0xa0, 0x3, 0xfd, 0x0, 0xe5, 0x0, 0x0, 0x0,
    0x0, 0x9, 0xa0, 0xb, 0x99, 0xa1, 0xe5, 0x0,
    0x0, 0x0, 0x0, 0xa, 0xa0, 0x6f, 0x20, 0xbe,
    0xf8, 0x43, 0x33, 0x32, 0xb, 0xff, 0x62, 0xf5,
    0x0, 0x4, 0xad, 0xff, 0xff, 0xf6, 0x1, 0x20,
    0x0, 0x10, 0x0, 0x0, 0x0, 0x0, 0x0, 0x0,

    /* U+64CD "操" */
    0x0, 0x2, 0x10, 0x0, 0x0, 0x0, 0x0, 0x0,
    0x0, 0x0, 0x0, 0xb, 0x80, 0x0, 0x0, 0x0,
    0x0, 0x0, 0x0, 0x0, 0x0, 0xb, 0x80, 0x0,
    0xe, 0xff, 0xff, 0xff, 0x40, 0x0, 0x0, 0xb,
    0x80, 0x0, 0xe, 0x40, 0x0, 0xe, 0x40, 0x0,
    0x0, 0xb, 0x80, 0x0, 0xe, 0x40, 0x0, 0xe,
    0x40, 0x0, 0xd, 0xdf, 0xed, 0x50, 0xe, 0xdc,
    0xcc, 0xcf, 0x40, 0x0, 0x5, 0x5d, 0xb5, 0x20,
    0x3, 0x33, 0x33, 0x33, 0x10, 0x0, 0x0, 0xb,
    0x80, 0xc, 0xee, 0xee, 0x19, 0xee, 0xee, 0x40,
    0x0, 0xb, 0x80, 0xd, 0x41, 0x2f, 0x1a, 0x71,
    0x1d, 0x50, 0x0, 0xb, 0x80, 0xd, 0x20, 0xf,
    0x1a, 0x60, 0xc, 0x50, 0x0, 0xb, 0xaa, 0x6d,
    0x30, 0x1f, 0x1a, 0x60, 0xd, 0x50, 0x0, 0x6e,
    0xfd, 0x3c, 0xff, 0xff, 0x1a, 0xff, 0xff, 0x50,
    0xe, 0xce, 0x90, 0x0, 0x0, 0x0, 0xb4, 0x0,
    0x0, 0x0, 0x0, 0xb, 0x80, 0x2d, 0xdd, 0xdd,
    0xfe, 0xdd, 0xdd, 0xa0, 0x0, 0xb, 0x80, 0x4,
    0x44, 0x7f, 0xff, 0xb4, 0x44, 0x30, 0x0, 0xb,
    0x80, 0x0, 0x5, 0xe6, 0xe7, 0xda, 0x0, 0x0,
    0x0, 0xb, 0x80, 0x4, 0xbe, 0x40, 0xe5, 0x1c,
    0xd5, 0x0, 0x1, 0x2d, 0x82, 0xdf, 0x91, 0x0,
    0xe5, 0x0, 0x7f, 0xb0, 0x4, 0xfe, 0x30, 0x71,
    0x0, 0x0, 0xe5, 0x0, 0x1, 0x20, 0x0, 0x0,
    0x0, 0x0, 0x0, 0x0, 0xe5, 0x0, 0x0, 0x0,

    /* U+6539 "改" */
    0x0, 0x0, 0x0, 0x0, 0x0, 0x4a, 0x0, 0x0,
    0x0, 0x3, 0x55, 0x55, 0x55, 0x20, 0x9, 0xd0,
    0x0, 0x0, 0x0, 0x9f, 0xff, 0xff, 0xf6, 0x0,
    0xd8, 0x0, 0x0, 0x0, 0x0, 0x0, 0x0, 0xe,
    0x60, 0x1f, 0x50, 0x0, 0x0, 0x0, 0x0, 0x0,
    0x0, 0xe6, 0x6, 0xff, 0xff, 0xff, 0xfc, 0x0,
    0x0, 0x0, 0xe, 0x60, 0xbc, 0x33, 0x33, 0xf7,
    0x20, 0x0, 0x0, 0x0, 0xe6, 0x2f, 0xe0, 0x0,
    0x3f, 0x20, 0x1, 0x66, 0x66, 0x6f, 0x6a, 0xef,
    0x20, 0x7, 0xe0, 0x0, 0x2f, 0xee, 0xee, 0xea,
    0xf5, 0xd6, 0x0, 0xaa, 0x0, 0x2, 0xf2, 0x0,
    0x0, 0x5b, 0x8, 0xc0, 0xe, 0x70, 0x0, 0x2f,
    0x20, 0x0, 0x0, 0x0, 0x3f, 0x25, 0xf1, 0x0,
    0x2, 0xf2, 0x0, 0x0, 0x0, 0x0, 0xd8, 0xca,
    0x0, 0x0, 0x2f, 0x20, 0x0, 0x0, 0x0, 0x5,
    0xff, 0x30, 0x0, 0x2, 0xf2, 0x0, 0x2, 0x20,
    0x0, 0xf, 0xd0, 0x0, 0x0, 0x2f, 0x20, 0x6c,
    0xf7, 0x0, 0xb, 0xff, 0x60, 0x0, 0x4, 0xfb,
    0xff, 0x93, 0x0, 0xa, 0xf4, 0x8f, 0x40, 0x0,
    0xcf, 0xd6, 0x0, 0x0, 0x3c, 0xf4, 0x0, 0xaf,
    0x70, 0x5, 0x40, 0x0, 0x0, 0x8f, 0xd3, 0x0,
    0x0, 0x8f, 0xc0, 0x0, 0x0, 0x0, 0x5, 0x70,
    0x0, 0x0, 0x0, 0x35, 0x0,

    /* U+653B "攻" */
    0x0, 0x0, 0x0, 0x0, 0x0, 0x2a, 0x10, 0x0,
    0x0, 0x0, 0x0, 0x0, 0x0, 0x0, 0x0, 0x8e,
    0x0, 0x0, 0x0, 0x0, 0x3, 0x33, 0x33, 0x33,
    0x10, 0xd9, 0x0, 0x0, 0x0, 0x0, 0xf, 0xff,
    0xff, 0xff, 0x63, 0xf4, 0x0, 0x0, 0x0, 0x0,
    0x0, 0x2, 0xf4, 0x0, 0x8, 0xff, 0xff, 0xff,
    0xff, 0xf2, 0x0, 0x1, 0xf3, 0x0, 0xe, 0xd4,
    0x44, 0x45, 0xf8, 0x40, 0x0, 0x1, 0xf3, 0x0,
    0x7f, 0xf0, 0x0, 0x5, 0xf2, 0x0, 0x0, 0x1,
    0xf3, 0x1, 0xe9, 0xf4, 0x0, 0x9, 0xe0, 0x0,
    0x0, 0x1, 0xf3, 0xb, 0xd0, 0xb9, 0x0, 0xd,
    0x90, 0x0, 0x0, 0x1, 0xf3, 0x7, 0x30, 0x6e,
    0x0, 0x3f, 0x30, 0x0, 0x0, 0x1, 0xf3, 0x0,
    0x0, 0x1f, 0x70, 0xbc, 0x0, 0x0, 0x0, 0x1,
    0xf3, 0x3, 0x50, 0x8, 0xe4, 0xf3, 0x0, 0x0,
    0x0, 0x3, 0xfc, 0xff, 0x90, 0x1, 0xff, 0xa0,
    0x0, 0x0, 0x2b, 0xef, 0xea, 0x51, 0x0, 0x0,
    0xcf, 0x50, 0x0, 0x0, 0x1b, 0x72, 0x0, 0x0,
    0x0, 0x1b, 0xfd, 0xe3, 0x0, 0x0, 0x0, 0x0,
    0x0, 0x0, 0x2, 0xde, 0x30, 0xce, 0x30, 0x0,
    0x0, 0x0, 0x0, 0x3, 0xbf, 0xc1, 0x0, 0x1c,
    0xf9, 0x10, 0x0, 0x0, 0x0, 0x9f, 0xd5, 0x0,
    0x0, 0x0, 0x7f, 0xf1, 0x0, 0x0, 0x0, 0x24,
    0x0, 0x0, 0x0, 0x0, 0x1, 0x40,

    /* U+653E "放" */
    0x0, 0x0, 0x66, 0x0, 0x0, 0x0, 0x96, 0x0,
    0x0, 0x0, 0x0, 0x0, 0x6e, 0x0, 0x0, 0x0,
    0xf6, 0x0, 0x0, 0x0, 0x0, 0x0, 0xf, 0x40,
    0x0, 0x4, 0xf2, 0x0, 0x0, 0x0, 0x7, 0x77,
    0x7a, 0x87, 0x76, 0x8, 0xf0, 0x0, 0x0, 0x0,
    0xc, 0xce, 0xec, 0xcc, 0xca, 0xc, 0xff, 0xff,
    0xff, 0xf3, 0x0, 0xa, 0xa0, 0x0, 0x0, 0x1f,
    0x83, 0x33, 0xcb, 0x30, 0x0, 0xa, 0xa0, 0x0,
    0x0, 0x8f, 0x90, 0x0, 0xe7, 0x0, 0x0, 0xa,
    0xb4, 0x44, 0x30, 0xee, 0xd0, 0x1, 0xf3, 0x0,
    0x0, 0xa, 0xff, 0xff, 0xc9, 0xe4, 0xf1, 0x5,
    0xf0, 0x0, 0x0, 0xa, 0x90, 0x7, 0xcb, 0x60,
    0xe6, 0xa, 0xb0, 0x0, 0x0, 0xb, 0x90, 0x7,
    0xc0, 0x0, 0x9c, 0x1f, 0x50, 0x0, 0x0, 0xd,
    0x80, 0x8, 0xb0, 0x0, 0x3f, 0x9d, 0x0, 0x0,
    0x0, 0xf, 0x50, 0x9, 0xb0, 0x0, 0xb, 0xf6,
    0x0, 0x0, 0x0, 0x3f, 0x20, 0x9, 0xa0, 0x0,
    0xb, 0xf5, 0x0, 0x0, 0x0, 0xad, 0x0, 0xb,
    0x90, 0x0, 0xaf, 0xbf, 0x30, 0x0, 0x2, 0xf6,
    0x0, 0xc, 0x80, 0x1a, 0xf3, 0xc, 0xe3, 0x0,
    0xc, 0xd0, 0x23, 0x5f, 0x57, 0xfe, 0x30, 0x1,
    0xcf, 0x80, 0x2e, 0x20, 0x6f, 0xfb, 0x2e, 0x80,
    0x0, 0x0, 0x7, 0xd1, 0x0, 0x0, 0x0, 0x0,
    0x0, 0x0, 0x0, 0x0, 0x0, 0x0,

    /* U+6548 "效" */
    0x0, 0x0, 0x83, 0x0, 0x0, 0x0, 0x3a, 0x0,
    0x0, 0x0, 0x0, 0x0, 0x8e, 0x0, 0x0, 0x0,
    0x7d, 0x0, 0x0, 0x0, 0x0, 0x0, 0xe, 0x60,
    0x0, 0x0, 0xb9, 0x0, 0x0, 0x0, 0xb, 0xcc,
    0xce, 0xcc, 0xcc, 0x10, 0xf7, 0x11, 0x11, 0x10,
    0x5, 0x66, 0x66, 0x66, 0x66, 0x3, 0xff, 0xff,
    0xff, 0xe0, 0x0, 0xd, 0x40, 0x2d, 0x10, 0x7,
    0xd2, 0x22, 0xbb, 0x20, 0x0, 0x7d, 0x0, 0xa,
    0xc0, 0xe, 0x80, 0x0, 0xd7, 0x0, 0x1, 0xe5,
    0x0, 0x0, 0xe6, 0x5f, 0xb0, 0x0, 0xf3, 0x0,
    0xc, 0xb0, 0x0, 0x29, 0x78, 0xdd, 0xf0, 0x4,
    0xf0, 0x0, 0x2d, 0x3c, 0x30, 0x9c, 0x3, 0xe1,
    0xf4, 0x8, 0xc0, 0x0, 0x0, 0x9, 0xe3, 0xe6,
    0x0, 0x10, 0xaa, 0xe, 0x60, 0x0, 0x0, 0x0,
    0xaf, 0xf0, 0x0, 0x0, 0x4f, 0x6e, 0x0, 0x0,
    0x0, 0x0, 0x1f, 0xe0, 0x0, 0x0, 0xd, 0xf8,
    0x0, 0x0, 0x0, 0x0, 0xae, 0xdb, 0x0, 0x0,
    0x8, 0xf3, 0x0, 0x0, 0x0, 0x6, 0xf3, 0x3f,
    0x60, 0x0, 0x4f, 0xed, 0x0, 0x0, 0x0, 0x6f,
    0x60, 0x8, 0xe0, 0x3, 0xf9, 0x2e, 0xa0, 0x0,
    0x9, 0xf7, 0x0, 0x0, 0x30, 0x8f, 0x90, 0x4,
    0xfb, 0x10, 0x1c, 0x50, 0x0, 0x0, 0x1d, 0xf6,
    0x0, 0x0, 0x3e, 0xd0, 0x0, 0x0, 0x0, 0x0,
    0x5, 0x10, 0x0, 0x0, 0x1, 0x30,

    /* U+6562 "敢" */
    0x0, 0x0, 0x0, 0x0, 0x0, 0x0, 0x5c, 0x0,
    0x0, 0x0, 0x0, 0xcd, 0xdd, 0xdd, 0xc0, 0x0,
    0x9d, 0x0, 0x0, 0x0, 0x0, 0x44, 0x44, 0x4b,
    0xb0, 0x0, 0xd9, 0x0, 0x0, 0x0, 0x0, 0x0,
    0x0, 0xb, 0x80, 0x1, 0xf6, 0x0, 0x0, 0x0,
    0x3, 0x44, 0x44, 0x4f, 0x84, 0x35, 0xfc, 0xbb,
    0xbb, 0xb1, 0xe, 0xff, 0xff, 0xff, 0xff, 0xba,
    0xea, 0xaa, 0xfd, 0xa1, 0x0, 0x5e, 0x0, 0x3,
    0xf0, 0x1f, 0xc0, 0x0, 0xf5, 0x0, 0x0, 0x5e,
    0x0, 0x4, 0xf0, 0x7f, 0xf0, 0x2, 0xf2, 0x0,
    0x0, 0x5f, 0xff, 0xff, 0xf1, 0xe8, 0xf2, 0x4,
    0xf0, 0x0, 0x0, 0x5e, 0x0, 0x4, 0xf2, 0xd0,
    0xc6, 0x8, 0xc0, 0x0, 0x0, 0x5e, 0x0, 0x3,
    0xf0, 0x10, 0x8c, 0xd, 0x70, 0x0, 0x0, 0x5f,
    0xff, 0xff, 0xf0, 0x0, 0x3f, 0x6f, 0x10, 0x0,
    0x0, 0x5e, 0x11, 0x15, 0xf0, 0x0, 0xc, 0xfb,
    0x0, 0x0, 0x0, 0x5e, 0x0, 0x3, 0xf1, 0x20,
    0x6, 0xf5, 0x0, 0x0, 0x0, 0x5e, 0x47, 0x9d,
    0xff, 0x90, 0xb, 0xfb, 0x0, 0x0, 0x3d, 0xff,
    0xfe, 0xba, 0xf3, 0x0, 0x7f, 0x6f, 0x80, 0x0,
    0x19, 0x64, 0x10, 0x3, 0xf0, 0x6, 0xf6, 0x6,
    0xf8, 0x0, 0x0, 0x0, 0x0, 0x3, 0xf0, 0xaf,
    0x80, 0x0, 0x8f, 0xc1, 0x0, 0x0, 0x0, 0x3,
    0xf1, 0xc5, 0x0, 0x0, 0x5, 0xb0, 0x0, 0x0,
    0x0, 0x0, 0x0, 0x0, 0x0, 0x0, 0x0, 0x0,

    /* U+6563 "散" */
    0x0, 0x9, 0x70, 0x9, 0x60, 0x0, 0x6d, 0x0,
    0x0, 0x0, 0x0, 0xb, 0x80, 0xb, 0x80, 0x0,
    0x9c, 0x0, 0x0, 0x0, 0x2, 0x3c, 0xa3, 0x3c,
    0x93, 0x10, 0xd9, 0x0, 0x0, 0x0, 0xb, 0xff,
    0xff, 0xff, 0xff, 0x90, 0xf6, 0x0, 0x0, 0x0,
    0x0, 0xb, 0x80, 0xb, 0x80, 0x4, 0xff, 0xee,
    0xee, 0xe2, 0x0, 0xb, 0x80, 0xb, 0x80, 0x8,
    0xf2, 0x22, 0x9c, 0x20, 0x1d, 0xdf, 0xfd, 0xdf,
    0xfd, 0x9e, 0xf2, 0x0, 0xb9, 0x0, 0x4, 0x44,
    0x44, 0x44, 0x44, 0x7f, 0xd5, 0x0, 0xe6, 0x0,
    0x0, 0x1, 0x11, 0x11, 0x10, 0xd9, 0x88, 0x1,
    0xf2, 0x0, 0x0, 0x9f, 0xff, 0xff, 0xf7, 0xb2,
    0x4d, 0x5, 0xf0, 0x0, 0x0, 0x99, 0x0, 0x0,
    0xd7, 0x0, 0xf, 0x2a, 0x90, 0x0, 0x0, 0x9b,
    0x44, 0x44, 0xe7, 0x0, 0xa, 0x8f, 0x30, 0x0,
    0x0, 0x9e, 0xcc, 0xcc, 0xf7, 0x0, 0x5, 0xfd,
    0x0, 0x0, 0x0, 0x99, 0x0, 0x0, 0xd7, 0x0,
    0x2, 0xf9, 0x0, 0x0, 0x0, 0x9f, 0xff, 0xff,
    0xf7, 0x0, 0xc, 0xef, 0x20, 0x0, 0x0, 0x9a,
    0x11, 0x11, 0xd7, 0x0, 0x8e, 0x1b, 0xc0, 0x0,
    0x0, 0x99, 0x0, 0x0, 0xd7, 0x9, 0xf4, 0x2,
    0xfa, 0x0, 0x0, 0x99, 0x0, 0x22, 0xe8, 0xcf,
    0x50, 0x0, 0x4f, 0xc1, 0x0, 0x99, 0x0, 0xce,
    0xc4, 0xc2, 0x0, 0x0, 0x3, 0xb0, 0x0, 0x0,
    0x0, 0x0, 0x0, 0x0, 0x0, 0x0, 0x0, 0x0,

    /* U+6570 "数" */
    0x0, 0x10, 0x9, 0x50, 0x1, 0x0, 0x35, 0x0,
    0x0, 0x0, 0x0, 0xe3, 0xc, 0x70, 0x8c, 0x0,
    0x9b, 0x0, 0x0, 0x0, 0x0, 0x7c, 0xc, 0x71,
    0xe3, 0x0, 0xc8, 0x0, 0x0, 0x0, 0x0, 0x1a,
    0xc, 0x74, 0x60, 0x0, 0xf4, 0x0, 0x0, 0x0,
    0xf, 0xff, 0xff, 0xff, 0xff, 0x93, 0xfd, 0xdd,
    0xdd, 0xc0, 0x2, 0x22, 0xaf, 0xf7, 0x22, 0x17,
    0xf7, 0x66, 0xeb, 0x60, 0x0, 0x7, 0xee, 0xad,
    0xb1, 0xd, 0xf1, 0x0, 0xe5, 0x0, 0x1, 0x9e,
    0x3c, 0x70, 0xac, 0x3f, 0xe5, 0x1, 0xf1, 0x0,
    0xe, 0xd2, 0xb, 0x70, 0x1, 0xc9, 0x98, 0x4,
    0xe0, 0x0, 0x4, 0x0, 0x36, 0x0, 0x2, 0xf2,
    0x5d, 0x9, 0xb0, 0x0, 0x1, 0x33, 0xbb, 0x33,
    0x31, 0x10, 0x1f, 0x3e, 0x60, 0x0, 0x8, 0xff,
    0xff, 0xff, 0xfa, 0x0, 0xb, 0xcf, 0x0, 0x0,
    0x0, 0xb, 0x90, 0x1, 0xe3, 0x0, 0x4, 0xf9,
    0x0, 0x0, 0x0, 0x5f, 0x30, 0x9, 0xc0, 0x0,
    0x4, 0xf8, 0x0, 0x0, 0x0, 0x3a, 0xfa, 0x8e,
    0x10, 0x0, 0x1e, 0xcf, 0x30, 0x0, 0x0, 0x0,
    0x2e, 0xfc, 0x10, 0x0, 0xcb, 0xa, 0xd1, 0x0,
    0x0, 0x5, 0xec, 0x4b, 0xd0, 0x3d, 0xd1, 0x0,
    0xdd, 0x20, 0x9, 0xfd, 0x60, 0x0, 0x18, 0xfa,
    0x10, 0x0, 0x1c, 0xf2, 0x5, 0x30, 0x0, 0x0,
    0x6, 0x50, 0x0, 0x0, 0x0, 0x60,

    /* U+6587 "文" */
    0x0, 0x0, 0x0, 0x0, 0x3b, 0x20, 0x0, 0x0,
    0x0, 0x0, 0x0, 0x0, 0x0, 0x0, 0xe, 0xa0,
    0x0, 0x0, 0x0, 0x0, 0x0, 0x0, 0x0, 0x0,
    0x7, 0xf2, 0x0, 0x0, 0x0, 0x0, 0x3, 0x33,
    0x33, 0x33, 0x34, 0xb5, 0x33, 0x33, 0x33, 0x30,
    0xf, 0xff, 0xff, 0xff, 0xff, 0xff, 0xff, 0xff,
    0xff, 0xf0, 0x1, 0x11, 0xac, 0x11, 0x11, 0x11,
    0x11, 0xdb, 0x11, 0x10, 0x0, 0x0, 0x2f, 0x30,
    0x0, 0x0, 0x5, 0xf3, 0x0, 0x0, 0x0, 0x0,
    0xa, 0xc0, 0x0, 0x0, 0xc, 0xc0, 0x0, 0x0,
    0x0, 0x0, 0x3, 0xf4, 0x0, 0x0, 0x4f, 0x40,
    0x0, 0x0, 0x0, 0x0, 0x0, 0xae, 0x10, 0x1,
    0xdc, 0x0, 0x0, 0x0, 0x0, 0x0, 0x0, 0xd,
    0xc0, 0xb, 0xe1, 0x0, 0x0, 0x0, 0x0, 0x0,
    0x0, 0x2, 0xf9, 0x8f, 0x40, 0x0, 0x0, 0x0,
    0x0, 0x0, 0x0, 0x0, 0x5f, 0xf7, 0x0, 0x0,
    0x0, 0x0, 0x0, 0x0, 0x0, 0x1, 0xaf, 0xfb,
    0x10, 0x0, 0x0, 0x0, 0x0, 0x0, 0x0, 0x4e,
    0xe5, 0x4e, 0xe5, 0x0, 0x0, 0x0, 0x0, 0x0,
    0x3a, 0xfb, 0x10, 0x1, 0xbf, 0xb3, 0x0, 0x0,
    0x0, 0x6c, 0xfd, 0x60, 0x0, 0x0, 0x6, 0xef,
    0xd7, 0x10, 0xe, 0xfb, 0x40, 0x0, 0x0, 0x0,
    0x0, 0x4, 0xbf, 0xe1, 0x4, 0x20, 0x0, 0x0,
    0x0, 0x0, 0x0, 0x0, 0x1, 0x30,

    /* U+65AF "斯" */
    0x0, 0x5, 0x0, 0x0, 0x51, 0x0, 0x0, 0x0,
    0x4, 0x20, 0x0, 0x1f, 0x10, 0x0, 0xf3, 0x0,
    0x1, 0x59, 0xee, 0x80, 0x0, 0x2f, 0x20, 0x1,
    0xf4, 0x6, 0xef, 0xb8, 0x30, 0x0, 0xc, 0xff,
    0xff, 0xff, 0xff, 0xb8, 0xb0, 0x0, 0x0, 0x0,
    0x1, 0x4f, 0x42, 0x22, 0xf5, 0x18, 0xb0, 0x0,
    0x0, 0x0, 0x0, 0x1f, 0x10, 0x0, 0xf3, 0x8,
    0xb0, 0x0, 0x0, 0x0, 0x0, 0x1f, 0xff, 0xff,
    0xf3, 0x8, 0xb0, 0x0, 0x0, 0x0, 0x0, 0x1f,
    0x42, 0x22, 0xf3, 0x8, 0xff, 0xff, 0xff, 0xf3,
    0x0, 0x1f, 0x10, 0x0, 0xf3, 0x8, 0xb2, 0x24,
    0xf4, 0x20, 0x0, 0x1f, 0xff, 0xff, 0xf3, 0x8,
    0xb0, 0x2, 0xf2, 0x0, 0x0, 0x1f, 0x42, 0x22,
    0xf3, 0x9, 0xa0, 0x2, 0xf2, 0x0, 0x0, 0x1f,
    0x10, 0x0, 0xf3, 0x9, 0x90, 0x2, 0xf2, 0x0,
    0x5, 0x6f, 0x65, 0x55, 0xf7, 0x4b, 0x80, 0x2,
    0xf2, 0x0, 0x1d, 0xdd, 0xdd, 0xdd, 0xdd, 0xbe,
    0x50, 0x2, 0xf2, 0x0, 0x0, 0x3, 0x60, 0x16,
    0x0, 0x2f, 0x20, 0x2, 0xf2, 0x0, 0x0, 0xd,
    0xa0, 0x1e, 0x70, 0x7d, 0x0, 0x2, 0xf2, 0x0,
    0x0, 0x7f, 0x10, 0x5, 0xf2, 0xe7, 0x0, 0x2,
    0xf2, 0x0, 0x5, 0xf6, 0x0, 0x0, 0x6a, 0xe1,
    0x0, 0x2, 0xf2, 0x0, 0x3, 0x70, 0x0, 0x0,
    0xe, 0x40, 0x0, 0x2, 0xf2, 0x0, 0x0, 0x0,
    0x0, 0x0, 0x1, 0x0, 0x0, 0x0, 0x0, 0x0,

    /* U+65B0 "新" */
    0x0, 0x0, 0x0, 0x0, 0x0, 0x0, 0x0, 0x0,
    0x0, 0x0, 0x0, 0x0, 0x6d, 0x0, 0x0, 0x0,
    0x0, 0x0, 0x46, 0x0, 0x0, 0x0, 0x1f, 0x50,
    0x0, 0x2, 0x58, 0xbf, 0xfa, 0x20, 0xa, 0xdd,
    0xdf, 0xfd, 0xdd, 0xe, 0xd9, 0x63, 0x0, 0x0,
    0x3, 0x6a, 0x44, 0x48, 0x94, 0xe, 0x50, 0x0,
    0x0, 0x0, 0x0, 0x2f, 0x10, 0xa, 0x90, 0xe,
    0x50, 0x0, 0x0, 0x0, 0x0, 0xe, 0x50, 0xf,
    0x40, 0xe, 0x50, 0x0, 0x0, 0x0, 0x0, 0x9,
    0x50, 0x5e, 0x10, 0xe, 0x50, 0x0, 0x0, 0x0,
    0xf, 0xff, 0xff, 0xff, 0xff, 0x6e, 0xff, 0xff,
    0xff, 0xf2, 0x1, 0x11, 0x1e, 0x61, 0x11, 0xe,
    0x84, 0x48, 0xf4, 0x40, 0x0, 0x0, 0xe, 0x50,
    0x0, 0xf, 0x50, 0x5, 0xe0, 0x0, 0xe, 0xee,
    0xef, 0xfe, 0xee, 0x2f, 0x40, 0x5, 0xe0, 0x0,
    0x3, 0x33, 0x3e, 0x73, 0x33, 0x2f, 0x30, 0x5,
    0xe0, 0x0, 0x0, 0x69, 0xe, 0x58, 0x70, 0x2f,
    0x20, 0x5, 0xe0, 0x0, 0x0, 0xd6, 0xe, 0x53,
    0xf1, 0x4f, 0x0, 0x5, 0xe0, 0x0, 0x6, 0xe0,
    0xe, 0x50, 0xb8, 0x8d, 0x0, 0x5, 0xe0, 0x0,
    0xd, 0x40, 0xe, 0x50, 0x36, 0xd9, 0x0, 0x5,
    0xe0, 0x0, 0x0, 0x1, 0x2f, 0x50, 0x5, 0xf4,
    0x0, 0x5, 0xe0, 0x0, 0x0, 0x7, 0xfd, 0x10,
    0x9, 0xd0, 0x0, 0x5, 0xe0, 0x0, 0x0, 0x0,
    0x0, 0x0, 0x0, 0x40, 0x0, 0x5, 0xe0, 0x0,

    /* U+65B9 "方" */
    0x0, 0x0, 0x0, 0x0, 0x86, 0x0, 0x0, 0x0,
    0x0, 0x0, 0x0, 0x0, 0x0, 0x9e, 0x0, 0x0,
    0x0, 0x0, 0x0, 0x0, 0x0, 0x0, 0x2f, 0x70,
    0x0, 0x0, 0x0, 0x14, 0x44, 0x44, 0x44, 0x4b,
    0x74, 0x44, 0x44, 0x43, 0x5f, 0xff, 0xff, 0xff,
    0xff, 0xff, 0xff, 0xff, 0xfd, 0x0, 0x0, 0x0,
    0xe8, 0x0, 0x0, 0x0, 0x0, 0x0, 0x0, 0x0,
    0x0, 0xf6, 0x0, 0x0, 0x0, 0x0, 0x0, 0x0,
    0x0, 0x1, 0xf5, 0x0, 0x0, 0x0, 0x0, 0x0,
    0x0, 0x0, 0x3, 0xf9, 0x66, 0x66, 0x66, 0x64,
    0x0, 0x0, 0x0, 0x7, 0xfe, 0xee, 0xee, 0xee,
    0xf9, 0x0, 0x0, 0x0, 0xa, 0xe0, 0x0, 0x0,
    0x0, 0xd8, 0x0, 0x0, 0x0, 0xe, 0x90, 0x0,
    0x0, 0x0, 0xe7, 0x0, 0x0, 0x0, 0x4f, 0x40,
    0x0, 0x0, 0x0, 0xf5, 0x0, 0x0, 0x0, 0xcd,
    0x0, 0x0, 0x0, 0x2, 0xf3, 0x0, 0x0, 0x7,
    0xf5, 0x0, 0x0, 0x0, 0x5, 0xf0, 0x0, 0x0,
    0x6f, 0x80, 0x0, 0x0, 0x0, 0x9, 0xd0, 0x0,
    0x19, 0xfa, 0x0, 0x0, 0x15, 0x44, 0x6f, 0x80,
    0x0, 0x7e, 0x50, 0x0, 0x0, 0xe, 0xff, 0xfb,
    0x10, 0x0, 0x0, 0x0, 0x0, 0x0, 0x0, 0x0,
    0x0, 0x0, 0x0,

    /* U+65E0 "无" */
    0x0, 0x45, 0x55, 0x55, 0x55, 0x55, 0x55, 0x55,
    0x55, 0x0, 0x0, 0xaf, 0xff, 0xff, 0xff, 0xff,
    0xff, 0xff, 0xfc, 0x0, 0x0, 0x0, 0x0, 0x0,
    0xf, 0x50, 0x0, 0x0, 0x0, 0x0, 0x0, 0x0,
    0x0, 0x0, 0x1f, 0x30, 0x0, 0x0, 0x0, 0x0,
    0x0, 0x0, 0x0, 0x0, 0x3f, 0x20, 0x0, 0x0,
    0x0, 0x0, 0x0, 0x0, 0x0, 0x0, 0x4f, 0x10,
    0x0, 0x0, 0x0, 0x0, 0x5, 0x55, 0x55, 0x55,
    0x9f, 0x55, 0x55, 0x55, 0x55, 0x50, 0xe, 0xff,
    0xff, 0xff, 0xff, 0xff, 0xff, 0xff, 0xff, 0xf0,
    0x0, 0x0, 0x0, 0x0, 0xc9, 0xba, 0x0, 0x0,
    0x0, 0x0, 0x0, 0x0, 0x0, 0x2, 0xf4, 0xba,
    0x0, 0x0, 0x0, 0x0, 0x0, 0x0, 0x0, 0x8,
    0xe0, 0xba, 0x0, 0x0, 0x0, 0x0, 0x0, 0x0,
    0x0, 0x2f, 0x70, 0xba, 0x0, 0x0, 0x0, 0x0,
    0x0, 0x0, 0x0, 0xbd, 0x0, 0xba, 0x0, 0x0,
    0x1, 0x20, 0x0, 0x0, 0xa, 0xf4, 0x0, 0xba,
    0x0, 0x0, 0x3, 0xf1, 0x0, 0x0, 0xbf, 0x40,
    0x0, 0xba, 0x0, 0x0, 0x4, 0xf0, 0x0, 0x5e,
    0xf4, 0x0, 0x0, 0xae, 0x54, 0x44, 0x5b, 0xc0,
    0xd, 0xfa, 0x10, 0x0, 0x0, 0x3d, 0xff, 0xff,
    0xfd, 0x30, 0x3, 0x20, 0x0, 0x0, 0x0, 0x0,
    0x0, 0x0, 0x0, 0x0,

    /* U+65E7 "旧" */
    0x37, 0x0, 0x4, 0x44, 0x44, 0x44, 0x44, 0x44,
    0x7e, 0x0, 0xe, 0xff, 0xff, 0xff, 0xff, 0xfe,
    0x7e, 0x0, 0xe, 0x60, 0x0, 0x0, 0x0, 0x7e,
    0x7e, 0x0, 0xe, 0x60, 0x0, 0x0, 0x0, 0x7e,
    0x7e, 0x0, 0xe, 0x60, 0x0, 0x0, 0x0, 0x7e,
    0x7e, 0x0, 0xe, 0x60, 0x0, 0x0, 0x0, 0x7e,
    0x7e, 0x0, 0xe, 0x60, 0x0, 0x0, 0x0, 0x7e,
    0x7e, 0x0, 0xe, 0x94, 0x44, 0x44, 0x44, 0xae,
    0x7e, 0x0, 0xe, 0xff, 0xff, 0xff, 0xff, 0xfe,
    0x7e, 0x0, 0xe, 0x60, 0x0, 0x0, 0x0, 0x7e,
    0x7e, 0x0, 0xe, 0x60, 0x0, 0x0, 0x0, 0x7e,
    0x7e, 0x0, 0xe, 0x60, 0x0, 0x0, 0x0, 0x7e,
    0x7e, 0x0, 0xe, 0x60, 0x0, 0x0, 0x0, 0x7e,
    0x7e, 0x0, 0xe, 0x60, 0x0, 0x0, 0x0, 0x7e,
    0x7e, 0x0, 0xe, 0x83, 0x33, 0x33, 0x33, 0x9e,
    0x7e, 0x0, 0xe, 0xff, 0xff, 0xff, 0xff, 0xfe,
    0x7e, 0x0, 0xe, 0x70, 0x0, 0x0, 0x0, 0x8e,
    0x7e, 0x0, 0xe, 0x60, 0x0, 0x0, 0x0, 0x6b,

    /* U+65E9 "早" */
    0x0, 0xe, 0xff, 0xff, 0xff, 0xff, 0xff, 0xff,
    0xc0, 0x0, 0x0, 0xe, 0x84, 0x44, 0x44, 0x44,
    0x44, 0x4a, 0xd0, 0x0, 0x0, 0xe, 0x50, 0x0,
    0x0, 0x0, 0x0, 0x8, 0xd0, 0x0, 0x0, 0xe,
    0x83, 0x33, 0x33, 0x33, 0x33, 0x39, 0xd0, 0x0,
    0x0, 0xe, 0xff, 0xff, 0xff, 0xff, 0xff, 0xff,
    0xd0, 0x0, 0x0, 0xe, 0x50, 0x0, 0x0, 0x0,
    0x0, 0x8, 0xd0, 0x0, 0x0, 0xe, 0x50, 0x0,
    0x0, 0x0, 0x0, 0x8, 0xd0, 0x0, 0x0, 0xe,
    0xff, 0xff, 0xff, 0xff, 0xff, 0xff, 0xd0, 0x0,
    0x0, 0x3, 0x33, 0x33, 0x3d, 0xb3, 0x33, 0x33,
    0x30, 0x0, 0x0, 0x0, 0x0, 0x0, 0xc, 0x90,
    0x0, 0x0, 0x0, 0x0, 0x0, 0x0, 0x0, 0x0,
    0xc, 0x90, 0x0, 0x0, 0x0, 0x0, 0x5, 0x55,
    0x55, 0x55, 0x5d, 0xc5, 0x55, 0x55, 0x55, 0x50,
    0xf, 0xff, 0xff, 0xff, 0xff, 0xff, 0xff, 0xff,
    0xff, 0xf1, 0x0, 0x0, 0x0, 0x0, 0xc, 0x90,
    0x0, 0x0, 0x0, 0x0, 0x0, 0x0, 0x0, 0x0,
    0xc, 0x90, 0x0, 0x0, 0x0, 0x0, 0x0, 0x0,
    0x0, 0x0, 0xc, 0x90, 0x0, 0x0, 0x0, 0x0,
    0x0, 0x0, 0x0, 0x0, 0xc, 0x90, 0x0, 0x0,
    0x0, 0x0, 0x0, 0x0, 0x0, 0x0, 0xc, 0x90,
    0x0, 0x0, 0x0, 0x0,

    /* U+65F6 "时" */
    0x0, 0x0, 0x0, 0x0, 0x0, 0x0, 0x0, 0x5c,
    0x0, 0x1, 0x44, 0x44, 0x44, 0x0, 0x0, 0x0,
    0x6, 0xe0, 0x0, 0x4f, 0xee, 0xef, 0xe0, 0x0,
    0x0, 0x0, 0x6e, 0x0, 0x4, 0xf0, 0x0, 0x4e,
    0x0, 0x0, 0x0, 0x6, 0xe0, 0x0, 0x4f, 0x0,
    0x4, 0xe1, 0xee, 0xee, 0xee, 0xff, 0xee, 0x64,
    0xf0, 0x0, 0x4e, 0x6, 0x66, 0x66, 0x6a, 0xf6,
    0x62, 0x4f, 0x0, 0x4, 0xe0, 0x0, 0x0, 0x0,
    0x6e, 0x0, 0x4, 0xf3, 0x33, 0x7e, 0x0, 0x70,
    0x0, 0x6, 0xe0, 0x0, 0x4f, 0xff, 0xff, 0xe0,
    0xe, 0x90, 0x0, 0x6e, 0x0, 0x4, 0xf0, 0x0,
    0x4e, 0x0, 0x4f, 0x40, 0x6, 0xe0, 0x0, 0x4f,
    0x0, 0x4, 0xe0, 0x0, 0xae, 0x0, 0x6e, 0x0,
    0x4, 0xf0, 0x0, 0x4e, 0x0, 0x1, 0xe8, 0x6,
    0xe0, 0x0, 0x4f, 0x0, 0x4, 0xe0, 0x0, 0x6,
    0x70, 0x6e, 0x0, 0x4, 0xf4, 0x44, 0x7e, 0x0,
    0x0, 0x0, 0x6, 0xe0, 0x0, 0x4f, 0xff, 0xff,
    0xe0, 0x0, 0x0, 0x0, 0x6e, 0x0, 0x4, 0xf0,
    0x0, 0x0, 0x0, 0x0, 0x0, 0x6, 0xe0, 0x0,
    0x26, 0x0, 0x0, 0x0, 0x0, 0x25, 0x55, 0xbd,
    0x0, 0x0, 0x0, 0x0, 0x0, 0x0, 0x3, 0xff,
    0xfd, 0x50, 0x0,

    /* U+662F "是" */
    0x0, 0x9, 0xff, 0xff, 0xff, 0xff, 0xff, 0xff,
    0x90, 0x0, 0x0, 0x9, 0xb1, 0x11, 0x11, 0x11,
    0x11, 0x1b, 0x90, 0x0, 0x0, 0x9, 0xa0, 0x0,
    0x0, 0x0, 0x0, 0xb, 0x90, 0x0, 0x0, 0x9,
    0xfe, 0xee, 0xee, 0xee, 0xee, 0xef, 0x90, 0x0,
    0x0, 0x9, 0xa0, 0x0, 0x0, 0x0, 0x0, 0xb,
    0x90, 0x0, 0x0, 0x9, 0xb2, 0x22, 0x22, 0x22,
    0x22, 0x2c, 0x90, 0x0, 0x0, 0x8, 0xdd, 0xdd,
    0xdd, 0xdd, 0xdd, 0xdd, 0x80, 0x0, 0x0, 0x0,
    0x0, 0x0, 0x0, 0x0, 0x0, 0x0, 0x0, 0x0,
    0xb, 0xff, 0xff, 0xff, 0xff, 0xff, 0xff, 0xff,
    0xff, 0xe0, 0x2, 0x33, 0x33, 0x33, 0x39, 0xe3,
    0x33, 0x33, 0x33, 0x30, 0x0, 0x0, 0x6d, 0x0,
    0x7, 0xd0, 0x0, 0x0, 0x0, 0x0, 0x0, 0x0,
    0xac, 0x0, 0x7, 0xe3, 0x33, 0x33, 0x32, 0x0,
    0x0, 0x0, 0xfc, 0x0, 0x7, 0xff, 0xff, 0xff,
    0xf8, 0x0, 0x0, 0x7, 0xff, 0x50, 0x7, 0xd0,
    0x0, 0x0, 0x0, 0x0, 0x0, 0x2f, 0x75, 0xf8,
    0x17, 0xd0, 0x0, 0x0, 0x0, 0x0, 0x2, 0xdc,
    0x0, 0x5e, 0xfd, 0xe5, 0x54, 0x44, 0x44, 0x41,
    0xe, 0xc1, 0x0, 0x0, 0x6a, 0xde, 0xff, 0xff,
    0xff, 0xf0, 0x2, 0x0, 0x0, 0x0, 0x0, 0x0,
    0x0, 0x0, 0x0, 0x0,

    /* U+665A "晚" */
    0x0, 0x0, 0x0, 0x0, 0x0, 0xa3, 0x0, 0x0,
    0x0, 0x1, 0x44, 0x44, 0x40, 0x0, 0x6f, 0x10,
    0x0, 0x0, 0x0, 0x4f, 0xee, 0xff, 0x10, 0x1e,
    0xff, 0xff, 0xe1, 0x0, 0x4, 0xe0, 0x2, 0xf1,
    0xb, 0xd1, 0x11, 0xc8, 0x0, 0x0, 0x4e, 0x0,
    0x2f, 0x1a, 0xf3, 0x0, 0x6d, 0x0, 0x0, 0x4,
    0xe0, 0x2, 0xfa, 0xff, 0xee, 0xef, 0xfe, 0xee,
    0x50, 0x4e, 0x0, 0x2f, 0x9c, 0xe3, 0x37, 0xf3,
    0x33, 0xf5, 0x4, 0xf4, 0x46, 0xf1, 0x4e, 0x0,
    0x6d, 0x0, 0xe, 0x50, 0x4f, 0xee, 0xef, 0x14,
    0xe0, 0x8, 0xc0, 0x0, 0xe5, 0x4, 0xe0, 0x2,
    0xf1, 0x4e, 0x0, 0x9a, 0x0, 0xe, 0x50, 0x4e,
    0x0, 0x2f, 0x14, 0xff, 0xff, 0xff, 0xff, 0xf5,
    0x4, 0xe0, 0x2, 0xf1, 0x3, 0x34, 0xf9, 0xf3,
    0x33, 0x10, 0x4e, 0x0, 0x2f, 0x10, 0x0, 0x6e,
    0x4f, 0x0, 0x0, 0x4, 0xf5, 0x57, 0xf1, 0x0,
    0x1e, 0x84, 0xf0, 0x0, 0x0, 0x4f, 0xdd, 0xdd,
    0x10, 0xb, 0xd0, 0x4f, 0x0, 0x3, 0x4, 0xe0,
    0x0, 0x0, 0x2c, 0xe2, 0x4, 0xf0, 0x0, 0xf3,
    0x13, 0x0, 0x2, 0x8f, 0xc1, 0x0, 0x3f, 0x43,
    0x5f, 0x10, 0x0, 0x7, 0xfc, 0x50, 0x0, 0x0,
    0xdf, 0xff, 0xa0, 0x0, 0x0, 0x3, 0x0, 0x0,
    0x0, 0x0, 0x0, 0x0, 0x0,

    /* U+666F "景" */
    0x0, 0x9, 0xfe, 0xee, 0xee, 0xee, 0xee, 0xef,
    0x70, 0x0, 0x0, 0x9a, 0x0, 0x0, 0x0, 0x0,
    0x0, 0xd7, 0x0, 0x0, 0x9, 0xfe, 0xee, 0xee,
    0xee, 0xee, 0xef, 0x70, 0x0, 0x0, 0x9a, 0x0,
    0x0, 0x0, 0x0, 0x0, 0xd7, 0x0, 0x0, 0x9,
    0xeb, 0xbb, 0xbb, 0xbb, 0xbb, 0xbf, 0x70, 0x0,
    0x0, 0x24, 0x44, 0x45, 0xd5, 0x44, 0x44, 0x42,
    0x0, 0x2, 0x22, 0x22, 0x22, 0x3e, 0x92, 0x22,
    0x22, 0x22, 0x10, 0xef, 0xff, 0xff, 0xff, 0xff,
    0xff, 0xff, 0xff, 0xfb, 0x0, 0x0, 0x0, 0x0,
    0x0, 0x0, 0x0, 0x0, 0x0, 0x0, 0x0, 0x2f,
    0xff, 0xff, 0xff, 0xff, 0xff, 0xf1, 0x0, 0x0,
    0x2, 0xf2, 0x0, 0x0, 0x0, 0x0, 0x4f, 0x10,
    0x0, 0x0, 0x2f, 0x10, 0x0, 0x0, 0x0, 0x3,
    0xf1, 0x0, 0x0, 0x2, 0xff, 0xff, 0xff, 0xff,
    0xff, 0xff, 0x10, 0x0, 0x0, 0x0, 0x11, 0x0,
    0xc9, 0x0, 0x10, 0x0, 0x0, 0x0, 0x0, 0x4e,
    0x90, 0xb, 0x90, 0x3f, 0x92, 0x0, 0x0, 0x2,
    0xaf, 0x70, 0x0, 0xb9, 0x0, 0x3b, 0xf9, 0x10,
    0xa, 0xfc, 0x30, 0x0, 0xd, 0x90, 0x0, 0x3,
    0xde, 0x40, 0x44, 0x0, 0x2, 0xff, 0xd4, 0x0,
    0x0, 0x0, 0x71,

    /* U+6696 "暖" */
    0x0, 0x0, 0x0, 0x0, 0x0, 0x0, 0x2, 0x46,
    0x80, 0x1, 0x44, 0x44, 0x33, 0xab, 0xcd, 0xef,
    0xfd, 0xb8, 0x20, 0x4f, 0xff, 0xfe, 0x6, 0x74,
    0x39, 0x30, 0x2, 0x90, 0x4, 0xe0, 0x4, 0xe0,
    0x5d, 0x0, 0xb7, 0x0, 0xab, 0x0, 0x4e, 0x0,
    0x4e, 0x0, 0xe4, 0x7, 0xa0, 0x3f, 0x20, 0x4,
    0xe0, 0x4, 0xe0, 0x2a, 0x62, 0x57, 0x2c, 0xa2,
    0x20, 0x4e, 0x0, 0x4e, 0x1f, 0xff, 0xff, 0xff,
    0xff, 0xfd, 0x4, 0xf4, 0x47, 0xe0, 0x0, 0x9a,
    0x0, 0x0, 0x0, 0x0, 0x4f, 0xee, 0xee, 0x35,
    0x5c, 0xb5, 0x55, 0x55, 0x55, 0x14, 0xe0, 0x4,
    0xe9, 0xcc, 0xfe, 0xcc, 0xcc, 0xcc, 0xc4, 0x4e,
    0x0, 0x4e, 0x0, 0x1f, 0x30, 0x0, 0x0, 0x0,
    0x4, 0xe0, 0x4, 0xe0, 0x4, 0xff, 0xff, 0xff,
    0xfa, 0x0, 0x4e, 0x0, 0x4e, 0x0, 0x9f, 0x91,
    0x11, 0x2e, 0x50, 0x4, 0xf5, 0x58, 0xe0, 0xf,
    0xaf, 0x30, 0x7, 0xe0, 0x0, 0x4f, 0xdd, 0xdc,
    0x8, 0xd0, 0x9e, 0x33, 0xf4, 0x0, 0x4, 0xe0,
    0x0, 0x3, 0xf5, 0x0, 0x8f, 0xe6, 0x0, 0x0,
    0x3, 0x0, 0x3, 0xeb, 0x0, 0x4c, 0xee, 0xe7,
    0x10, 0x0, 0x0, 0x2, 0xfb, 0x19, 0xee, 0x80,
    0x7, 0xef, 0xc4, 0x0, 0x0, 0x5, 0x0, 0x64,
    0x0, 0x0, 0x0, 0x38, 0x0,

    /* U+6697 "暗" */
    0x0, 0x0, 0x0, 0x0, 0x0, 0x5, 0x50, 0x0,
    0x0, 0x0, 0x22, 0x22, 0x20, 0x0, 0x0, 0x9d,
    0x0, 0x0, 0x0, 0x4f, 0xff, 0xff, 0x3, 0x33,
    0x36, 0xf5, 0x33, 0x31, 0x4, 0xe1, 0x15, 0xf0,
    0xef, 0xff, 0xff, 0xff, 0xff, 0x70, 0x4e, 0x0,
    0x3f, 0x0, 0x3b, 0x0, 0x0, 0x4b, 0x10, 0x4,
    0xe0, 0x3, 0xf0, 0x1, 0xf3, 0x0, 0xa, 0xc0,
    0x0, 0x4e, 0x0, 0x3f, 0x0, 0xc, 0x80, 0x0,
    0xf4, 0x0, 0x4, 0xf4, 0x47, 0xf4, 0xaa, 0xdc,
    0xaa, 0xbf, 0xaa, 0xa1, 0x4f, 0xff, 0xff, 0x38,
    0x88, 0x88, 0x88, 0x88, 0x88, 0x4, 0xe0, 0x3,
    0xf0, 0x0, 0x0, 0x0, 0x0, 0x0, 0x0, 0x4e,
    0x0, 0x3f, 0x1, 0xff, 0xff, 0xff, 0xff, 0xd0,
    0x4, 0xe0, 0x3, 0xf0, 0x1f, 0x42, 0x22, 0x22,
    0x8d, 0x0, 0x4e, 0x0, 0x3f, 0x1, 0xf2, 0x0,
    0x0, 0x6, 0xd0, 0x4, 0xf4, 0x47, 0xf0, 0x1f,
    0xa9, 0x99, 0x99, 0xcd, 0x0, 0x4f, 0xff, 0xfe,
    0x1, 0xf9, 0x88, 0x88, 0x8b, 0xd0, 0x4, 0xe0,
    0x0, 0x0, 0x1f, 0x20, 0x0, 0x0, 0x6d, 0x0,
    0x15, 0x0, 0x0, 0x1, 0xf6, 0x44, 0x44, 0x49,
    0xd0, 0x0, 0x0, 0x0, 0x0, 0x1f, 0xee, 0xee,
    0xee, 0xed, 0x0, 0x0, 0x0, 0x0, 0x1, 0xf2,
    0x0, 0x0, 0x6, 0xd0, 0x0,

    /* U+66F4 "更" */
    0xc, 0xdd, 0xdd, 0xdd, 0xdd, 0xdd, 0xdd, 0xdd,
    0xdd, 0x60, 0x5, 0x55, 0x55, 0x55, 0x5d, 0xb5,
    0x55, 0x55, 0x55, 0x20, 0x0, 0x0, 0x0, 0x0,
    0xc, 0x90, 0x0, 0x0, 0x0, 0x0, 0x0, 0xe,
    0xee, 0xee, 0xef, 0xfe, 0xee, 0xee, 0xe3, 0x0,
    0x0, 0xf, 0x63, 0x33, 0x3d, 0xa3, 0x33, 0x35,
    0xf3, 0x0, 0x0, 0xf, 0x30, 0x0, 0xc, 0x90,
    0x0, 0x1, 0xf3, 0x0, 0x0, 0xf, 0x52, 0x22,
    0x2d, 0xa2, 0x22, 0x24, 0xf3, 0x0, 0x0, 0xf,
    0xfe, 0xee, 0xef, 0xfe, 0xee, 0xee, 0xf3, 0x0,
    0x0, 0xf, 0x30, 0x0, 0xc, 0x90, 0x0, 0x1,
    0xf3, 0x0, 0x0, 0xf, 0x52, 0x22, 0x2d, 0x92,
    0x22, 0x23, 0xf3, 0x0, 0x0, 0xf, 0xff, 0xff,
    0xff, 0xff, 0xff, 0xff, 0xf3, 0x0, 0x0, 0x1,
    0xb2, 0x0, 0x3f, 0x20, 0x0, 0x0, 0x0, 0x0,
    0x0, 0x0, 0xad, 0x10, 0xbc, 0x0, 0x0, 0x0,
    0x0, 0x0, 0x0, 0x0, 0xa, 0xeb, 0xe2, 0x0,
    0x0, 0x0, 0x0, 0x0, 0x0, 0x0, 0x6, 0xff,
    0xd7, 0x20, 0x0, 0x0, 0x0, 0x0, 0x2, 0x6a,
    0xfe, 0x71, 0x7d, 0xfe, 0xb9, 0x76, 0x54, 0x30,
    0xd, 0xea, 0x50, 0x0, 0x0, 0x15, 0x8a, 0xce,
    0xff, 0xc0, 0x0, 0x0, 0x0, 0x0, 0x0, 0x0,
    0x0, 0x0, 0x0, 0x0,

    /* U+6700 "最" */
    0x0, 0x0, 0x0, 0x0, 0x0, 0x0, 0x0, 0x0,
    0x0, 0x0, 0x0, 0x7, 0xff, 0xff, 0xff, 0xff,
    0xff, 0xff, 0x80, 0x0, 0x0, 0x7, 0xd0, 0x0,
    0x0, 0x0, 0x0, 0xc, 0x80, 0x0, 0x0, 0x7,
    0xfd, 0xdd, 0xdd, 0xdd, 0xdd, 0xdf, 0x80, 0x0,
    0x0, 0x7, 0xd0, 0x0, 0x0, 0x0, 0x0, 0xc,
    0x80, 0x0, 0x0, 0x7, 0xd0, 0x0, 0x0, 0x0,
    0x0, 0xc, 0x80, 0x0, 0x0, 0x6, 0xee, 0xee,
    0xee, 0xee, 0xee, 0xee, 0x80, 0x0, 0x0, 0x0,
    0x0, 0x0, 0x0, 0x0, 0x0, 0x0, 0x0, 0x0,
    0xf, 0xff, 0xff, 0xff, 0xff, 0xff, 0xff, 0xff,
    0xff, 0xe0, 0x1, 0x2f, 0x41, 0x11, 0xf5, 0x11,
    0x11, 0x11, 0x11, 0x10, 0x0, 0xf, 0x63, 0x33,
    0xf4, 0x45, 0x55, 0x55, 0x55, 0x0, 0x0, 0xf,
    0xdc, 0xcc, 0xf4, 0xbf, 0xdc, 0xcc, 0xdf, 0x10,
    0x0, 0xf, 0x20, 0x0, 0xf4, 0xb, 0x80, 0x0,
    0xb9, 0x0, 0x0, 0xf, 0xff, 0xff, 0xf4, 0x2,
    0xf3, 0x5, 0xf2, 0x0, 0x0, 0xf, 0x41, 0x11,
    0xf4, 0x0, 0x7e, 0x6f, 0x50, 0x0, 0x0, 0xf,
    0x32, 0x46, 0xfc, 0x40, 0xc, 0xf9, 0x0, 0x0,
    0xa, 0xcf, 0xff, 0xfd, 0xfa, 0x30, 0x9f, 0xcf,
    0x70, 0x0, 0xa, 0x86, 0x42, 0x0, 0xf5, 0x8e,
    0xe3, 0x6, 0xfe, 0x80, 0x0, 0x0, 0x0, 0x0,
    0xf4, 0xb6, 0x0, 0x0, 0x18, 0xa0,

    /* U+6709 "有" */
    0x0, 0x0, 0x0, 0xa, 0x20, 0x0, 0x0, 0x0,
    0x0, 0x0, 0x0, 0x0, 0x5f, 0x10, 0x0, 0x0,
    0x0, 0x0, 0x12, 0x22, 0x22, 0xbc, 0x22, 0x22,
    0x22, 0x22, 0x22, 0x8f, 0xff, 0xff, 0xff, 0xff,
    0xff, 0xff, 0xff, 0xfe, 0x11, 0x11, 0x1b, 0xd2,
    0x11, 0x11, 0x11, 0x11, 0x11, 0x0, 0x0, 0x3f,
    0x60, 0x0, 0x0, 0x0, 0x0, 0x0, 0x0, 0x0,
    0xdf, 0x44, 0x44, 0x44, 0x44, 0x42, 0x0, 0x0,
    0x7, 0xff, 0xff, 0xff, 0xff, 0xff, 0xf8, 0x0,
    0x0, 0x4f, 0xfa, 0x0, 0x0, 0x0, 0x0, 0xc8,
    0x0, 0x4, 0xf9, 0xba, 0x0, 0x0, 0x0, 0x0,
    0xc8, 0x0, 0x6f, 0x90, 0xaf, 0xff, 0xff, 0xff,
    0xff, 0xf8, 0x0, 0x86, 0x0, 0xab, 0x22, 0x22,
    0x22, 0x22, 0xc8, 0x0, 0x0, 0x0, 0xaa, 0x0,
    0x0, 0x0, 0x0, 0xc8, 0x0, 0x0, 0x0, 0xaf,
    0xdd, 0xdd, 0xdd, 0xdd, 0xf8, 0x0, 0x0, 0x0,
    0xac, 0x55, 0x55, 0x55, 0x55, 0xd8, 0x0, 0x0,
    0x0, 0xaa, 0x0, 0x0, 0x0, 0x0, 0xc8, 0x0,
    0x0, 0x0, 0xaa, 0x0, 0x0, 0x0, 0x0, 0xc8,
    0x0, 0x0, 0x0, 0xaa, 0x0, 0x0, 0x5, 0x55,
    0xe8, 0x0, 0x0, 0x0, 0xaa, 0x0, 0x0, 0xd,
    0xee, 0xb2, 0x0,

    /* U+670D "服" */
    0x0, 0x0, 0x0, 0x0, 0x0, 0x0, 0x0, 0x0,
    0x0, 0x0, 0x0, 0xdf, 0xff, 0xfe, 0x4, 0xff,
    0xff, 0xff, 0xff, 0x10, 0x0, 0xd7, 0x33, 0x7e,
    0x4, 0xf4, 0x44, 0x44, 0x7f, 0x10, 0x0, 0xd5,
    0x0, 0x5e, 0x4, 0xf0, 0x0, 0x0, 0x3f, 0x10,
    0x0, 0xd5, 0x0, 0x5e, 0x4, 0xf0, 0x0, 0x0,
    0x3f, 0x10, 0x0, 0xdb, 0x88, 0xae, 0x4, 0xf0,
    0x0, 0xee, 0xfd, 0x0, 0x0, 0xde, 0xcc, 0xde,
    0x4, 0xf0, 0x0, 0x22, 0x10, 0x0, 0x0, 0xd5,
    0x0, 0x5e, 0x4, 0xf2, 0x22, 0x22, 0x23, 0x0,
    0x0, 0xd5, 0x0, 0x5e, 0x4, 0xff, 0xff, 0xff,
    0xff, 0x80, 0x0, 0xe5, 0x0, 0x5e, 0x4, 0xf4,
    0xe1, 0x0, 0x1f, 0x40, 0x0, 0xe8, 0x44, 0x8e,
    0x4, 0xf0, 0xe5, 0x0, 0x4f, 0x0, 0x0, 0xff,
    0xff, 0xfe, 0x4, 0xf0, 0x8b, 0x0, 0xaa, 0x0,
    0x0, 0xf2, 0x0, 0x5e, 0x4, 0xf0, 0x2f, 0x32,
    0xf3, 0x0, 0x1, 0xf0, 0x0, 0x5e, 0x4, 0xf0,
    0x9, 0xba, 0xb0, 0x0, 0x4, 0xe0, 0x0, 0x5e,
    0x4, 0xf0, 0x1, 0xff, 0x20, 0x0, 0x7, 0xc0,
    0x0, 0x5e, 0x4, 0xf0, 0x2, 0xef, 0x30, 0x0,
    0xb, 0x80, 0x0, 0x5e, 0x4, 0xf0, 0x2e, 0xb9,
    0xf3, 0x0, 0x1f, 0x30, 0x34, 0x8e, 0x4, 0xf5,
    0xfb, 0x0, 0xaf, 0x80, 0x2b, 0x0, 0x9f, 0xe7,
    0x4, 0xf5, 0x70, 0x0, 0x6, 0xb0, 0x0, 0x0,
    0x0, 0x0, 0x0, 0x0, 0x0, 0x0, 0x0, 0x0,

    /* U+672A "未" */
    0x0, 0x0, 0x0, 0x0, 0x2, 0x30, 0x0, 0x0,
    0x0, 0x0, 0x0, 0x0, 0x0, 0x0, 0x9, 0xc0,
    0x0, 0x0, 0x0, 0x0, 0x0, 0x0, 0x0, 0x0,
    0x9, 0xc0, 0x0, 0x0, 0x0, 0x0, 0x0, 0x16,
    0x66, 0x66, 0x6c, 0xd6, 0x66, 0x66, 0x63, 0x0,
    0x0, 0x3f, 0xff, 0xff, 0xff, 0xff, 0xff, 0xff,
    0xf8, 0x0, 0x0, 0x0, 0x0, 0x0, 0x9, 0xc0,
    0x0, 0x0, 0x0, 0x0, 0x0, 0x0, 0x0, 0x0,
    0x9, 0xc0, 0x0, 0x0, 0x0, 0x0, 0x0, 0x0,
    0x0, 0x0, 0x9, 0xc0, 0x0, 0x0, 0x0, 0x0,
    0x3, 0x66, 0x66, 0x66, 0x6c, 0xd6, 0x66, 0x66,
    0x66, 0x50, 0x9, 0xff, 0xff, 0xff, 0xff, 0xff,
    0xff, 0xff, 0xff, 0xe0, 0x0, 0x0, 0x0, 0x0,
    0xdf, 0xfe, 0x10, 0x0, 0x0, 0x0, 0x0, 0x0,
    0x0, 0xa, 0xeb, 0xcb, 0xc0, 0x0, 0x0, 0x0,
    0x0, 0x0, 0x0, 0x8f, 0x39, 0xc1, 0xdb, 0x0,
    0x0, 0x0, 0x0, 0x0, 0x8, 0xf4, 0x9, 0xc0,
    0x2e, 0xb0, 0x0, 0x0, 0x0, 0x1, 0xbf, 0x50,
    0x9, 0xc0, 0x2, 0xed, 0x20, 0x0, 0x0, 0x4e,
    0xe3, 0x0, 0x9, 0xc0, 0x0, 0x1c, 0xf6, 0x0,
    0xb, 0xfc, 0x10, 0x0, 0x9, 0xc0, 0x0, 0x0,
    0x9f, 0xd2, 0x6, 0x60, 0x0, 0x0, 0x9, 0xc0,
    0x0, 0x0, 0x4, 0x80, 0x0, 0x0, 0x0, 0x0,
    0x9, 0xc0, 0x0, 0x0, 0x0, 0x0,

    /* U+672C "本" */
    0x0, 0x0, 0x0, 0x0, 0x24, 0x0, 0x0, 0x0,
    0x0, 0x0, 0x0, 0x0, 0x0, 0x8, 0xd0, 0x0,
    0x0, 0x0, 0x0, 0x0, 0x0, 0x0, 0x0, 0x8d,
    0x0, 0x0, 0x0, 0x0, 0x0, 0x0, 0x0, 0x0,
    0x8, 0xd0, 0x0, 0x0, 0x0, 0x0, 0x36, 0x66,
    0x66, 0x66, 0xbe, 0x66, 0x66, 0x66, 0x65, 0x7,
    0xff, 0xff, 0xff, 0xff, 0xff, 0xff, 0xff, 0xff,
    0xe0, 0x0, 0x0, 0x0, 0x8d, 0x8d, 0x8c, 0x0,
    0x0, 0x0, 0x0, 0x0, 0x0, 0x1f, 0x68, 0xd1,
    0xf4, 0x0, 0x0, 0x0, 0x0, 0x0, 0x8, 0xe0,
    0x8d, 0x9, 0xd0, 0x0, 0x0, 0x0, 0x0, 0x3,
    0xf5, 0x8, 0xd0, 0x1f, 0x80, 0x0, 0x0, 0x0,
    0x0, 0xdb, 0x0, 0x8d, 0x0, 0x6f, 0x30, 0x0,
    0x0, 0x0, 0xbe, 0x10, 0x8, 0xd0, 0x0, 0xbe,
    0x20, 0x0, 0x0, 0x9f, 0x30, 0x0, 0x8d, 0x0,
    0x0, 0xde, 0x20, 0x0, 0xbf, 0x76, 0x66, 0x6b,
    0xe6, 0x66, 0x66, 0xee, 0x50, 0xbf, 0x44, 0xff,
    0xff, 0xff, 0xff, 0xff, 0xa1, 0xcf, 0x32, 0x30,
    0x0, 0x0, 0x8, 0xd0, 0x0, 0x0, 0x0, 0x40,
    0x0, 0x0, 0x0, 0x0, 0x8d, 0x0, 0x0, 0x0,
    0x0, 0x0, 0x0, 0x0, 0x0, 0x8, 0xd0, 0x0,
    0x0, 0x0, 0x0, 0x0, 0x0, 0x0, 0x0, 0x8d,
    0x0, 0x0, 0x0, 0x0, 0x0,

    /* U+673A "机" */
    0x0, 0x0, 0x23, 0x0, 0x0, 0x0, 0x0, 0x0,
    0x0, 0x0, 0x0, 0x0, 0x8b, 0x0, 0x0, 0x66,
    0x66, 0x66, 0x20, 0x0, 0x0, 0x0, 0x8b, 0x0,
    0x0, 0xfe, 0xdd, 0xdf, 0x60, 0x0, 0x0, 0x0,
    0x8b, 0x0, 0x0, 0xf4, 0x0, 0xe, 0x60, 0x0,
    0x4, 0x55, 0xad, 0x55, 0x40, 0xf4, 0x0, 0xe,
    0x60, 0x0, 0xe, 0xff, 0xff, 0xff, 0xb0, 0xf4,
    0x0, 0xe, 0x60, 0x0, 0x0, 0x0, 0xeb, 0x0,
    0x0, 0xf4, 0x0, 0xe, 0x60, 0x0, 0x0, 0x4,
    0xfc, 0x0, 0x0, 0xf4, 0x0, 0xe, 0x60, 0x0,
    0x0, 0xb, 0xff, 0x70, 0x0, 0xf4, 0x0, 0xe,
    0x60, 0x0, 0x0, 0x1f, 0x9d, 0xe7, 0x1, 0xf3,
    0x0, 0xe, 0x60, 0x0, 0x0, 0x89, 0x8b, 0x3f,
    0x62, 0xf3, 0x0, 0xe, 0x60, 0x0, 0x2, 0xf2,
    0x8b, 0x6, 0x74, 0xf1, 0x0, 0xe, 0x60, 0x0,
    0xc, 0xa0, 0x8b, 0x0, 0x7, 0xe0, 0x0, 0xe,
    0x60, 0x0, 0x3e, 0x10, 0x8b, 0x0, 0xc, 0xc0,
    0x0, 0xe, 0x60, 0x82, 0x2, 0x0, 0x8b, 0x0,
    0x2f, 0x70, 0x0, 0xe, 0x60, 0xb4, 0x0, 0x0,
    0x8b, 0x0, 0xaf, 0x10, 0x0, 0xe, 0x60, 0xc4,
    0x0, 0x0, 0x8b, 0x6, 0xfb, 0x0, 0x0, 0xe,
    0xa4, 0xe3, 0x0, 0x0, 0x8b, 0xc, 0xf1, 0x0,
    0x0, 0x7, 0xff, 0xb0, 0x0, 0x0, 0x8b, 0x4,
    0x50, 0x0, 0x0, 0x0, 0x0, 0x0, 0x0, 0x0,
    0x0, 0x0, 0x0, 0x0, 0x0, 0x0, 0x0, 0x0,

    /* U+6761 "条" */
    0x0, 0x0, 0x0, 0x8, 0x90, 0x0, 0x0, 0x0,
    0x0, 0x0, 0x0, 0x0, 0x0, 0x4f, 0x50, 0x0,
    0x0, 0x0, 0x0, 0x0, 0x0, 0x0, 0x3, 0xff,
    0xff, 0xff, 0xff, 0xe3, 0x0, 0x0, 0x0, 0x0,
    0x4e, 0xf4, 0x33, 0x33, 0x4e, 0xc0, 0x0, 0x0,
    0x0, 0x7, 0xf9, 0xcc, 0x0, 0x0, 0xaf, 0x20,
    0x0, 0x0, 0x2, 0xde, 0x50, 0x1c, 0xc2, 0x1c,
    0xe3, 0x0, 0x0, 0x0, 0x0, 0x92, 0x0, 0x0,
    0xce, 0xed, 0x20, 0x0, 0x0, 0x0, 0x0, 0x0,
    0x0, 0x6, 0xcf, 0xfd, 0x60, 0x0, 0x0, 0x0,
    0x0, 0x0, 0x39, 0xfd, 0x71, 0x17, 0xdf, 0x95,
    0x10, 0x0, 0x8, 0xce, 0xc8, 0x30, 0x4, 0x40,
    0x3, 0x8b, 0xee, 0xa0, 0x4, 0x20, 0x0, 0x0,
    0xb, 0xa0, 0x0, 0x0, 0x2, 0x20, 0x0, 0xe,
    0xee, 0xee, 0xef, 0xfe, 0xee, 0xee, 0xe0, 0x0,
    0x0, 0x4, 0x44, 0x44, 0x4c, 0xc4, 0x44, 0x44,
    0x40, 0x0, 0x0, 0x0, 0x2, 0x70, 0xb, 0xa0,
    0x19, 0x0, 0x0, 0x0, 0x0, 0x0, 0x1d, 0x90,
    0xb, 0xa0, 0x1d, 0xc0, 0x0, 0x0, 0x0, 0x1,
    0xcc, 0x0, 0xb, 0xa0, 0x1, 0xdc, 0x0, 0x0,
    0x0, 0x2d, 0xd1, 0x0, 0xb, 0xa0, 0x0, 0x2e,
    0xa0, 0x0, 0x0, 0xbc, 0x10, 0x2, 0x2c, 0xa0,
    0x0, 0x3, 0xf3, 0x0, 0x0, 0x10, 0x0, 0x8,
    0xfe, 0x40, 0x0, 0x0, 0x20, 0x0,

    /* U+6765 "来" */
    0x0, 0x0, 0x0, 0x0, 0x3, 0x30, 0x0, 0x0,
    0x0, 0x0, 0x0, 0x0, 0x0, 0x0, 0xa, 0xb0,
    0x0, 0x0, 0x0, 0x0, 0x0, 0x44, 0x44, 0x44,
    0x4c, 0xc4, 0x44, 0x44, 0x44, 0x0, 0x0, 0xdf,
    0xff, 0xff, 0xff, 0xff, 0xff, 0xff, 0xff, 0x10,
    0x0, 0x0, 0x41, 0x0, 0xa, 0xb0, 0x0, 0x6,
    0x20, 0x0, 0x0, 0x0, 0xd9, 0x0, 0xa, 0xb0,
    0x0, 0x4f, 0x40, 0x0, 0x0, 0x0, 0x4f, 0x30,
    0xa, 0xb0, 0x0, 0xbb, 0x0, 0x0, 0x0, 0x0,
    0xd, 0xa0, 0xa, 0xb0, 0x5, 0xf2, 0x0, 0x0,
    0x0, 0x0, 0x5, 0x60, 0xa, 0xb0, 0x6, 0x60,
    0x0, 0x0, 0xc, 0xff, 0xff, 0xff, 0xff, 0xff,
    0xff, 0xff, 0xff, 0xe0, 0x4, 0x55, 0x55, 0x55,
    0xef, 0xff, 0x55, 0x55, 0x55, 0x40, 0x0, 0x0,
    0x0, 0x8, 0xec, 0xcd, 0xa0, 0x0, 0x0, 0x0,
    0x0, 0x0, 0x0, 0x6f, 0x3a, 0xb2, 0xf7, 0x0,
    0x0, 0x0, 0x0, 0x0, 0x6, 0xf6, 0xa, 0xb0,
    0x5f, 0x80, 0x0, 0x0, 0x0, 0x0, 0x8f, 0x60,
    0xa, 0xb0, 0x5, 0xf9, 0x0, 0x0, 0x0, 0x2c,
    0xf5, 0x0, 0xa, 0xb0, 0x0, 0x4f, 0xd2, 0x0,
    0x8, 0xfd, 0x30, 0x0, 0xa, 0xb0, 0x0, 0x2,
    0xdf, 0x91, 0xb, 0x80, 0x0, 0x0, 0xa, 0xb0,
    0x0, 0x0, 0x8, 0xd0, 0x0, 0x0, 0x0, 0x0,
    0xa, 0xb0, 0x0, 0x0, 0x0, 0x0,

    /* U+6770 "杰" */
    0x0, 0x0, 0x0, 0x0, 0x9, 0x40, 0x0, 0x0,
    0x0, 0x0, 0x0, 0x0, 0x0, 0x0, 0xe7, 0x0,
    0x0, 0x0, 0x0, 0x0, 0x0, 0x0, 0x0, 0xe,
    0x70, 0x0, 0x0, 0x0, 0x0, 0x57, 0x77, 0x77,
    0x77, 0xfb, 0x77, 0x77, 0x77, 0x71, 0x9, 0xdd,
    0xdd, 0xdd, 0xff, 0xff, 0xdd, 0xdd, 0xdd, 0x30,
    0x0, 0x0, 0x0, 0x9c, 0xea, 0xf3, 0x0, 0x0,
    0x0, 0x0, 0x0, 0x0, 0x4f, 0x2e, 0x78, 0xd0,
    0x0, 0x0, 0x0, 0x0, 0x0, 0x3f, 0x70, 0xe7,
    0xc, 0xb0, 0x0, 0x0, 0x0, 0x0, 0x2e, 0xa0,
    0xe, 0x70, 0x1e, 0xb0, 0x0, 0x0, 0x0, 0x4f,
    0xb0, 0x0, 0xe7, 0x0, 0x2e, 0xc1, 0x0, 0x0,
    0x8f, 0xa0, 0x0, 0xe, 0x70, 0x0, 0x1d, 0xe6,
    0x0, 0xdf, 0x60, 0x0, 0x0, 0xe7, 0x0, 0x0,
    0x9, 0xf9, 0x4, 0x20, 0x0, 0x0, 0xe, 0x70,
    0x0, 0x0, 0x4, 0x10, 0x0, 0x0, 0x0, 0x0,
    0x0, 0x0, 0x0, 0x0, 0x0, 0x0, 0xc, 0x60,
    0x28, 0x0, 0x9, 0x20, 0xd, 0x70, 0x0, 0x4,
    0xf2, 0x1, 0xf3, 0x0, 0xba, 0x0, 0x5f, 0x30,
    0x0, 0xcb, 0x0, 0xc, 0x80, 0x4, 0xf1, 0x0,
    0xad, 0x0, 0x8e, 0x10, 0x0, 0x8c, 0x0, 0xe,
    0x70, 0x2, 0xf6, 0x7, 0x40, 0x0, 0x1, 0x20,
    0x0, 0x20, 0x0, 0x6, 0x30,

    /* U+677E "松" */
    0x0, 0x0, 0x41, 0x0, 0x0, 0x0, 0x0, 0x0,
    0x0, 0x0, 0x0, 0x0, 0xe5, 0x0, 0x0, 0x29,
    0x10, 0x6a, 0x0, 0x0, 0x0, 0x0, 0xe5, 0x0,
    0x0, 0x7f, 0x0, 0x4f, 0x10, 0x0, 0x0, 0x0,
    0xe5, 0x0, 0x0, 0xca, 0x0, 0xf, 0x60, 0x0,
    0x4, 0x44, 0xf9, 0x44, 0x1, 0xf5, 0x0, 0x9,
    0xd0, 0x0, 0xf, 0xff, 0xff, 0xfe, 0x6, 0xf0,
    0x0, 0x3, 0xf5, 0x0, 0x0, 0x3, 0xf6, 0x0,
    0xe, 0x90, 0x0, 0x0, 0xbe, 0x0, 0x0, 0x8,
    0xfd, 0x0, 0x8f, 0x20, 0xb9, 0x0, 0x2f, 0x80,
    0x0, 0xd, 0xff, 0x82, 0xf8, 0x0, 0xf7, 0x0,
    0x8, 0xd0, 0x0, 0x2e, 0xe8, 0xf3, 0x40, 0x5,
    0xf2, 0x0, 0x0, 0x10, 0x0, 0x88, 0xe5, 0x9d,
    0x0, 0xa, 0xc0, 0x0, 0x0, 0x0, 0x0, 0xe3,
    0xe5, 0x16, 0x0, 0xf, 0x70, 0x0, 0x0, 0x0,
    0x7, 0xd0, 0xe5, 0x0, 0x0, 0x6f, 0x10, 0x1d,
    0x20, 0x0, 0x1f, 0x50, 0xe5, 0x0, 0x0, 0xd9,
    0x0, 0xb, 0xa0, 0x0, 0xb, 0x0, 0xe5, 0x0,
    0x4, 0xf2, 0x0, 0x3, 0xf3, 0x0, 0x0, 0x0,
    0xe5, 0x0, 0xc, 0xb0, 0x0, 0x1, 0xda, 0x0,
    0x0, 0x0, 0xe5, 0x0, 0x6f, 0xa9, 0xbd, 0xff,
    0xff, 0x20, 0x0, 0x0, 0xe5, 0x0, 0xaf, 0xec,
    0xa7, 0x53, 0x1e, 0x80, 0x0, 0x0, 0xe5, 0x0,
    0x11, 0x0, 0x0, 0x0, 0x4, 0x10,

    /* U+6784 "构" */
    0x0, 0x0, 0x41, 0x0, 0x0, 0x31, 0x0, 0x0,
    0x0, 0x0, 0x0, 0xe, 0x50, 0x0, 0xe, 0x70,
    0x0, 0x0, 0x0, 0x0, 0x0, 0xe5, 0x0, 0x4,
    0xf1, 0x0, 0x0, 0x0, 0x0, 0x0, 0xe, 0x50,
    0x0, 0x9e, 0x77, 0x77, 0x77, 0x75, 0xe, 0xff,
    0xff, 0xfb, 0x1f, 0xcb, 0xbb, 0xbb, 0xbe, 0xb0,
    0x44, 0x6f, 0x84, 0x38, 0xd0, 0x0, 0x0, 0x0,
    0xaa, 0x0, 0x6, 0xf8, 0x3, 0xf5, 0xa, 0x30,
    0x0, 0xb, 0xa0, 0x0, 0xbf, 0xf2, 0x7b, 0x3,
    0xf2, 0x0, 0x0, 0xb9, 0x0, 0x1f, 0xfc, 0xc0,
    0x0, 0x8c, 0x0, 0x0, 0xc, 0x80, 0x5, 0xbe,
    0x6d, 0x60, 0xd, 0x71, 0xa0, 0x0, 0xd8, 0x0,
    0xc5, 0xe5, 0x57, 0x3, 0xf1, 0xd, 0x40, 0xd,
    0x70, 0x3f, 0xe, 0x50, 0x0, 0xa9, 0x0, 0x7b,
    0x0, 0xe6, 0xc, 0x90, 0xe5, 0x0, 0x2f, 0x77,
    0xad, 0xf1, 0xf, 0x52, 0xf2, 0xe, 0x50, 0xa,
    0xfe, 0xb7, 0x4c, 0x60, 0xf4, 0x4, 0x0, 0xe5,
    0x0, 0x22, 0x0, 0x0, 0x43, 0x2f, 0x30, 0x0,
    0xe, 0x50, 0x0, 0x0, 0x0, 0x0, 0x4, 0xf1,
    0x0, 0x0, 0xe5, 0x0, 0x0, 0x0, 0x0, 0x0,
    0x7f, 0x0, 0x0, 0xe, 0x50, 0x0, 0x0, 0x0,
    0x54, 0x4d, 0xa0, 0x0, 0x0, 0xe5, 0x0, 0x0,
    0x0, 0xb, 0xff, 0xc2, 0x0, 0x0, 0x0, 0x0,
    0x0, 0x0, 0x0, 0x0, 0x0, 0x0,

    /* U+67D4 "柔" */
    0x0, 0x0, 0x0, 0x0, 0x0, 0x0, 0x0, 0x0,
    0x0, 0x0, 0x0, 0xa, 0xff, 0xff, 0xff, 0xff,
    0xff, 0xfe, 0x20, 0x0, 0x0, 0x1, 0x22, 0x22,
    0x22, 0x22, 0x7e, 0xe4, 0x0, 0x0, 0x0, 0x0,
    0x0, 0x7e, 0xa6, 0x6d, 0xe7, 0x0, 0x0, 0x0,
    0x0, 0x0, 0x0, 0x1, 0x4a, 0xef, 0x70, 0x0,
    0x0, 0x0, 0x6, 0xff, 0xff, 0xff, 0xff, 0xff,
    0xff, 0xff, 0xff, 0x60, 0x1, 0x22, 0x22, 0x2b,
    0xf7, 0xf4, 0x22, 0x22, 0xdc, 0x0, 0x0, 0x0,
    0x2, 0xde, 0x32, 0xf2, 0x0, 0x9, 0xe2, 0x0,
    0x0, 0x2, 0x8f, 0xa1, 0x2, 0xf2, 0x0, 0x7e,
    0x20, 0x0, 0x3, 0xbf, 0xc4, 0x4, 0x57, 0xf2,
    0x0, 0x2, 0x0, 0x0, 0x2, 0xa4, 0x0, 0x8,
    0xbe, 0xb0, 0x0, 0x0, 0x0, 0x0, 0x2, 0x22,
    0x22, 0x22, 0x2b, 0xc2, 0x22, 0x22, 0x22, 0x20,
    0xc, 0xff, 0xff, 0xff, 0xff, 0xff, 0xff, 0xff,
    0xff, 0xe0, 0x0, 0x0, 0x0, 0x8, 0xfd, 0xdf,
    0x90, 0x0, 0x0, 0x0, 0x0, 0x0, 0x0, 0x9f,
    0x4a, 0xb4, 0xfa, 0x0, 0x0, 0x0, 0x0, 0x0,
    0x4d, 0xe3, 0xa, 0xb0, 0x3d, 0xe5, 0x0, 0x0,
    0x0, 0x3b, 0xfb, 0x10, 0xa, 0xb0, 0x1, 0xaf,
    0xc5, 0x0, 0xc, 0xfd, 0x40, 0x0, 0xa, 0xb0,
    0x0, 0x3, 0xbf, 0xe1, 0x4, 0x50, 0x0, 0x0,
    0xa, 0xb0, 0x0, 0x0, 0x2, 0x40,

    /* U+67E5 "查" */
    0x0, 0x0, 0x0, 0x0, 0x8, 0x80, 0x0, 0x0,
    0x0, 0x0, 0x0, 0x0, 0x0, 0x0, 0xa, 0xa0,
    0x0, 0x0, 0x0, 0x0, 0x1, 0x22, 0x22, 0x22,
    0x2b, 0xb2, 0x22, 0x22, 0x22, 0x20, 0xc, 0xff,
    0xff, 0xff, 0xff, 0xff, 0xff, 0xff, 0xff, 0xe0,
    0x0, 0x0, 0x0, 0xa, 0xdb, 0xbd, 0xa0, 0x0,
    0x0, 0x0, 0x0, 0x0, 0x1, 0xbe, 0x1a, 0xa1,
    0xdb, 0x10, 0x0, 0x0, 0x0, 0x0, 0x3e, 0xc1,
    0xa, 0xa0, 0x1b, 0xe5, 0x0, 0x0, 0x0, 0x1a,
    0xf9, 0x0, 0xa, 0xa0, 0x0, 0x7f, 0xc4, 0x0,
    0xa, 0xfd, 0x40, 0x0, 0x4, 0x40, 0x0, 0x2,
    0xaf, 0xd1, 0x6, 0x50, 0x7f, 0xff, 0xff, 0xff,
    0xff, 0xf8, 0x2, 0x40, 0x0, 0x0, 0x7d, 0x0,
    0x0, 0x0, 0x0, 0xc8, 0x0, 0x0, 0x0, 0x0,
    0x7d, 0x11, 0x11, 0x11, 0x11, 0xd8, 0x0, 0x0,
    0x0, 0x0, 0x7f, 0xdd, 0xdd, 0xdd, 0xdd, 0xf8,
    0x0, 0x0, 0x0, 0x0, 0x7d, 0x0, 0x0, 0x0,
    0x0, 0xc8, 0x0, 0x0, 0x0, 0x0, 0x7f, 0xcc,
    0xcc, 0xcc, 0xcc, 0xf8, 0x0, 0x0, 0x0, 0x0,
    0x13, 0x33, 0x33, 0x33, 0x33, 0x31, 0x0, 0x0,
    0x1, 0x33, 0x33, 0x33, 0x33, 0x33, 0x33, 0x33,
    0x33, 0x20, 0x6, 0xff, 0xff, 0xff, 0xff, 0xff,
    0xff, 0xff, 0xff, 0x90,

    /* U+6839 "根" */
    0x0, 0x0, 0x41, 0x0, 0x0, 0x0, 0x0, 0x0,
    0x0, 0x0, 0x0, 0x0, 0xd5, 0x0, 0x6f, 0xff,
    0xff, 0xff, 0xf5, 0x0, 0x0, 0x0, 0xd5, 0x0,
    0x6f, 0x33, 0x33, 0x33, 0xf5, 0x0, 0x0, 0x0,
    0xd5, 0x0, 0x6e, 0x0, 0x0, 0x0, 0xe5, 0x0,
    0xd, 0xee, 0xff, 0xeb, 0x6e, 0x11, 0x11, 0x11,
    0xe5, 0x0, 0x5, 0x56, 0xf9, 0x54, 0x6f, 0xff,
    0xff, 0xff, 0xf5, 0x0, 0x0, 0x5, 0xf7, 0x0,
    0x6e, 0x0, 0x0, 0x0, 0xe5, 0x0, 0x0, 0xa,
    0xff, 0x20, 0x6e, 0x0, 0x0, 0x0, 0xe5, 0x0,
    0x0, 0xf, 0xfc, 0xb0, 0x6f, 0x33, 0x33, 0x33,
    0xf5, 0x0, 0x0, 0x4c, 0xd6, 0xd6, 0x6f, 0xff,
    0xff, 0xff, 0xf5, 0x0, 0x0, 0xb6, 0xd5, 0x66,
    0x6e, 0x0, 0xc6, 0x0, 0x1, 0x0, 0x2, 0xf1,
    0xd5, 0x0, 0x6e, 0x0, 0x7d, 0x0, 0x5f, 0x40,
    0xb, 0xa0, 0xd5, 0x0, 0x6e, 0x0, 0x2f, 0x38,
    0xf7, 0x0, 0x1f, 0x20, 0xd5, 0x0, 0x6e, 0x0,
    0xb, 0xfd, 0x30, 0x0, 0x4, 0x0, 0xd5, 0x0,
    0x6e, 0x0, 0x2, 0xf5, 0x0, 0x0, 0x0, 0x0,
    0xd5, 0x0, 0x6e, 0x0, 0x0, 0x9f, 0x30, 0x0,
    0x0, 0x0, 0xd5, 0x0, 0x6e, 0x14, 0x89, 0xb,
    0xe5, 0x0, 0x0, 0x0, 0xd5, 0x0, 0xaf, 0xff,
    0xb5, 0x0, 0xbf, 0xb0, 0x0, 0x0, 0xd5, 0x0,
    0x89, 0x40, 0x0, 0x0, 0x6, 0x70,

    /* U+6863 "档" */
    0x0, 0x0, 0x50, 0x0, 0x0, 0x0, 0x13, 0x0,
    0x0, 0x0, 0x0, 0x1f, 0x20, 0x0, 0x0, 0x5,
    0xe0, 0x0, 0x0, 0x0, 0x1, 0xf2, 0x0, 0xb6,
    0x0, 0x5e, 0x0, 0x2f, 0x30, 0x0, 0x1f, 0x20,
    0x6, 0xd0, 0x5, 0xe0, 0x7, 0xd0, 0x4, 0x45,
    0xf6, 0x43, 0xf, 0x50, 0x5e, 0x0, 0xe6, 0x0,
    0xff, 0xff, 0xff, 0xb0, 0x9c, 0x5, 0xe0, 0x6d,
    0x0, 0x0, 0x7, 0xf3, 0x0, 0x2, 0x60, 0x5e,
    0x7, 0x40, 0x0, 0x0, 0xcf, 0xc0, 0x5, 0x55,
    0x59, 0xf5, 0x55, 0x51, 0x0, 0x1f, 0xfd, 0x82,
    0xff, 0xff, 0xff, 0xff, 0xff, 0x40, 0x7, 0xbf,
    0x4f, 0x40, 0x0, 0x0, 0x0, 0x0, 0xf4, 0x0,
    0xc5, 0xf2, 0x78, 0x0, 0x0, 0x0, 0x0, 0xf,
    0x40, 0x4e, 0x1f, 0x20, 0x3, 0x44, 0x44, 0x44,
    0x44, 0xf4, 0xc, 0x81, 0xf2, 0x0, 0xef, 0xff,
    0xff, 0xff, 0xff, 0x44, 0xf1, 0x1f, 0x20, 0x0,
    0x0, 0x0, 0x0, 0x0, 0xf4, 0x5, 0x1, 0xf2,
    0x0, 0x0, 0x0, 0x0, 0x0, 0xf, 0x40, 0x0,
    0x1f, 0x20, 0x23, 0x33, 0x33, 0x33, 0x34, 0xf4,
    0x0, 0x1, 0xf2, 0x9, 0xff, 0xff, 0xff, 0xff,
    0xff, 0x40, 0x0, 0x1f, 0x20, 0x1, 0x11, 0x11,
    0x11, 0x12, 0xf4, 0x0, 0x1, 0xf2, 0x0, 0x0,
    0x0, 0x0, 0x0, 0xd, 0x30,

    /* U+6A21 "模" */
    0x0, 0x2, 0x40, 0x0, 0x0, 0x32, 0x0, 0x14,
    0x0, 0x0, 0x0, 0x6, 0xd0, 0x0, 0x0, 0xc7,
    0x0, 0x4f, 0x0, 0x0, 0x0, 0x6, 0xd0, 0xa,
    0xcc, 0xfe, 0xcc, 0xdf, 0xcc, 0xa0, 0x0, 0x6,
    0xd0, 0x3, 0x44, 0xda, 0x44, 0x8f, 0x44, 0x30,
    0xc, 0xce, 0xfc, 0xc0, 0x0, 0x85, 0x0, 0x3b,
    0x0, 0x0, 0x5, 0x5a, 0xe5, 0x50, 0xef, 0xff,
    0xff, 0xff, 0xfc, 0x0, 0x0, 0xc, 0xf1, 0x0,
    0xf5, 0x0, 0x0, 0x0, 0x8c, 0x0, 0x0, 0xf,
    0xfb, 0x0, 0xf6, 0x22, 0x22, 0x22, 0x9c, 0x0,
    0x0, 0x5f, 0xee, 0x50, 0xfd, 0xcc, 0xcc, 0xcc,
    0xec, 0x0, 0x0, 0x9e, 0xd6, 0xe0, 0xf4, 0x0,
    0x0, 0x0, 0x7c, 0x0, 0x0, 0xf8, 0xd0, 0xb0,
    0xff, 0xff, 0xff, 0xff, 0xfc, 0x0, 0x6, 0xc6,
    0xd0, 0x0, 0x11, 0x11, 0xe7, 0x11, 0x11, 0x0,
    0xe, 0x66, 0xd0, 0x1, 0x11, 0x12, 0xf5, 0x11,
    0x11, 0x10, 0x2d, 0x6, 0xd0, 0x3f, 0xff, 0xff,
    0xff, 0xff, 0xff, 0xd0, 0x1, 0x6, 0xd0, 0x1,
    0x11, 0x1d, 0xad, 0x81, 0x11, 0x10, 0x0, 0x6,
    0xd0, 0x0, 0x0, 0x7f, 0x25, 0xf3, 0x0, 0x0,
    0x0, 0x6, 0xd0, 0x0, 0x8, 0xf6, 0x0, 0x9f,
    0x50, 0x0, 0x0, 0x6, 0xd0, 0x38, 0xee, 0x50,
    0x0, 0x8, 0xfc, 0x60, 0x0, 0x6, 0xd0, 0x5d,
    0x71, 0x0, 0x0, 0x0, 0x3a, 0xc0, 0x0, 0x0,
    0x0, 0x0, 0x0, 0x0, 0x0, 0x0, 0x0, 0x0,

    /* U+6B21 "次" */
    0x0, 0x0, 0x0, 0x0, 0xa, 0x40, 0x0, 0x0,
    0x0, 0x0, 0x0, 0x10, 0x0, 0x0, 0x3f, 0x40,
    0x0, 0x0, 0x0, 0x0, 0x8, 0xf7, 0x0, 0x0,
    0x8f, 0x0, 0x0, 0x0, 0x0, 0x0, 0x0, 0x6f,
    0xc2, 0x0, 0xcd, 0x44, 0x44, 0x44, 0x44, 0x0,
    0x0, 0x2, 0xda, 0x1, 0xff, 0xff, 0xff, 0xff,
    0xff, 0x60, 0x0, 0x0, 0x0, 0x7, 0xf1, 0x0,
    0x0, 0x0, 0x4f, 0x10, 0x0, 0x0, 0x0, 0xe,
    0xa0, 0x8, 0xd0, 0x0, 0xac, 0x0, 0x0, 0x0,
    0x0, 0x8f, 0x20, 0x9, 0xd0, 0x1, 0xf5, 0x0,
    0x0, 0x0, 0x0, 0xd9, 0x0, 0xa, 0xd0, 0x7,
    0xe0, 0x0, 0x0, 0x0, 0x2, 0x0, 0x0, 0xb,
    0xf1, 0x1, 0x30, 0x0, 0x0, 0x0, 0x9e, 0x0,
    0x0, 0xf, 0xf5, 0x0, 0x0, 0x0, 0x0, 0x3,
    0xf6, 0x0, 0x0, 0x4f, 0xda, 0x0, 0x0, 0x0,
    0x0, 0xd, 0xc0, 0x0, 0x0, 0xae, 0x3f, 0x30,
    0x0, 0x0, 0x0, 0x9f, 0x20, 0x0, 0x3, 0xf7,
    0xc, 0xb0, 0x0, 0x0, 0x4, 0xf7, 0x0, 0x0,
    0x1e, 0xc0, 0x3, 0xf7, 0x0, 0x0, 0xd, 0xc0,
    0x0, 0x2, 0xdd, 0x20, 0x0, 0x8f, 0x60, 0x0,
    0x1, 0x20, 0x0, 0x6f, 0xd1, 0x0, 0x0, 0x9,
    0xfa, 0x20, 0x0, 0x0, 0xc, 0xf9, 0x0, 0x0,
    0x0, 0x0, 0x6e, 0xd0, 0x0, 0x0, 0x5, 0x30,
    0x0, 0x0, 0x0, 0x0, 0x1, 0x20,

    /* U+6B22 "欢" */
    0x0, 0x0, 0x0, 0x0, 0x0, 0xe, 0x30, 0x0,
    0x0, 0x0, 0x0, 0x0, 0x0, 0x0, 0x0, 0x4f,
    0x10, 0x0, 0x0, 0x0, 0xa, 0xaa, 0xaa, 0xaa,
    0x40, 0x7d, 0x0, 0x0, 0x0, 0x0, 0x8, 0x88,
    0x88, 0x8f, 0x50, 0xaf, 0xee, 0xee, 0xee, 0xa0,
    0x0, 0x0, 0x0, 0x1f, 0x20, 0xe8, 0x55, 0x55,
    0x5d, 0x80, 0x8, 0x70, 0x0, 0x4f, 0x5, 0xf0,
    0x26, 0x0, 0xf, 0x40, 0x4, 0xf3, 0x0, 0x8c,
    0xc, 0xa0, 0x4f, 0x0, 0x4e, 0x0, 0x0, 0x9d,
    0x0, 0xd7, 0x2f, 0x20, 0x5f, 0x0, 0x25, 0x0,
    0x0, 0xd, 0x93, 0xf2, 0x1, 0x0, 0x6f, 0x0,
    0x0, 0x0, 0x0, 0x3, 0xfc, 0xc0, 0x0, 0x0,
    0x7f, 0x30, 0x0, 0x0, 0x0, 0x0, 0x8f, 0x60,
    0x0, 0x0, 0xbf, 0x70, 0x0, 0x0, 0x0, 0x0,
    0x9f, 0x90, 0x0, 0x0, 0xfd, 0xc0, 0x0, 0x0,
    0x0, 0x3, 0xfb, 0xf3, 0x0, 0x4, 0xf3, 0xf3,
    0x0, 0x0, 0x0, 0xd, 0xb0, 0xdb, 0x0, 0xc,
    0xa0, 0xba, 0x0, 0x0, 0x0, 0xbe, 0x10, 0x5d,
    0x0, 0x8f, 0x10, 0x3f, 0x50, 0x0, 0x1b, 0xe3,
    0x0, 0x0, 0x6, 0xf5, 0x0, 0xa, 0xf2, 0x0,
    0x1c, 0x20, 0x0, 0x0, 0x7f, 0x70, 0x0, 0x0,
    0xcf, 0x50, 0x0, 0x0, 0x0, 0x8, 0xf5, 0x0,
    0x0, 0x0, 0x1b, 0xf2, 0x0, 0x0, 0x0, 0x0,
    0x20, 0x0, 0x0, 0x0, 0x0, 0x20,

    /* U+6B4C "歌" */
    0x0, 0x0, 0x0, 0x0, 0x0, 0x0, 0x5d, 0x0,
    0x0, 0x0, 0xd, 0xff, 0xff, 0xff, 0xff, 0xf0,
    0x9c, 0x0, 0x0, 0x0, 0x3, 0x33, 0x33, 0x33,
    0xc9, 0x30, 0xc9, 0x0, 0x0, 0x0, 0x0, 0x1,
    0x11, 0x10, 0xb7, 0x0, 0xf9, 0x44, 0x44, 0x40,
    0x0, 0xce, 0xee, 0xd0, 0xb7, 0x4, 0xff, 0xee,
    0xef, 0xf0, 0x0, 0xc4, 0x3, 0xd0, 0xb7, 0xa,
    0xc0, 0x0, 0x6, 0xd0, 0x0, 0xc4, 0x4, 0xd0,
    0xb7, 0x1f, 0x60, 0xc4, 0xa, 0x90, 0x0, 0xbe,
    0xee, 0xc0, 0xb7, 0x8e, 0x0, 0xe5, 0xe, 0x40,
    0x0, 0x0, 0x0, 0x0, 0xb7, 0x44, 0x0, 0xf5,
    0xa, 0x0, 0x1f, 0xff, 0xff, 0xff, 0xff, 0xf6,
    0x0, 0xf5, 0x0, 0x0, 0x3, 0x33, 0x33, 0x33,
    0xbb, 0x31, 0x1, 0xf9, 0x0, 0x0, 0x0, 0x11,
    0x11, 0x10, 0x99, 0x0, 0x4, 0xfc, 0x0, 0x0,
    0x0, 0xff, 0xef, 0xe0, 0x99, 0x0, 0x8, 0xdf,
    0x10, 0x0, 0x0, 0xf2, 0x3, 0xe0, 0x99, 0x0,
    0xd, 0x7c, 0x70, 0x0, 0x0, 0xf3, 0x4, 0xe0,
    0x99, 0x0, 0x5f, 0x26, 0xd0, 0x0, 0x0, 0xff,
    0xff, 0xd0, 0x99, 0x0, 0xca, 0x0, 0xe7, 0x0,
    0x0, 0xf2, 0x0, 0x0, 0x99, 0x7, 0xf1, 0x0,
    0x6f, 0x30, 0x0, 0x10, 0x0, 0x0, 0xb9, 0x5f,
    0x50, 0x0, 0xa, 0xe2, 0x0, 0x0, 0x0, 0xcf,
    0xd4, 0xc7, 0x0, 0x0, 0x0, 0xb4, 0x0, 0x0,
    0x0, 0x0, 0x0, 0x0, 0x0, 0x0, 0x0, 0x0,

    /* U+6B62 "止" */
    0x0, 0x0, 0x0, 0x0, 0xd, 0x60, 0x0, 0x0,
    0x0, 0x0, 0x0, 0x0, 0x0, 0xe, 0x60, 0x0,
    0x0, 0x0, 0x0, 0x0, 0x0, 0x0, 0xe, 0x60,
    0x0, 0x0, 0x0, 0x0, 0x0, 0x0, 0x0, 0xe,
    0x60, 0x0, 0x0, 0x0, 0x0, 0x17, 0x10, 0x0,
    0xe, 0x60, 0x0, 0x0, 0x0, 0x0, 0x2f, 0x30,
    0x0, 0xe, 0x60, 0x0, 0x0, 0x0, 0x0, 0x2f,
    0x30, 0x0, 0xe, 0x60, 0x0, 0x0, 0x0, 0x0,
    0x2f, 0x30, 0x0, 0xe, 0xff, 0xff, 0xff, 0xf1,
    0x0, 0x2f, 0x30, 0x0, 0xe, 0xa5, 0x55, 0x55,
    0x50, 0x0, 0x2f, 0x30, 0x0, 0xe, 0x60, 0x0,
    0x0, 0x0, 0x0, 0x2f, 0x30, 0x0, 0xe, 0x60,
    0x0, 0x0, 0x0, 0x0, 0x2f, 0x30, 0x0, 0xe,
    0x60, 0x0, 0x0, 0x0, 0x0, 0x2f, 0x30, 0x0,
    0xe, 0x60, 0x0, 0x0, 0x0, 0x0, 0x2f, 0x30,
    0x0, 0xe, 0x60, 0x0, 0x0, 0x0, 0x0, 0x2f,
    0x30, 0x0, 0xe, 0x60, 0x0, 0x0, 0x0, 0x0,
    0x2f, 0x30, 0x0, 0xe, 0x60, 0x0, 0x0, 0x0,
    0xff, 0xff, 0xff, 0xff, 0xff, 0xff, 0xff, 0xff,
    0xfe, 0x55, 0x55, 0x55, 0x55, 0x55, 0x55, 0x55,
    0x55, 0x55,

    /* U+6B63 "正" */
    0x4, 0x44, 0x44, 0x44, 0x44, 0x44, 0x44, 0x44,
    0x41, 0x2f, 0xff, 0xff, 0xff, 0xff, 0xff, 0xff,
    0xff, 0xf4, 0x0, 0x0, 0x0, 0x0, 0x3f, 0x30,
    0x0, 0x0, 0x0, 0x0, 0x0, 0x0, 0x0, 0x3f,
    0x20, 0x0, 0x0, 0x0, 0x0, 0x0, 0x0, 0x0,
    0x3f, 0x20, 0x0, 0x0, 0x0, 0x0, 0x16, 0x10,
    0x0, 0x3f, 0x20, 0x0, 0x0, 0x0, 0x0, 0x2f,
    0x30, 0x0, 0x3f, 0x20, 0x0, 0x0, 0x0, 0x0,
    0x2f, 0x30, 0x0, 0x3f, 0x75, 0x55, 0x55, 0x30,
    0x0, 0x2f, 0x30, 0x0, 0x3f, 0xff, 0xff, 0xff,
    0x80, 0x0, 0x2f, 0x30, 0x0, 0x3f, 0x20, 0x0,
    0x0, 0x0, 0x0, 0x2f, 0x30, 0x0, 0x3f, 0x20,
    0x0, 0x0, 0x0, 0x0, 0x2f, 0x30, 0x0, 0x3f,
    0x20, 0x0, 0x0, 0x0, 0x0, 0x2f, 0x30, 0x0,
    0x3f, 0x20, 0x0, 0x0, 0x0, 0x0, 0x2f, 0x30,
    0x0, 0x3f, 0x20, 0x0, 0x0, 0x0, 0x0, 0x2f,
    0x30, 0x0, 0x3f, 0x20, 0x0, 0x0, 0x0, 0xdd,
    0xef, 0xed, 0xdd, 0xef, 0xed, 0xdd, 0xdd, 0xdd,
    0x66, 0x66, 0x66, 0x66, 0x66, 0x66, 0x66, 0x66,
    0x66,

    /* U+6B64 "此" */
    0x0, 0x0, 0x0, 0x49, 0x0, 0x3, 0xa1, 0x0,
    0x0, 0x0, 0x0, 0x0, 0x0, 0x7e, 0x0, 0x4,
    0xf1, 0x0, 0x0, 0x0, 0x0, 0x0, 0x0, 0x7e,
    0x0, 0x4, 0xf1, 0x0, 0x0, 0x0, 0x0, 0x0,
    0x0, 0x7e, 0x0, 0x4, 0xf1, 0x0, 0x0, 0x0,
    0x0, 0x38, 0x0, 0x7e, 0x0, 0x4, 0xf1, 0x0,
    0x1, 0x0, 0x0, 0x5e, 0x0, 0x7e, 0x0, 0x4,
    0xf1, 0x0, 0x6f, 0x50, 0x0, 0x5e, 0x0, 0x7f,
    0x55, 0x44, 0xf1, 0x19, 0xfa, 0x10, 0x0, 0x5e,
    0x0, 0x7f, 0xff, 0xd4, 0xf7, 0xee, 0x50, 0x0,
    0x0, 0x5e, 0x0, 0x7e, 0x0, 0x4, 0xfe, 0x70,
    0x0, 0x0, 0x0, 0x5e, 0x0, 0x7e, 0x0, 0x4,
    0xf2, 0x0, 0x0, 0x0, 0x0, 0x5e, 0x0, 0x7e,
    0x0, 0x4, 0xf1, 0x0, 0x0, 0x0, 0x0, 0x5e,
    0x0, 0x7e, 0x0, 0x4, 0xf1, 0x0, 0x0, 0x0,
    0x0, 0x5e, 0x0, 0x7e, 0x0, 0x4, 0xf1, 0x0,
    0x0, 0x0, 0x0, 0x5e, 0x0, 0x7e, 0x0, 0x4,
    0xf1, 0x0, 0x0, 0xa2, 0x0, 0x5e, 0x0, 0x7e,
    0x0, 0x4, 0xf1, 0x0, 0x0, 0xf5, 0x0, 0x5e,
    0x0, 0x7e, 0x58, 0x94, 0xf1, 0x0, 0x1, 0xf3,
    0x2, 0x9f, 0xad, 0xff, 0xfd, 0x93, 0xf9, 0x55,
    0x59, 0xf0, 0xe, 0xfe, 0xb8, 0x53, 0x0, 0x0,
    0x9e, 0xff, 0xfe, 0x60, 0x3, 0x10, 0x0, 0x0,
    0x0, 0x0, 0x0, 0x0, 0x0, 0x0,

    /* U+6B65 "步" */
    0x0, 0x0, 0x0, 0x0, 0x5, 0x70, 0x0, 0x0,
    0x0, 0x0, 0x0, 0x0, 0x0, 0x0, 0x9c, 0x0,
    0x0, 0x0, 0x0, 0x0, 0x0, 0xc7, 0x0, 0x9,
    0xd5, 0x55, 0x55, 0x40, 0x0, 0x0, 0xd, 0x80,
    0x0, 0x9f, 0xee, 0xee, 0xeb, 0x0, 0x0, 0x0,
    0xd8, 0x0, 0x9, 0xc0, 0x0, 0x0, 0x0, 0x0,
    0x0, 0xd, 0x80, 0x0, 0x9c, 0x0, 0x0, 0x0,
    0x0, 0x5, 0x55, 0xeb, 0x55, 0x5b, 0xe5, 0x55,
    0x55, 0x55, 0x30, 0xde, 0xee, 0xee, 0xee, 0xff,
    0xee, 0xee, 0xee, 0xe8, 0x0, 0x0, 0x0, 0x0,
    0xa, 0xb0, 0x0, 0x0, 0x0, 0x0, 0x0, 0x0,
    0xbc, 0x0, 0xab, 0x0, 0x0, 0x99, 0x0, 0x0,
    0x0, 0x7f, 0x30, 0xa, 0xb0, 0x0, 0x5f, 0x60,
    0x0, 0x0, 0x5f, 0x70, 0x0, 0xab, 0x0, 0x1e,
    0xa0, 0x0, 0x0, 0x7f, 0x80, 0x0, 0xa, 0xb0,
    0x2c, 0xe1, 0x0, 0x0, 0x1e, 0x80, 0x0, 0x0,
    0xab, 0x5f, 0xd2, 0x0, 0x0, 0x0, 0x10, 0x0,
    0x0, 0x5, 0xdf, 0xa0, 0x0, 0x0, 0x0, 0x0,
    0x0, 0x0, 0x4a, 0xfe, 0x60, 0x0, 0x0, 0x0,
    0x0, 0x2, 0x59, 0xdf, 0xc5, 0x0, 0x0, 0x0,
    0x0, 0x0, 0xaf, 0xff, 0xc9, 0x30, 0x0, 0x0,
    0x0, 0x0, 0x0, 0x5, 0x73, 0x0, 0x0, 0x0,
    0x0, 0x0, 0x0, 0x0, 0x0,

    /* U+6BB5 "段" */
    0x0, 0x0, 0x0, 0x3a, 0x50, 0x0, 0x0, 0x0,
    0x0, 0x0, 0x0, 0x4, 0x8d, 0xfb, 0x50, 0xf,
    0xff, 0xff, 0x50, 0x0, 0x0, 0x5f, 0xa6, 0x10,
    0x0, 0xf, 0x52, 0x2e, 0x50, 0x0, 0x0, 0x5e,
    0x0, 0x0, 0x0, 0xf, 0x30, 0xe, 0x50, 0x0,
    0x0, 0x5e, 0x0, 0x0, 0x0, 0x1f, 0x20, 0xe,
    0x50, 0x0, 0x0, 0x5f, 0xcc, 0xcc, 0x60, 0x5f,
    0x0, 0xe, 0x50, 0x0, 0x0, 0x5f, 0x77, 0x77,
    0x30, 0xc9, 0x0, 0xe, 0x71, 0x20, 0x0, 0x5e,
    0x0, 0x0, 0xa, 0xd1, 0x0, 0x8, 0xef, 0xe1,
    0x0, 0x5e, 0x0, 0x0, 0x8, 0x10, 0x0, 0x0,
    0x0, 0x0, 0x0, 0x5f, 0xff, 0xff, 0x76, 0xee,
    0xee, 0xee, 0xe7, 0x0, 0x0, 0x5f, 0x33, 0x33,
    0x12, 0xba, 0x44, 0x45, 0xf4, 0x0, 0x0, 0x5e,
    0x0, 0x0, 0x0, 0x4e, 0x0, 0x7, 0xe0, 0x0,
    0x0, 0x5e, 0x0, 0x14, 0x50, 0xc, 0x80, 0x1e,
    0x70, 0x0, 0x6, 0xbf, 0xdf, 0xfe, 0xa0, 0x2,
    0xf5, 0xbc, 0x0, 0x0, 0xd, 0xdf, 0x63, 0x10,
    0x0, 0x0, 0x5f, 0xf1, 0x0, 0x0, 0x0, 0x5e,
    0x0, 0x0, 0x0, 0x3, 0xce, 0xf9, 0x10, 0x0,
    0x0, 0x5e, 0x0, 0x0, 0x4, 0xaf, 0xa1, 0x3d,
    0xe8, 0x30, 0x0, 0x5e, 0x0, 0x0, 0xaf, 0xb4,
    0x0, 0x0, 0x6d, 0xd0, 0x0, 0x0, 0x0, 0x0,
    0x11, 0x0, 0x0, 0x0, 0x0, 0x10,

    /* U+6BCF "每" */
    0x0, 0x0, 0x0, 0x0, 0x0, 0x0, 0x0, 0x0,
    0x0, 0x0, 0x0, 0x0, 0xd, 0x80, 0x0, 0x0,
    0x0, 0x0, 0x0, 0x0, 0x0, 0x0, 0x5f, 0x30,
    0x0, 0x0, 0x0, 0x0, 0x0, 0x0, 0x0, 0x0,
    0xdf, 0xee, 0xee, 0xee, 0xee, 0xee, 0xee, 0x60,
    0x0, 0x6, 0xf5, 0x44, 0x44, 0x44, 0x44, 0x44,
    0x44, 0x20, 0x0, 0x1e, 0x60, 0x0, 0x0, 0x0,
    0x0, 0x0, 0x0, 0x0, 0x0, 0xcc, 0x24, 0x44,
    0x44, 0x44, 0x44, 0x44, 0x20, 0x0, 0xb, 0xe1,
    0x9f, 0xff, 0xff, 0xff, 0xff, 0xff, 0x70, 0x0,
    0x6, 0x30, 0xb9, 0x0, 0xb7, 0x0, 0x0, 0xd,
    0x70, 0x0, 0x0, 0x0, 0xd7, 0x0, 0x2a, 0xe5,
    0x0, 0xe, 0x60, 0x0, 0x0, 0x0, 0xf4, 0x0,
    0x0, 0x4c, 0x10, 0xf, 0x50, 0x0, 0x1f, 0xff,
    0xff, 0xff, 0xff, 0xff, 0xff, 0xff, 0xff, 0xf2,
    0x3, 0x37, 0xf3, 0x36, 0x93, 0x33, 0x33, 0x4f,
    0x73, 0x30, 0x0, 0x7, 0xd0, 0x3, 0xdd, 0x30,
    0x0, 0x1f, 0x30, 0x0, 0x0, 0x9, 0xb0, 0x0,
    0x8, 0xf6, 0x0, 0x2f, 0x20, 0x0, 0x0, 0xc,
    0xb3, 0x33, 0x33, 0x9a, 0x33, 0x6f, 0x43, 0x10,
    0x0, 0xe, 0xff, 0xff, 0xff, 0xff, 0xff, 0xff,
    0xff, 0x70, 0x0, 0x0, 0x0, 0x0, 0x0, 0x0,
    0x0, 0x9c, 0x0, 0x0, 0x0, 0x0, 0x0, 0x0,
    0x0, 0x1, 0x1, 0xd8, 0x0, 0x0, 0x0, 0x0,
    0x0, 0x0, 0x0, 0xc, 0xff, 0xc1, 0x0, 0x0,
    0x0, 0x0, 0x0, 0x0, 0x0, 0x0, 0x0, 0x0,
    0x0, 0x0,

    /* U+6BD2 "毒" */
    0x0, 0x0, 0x0, 0x0, 0x8, 0x80, 0x0, 0x0,
    0x0, 0x0, 0x0, 0x1, 0x11, 0x11, 0x1b, 0xa1,
    0x11, 0x11, 0x11, 0x0, 0x0, 0xbf, 0xff, 0xff,
    0xff, 0xff, 0xff, 0xff, 0xff, 0x0, 0x0, 0x0,
    0x0, 0x0, 0xb, 0xa0, 0x0, 0x0, 0x0, 0x0,
    0x0, 0x8, 0xcc, 0xcc, 0xcf, 0xec, 0xcc, 0xcc,
    0xa0, 0x0, 0x0, 0x2, 0x33, 0x33, 0x3c, 0xb3,
    0x33, 0x33, 0x20, 0x0, 0x1, 0x22, 0x22, 0x22,
    0x2c, 0xb2, 0x22, 0x22, 0x22, 0x10, 0x8, 0xee,
    0xee, 0xee, 0xee, 0xee, 0xee, 0xee, 0xee, 0x90,
    0x0, 0x0, 0x0, 0x0, 0x0, 0x0, 0x0, 0x0,
    0x0, 0x0, 0x0, 0x0, 0xbf, 0xff, 0xff, 0xff,
    0xff, 0xff, 0x30, 0x0, 0x0, 0x0, 0xd8, 0x11,
    0x3f, 0x41, 0x11, 0x3f, 0x20, 0x0, 0x0, 0x0,
    0xf5, 0x0, 0x8, 0xb0, 0x0, 0x3f, 0x10, 0x0,
    0x2f, 0xff, 0xff, 0xff, 0xff, 0xff, 0xff, 0xff,
    0xff, 0xf2, 0x1, 0x14, 0xf3, 0x11, 0x4f, 0x31,
    0x11, 0x7f, 0x11, 0x10, 0x0, 0x5, 0xf0, 0x0,
    0xa, 0x90, 0x0, 0x7d, 0x0, 0x0, 0x0, 0x7,
    0xff, 0xff, 0xff, 0xff, 0xff, 0xff, 0xfa, 0x0,
    0x0, 0x0, 0x11, 0x11, 0x11, 0x11, 0x11, 0xd8,
    0x11, 0x0, 0x0, 0x0, 0x0, 0x0, 0x0, 0x1,
    0x3, 0xf4, 0x0, 0x0, 0x0, 0x0, 0x0, 0x0,
    0x0, 0x3f, 0xff, 0x90, 0x0, 0x0,

    /* U+6C14 "气" */
    0x0, 0x0, 0x7, 0x20, 0x0, 0x0, 0x0, 0x0,
    0x0, 0x0, 0x0, 0x0, 0x4f, 0x30, 0x0, 0x0,
    0x0, 0x0, 0x0, 0x0, 0x0, 0x0, 0xce, 0x44,
    0x44, 0x44, 0x44, 0x44, 0x44, 0x20, 0x0, 0x4,
    0xfe, 0xee, 0xee, 0xee, 0xee, 0xee, 0xee, 0x70,
    0x0, 0xc, 0xc0, 0x0, 0x0, 0x0, 0x0, 0x0,
    0x0, 0x0, 0x0, 0x7f, 0x2e, 0xff, 0xff, 0xff,
    0xff, 0xff, 0xf1, 0x0, 0x4, 0xf8, 0x3, 0x33,
    0x33, 0x33, 0x33, 0x33, 0x30, 0x0, 0x1f, 0xa0,
    0x0, 0x0, 0x0, 0x0, 0x0, 0x0, 0x0, 0x0,
    0x3, 0xe, 0xff, 0xff, 0xff, 0xff, 0xff, 0xf6,
    0x0, 0x0, 0x0, 0x3, 0x33, 0x33, 0x33, 0x33,
    0x33, 0xf7, 0x0, 0x0, 0x0, 0x0, 0x0, 0x0,
    0x0, 0x0, 0x0, 0xd8, 0x0, 0x0, 0x0, 0x0,
    0x0, 0x0, 0x0, 0x0, 0x0, 0xc9, 0x0, 0x0,
    0x0, 0x0, 0x0, 0x0, 0x0, 0x0, 0x0, 0xbb,
    0x0, 0x0, 0x0, 0x0, 0x0, 0x0, 0x0, 0x0,
    0x0, 0x9d, 0x0, 0x0, 0x0, 0x0, 0x0, 0x0,
    0x0, 0x0, 0x0, 0x6f, 0x0, 0x0, 0x0, 0x0,
    0x0, 0x0, 0x0, 0x0, 0x0, 0x2f, 0x30, 0xa1,
    0x0, 0x0, 0x0, 0x0, 0x0, 0x0, 0x0, 0xe,
    0x80, 0xd2, 0x0, 0x0, 0x0, 0x0, 0x0, 0x0,
    0x0, 0x7, 0xf7, 0xf0, 0x0, 0x0, 0x0, 0x0,
    0x0, 0x0, 0x0, 0x0, 0x9f, 0x80,

    /* U+6C34 "水" */
    0x0, 0x0, 0x0, 0x0, 0x37, 0x0, 0x0, 0x0,
    0x0, 0x0, 0x0, 0x0, 0x0, 0x7, 0xe0, 0x0,
    0x0, 0x0, 0x0, 0x0, 0x0, 0x0, 0x0, 0x7e,
    0x0, 0x0, 0x0, 0x0, 0x0, 0x0, 0x0, 0x0,
    0x7, 0xe0, 0x0, 0x0, 0x0, 0x0, 0x0, 0x0,
    0x0, 0x0, 0x7e, 0x0, 0x0, 0x7, 0x20, 0x2,
    0x55, 0x55, 0x55, 0x7, 0xf1, 0x0, 0x6, 0xf6,
    0x0, 0x5f, 0xff, 0xff, 0xf2, 0x7f, 0x80, 0x3,
    0xf8, 0x0, 0x0, 0x0, 0x0, 0x7d, 0x7, 0xff,
    0x13, 0xf9, 0x0, 0x0, 0x0, 0x0, 0xc, 0x90,
    0x7e, 0xca, 0xe9, 0x0, 0x0, 0x0, 0x0, 0x2,
    0xf5, 0x7, 0xe3, 0xfa, 0x0, 0x0, 0x0, 0x0,
    0x0, 0x9e, 0x0, 0x7e, 0xa, 0xd1, 0x0, 0x0,
    0x0, 0x0, 0x1f, 0x60, 0x7, 0xe0, 0x1e, 0xc0,
    0x0, 0x0, 0x0, 0xa, 0xe0, 0x0, 0x7e, 0x0,
    0x3f, 0xa0, 0x0, 0x0, 0x6, 0xf4, 0x0, 0x7,
    0xe0, 0x0, 0x6f, 0x90, 0x0, 0x4, 0xf9, 0x0,
    0x0, 0x7e, 0x0, 0x0, 0x6f, 0xb1, 0x7, 0xfb,
    0x0, 0x0, 0x7, 0xe0, 0x0, 0x0, 0x5f, 0xf5,
    0x69, 0x0, 0x0, 0x0, 0x7e, 0x0, 0x0, 0x0,
    0x1a, 0x10, 0x0, 0x0, 0x26, 0x6c, 0xd0, 0x0,
    0x0, 0x0, 0x0, 0x0, 0x0, 0x1, 0xff, 0xd5,
    0x0, 0x0, 0x0, 0x0, 0x0, 0x0, 0x0, 0x0,
    0x0, 0x0, 0x0, 0x0, 0x0, 0x0,

    /* U+6C89 "沉" */
    0x0, 0x20, 0x0, 0x0, 0x0, 0x0, 0x0, 0x0,
    0x0, 0x0, 0x0, 0xdd, 0x40, 0x5, 0x55, 0x55,
    0x55, 0x55, 0x55, 0x50, 0x0, 0x19, 0xfa, 0x1f,
    0xff, 0xff, 0xff, 0xff, 0xff, 0xe0, 0x0, 0x0,
    0x3a, 0x1f, 0x30, 0x0, 0x0, 0x0, 0x5, 0xe0,
    0x0, 0x0, 0x0, 0xf, 0x30, 0x0, 0x0, 0x0,
    0x5, 0xe0, 0x0, 0x0, 0x0, 0x9, 0x20, 0x0,
    0x0, 0x0, 0x3, 0x80, 0xd, 0xc5, 0x0, 0x0,
    0xc, 0xdd, 0xdd, 0xdd, 0x0, 0x0, 0x1, 0x8f,
    0xd2, 0x0, 0xe, 0x95, 0x55, 0x8f, 0x0, 0x0,
    0x0, 0x1, 0x70, 0x0, 0xe, 0x50, 0x0, 0x4f,
    0x0, 0x0, 0x0, 0x0, 0x0, 0x0, 0xe, 0x50,
    0x0, 0x4f, 0x0, 0x0, 0x0, 0x0, 0x3, 0x0,
    0xe, 0x50, 0x0, 0x4f, 0x0, 0x0, 0x0, 0x0,
    0x4f, 0x10, 0xf, 0x40, 0x0, 0x4f, 0x0, 0x0,
    0x0, 0x0, 0xcb, 0x0, 0x1f, 0x30, 0x0, 0x4f,
    0x0, 0x0, 0x0, 0x5, 0xf2, 0x0, 0x5f, 0x0,
    0x0, 0x4f, 0x0, 0x53, 0x0, 0xd, 0xa0, 0x0,
    0xca, 0x0, 0x0, 0x4f, 0x0, 0x99, 0x0, 0x7f,
    0x10, 0x5, 0xf3, 0x0, 0x0, 0x4f, 0x0, 0xa8,
    0x2, 0xf7, 0x0, 0x5f, 0x90, 0x0, 0x0, 0x3f,
    0x54, 0xd5, 0x4, 0xc0, 0x0, 0xe9, 0x0, 0x0,
    0x0, 0xd, 0xff, 0xd1, 0x0, 0x0, 0x0, 0x20,
    0x0, 0x0, 0x0, 0x0, 0x0, 0x0,

    /* U+6CA1 "没" */
    0x0, 0x40, 0x0, 0x0, 0x0, 0x0, 0x0, 0x0,
    0x0, 0x0, 0x1, 0xde, 0x50, 0x0, 0xf, 0xff,
    0xff, 0xfe, 0x0, 0x0, 0x0, 0x8, 0xfb, 0x0,
    0xf, 0x63, 0x33, 0x8e, 0x0, 0x0, 0x0, 0x0,
    0x25, 0x0, 0x1f, 0x30, 0x0, 0x6e, 0x0, 0x0,
    0x0, 0x0, 0x0, 0x0, 0x4f, 0x10, 0x0, 0x6e,
    0x0, 0x0, 0x1, 0x0, 0x0, 0x0, 0xac, 0x0,
    0x0, 0x6f, 0x0, 0x0, 0x1f, 0xc3, 0x0, 0x8,
    0xf4, 0x0, 0x0, 0x3f, 0xff, 0xf3, 0x2, 0xbf,
    0x91, 0xcf, 0x60, 0x0, 0x0, 0x3, 0x55, 0x51,
    0x0, 0x5, 0xa0, 0x63, 0x0, 0x0, 0x0, 0x0,
    0x0, 0x0, 0x0, 0x0, 0x0, 0x3f, 0xff, 0xff,
    0xff, 0xff, 0xfa, 0x0, 0x0, 0x0, 0x0, 0x16,
    0xf8, 0x44, 0x44, 0x47, 0xf4, 0x0, 0x0, 0x0,
    0x69, 0x0, 0x9d, 0x0, 0x0, 0xc, 0xb0, 0x0,
    0x0, 0x0, 0xe8, 0x0, 0x1f, 0x90, 0x0, 0x8f,
    0x30, 0x0, 0x0, 0x6, 0xf1, 0x0, 0x4, 0xf9,
    0x9, 0xf4, 0x0, 0x0, 0x0, 0xe, 0x80, 0x0,
    0x0, 0x5f, 0xef, 0x40, 0x0, 0x0, 0x0, 0x8e,
    0x10, 0x0, 0x1, 0x8f, 0xff, 0x70, 0x0, 0x0,
    0x2, 0xf6, 0x0, 0x15, 0xaf, 0xd6, 0x18, 0xfe,
    0x83, 0x0, 0x5, 0xd0, 0x7, 0xff, 0xb6, 0x0,
    0x0, 0x18, 0xdf, 0xf3, 0x0, 0x0, 0x1, 0x50,
    0x0, 0x0, 0x0, 0x0, 0x2, 0x50,

    /* U+6CAB "沫" */
    0x0, 0x0, 0x0, 0x0, 0x0, 0x0, 0x51, 0x0,
    0x0, 0x0, 0x0, 0xca, 0x20, 0x0, 0x0, 0x2,
    0xf3, 0x0, 0x0, 0x0, 0x0, 0x2a, 0xf8, 0x0,
    0x0, 0x2, 0xf3, 0x0, 0x0, 0x0, 0x0, 0x0,
    0x58, 0x45, 0x55, 0x56, 0xf7, 0x55, 0x55, 0x50,
    0x0, 0x0, 0x0, 0xbf, 0xff, 0xff, 0xff, 0xff,
    0xff, 0xe0, 0x0, 0x0, 0x0, 0x0, 0x0, 0x2,
    0xf3, 0x0, 0x0, 0x0, 0xa, 0x60, 0x0, 0x0,
    0x0, 0x2, 0xf3, 0x0, 0x0, 0x0, 0x7, 0xfd,
    0x40, 0x0, 0x0, 0x2, 0xf3, 0x0, 0x0, 0x0,
    0x0, 0x1a, 0xc0, 0x15, 0x55, 0x57, 0xf8, 0x55,
    0x55, 0x30, 0x0, 0x0, 0x10, 0x3e, 0xee, 0xef,
    0xff, 0xee, 0xee, 0x80, 0x0, 0x0, 0x0, 0x0,
    0x0, 0x5f, 0xff, 0x50, 0x0, 0x0, 0x0, 0x0,
    0x28, 0x0, 0x0, 0xd8, 0xf9, 0xd0, 0x0, 0x0,
    0x0, 0x0, 0xad, 0x0, 0x8, 0xc2, 0xf3, 0xc7,
    0x0, 0x0, 0x0, 0x2, 0xf5, 0x0, 0x3f, 0x32,
    0xf3, 0x3f, 0x30, 0x0, 0x0, 0xa, 0xd0, 0x2,
    0xe8, 0x2, 0xf3, 0xa, 0xe1, 0x0, 0x0, 0x3f,
    0x50, 0x2e, 0xb0, 0x2, 0xf3, 0x0, 0xdd, 0x10,
    0x0, 0xcc, 0x4, 0xfc, 0x0, 0x2, 0xf3, 0x0,
    0x2e, 0xe1, 0x5, 0xf4, 0x3, 0xa0, 0x0, 0x2,
    0xf3, 0x0, 0x2, 0x80, 0x0, 0x60, 0x0, 0x0,
    0x0, 0x2, 0xf3, 0x0, 0x0, 0x0,

    /* U+6CD5 "法" */
    0x3, 0x30, 0x0, 0x0, 0x0, 0xa, 0x60, 0x0,
    0x0, 0x8, 0xfb, 0x20, 0x0, 0x0, 0xd, 0x70,
    0x0, 0x0, 0x0, 0x2b, 0xf5, 0x0, 0x0, 0xd,
    0x70, 0x0, 0x0, 0x0, 0x0, 0x61, 0x3, 0x33,
    0x3e, 0x93, 0x33, 0x30, 0x0, 0x0, 0x0, 0x2f,
    0xff, 0xff, 0xff, 0xff, 0xf0, 0x0, 0x0, 0x0,
    0x0, 0x0, 0xd, 0x80, 0x0, 0x0, 0xbc, 0x40,
    0x0, 0x0, 0x0, 0xd, 0x70, 0x0, 0x0, 0x2a,
    0xfa, 0x10, 0x0, 0x0, 0xd, 0x70, 0x0, 0x0,
    0x0, 0x3c, 0x10, 0x33, 0x33, 0x3e, 0x93, 0x33,
    0x33, 0x0, 0x0, 0x1, 0xff, 0xff, 0xff, 0xff,
    0xff, 0xfd, 0x0, 0x0, 0x0, 0x0, 0x0, 0xbd,
    0x10, 0x0, 0x0, 0x0, 0x0, 0xb2, 0x0, 0x3,
    0xf5, 0x0, 0x0, 0x0, 0x0, 0x6, 0xf1, 0x0,
    0xb, 0xc0, 0x4, 0x60, 0x0, 0x0, 0xe, 0x80,
    0x0, 0x4f, 0x30, 0x3, 0xf3, 0x0, 0x0, 0x7f,
    0x10, 0x0, 0xd9, 0x0, 0x0, 0x8d, 0x0, 0x2,
    0xf7, 0x0, 0x9, 0xd0, 0x2, 0x46, 0x8f, 0x90,
    0xb, 0xd0, 0x0, 0x7f, 0xee, 0xff, 0xec, 0xa9,
    0xf2, 0x1e, 0x40, 0x0, 0x4a, 0x75, 0x20, 0x0,
    0x0, 0xca, 0x1, 0x0, 0x0, 0x0, 0x0, 0x0,
    0x0, 0x0, 0x32,

    /* U+6CE1 "泡" */
    0x0, 0x51, 0x0, 0x0, 0x8, 0x50, 0x0, 0x0,
    0x0, 0x0, 0x0, 0xcf, 0x80, 0x0, 0x1f, 0x50,
    0x0, 0x0, 0x0, 0x0, 0x0, 0x5, 0xec, 0x0,
    0x7f, 0x21, 0x11, 0x11, 0x11, 0x0, 0x0, 0x0,
    0x15, 0x0, 0xef, 0xff, 0xff, 0xff, 0xff, 0x40,
    0x0, 0x0, 0x0, 0x5, 0xf4, 0x22, 0x22, 0x22,
    0x3f, 0x30, 0x0, 0x0, 0x0, 0xe, 0x90, 0x0,
    0x0, 0x0, 0x1f, 0x30, 0xc, 0x91, 0x0, 0xaf,
    0x75, 0x55, 0x55, 0x20, 0x2f, 0x20, 0x5, 0xdf,
    0x62, 0xf9, 0xfd, 0xcc, 0xcf, 0x50, 0x2f, 0x20,
    0x0, 0x7, 0xb0, 0x4, 0xf0, 0x0, 0xe, 0x50,
    0x3f, 0x10, 0x0, 0x0, 0x0, 0x4, 0xf0, 0x0,
    0xe, 0x50, 0x4f, 0x0, 0x0, 0x0, 0x0, 0x4,
    0xf1, 0x0, 0xe, 0x50, 0x5f, 0x0, 0x0, 0x0,
    0x76, 0x4, 0xff, 0xff, 0xff, 0x50, 0x8e, 0x0,
    0x0, 0x0, 0xe7, 0x4, 0xf2, 0x11, 0x13, 0x55,
    0xdb, 0x0, 0x0, 0x8, 0xe0, 0x4, 0xf0, 0x0,
    0x2, 0xff, 0xd3, 0x0, 0x0, 0x1f, 0x70, 0x4,
    0xf0, 0x0, 0x0, 0x0, 0x0, 0x50, 0x0, 0xad,
    0x0, 0x4, 0xf0, 0x0, 0x0, 0x0, 0x3, 0xf1,
    0x4, 0xf5, 0x0, 0x2, 0xf8, 0x33, 0x33, 0x33,
    0x4a, 0xe0, 0x2, 0x90, 0x0, 0x0, 0x8e, 0xff,
    0xff, 0xff, 0xfd, 0x40,

    /* U+6CE8 "注" */
    0x0, 0x42, 0x0, 0x0, 0x0, 0x9, 0x60, 0x0,
    0x0, 0x0, 0x0, 0xbf, 0xa1, 0x0, 0x0, 0x8,
    0xe1, 0x0, 0x0, 0x0, 0x0, 0x4, 0xdf, 0x30,
    0x0, 0x0, 0xe8, 0x0, 0x0, 0x0, 0x0, 0x0,
    0x7, 0x0, 0x0, 0x0, 0x78, 0x0, 0x0, 0x0,
    0x0, 0x0, 0x0, 0x5f, 0xff, 0xff, 0xff, 0xff,
    0xff, 0xa0, 0x0, 0x0, 0x0, 0x15, 0x55, 0x55,
    0xf8, 0x55, 0x55, 0x30, 0xc, 0x91, 0x0, 0x0,
    0x0, 0x0, 0xf5, 0x0, 0x0, 0x0, 0x4, 0xdf,
    0x70, 0x0, 0x0, 0x0, 0xf5, 0x0, 0x0, 0x0,
    0x0, 0x7, 0xd1, 0x0, 0x0, 0x0, 0xf5, 0x0,
    0x0, 0x0, 0x0, 0x0, 0x0, 0x0, 0x0, 0x0,
    0xf5, 0x0, 0x0, 0x0, 0x0, 0x0, 0x0, 0x9,
    0xff, 0xff, 0xff, 0xff, 0xff, 0x0, 0x0, 0x0,
    0x1b, 0x12, 0x44, 0x45, 0xf8, 0x44, 0x44, 0x0,
    0x0, 0x0, 0x9d, 0x0, 0x0, 0x0, 0xf5, 0x0,
    0x0, 0x0, 0x0, 0x2, 0xf5, 0x0, 0x0, 0x0,
    0xf5, 0x0, 0x0, 0x0, 0x0, 0xa, 0xd0, 0x0,
    0x0, 0x0, 0xf5, 0x0, 0x0, 0x0, 0x0, 0x4f,
    0x40, 0x0, 0x0, 0x0, 0xf5, 0x0, 0x0, 0x0,
    0x0, 0xdb, 0x0, 0x44, 0x44, 0x44, 0xf8, 0x44,
    0x44, 0x40, 0x4, 0xf2, 0x0, 0xff, 0xff, 0xff,
    0xff, 0xff, 0xff, 0xf3, 0x0, 0x20, 0x0, 0x0,
    0x0, 0x0, 0x0, 0x0, 0x0, 0x0,

    /* U+6CFC "泼" */
    0x0, 0x21, 0x0, 0x0, 0x0, 0x2, 0x80, 0x0,
    0x0, 0x0, 0x0, 0xbd, 0x30, 0x2, 0xe3, 0x6,
    0xf0, 0x1b, 0x20, 0x0, 0x0, 0xa, 0xf5, 0x7,
    0xf0, 0xa, 0xb0, 0x8, 0xe2, 0x0, 0x0, 0x0,
    0x89, 0xc, 0x90, 0xd, 0x80, 0x0, 0x9a, 0x0,
    0x0, 0x0, 0x0, 0x4f, 0x30, 0x1f, 0x50, 0x0,
    0x0, 0x0, 0x0, 0x0, 0x0, 0xbf, 0xff, 0xff,
    0xff, 0xff, 0xff, 0xd0, 0xd, 0xb1, 0x0, 0x34,
    0x33, 0xbc, 0x33, 0x33, 0x33, 0x20, 0x2, 0xcf,
    0x50, 0x0, 0x0, 0xf6, 0x0, 0x0, 0x0, 0x0,
    0x0, 0x8, 0xc0, 0x0, 0x5, 0xfe, 0xdd, 0xdd,
    0xd7, 0x0, 0x0, 0x0, 0x0, 0x0, 0xd, 0xb5,
    0x55, 0x56, 0xf5, 0x0, 0x0, 0x0, 0x0, 0x0,
    0x5f, 0xb0, 0x0, 0x8, 0xd0, 0x0, 0x0, 0x0,
    0xc4, 0x0, 0xda, 0xe6, 0x0, 0x1f, 0x70, 0x0,
    0x0, 0x5, 0xf2, 0x9, 0xe0, 0x3f, 0x40, 0xcc,
    0x0, 0x0, 0x0, 0xd, 0xb0, 0x6f, 0x40, 0x6,
    0xfb, 0xe1, 0x0, 0x0, 0x0, 0x5f, 0x46, 0xf7,
    0x0, 0x0, 0xdf, 0x90, 0x0, 0x0, 0x0, 0xdc,
    0xa, 0x80, 0x0, 0x3d, 0xe8, 0xfa, 0x10, 0x0,
    0x6, 0xf4, 0x0, 0x0, 0x3a, 0xfb, 0x10, 0x2d,
    0xe7, 0x10, 0x2, 0x80, 0x0, 0x3, 0xfd, 0x50,
    0x0, 0x0, 0x7e, 0xe1, 0x0, 0x0, 0x0, 0x0,
    0x30, 0x0, 0x0, 0x0, 0x0, 0x30,

    /* U+6D3B "活" */
    0x0, 0x51, 0x0, 0x0, 0x0, 0x0, 0x0, 0x4,
    0x85, 0x0, 0x0, 0xcf, 0x91, 0x0, 0x14, 0x68,
    0xad, 0xff, 0xc8, 0x0, 0x0, 0x5, 0xee, 0x28,
    0xff, 0xdb, 0xea, 0x30, 0x0, 0x0, 0x0, 0x0,
    0x6, 0x0, 0x10, 0x0, 0xc7, 0x0, 0x0, 0x0,
    0x0, 0x0, 0x0, 0x0, 0x0, 0x0, 0xc7, 0x0,
    0x0, 0x0, 0x0, 0x0, 0x0, 0x0, 0x0, 0x0,
    0xc7, 0x0, 0x0, 0x0, 0xc, 0x91, 0x0, 0xaf,
    0xff, 0xff, 0xff, 0xff, 0xff, 0xf1, 0x4, 0xdf,
    0x70, 0x35, 0x55, 0x55, 0xda, 0x55, 0x55, 0x50,
    0x0, 0x7, 0xd0, 0x0, 0x0, 0x0, 0xc7, 0x0,
    0x0, 0x0, 0x0, 0x0, 0x0, 0x0, 0x0, 0x0,
    0xc7, 0x0, 0x0, 0x0, 0x0, 0x0, 0x0, 0x0,
    0x22, 0x22, 0xd9, 0x22, 0x21, 0x0, 0x0, 0x0,
    0x2b, 0x2, 0xff, 0xff, 0xff, 0xff, 0xfb, 0x0,
    0x0, 0x0, 0xac, 0x2, 0xf2, 0x11, 0x11, 0x11,
    0x9b, 0x0, 0x0, 0x3, 0xf4, 0x2, 0xf1, 0x0,
    0x0, 0x0, 0x9b, 0x0, 0x0, 0xb, 0xc0, 0x2,
    0xf1, 0x0, 0x0, 0x0, 0x9b, 0x0, 0x0, 0x4f,
    0x40, 0x2, 0xf1, 0x0, 0x0, 0x0, 0x9b, 0x0,
    0x0, 0xdb, 0x0, 0x2, 0xf6, 0x55, 0x55, 0x55,
    0xbb, 0x0, 0x7, 0xf2, 0x0, 0x2, 0xfe, 0xee,
    0xee, 0xee, 0xfb, 0x0, 0x0, 0x50, 0x0, 0x2,
    0xf1, 0x0, 0x0, 0x0, 0x8a, 0x0,

    /* U+6D88 "消" */
    0x0, 0x51, 0x0, 0x0, 0x0, 0x0, 0xb4, 0x0,
    0x0, 0x0, 0xd, 0xe6, 0x0, 0xa9, 0x0, 0xe,
    0x60, 0x0, 0xe7, 0x0, 0x7, 0xf9, 0x4, 0xf3,
    0x0, 0xe6, 0x0, 0x7f, 0x10, 0x0, 0x4, 0x60,
    0xa, 0xc0, 0xe, 0x60, 0x2f, 0x60, 0x0, 0x0,
    0x0, 0x0, 0x3e, 0x10, 0xe6, 0x8, 0xc0, 0x0,
    0x10, 0x0, 0x0, 0x0, 0x10, 0xe, 0x60, 0x1,
    0x0, 0xe, 0xa2, 0x0, 0x6, 0xff, 0xff, 0xff,
    0xff, 0xfe, 0x0, 0x3d, 0xf5, 0x0, 0x6f, 0x33,
    0x33, 0x33, 0x38, 0xe0, 0x0, 0x9, 0xd0, 0x6,
    0xe0, 0x0, 0x0, 0x0, 0x5e, 0x0, 0x0, 0x1,
    0x0, 0x6f, 0x44, 0x44, 0x44, 0x48, 0xe0, 0x0,
    0x0, 0x0, 0x6, 0xfd, 0xdd, 0xdd, 0xdd, 0xee,
    0x0, 0x0, 0x5, 0x50, 0x6e, 0x0, 0x0, 0x0,
    0x5, 0xe0, 0x0, 0x0, 0xd9, 0x6, 0xe0, 0x0,
    0x0, 0x0, 0x6e, 0x0, 0x0, 0x4f, 0x20, 0x6f,
    0xff, 0xff, 0xff, 0xff, 0xe0, 0x0, 0xc, 0xa0,
    0x6, 0xe1, 0x11, 0x11, 0x11, 0x7e, 0x0, 0x4,
    0xf3, 0x0, 0x6e, 0x0, 0x0, 0x0, 0x5, 0xe0,
    0x0, 0xcb, 0x0, 0x6, 0xe0, 0x0, 0x0, 0x0,
    0x5e, 0x0, 0x5f, 0x30, 0x0, 0x6e, 0x0, 0x0,
    0x26, 0x5a, 0xd0, 0x1, 0x70, 0x0, 0x6, 0xe0,
    0x0, 0x2, 0xdd, 0xc5, 0x0,

    /* U+6E05 "清" */
    0x0, 0x10, 0x0, 0x0, 0x0, 0x4, 0x80, 0x0,
    0x0, 0x0, 0x1e, 0xb2, 0x0, 0x11, 0x11, 0x7e,
    0x11, 0x11, 0x10, 0x0, 0x19, 0xf5, 0x9f, 0xff,
    0xff, 0xff, 0xff, 0xff, 0x30, 0x0, 0x4, 0x10,
    0x0, 0x0, 0x7d, 0x0, 0x0, 0x0, 0x0, 0x0,
    0x0, 0x2f, 0xff, 0xff, 0xff, 0xff, 0xfb, 0x0,
    0x0, 0x0, 0x0, 0x0, 0x0, 0x7e, 0x0, 0x0,
    0x0, 0x1e, 0x90, 0x0, 0x11, 0x11, 0x18, 0xe1,
    0x11, 0x11, 0x10, 0x3d, 0xd3, 0x6f, 0xff, 0xff,
    0xff, 0xff, 0xff, 0xfe, 0x0, 0xa, 0x80, 0x0,
    0x0, 0x0, 0x0, 0x0, 0x0, 0x0, 0x0, 0x0,
    0x0, 0xbf, 0xff, 0xff, 0xff, 0xff, 0x20, 0x0,
    0x0, 0x0, 0xc, 0x81, 0x11, 0x11, 0x12, 0xf2,
    0x0, 0x0, 0x8, 0x20, 0xc8, 0x11, 0x11, 0x11,
    0x2f, 0x20, 0x0, 0x1, 0xf5, 0xc, 0xfe, 0xee,
    0xee, 0xee, 0xf2, 0x0, 0x0, 0x8e, 0x0, 0xc7,
    0x0, 0x0, 0x0, 0xf, 0x20, 0x0, 0xe, 0x80,
    0xc, 0xed, 0xdd, 0xdd, 0xdd, 0xf2, 0x0, 0x6,
    0xf1, 0x0, 0xc9, 0x22, 0x22, 0x22, 0x3f, 0x20,
    0x0, 0xea, 0x0, 0xc, 0x70, 0x0, 0x0, 0x0,
    0xf2, 0x0, 0x6f, 0x20, 0x0, 0xc7, 0x0, 0x0,
    0x23, 0x5f, 0x20, 0x1, 0x70, 0x0, 0xc, 0x70,
    0x0, 0x6, 0xee, 0x90, 0x0,

    /* U+6E10 "渐" */
    0x0, 0x40, 0x0, 0x2, 0x80, 0x0, 0x0, 0x0,
    0x4, 0x0, 0x1, 0xed, 0x40, 0x5, 0xe0, 0x0,
    0x0, 0x49, 0xef, 0x50, 0x0, 0x19, 0xf8, 0x49,
    0xd4, 0x44, 0x2f, 0xeb, 0x71, 0x0, 0x0, 0x0,
    0x56, 0xff, 0xff, 0xff, 0x3f, 0x0, 0x0, 0x0,
    0x0, 0x0, 0x0, 0xd, 0x40, 0x0, 0x1f, 0x0,
    0x0, 0x0, 0x0, 0x0, 0x0, 0x1f, 0x0, 0x0,
    0x1f, 0x0, 0x0, 0x0, 0x7, 0x40, 0x0, 0x5c,
    0x1b, 0x0, 0x1f, 0x33, 0x33, 0x30, 0x7, 0xed,
    0x40, 0x97, 0x2f, 0x0, 0x1f, 0xff, 0xff, 0xf1,
    0x0, 0x7, 0x70, 0xe5, 0x5f, 0x32, 0x2f, 0x0,
    0xe4, 0x0, 0x0, 0x0, 0x5, 0xff, 0xff, 0xff,
    0x2f, 0x0, 0xe4, 0x0, 0x0, 0x0, 0x0, 0x21,
    0x3f, 0x10, 0x3e, 0x0, 0xe4, 0x0, 0x0, 0x1,
    0x60, 0x0, 0x2f, 0x0, 0x4d, 0x0, 0xe4, 0x0,
    0x0, 0x7, 0xe0, 0x0, 0x2f, 0x6a, 0x8c, 0x0,
    0xe4, 0x0, 0x0, 0xd, 0x81, 0x6a, 0xef, 0xe9,
    0x8b, 0x0, 0xe4, 0x0, 0x0, 0x3f, 0x27, 0xfc,
    0x9f, 0x10, 0x99, 0x0, 0xe4, 0x0, 0x0, 0x9c,
    0x1, 0x0, 0x2f, 0x0, 0xd5, 0x0, 0xe4, 0x0,
    0x1, 0xf6, 0x0, 0x0, 0x2f, 0x2, 0xf1, 0x0,
    0xe4, 0x0, 0x8, 0xe0, 0x0, 0x0, 0x2f, 0x9,
    0xb0, 0x0, 0xe4, 0x0, 0x3, 0x60, 0x0, 0x0,
    0x2f, 0x9, 0x50, 0x0, 0xe4, 0x0, 0x0, 0x0,
    0x0, 0x0, 0x0, 0x0, 0x0, 0x0, 0x0, 0x0,

    /* U+6E29 "温" */
    0x0, 0x43, 0x0, 0x0, 0x0, 0x0, 0x0, 0x0,
    0x0, 0x0, 0x0, 0x8f, 0xc2, 0x7, 0xff, 0xff,
    0xff, 0xff, 0xf2, 0x0, 0x0, 0x1, 0xaf, 0x28,
    0xc2, 0x22, 0x22, 0x25, 0xf2, 0x0, 0x0, 0x0,
    0x2, 0x8, 0xb0, 0x0, 0x0, 0x2, 0xf2, 0x0,
    0x0, 0x0, 0x0, 0x8, 0xfd, 0xdd, 0xdd, 0xde,
    0xf2, 0x0, 0x0, 0x0, 0x0, 0x8, 0xc3, 0x33,
    0x33, 0x35, 0xf2, 0x0, 0xe, 0xa1, 0x0, 0x8,
    0xb0, 0x0, 0x0, 0x2, 0xf2, 0x0, 0x4, 0xdf,
    0x50, 0x8, 0xc3, 0x33, 0x33, 0x35, 0xf2, 0x0,
    0x0, 0x8, 0xe0, 0x7, 0xee, 0xee, 0xee, 0xee,
    0xe2, 0x0, 0x0, 0x0, 0x10, 0x0, 0x0, 0x0,
    0x0, 0x0, 0x0, 0x0, 0x0, 0x0, 0x0, 0x4,
    0x44, 0x44, 0x44, 0x44, 0x43, 0x0, 0x0, 0x0,
    0x36, 0x3f, 0xee, 0xff, 0xef, 0xfe, 0xfc, 0x0,
    0x0, 0x0, 0xba, 0x3f, 0x0, 0xd3, 0xa, 0x60,
    0x7c, 0x0, 0x0, 0x4, 0xf2, 0x3f, 0x0, 0xd3,
    0xa, 0x60, 0x7c, 0x0, 0x0, 0xd, 0x90, 0x3f,
    0x0, 0xd3, 0xa, 0x60, 0x7c, 0x0, 0x0, 0x6f,
    0x10, 0x3f, 0x0, 0xd3, 0xa, 0x60, 0x7c, 0x0,
    0x1, 0xf7, 0x3, 0x5f, 0x33, 0xe5, 0x3b, 0x83,
    0x9d, 0x30, 0x5, 0xd0, 0xe, 0xff, 0xff, 0xff,
    0xff, 0xff, 0xff, 0xf3, 0x0, 0x0, 0x0, 0x0,
    0x0, 0x0, 0x0, 0x0, 0x0, 0x0,

    /* U+6EE1 "满" */
    0x0, 0x41, 0x0, 0x0, 0x9, 0xa0, 0x0, 0xe5,
    0x0, 0x0, 0xb, 0xf6, 0x5, 0x55, 0xbc, 0x55,
    0x5f, 0x85, 0x54, 0x0, 0x7, 0xf7, 0xdd, 0xde,
    0xfd, 0xdd, 0xfe, 0xdd, 0xb0, 0x0, 0x4, 0x10,
    0x0, 0x9a, 0x0, 0xe, 0x50, 0x0, 0x0, 0x0,
    0x0, 0x0, 0x4, 0x40, 0x0, 0x62, 0x0, 0x0,
    0x0, 0x0, 0x2e, 0xee, 0xee, 0xee, 0xee, 0xee,
    0xee, 0xb, 0x91, 0x0, 0x33, 0x33, 0xd7, 0x36,
    0xe3, 0x33, 0x30, 0x3c, 0xf5, 0x0, 0x0, 0xd,
    0x40, 0x4d, 0x0, 0x0, 0x0, 0x8, 0x40, 0x8d,
    0xdd, 0xfe, 0xde, 0xfd, 0xdd, 0x50, 0x0, 0x0,
    0x9, 0xc4, 0x4f, 0x64, 0x9c, 0x44, 0xe6, 0x0,
    0x0, 0x0, 0x9b, 0x2, 0xf0, 0x8, 0x90, 0xd,
    0x60, 0x0, 0xb, 0x29, 0xb0, 0x5f, 0x20, 0xbc,
    0x0, 0xd6, 0x0, 0x3, 0xf3, 0x9b, 0x8, 0xfc,
    0xe, 0xe7, 0xd, 0x60, 0x0, 0xac, 0x9, 0xb0,
    0xe5, 0xd7, 0xe4, 0xf1, 0xd6, 0x0, 0x1f, 0x60,
    0x9b, 0x7d, 0x1, 0x99, 0xb, 0x7d, 0x60, 0x9,
    0xe0, 0x9, 0xbd, 0x30, 0x4f, 0x10, 0x20, 0xd6,
    0x1, 0xf7, 0x0, 0x9b, 0x0, 0x1, 0x50, 0x0,
    0xd, 0x60, 0x8f, 0x10, 0x9, 0xb0, 0x0, 0x0,
    0x0, 0x1, 0xe5, 0x0, 0x40, 0x0, 0x9b, 0x0,
    0x0, 0x0, 0x3e, 0xeb, 0x10,

    /* U+706B "火" */
    0x0, 0x0, 0x0, 0x0, 0x56, 0x0, 0x0, 0x0,
    0x0, 0x0, 0x0, 0x0, 0x0, 0xb, 0xc0, 0x0,
    0x0, 0x0, 0x0, 0x0, 0x0, 0x0, 0x0, 0xbb,
    0x0, 0x0, 0x0, 0x0, 0x0, 0x0, 0x0, 0x0,
    0xc, 0xb0, 0x0, 0x0, 0x0, 0x0, 0x0, 0x7,
    0x30, 0x0, 0xcb, 0x0, 0x0, 0x3, 0x70, 0x0,
    0x1, 0xf6, 0x0, 0xc, 0x90, 0x0, 0x0, 0xbe,
    0x0, 0x0, 0x6f, 0x10, 0x0, 0xe8, 0x0, 0x0,
    0x2f, 0x60, 0x0, 0xc, 0xb0, 0x0, 0xf, 0x60,
    0x0, 0x9, 0xd0, 0x0, 0x5, 0xf4, 0x0, 0x2,
    0xf9, 0x0, 0x2, 0xf5, 0x0, 0x1, 0xec, 0x0,
    0x0, 0x6f, 0xe0, 0x0, 0xbc, 0x0, 0x0, 0x5,
    0x10, 0x0, 0xb, 0xdf, 0x50, 0x3, 0x20, 0x0,
    0x0, 0x0, 0x0, 0x1, 0xf6, 0x9c, 0x0, 0x0,
    0x0, 0x0, 0x0, 0x0, 0x0, 0x9f, 0x2, 0xf6,
    0x0, 0x0, 0x0, 0x0, 0x0, 0x0, 0x4f, 0x60,
    0x8, 0xf2, 0x0, 0x0, 0x0, 0x0, 0x0, 0x2e,
    0xb0, 0x0, 0xb, 0xe3, 0x0, 0x0, 0x0, 0x0,
    0x4f, 0xc1, 0x0, 0x0, 0x1c, 0xf6, 0x0, 0x0,
    0x2, 0xaf, 0xa0, 0x0, 0x0, 0x0, 0x9, 0xfc,
    0x60, 0x8, 0xfd, 0x50, 0x0, 0x0, 0x0, 0x0,
    0x4, 0xbf, 0xe0, 0x15, 0x0, 0x0, 0x0, 0x0,
    0x0, 0x0, 0x0, 0x13, 0x0,

    /* U+7075 "灵" */
    0x0, 0xff, 0xff, 0xff, 0xff, 0xff, 0xff, 0xfe,
    0x0, 0x0, 0x3, 0x33, 0x33, 0x33, 0x33, 0x33,
    0x38, 0xe0, 0x0, 0x0, 0x0, 0x0, 0x0, 0x0,
    0x0, 0x0, 0x5e, 0x0, 0x0, 0x1, 0xff, 0xff,
    0xff, 0xff, 0xff, 0xff, 0xe0, 0x0, 0x0, 0x0,
    0x0, 0x0, 0x0, 0x0, 0x0, 0x6e, 0x0, 0x0,
    0x0, 0x0, 0x0, 0x0, 0x0, 0x0, 0x5, 0xe0,
    0x0, 0x0, 0xff, 0xff, 0xff, 0xff, 0xff, 0xff,
    0xfe, 0x0, 0x0, 0x4, 0x44, 0x44, 0x46, 0x84,
    0x44, 0x44, 0x40, 0x0, 0x0, 0x0, 0x0, 0x0,
    0x7f, 0x0, 0x0, 0x0, 0x0, 0x0, 0x0, 0xc6,
    0x0, 0xa, 0xc0, 0x0, 0x2, 0xe1, 0x0, 0x0,
    0x4f, 0x10, 0x0, 0xda, 0x0, 0x0, 0xac, 0x0,
    0x0, 0x1d, 0x90, 0x0, 0x2f, 0xf2, 0x0, 0x3f,
    0x30, 0x0, 0x4, 0xd0, 0x0, 0x9, 0xeb, 0xb0,
    0x8, 0x90, 0x0, 0x0, 0x0, 0x0, 0x4, 0xf5,
    0x1e, 0xa0, 0x0, 0x0, 0x0, 0x0, 0x0, 0x6,
    0xf9, 0x0, 0x2d, 0xc3, 0x0, 0x0, 0x0, 0x0,
    0x6d, 0xf7, 0x0, 0x0, 0x1a, 0xfc, 0x62, 0x0,
    0x7c, 0xfe, 0x81, 0x0, 0x0, 0x0, 0x2, 0xae,
    0xff, 0x34, 0x73, 0x0, 0x0, 0x0, 0x0, 0x0,
    0x0, 0x3, 0x50,

    /* U+70B9 "点" */
    0x0, 0x0, 0x0, 0x0, 0xf, 0x40, 0x0, 0x0,
    0x0, 0x0, 0x0, 0x0, 0x0, 0x0, 0xf4, 0x0,
    0x0, 0x0, 0x0, 0x0, 0x0, 0x0, 0x0, 0xf,
    0x85, 0x55, 0x55, 0x55, 0x10, 0x0, 0x0, 0x0,
    0x0, 0xff, 0xee, 0xee, 0xee, 0xe2, 0x0, 0x0,
    0x0, 0x0, 0xf, 0x40, 0x0, 0x0, 0x0, 0x0,
    0x0, 0x0, 0x0, 0x0, 0xf4, 0x0, 0x0, 0x0,
    0x0, 0x0, 0xb, 0xdd, 0xdd, 0xdf, 0xed, 0xdd,
    0xdd, 0x60, 0x0, 0x0, 0xda, 0x66, 0x66, 0x66,
    0x66, 0x66, 0xf6, 0x0, 0x0, 0xd, 0x60, 0x0,
    0x0, 0x0, 0x0, 0xe, 0x60, 0x0, 0x0, 0xd6,
    0x0, 0x0, 0x0, 0x0, 0x0, 0xe6, 0x0, 0x0,
    0xd, 0x60, 0x0, 0x0, 0x0, 0x0, 0xe, 0x60,
    0x0, 0x0, 0xda, 0x55, 0x55, 0x55, 0x55, 0x55,
    0xf6, 0x0, 0x0, 0xb, 0xdd, 0xdd, 0xdd, 0xdd,
    0xdd, 0xdd, 0x60, 0x0, 0x0, 0x0, 0x0, 0x0,
    0x0, 0x0, 0x0, 0x0, 0x0, 0x0, 0xa, 0x50,
    0x16, 0x0, 0x7, 0x10, 0xb, 0x60, 0x0, 0x5,
    0xf2, 0x3, 0xf1, 0x0, 0xd7, 0x0, 0x6f, 0x30,
    0x1, 0xd9, 0x0, 0x1f, 0x40, 0x7, 0xe0, 0x0,
    0xae, 0x0, 0xbd, 0x0, 0x0, 0xf5, 0x0, 0x2f,
    0x40, 0x1, 0xf9, 0x19, 0x20, 0x0, 0x8, 0x30,
    0x0, 0x62, 0x0, 0x5, 0x40,

    /* U+70BD "炽" */
    0x0, 0x0, 0xa3, 0x0, 0x0, 0x0, 0x0, 0x0,
    0x0, 0x0, 0x0, 0xf, 0x40, 0x0, 0x44, 0x44,
    0x44, 0x44, 0x40, 0x0, 0x0, 0xf4, 0x0, 0xf,
    0xff, 0xff, 0xff, 0xfe, 0x0, 0x0, 0xf, 0x40,
    0x10, 0xf4, 0x0, 0x0, 0x6, 0xe0, 0x2, 0x70,
    0xf4, 0xf, 0x2f, 0x40, 0x0, 0x0, 0x6e, 0x0,
    0x5a, 0xf, 0x45, 0xc0, 0xf4, 0x0, 0x0, 0x6,
    0xe0, 0x7, 0x90, 0xf4, 0xb6, 0xf, 0x40, 0x0,
    0x0, 0x6e, 0x0, 0xa6, 0xf, 0x6e, 0x0, 0xf4,
    0x0, 0x0, 0x6, 0xe0, 0xe, 0x21, 0xf3, 0x10,
    0xf, 0x40, 0x0, 0x0, 0x6e, 0x0, 0x50, 0x2f,
    0x20, 0x0, 0xff, 0xff, 0xff, 0xff, 0xe0, 0x0,
    0x3, 0xf1, 0x0, 0x5, 0x55, 0x55, 0x55, 0x54,
    0x0, 0x0, 0x6f, 0x40, 0x0, 0x0, 0x0, 0x0,
    0x0, 0x0, 0x0, 0x8, 0xfe, 0x10, 0x0, 0x65,
    0x0, 0x6, 0x40, 0x0, 0x0, 0xd9, 0xac, 0x0,
    0xf, 0x70, 0x0, 0x9d, 0x0, 0x0, 0x3f, 0x31,
    0xe8, 0x6, 0xf1, 0x0, 0x1, 0xf7, 0x0, 0xa,
    0xe0, 0x5, 0xa0, 0xda, 0x0, 0x0, 0x7, 0xe0,
    0x6, 0xf5, 0x0, 0x0, 0x9e, 0x10, 0x0, 0x0,
    0x1f, 0x60, 0xeb, 0x0, 0x0, 0x3f, 0x50, 0x0,
    0x0, 0x0, 0xab, 0x3, 0x0, 0x0, 0x0, 0x30,
    0x0, 0x0, 0x0, 0x1, 0x0,

    /* U+70ED "热" */
    0x0, 0x0, 0x56, 0x0, 0x0, 0x6, 0x40, 0x0,
    0x0, 0x0, 0x0, 0x0, 0x9a, 0x0, 0x0, 0xc,
    0x80, 0x0, 0x0, 0x0, 0x0, 0x0, 0x9a, 0x0,
    0x0, 0xc, 0x70, 0x0, 0x0, 0x0, 0x9, 0xff,
    0xff, 0xff, 0x5d, 0xdf, 0xed, 0xdd, 0xb0, 0x0,
    0x2, 0x44, 0xbc, 0x44, 0x14, 0x4e, 0x84, 0x49,
    0xc0, 0x0, 0x0, 0x0, 0x9a, 0x0, 0x0, 0xe,
    0x50, 0x7, 0xc0, 0x0, 0x0, 0x0, 0x9a, 0x3,
    0x10, 0xf, 0x30, 0x7, 0xc0, 0x0, 0x0, 0x1,
    0xbe, 0xff, 0x6c, 0x5f, 0x10, 0x7, 0xc0, 0x0,
    0x8, 0xdf, 0xfd, 0x51, 0x9, 0xfe, 0x0, 0x7,
    0xc0, 0x0, 0xa, 0x83, 0x9a, 0x0, 0x0, 0xbf,
    0xc3, 0x6, 0xc0, 0x0, 0x0, 0x0, 0x9a, 0x0,
    0x3, 0xf4, 0xaf, 0x75, 0xd0, 0x30, 0x0, 0x0,
    0x9a, 0x0, 0x1c, 0xa0, 0x6, 0x53, 0xf0, 0xc4,
    0x0, 0x45, 0xca, 0x3, 0xec, 0x10, 0x0, 0x0,
    0xf6, 0xf2, 0x0, 0x9d, 0xb3, 0x2, 0x90, 0x0,
    0x0, 0x0, 0x6f, 0xb0, 0x0, 0x4, 0x30, 0x0,
    0x0, 0x2, 0x0, 0x3, 0x60, 0x0, 0x0, 0x1f,
    0x50, 0xf, 0x40, 0xe, 0x70, 0x3, 0xf5, 0x0,
    0x0, 0xac, 0x0, 0xd, 0x70, 0x8, 0xe0, 0x0,
    0x8e, 0x10, 0x7, 0xf2, 0x0, 0xb, 0xa0, 0x2,
    0xf4, 0x0, 0xd, 0x90, 0x8, 0x50, 0x0, 0x6,
    0x50, 0x0, 0x83, 0x0, 0x5, 0x80,

    /* U+7130 "焰" */
    0x0, 0x0, 0x70, 0x0, 0x0, 0x5, 0x30, 0x0,
    0x0, 0x0, 0x0, 0x1f, 0x10, 0x0, 0x1, 0xf6,
    0x0, 0x0, 0x0, 0x0, 0x1, 0xf1, 0x0, 0x0,
    0x7f, 0x54, 0x44, 0x40, 0x0, 0x0, 0x1f, 0x10,
    0x0, 0xe, 0xfe, 0xee, 0xff, 0x70, 0x1, 0x41,
    0xf1, 0x4a, 0x6, 0xe1, 0x0, 0x6, 0xe0, 0x0,
    0x4b, 0x1f, 0x19, 0x72, 0xf6, 0x0, 0x0, 0xe7,
    0x0, 0x6, 0x91, 0xf1, 0xe2, 0xcb, 0x0, 0x0,
    0x8d, 0x0, 0x0, 0x97, 0x1f, 0x5a, 0xad, 0x10,
    0x23, 0xc, 0x30, 0x0, 0xe, 0x32, 0xf1, 0x21,
    0x23, 0xaf, 0xc2, 0x33, 0x33, 0x10, 0x70, 0x3f,
    0x0, 0xc, 0xe8, 0x20, 0x7f, 0xff, 0xf6, 0x0,
    0x4, 0xe0, 0x0, 0xe6, 0x0, 0x0, 0x0, 0xe,
    0x60, 0x0, 0x7e, 0x0, 0xe, 0x60, 0x0, 0x0,
    0x0, 0xe6, 0x0, 0x9, 0xfa, 0x0, 0xee, 0xcc,
    0x93, 0xcc, 0xcf, 0x60, 0x0, 0xe6, 0xd7, 0xe,
    0x95, 0x54, 0x15, 0x55, 0xf6, 0x0, 0x4f, 0x3,
    0xf3, 0xe6, 0x0, 0x0, 0x0, 0xe, 0x60, 0xc,
    0xb0, 0x8, 0x3e, 0x60, 0x0, 0x0, 0x0, 0xe6,
    0x7, 0xf4, 0x0, 0x0, 0xef, 0xee, 0xee, 0xee,
    0xef, 0x61, 0xfc, 0x0, 0x0, 0xe, 0x83, 0x33,
    0x33, 0x33, 0xf6, 0xa, 0x10, 0x0, 0x0, 0xe6,
    0x0, 0x0, 0x0, 0xe, 0x60, 0x0, 0x0, 0x0,
    0x0, 0x0, 0x0, 0x0, 0x0, 0x0,

    /* U+7136 "然" */
    0x0, 0x0, 0xb, 0x50, 0x0, 0x0, 0x4, 0x60,
    0x10, 0x0, 0x0, 0x0, 0x3f, 0x20, 0x0, 0x0,
    0x8, 0xb4, 0xe2, 0x0, 0x0, 0x0, 0xaf, 0xff,
    0xfe, 0x30, 0x8, 0xb0, 0x8e, 0x10, 0x0, 0x2,
    0xf4, 0x22, 0x6f, 0x0, 0x8, 0xb0, 0xc, 0x50,
    0x0, 0xc, 0x92, 0x0, 0x9a, 0x44, 0x4b, 0xd4,
    0x45, 0x40, 0x0, 0x7e, 0x1c, 0xc4, 0xe5, 0xdf,
    0xff, 0xff, 0xff, 0xe0, 0x5, 0xf4, 0x0, 0x6e,
    0xe0, 0x0, 0xc, 0xe0, 0x0, 0x0, 0xd, 0x68,
    0x50, 0xd, 0x60, 0x0, 0xf, 0xf3, 0x0, 0x0,
    0x0, 0x4, 0xea, 0xad, 0x0, 0x0, 0x6f, 0xba,
    0x0, 0x0, 0x0, 0x0, 0x1d, 0xf3, 0x0, 0x0,
    0xe9, 0x2f, 0x20, 0x0, 0x0, 0x0, 0x8f, 0x40,
    0x0, 0xb, 0xe1, 0x9, 0xc0, 0x0, 0x0, 0x2b,
    0xf5, 0x0, 0x1, 0xbf, 0x30, 0x2, 0xea, 0x0,
    0x5, 0xfc, 0x20, 0x0, 0x5e, 0xe3, 0x0, 0x0,
    0x4f, 0xd1, 0x0, 0x50, 0x0, 0x0, 0x59, 0x0,
    0x0, 0x0, 0x2, 0x80, 0x0, 0x5, 0x50, 0x2,
    0x10, 0x2, 0x30, 0x3, 0x90, 0x0, 0x0, 0x1f,
    0x60, 0xd, 0x60, 0x8, 0xd0, 0x2, 0xf8, 0x0,
    0x0, 0xac, 0x0, 0xb, 0x90, 0x2, 0xf3, 0x0,
    0x5f, 0x30, 0x7, 0xf2, 0x0, 0x9, 0xb0, 0x0,
    0xd8, 0x0, 0xb, 0xd0, 0x6, 0x50, 0x0, 0x4,
    0x50, 0x0, 0x43, 0x0, 0x2, 0x80,

    /* U+719F "熟" */
    0x0, 0x0, 0x80, 0x0, 0x0, 0x3, 0x80, 0x0,
    0x0, 0x0, 0x0, 0xd, 0x80, 0x0, 0x0, 0x5d,
    0x0, 0x0, 0x0, 0xef, 0xff, 0xff, 0xff, 0xf4,
    0x5, 0xd0, 0x0, 0x0, 0x0, 0x12, 0x22, 0x22,
    0x20, 0x48, 0xae, 0x88, 0x81, 0x0, 0xa, 0xdb,
    0xbb, 0xbf, 0x55, 0xac, 0xfa, 0xaf, 0x30, 0x0,
    0xa7, 0x0, 0x0, 0xd5, 0x0, 0x6c, 0x0, 0xf3,
    0x0, 0x9, 0xdd, 0xdd, 0xdd, 0x44, 0x27, 0xb0,
    0xf, 0x30, 0x0, 0x11, 0x11, 0x11, 0x20, 0x9f,
    0xc9, 0x0, 0xf3, 0x0, 0x3c, 0xcc, 0xcd, 0xff,
    0x40, 0x6f, 0xb0, 0xf, 0x30, 0x0, 0x0, 0x7,
    0xd8, 0x10, 0x2, 0xff, 0xa0, 0xf4, 0x0, 0x23,
    0x45, 0xdb, 0x78, 0x90, 0xbb, 0x2e, 0x5e, 0x44,
    0xc, 0xdc, 0xbe, 0xc7, 0x65, 0x6f, 0x20, 0x20,
    0xc6, 0x94, 0x0, 0x0, 0xc7, 0x0, 0x6f, 0x60,
    0x0, 0x8, 0xbc, 0x20, 0xd, 0xfd, 0x30, 0x2e,
    0x60, 0x0, 0x0, 0x1d, 0xc0, 0x0, 0x32, 0x0,
    0x0, 0x0, 0x11, 0x0, 0x34, 0x0, 0x0, 0xe,
    0x60, 0xf, 0x30, 0xc, 0x90, 0x6, 0xf2, 0x0,
    0x8, 0xe0, 0x0, 0xe6, 0x0, 0x6f, 0x0, 0xb,
    0xb0, 0x5, 0xf4, 0x0, 0xc, 0x80, 0x1, 0xf5,
    0x0, 0x2f, 0x40, 0x14, 0x0, 0x0, 0x42, 0x0,
    0x4, 0x10, 0x0, 0x41, 0x0,

    /* U+7269 "物" */
    0x0, 0x0, 0x14, 0x0, 0x0, 0x3, 0x0, 0x0,
    0x0, 0x0, 0x0, 0x20, 0x5e, 0x0, 0x0, 0x6e,
    0x0, 0x0, 0x0, 0x0, 0x0, 0xe4, 0x5e, 0x0,
    0x0, 0xba, 0x0, 0x0, 0x0, 0x0, 0x0, 0xf2,
    0x5e, 0x0, 0x1, 0xf6, 0x11, 0x11, 0x11, 0x10,
    0x3, 0xf6, 0x9f, 0x66, 0x6, 0xff, 0xff, 0xff,
    0xff, 0xf1, 0x5, 0xfd, 0xef, 0xdd, 0x1d, 0x81,
    0xa9, 0x1a, 0x95, 0xf0, 0x9, 0x80, 0x5e, 0x0,
    0x7e, 0x0, 0xe3, 0xe, 0x44, 0xf0, 0xe, 0x40,
    0x5e, 0x3, 0xf5, 0x5, 0xe0, 0x2f, 0x5, 0xe0,
    0x8, 0x0, 0x5e, 0x3, 0x70, 0xd, 0x70, 0x7c,
    0x6, 0xd0, 0x0, 0x0, 0x5e, 0x38, 0x40, 0x5e,
    0x0, 0xd6, 0x8, 0xc0, 0x0, 0x26, 0xcf, 0xfa,
    0x31, 0xe6, 0x4, 0xf0, 0x9, 0xb0, 0xd, 0xfd,
    0xbe, 0x0, 0xb, 0xc0, 0xb, 0x90, 0xa, 0x90,
    0x5, 0x20, 0x5e, 0x0, 0xae, 0x10, 0x3f, 0x30,
    0xc, 0x80, 0x0, 0x0, 0x5e, 0x1, 0xa2, 0x0,
    0xd9, 0x0, 0xe, 0x60, 0x0, 0x0, 0x5e, 0x0,
    0x0, 0x8, 0xe1, 0x0, 0x1f, 0x40, 0x0, 0x0,
    0x5e, 0x0, 0x0, 0x6f, 0x50, 0x0, 0x5f, 0x10,
    0x0, 0x0, 0x5e, 0x0, 0x7, 0xf6, 0x3, 0x45,
    0xdc, 0x0, 0x0, 0x0, 0x5e, 0x0, 0x7, 0x70,
    0x6, 0xff, 0xd2, 0x0, 0x0, 0x0, 0x5e, 0x0,
    0x0, 0x0, 0x0, 0x0, 0x0, 0x0,

    /* U+72D7 "狗" */
    0x5, 0x50, 0x3, 0x90, 0x0, 0xc4, 0x0, 0x0,
    0x0, 0x0, 0x5f, 0x50, 0xda, 0x0, 0x4f, 0x20,
    0x0, 0x0, 0x0, 0x0, 0x6f, 0xbe, 0x0, 0xb,
    0xb0, 0x0, 0x0, 0x0, 0x0, 0x0, 0xcf, 0x30,
    0x1, 0xff, 0xff, 0xff, 0xff, 0xf8, 0x0, 0x7f,
    0xf4, 0x0, 0x8d, 0x44, 0x44, 0x44, 0x4d, 0x80,
    0x8f, 0x6b, 0xa0, 0x2f, 0x40, 0x0, 0x0, 0x0,
    0xd7, 0xc, 0x60, 0x7f, 0xc, 0xc0, 0x0, 0x0,
    0x0, 0xd, 0x70, 0x0, 0x3, 0xf6, 0xe3, 0xff,
    0xff, 0xfd, 0x0, 0xe6, 0x0, 0x0, 0x9f, 0x30,
    0x1f, 0x53, 0x37, 0xd0, 0xe, 0x60, 0x0, 0x3f,
    0xf4, 0x1, 0xf2, 0x0, 0x5d, 0x0, 0xf5, 0x0,
    0xc, 0xae, 0x50, 0x1f, 0x20, 0x5, 0xd0, 0xf,
    0x40, 0xa, 0xe1, 0xe6, 0x1, 0xf2, 0x0, 0x5d,
    0x1, 0xf4, 0xa, 0xf3, 0xe, 0x50, 0x1f, 0x65,
    0x59, 0xd0, 0x2f, 0x30, 0x84, 0x0, 0xf5, 0x1,
    0xfe, 0xdd, 0xdc, 0x3, 0xf2, 0x0, 0x0, 0xf,
    0x40, 0x1f, 0x20, 0x0, 0x0, 0x4f, 0x10, 0x0,
    0x2, 0xf2, 0x0, 0x20, 0x0, 0x0, 0x6, 0xf0,
    0x0, 0x0, 0x5f, 0x0, 0x0, 0x0, 0x0, 0x0,
    0x9d, 0x0, 0x24, 0x4d, 0xb0, 0x0, 0x0, 0x0,
    0x54, 0x5e, 0x90, 0x6, 0xff, 0xd2, 0x0, 0x0,
    0x0, 0xd, 0xff, 0xc1, 0x0, 0x0, 0x0, 0x0,
    0x0, 0x0, 0x0, 0x0, 0x0, 0x0,

    /* U+72EC "独" */
    0x3, 0x40, 0x1, 0x50, 0x0, 0x0, 0xd6, 0x0,
    0x0, 0x0, 0x6, 0xf4, 0xb, 0xc0, 0x0, 0x0,
    0xe6, 0x0, 0x0, 0x0, 0x0, 0x8e, 0x8f, 0x20,
    0x0, 0x0, 0xe6, 0x0, 0x0, 0x0, 0x0, 0xc,
    0xf5, 0x0, 0x0, 0x0, 0xe6, 0x0, 0x0, 0x0,
    0x0, 0x4f, 0xf2, 0x3, 0xff, 0xff, 0xff, 0xff,
    0xff, 0x0, 0x6, 0xf8, 0xd8, 0x3, 0xf5, 0x33,
    0xf9, 0x33, 0x7f, 0x0, 0xc, 0x60, 0x9c, 0x3,
    0xf1, 0x0, 0xe6, 0x0, 0x4f, 0x0, 0x0, 0x0,
    0x5f, 0x3, 0xf1, 0x0, 0xe6, 0x0, 0x4f, 0x0,
    0x0, 0x0, 0x9f, 0x13, 0xf1, 0x0, 0xe6, 0x0,
    0x4f, 0x0, 0x0, 0x4, 0xff, 0x23, 0xf1, 0x0,
    0xe6, 0x0, 0x4f, 0x0, 0x0, 0x1e, 0x9f, 0x33,
    0xfe, 0xee, 0xff, 0xee, 0xef, 0x0, 0x1, 0xcc,
    0x1f, 0x31, 0x44, 0x44, 0xf9, 0x44, 0x44, 0x0,
    0x1d, 0xd1, 0x1f, 0x30, 0x0, 0x0, 0xe6, 0x3,
    0x90, 0x0, 0x8, 0x10, 0x1f, 0x20, 0x0, 0x0,
    0xe6, 0x3, 0xf4, 0x0, 0x0, 0x0, 0x2f, 0x10,
    0x0, 0x0, 0xe6, 0x0, 0xcb, 0x0, 0x0, 0x0,
    0x4f, 0x0, 0x0, 0x0, 0xe6, 0x0, 0x7f, 0x20,
    0x0, 0x0, 0x7d, 0x2, 0x46, 0x79, 0xfe, 0xff,
    0xff, 0x80, 0x2, 0x45, 0xe8, 0x2f, 0xff, 0xfe,
    0xca, 0x86, 0x4a, 0xe0, 0x5, 0xff, 0xa1, 0x5,
    0x32, 0x0, 0x0, 0x0, 0x3, 0xb1, 0x0, 0x0,
    0x0, 0x0, 0x0, 0x0, 0x0, 0x0, 0x0, 0x0,

    /* U+73A9 "玩" */
    0x2, 0x22, 0x22, 0x21, 0x15, 0x55, 0x55, 0x55,
    0x55, 0x0, 0xf, 0xff, 0xff, 0xfa, 0x5f, 0xff,
    0xff, 0xff, 0xff, 0x10, 0x1, 0x16, 0xf1, 0x10,
    0x0, 0x0, 0x0, 0x0, 0x0, 0x0, 0x0, 0x5,
    0xf0, 0x0, 0x0, 0x0, 0x0, 0x0, 0x0, 0x0,
    0x0, 0x5, 0xf0, 0x0, 0x0, 0x0, 0x0, 0x0,
    0x0, 0x0, 0x0, 0x5, 0xf0, 0x0, 0x0, 0x0,
    0x0, 0x0, 0x0, 0x0, 0x3, 0x48, 0xf4, 0x43,
    0x88, 0x88, 0x88, 0x88, 0x88, 0x81, 0xa, 0xff,
    0xff, 0xf8, 0xcc, 0xef, 0xcc, 0xfe, 0xcc, 0xc1,
    0x0, 0x5, 0xf0, 0x0, 0x0, 0x8c, 0x0, 0xb9,
    0x0, 0x0, 0x0, 0x5, 0xf0, 0x0, 0x0, 0xaa,
    0x0, 0xb9, 0x0, 0x0, 0x0, 0x5, 0xf0, 0x0,
    0x0, 0xb9, 0x0, 0xb9, 0x0, 0x0, 0x0, 0x5,
    0xf0, 0x1, 0x0, 0xf5, 0x0, 0xb9, 0x0, 0x0,
    0x0, 0x6, 0xfa, 0xef, 0x4, 0xf1, 0x0, 0xb9,
    0x0, 0x0, 0x1a, 0xef, 0xd9, 0x40, 0xc, 0xb0,
    0x0, 0xb9, 0x0, 0x82, 0xa, 0x61, 0x0, 0x0,
    0x9e, 0x20, 0x0, 0xb9, 0x0, 0xd5, 0x0, 0x0,
    0x0, 0x3b, 0xf4, 0x0, 0x0, 0xbc, 0x45, 0xf3,
    0x0, 0x0, 0x1, 0xeb, 0x20, 0x0, 0x0, 0x6f,
    0xff, 0xb0, 0x0, 0x0, 0x0, 0x0, 0x0, 0x0,
    0x0, 0x0, 0x0, 0x0,

    /* U+73AF "环" */
    0x4, 0x44, 0x44, 0x30, 0x55, 0x55, 0x55, 0x55,
    0x55, 0x41, 0xff, 0xff, 0xfc, 0x1e, 0xee, 0xef,
    0xff, 0xee, 0xec, 0x0, 0xa, 0x90, 0x0, 0x0,
    0x0, 0x3f, 0x30, 0x0, 0x0, 0x0, 0xa9, 0x0,
    0x0, 0x0, 0xa, 0xd0, 0x0, 0x0, 0x0, 0xa,
    0x90, 0x0, 0x0, 0x1, 0xf7, 0x0, 0x0, 0x0,
    0x0, 0xa9, 0x0, 0x0, 0x0, 0x9f, 0x64, 0x0,
    0x0, 0x4, 0x5c, 0xb5, 0x20, 0x0, 0x2f, 0xf9,
    0xf6, 0x0, 0x0, 0xbe, 0xff, 0xe5, 0x0, 0xc,
    0xce, 0x66, 0xf3, 0x0, 0x0, 0xa, 0x90, 0x0,
    0x8, 0xf2, 0xe6, 0x9, 0xe1, 0x0, 0x0, 0xa9,
    0x0, 0x6, 0xf7, 0xe, 0x60, 0xd, 0xc0, 0x0,
    0xa, 0x90, 0x6, 0xf9, 0x0, 0xe6, 0x0, 0x2f,
    0x70, 0x0, 0xa9, 0x0, 0x49, 0x0, 0xe, 0x60,
    0x0, 0x62, 0x0, 0xa, 0x93, 0x50, 0x0, 0x0,
    0xe6, 0x0, 0x0, 0x0, 0x2, 0xcf, 0xfa, 0x0,
    0x0, 0xe, 0x60, 0x0, 0x0, 0x1c, 0xfe, 0x82,
    0x0, 0x0, 0x0, 0xe6, 0x0, 0x0, 0x0, 0x94,
    0x0, 0x0, 0x0, 0x0, 0xe, 0x60, 0x0, 0x0,
    0x0, 0x0, 0x0, 0x0, 0x0, 0x0, 0xe6, 0x0,
    0x0, 0x0, 0x0, 0x0, 0x0, 0x0, 0x0, 0xe,
    0x60, 0x0, 0x0,

    /* U+73B0 "现" */
    0x4, 0x44, 0x44, 0x42, 0x4b, 0xbb, 0xbb, 0xbb,
    0xb4, 0x0, 0xef, 0xff, 0xff, 0x95, 0xf7, 0x77,
    0x77, 0x7f, 0x60, 0x0, 0x3, 0xf1, 0x0, 0x5e,
    0x0, 0x0, 0x0, 0xe6, 0x0, 0x0, 0x3f, 0x10,
    0x5, 0xe0, 0xa, 0x30, 0xe, 0x60, 0x0, 0x3,
    0xf1, 0x0, 0x5e, 0x0, 0xe4, 0x0, 0xe6, 0x0,
    0x0, 0x3f, 0x10, 0x5, 0xe0, 0xe, 0x40, 0xe,
    0x60, 0x3, 0x57, 0xf6, 0x51, 0x5e, 0x0, 0xe4,
    0x0, 0xe6, 0x0, 0x9e, 0xef, 0xee, 0x25, 0xe0,
    0xf, 0x40, 0xe, 0x60, 0x0, 0x3, 0xf1, 0x0,
    0x5e, 0x0, 0xf2, 0x0, 0xe6, 0x0, 0x0, 0x3f,
    0x10, 0x5, 0xe0, 0x1f, 0x10, 0xe, 0x60, 0x0,
    0x3, 0xf1, 0x0, 0x4c, 0x5, 0xf8, 0x20, 0xc5,
    0x0, 0x0, 0x3f, 0x10, 0x0, 0x0, 0xab, 0xf3,
    0x0, 0x0, 0x0, 0x3, 0xf4, 0x8a, 0x0, 0x1f,
    0x5f, 0x30, 0x1, 0x20, 0x15, 0xbf, 0xfc, 0x60,
    0xa, 0xc1, 0xf3, 0x0, 0x3e, 0xf, 0xfa, 0x51,
    0x0, 0x8, 0xf2, 0xf, 0x30, 0x4, 0xc0, 0x30,
    0x0, 0x0, 0x9, 0xf3, 0x0, 0xf6, 0x0, 0x9a,
    0x0, 0x0, 0x0, 0x2e, 0xd3, 0x0, 0xa, 0xff,
    0xfe, 0x30, 0x0, 0x0, 0x0, 0x60, 0x0, 0x0,
    0x0, 0x0, 0x0,

    /* U+7403 "球" */
    0x0, 0x0, 0x0, 0x0, 0x0, 0x0, 0x4b, 0x4,
    0x10, 0x0, 0x5, 0x55, 0x55, 0x50, 0x0, 0x0,
    0x5e, 0x9, 0xd2, 0x0, 0xd, 0xdf, 0xfd, 0xd0,
    0x0, 0x0, 0x5e, 0x0, 0x8d, 0x0, 0x0, 0x9,
    0xa0, 0x1, 0x33, 0x33, 0x8f, 0x33, 0x36, 0x30,
    0x0, 0x9, 0xa0, 0x7, 0xff, 0xff, 0xff, 0xff,
    0xff, 0xf3, 0x0, 0x9, 0xa0, 0x0, 0x0, 0x0,
    0x5e, 0x0, 0x0, 0x0, 0x0, 0x9, 0xa0, 0x0,
    0x51, 0x0, 0x5f, 0x0, 0x4, 0x30, 0x5, 0x5b,
    0xc5, 0x40, 0xba, 0x0, 0x5f, 0x30, 0x1e, 0x80,
    0xc, 0xef, 0xfe, 0xa0, 0x2f, 0x40, 0x5f, 0x60,
    0xac, 0x0, 0x0, 0x9, 0xa0, 0x0, 0x8, 0xd0,
    0x5f, 0xb6, 0xf2, 0x0, 0x0, 0x9, 0xa0, 0x0,
    0x1, 0xb1, 0x7f, 0xff, 0x40, 0x0, 0x0, 0x9,
    0xa0, 0x0, 0x0, 0x6, 0xfe, 0xd9, 0x0, 0x0,
    0x0, 0x9, 0xa0, 0x0, 0x0, 0x7f, 0xae, 0x7e,
    0x10, 0x0, 0x0, 0x9, 0xa0, 0x42, 0x8, 0xf4,
    0x5e, 0xe, 0x90, 0x0, 0x0, 0xa, 0xef, 0xf5,
    0xaf, 0x40, 0x5e, 0x4, 0xf5, 0x0, 0x2b, 0xff,
    0xb6, 0x1c, 0xf3, 0x0, 0x5e, 0x0, 0x7f, 0x60,
    0x1b, 0x61, 0x0, 0xa, 0x30, 0x0, 0x5e, 0x0,
    0x8, 0xf5, 0x0, 0x0, 0x0, 0x0, 0x1, 0x44,
    0x9d, 0x0, 0x0, 0x50, 0x0, 0x0, 0x0, 0x0,
    0x2, 0xff, 0xd6, 0x0, 0x0, 0x0, 0x0, 0x0,
    0x0, 0x0, 0x0, 0x0, 0x0, 0x0, 0x0, 0x0,

    /* U+751F "生" */
    0x0, 0x1, 0x30, 0x0, 0x78, 0x0, 0x0, 0x0,
    0x0, 0x0, 0x6, 0xf1, 0x0, 0xab, 0x0, 0x0,
    0x0, 0x0, 0x0, 0xc, 0xa0, 0x0, 0xab, 0x0,
    0x0, 0x0, 0x0, 0x0, 0x2f, 0x40, 0x0, 0xab,
    0x0, 0x0, 0x0, 0x0, 0x0, 0x9f, 0xff, 0xff,
    0xff, 0xff, 0xff, 0xff, 0xf0, 0x1, 0xf9, 0x55,
    0x55, 0xcd, 0x55, 0x55, 0x55, 0x50, 0xb, 0xd0,
    0x0, 0x0, 0xab, 0x0, 0x0, 0x0, 0x0, 0x7f,
    0x40, 0x0, 0x0, 0xab, 0x0, 0x0, 0x0, 0x0,
    0x37, 0x0, 0x0, 0x0, 0xab, 0x0, 0x0, 0x0,
    0x0, 0x0, 0x0, 0x0, 0x0, 0xab, 0x0, 0x0,
    0x0, 0x0, 0x0, 0xbf, 0xff, 0xff, 0xff, 0xff,
    0xff, 0xff, 0x40, 0x0, 0x34, 0x44, 0x44, 0xcd,
    0x44, 0x44, 0x44, 0x10, 0x0, 0x0, 0x0, 0x0,
    0xab, 0x0, 0x0, 0x0, 0x0, 0x0, 0x0, 0x0,
    0x0, 0xab, 0x0, 0x0, 0x0, 0x0, 0x0, 0x0,
    0x0, 0x0, 0xab, 0x0, 0x0, 0x0, 0x0, 0x0,
    0x0, 0x0, 0x0, 0xab, 0x0, 0x0, 0x0, 0x0,
    0x45, 0x55, 0x55, 0x55, 0xcd, 0x55, 0x55, 0x55,
    0x55, 0xdf, 0xff, 0xff, 0xff, 0xff, 0xff, 0xff,
    0xff, 0xff,

    /* U+7528 "用" */
    0x0, 0x4, 0x55, 0x55, 0x55, 0x55, 0x55, 0x55,
    0x54, 0x0, 0xe, 0xff, 0xff, 0xff, 0xff, 0xff,
    0xff, 0xfe, 0x0, 0xe, 0x60, 0x0, 0x6, 0xe0,
    0x0, 0x0, 0x6e, 0x0, 0xe, 0x60, 0x0, 0x6,
    0xe0, 0x0, 0x0, 0x6e, 0x0, 0xe, 0x60, 0x0,
    0x6, 0xe0, 0x0, 0x0, 0x6e, 0x0, 0xe, 0xfe,
    0xee, 0xef, 0xfe, 0xee, 0xee, 0xfe, 0x0, 0xe,
    0xa5, 0x55, 0x5a, 0xf5, 0x55, 0x55, 0xae, 0x0,
    0xe, 0x60, 0x0, 0x6, 0xe0, 0x0, 0x0, 0x6e,
    0x0, 0xe, 0x60, 0x0, 0x6, 0xe0, 0x0, 0x0,
    0x6e, 0x0, 0xf, 0x50, 0x0, 0x6, 0xe0, 0x0,
    0x0, 0x6e, 0x0, 0xf, 0xff, 0xff, 0xff, 0xff,
    0xff, 0xff, 0xfe, 0x0, 0x2f, 0x64, 0x44, 0x49,
    0xf4, 0x44, 0x44, 0x9e, 0x0, 0x6e, 0x0, 0x0,
    0x6, 0xe0, 0x0, 0x0, 0x6e, 0x0, 0xba, 0x0,
    0x0, 0x6, 0xe0, 0x0, 0x0, 0x6e, 0x1, 0xf6,
    0x0, 0x0, 0x6, 0xe0, 0x0, 0x0, 0x6e, 0xb,
    0xe0, 0x0, 0x0, 0x6, 0xe0, 0x3, 0x32, 0x9d,
    0x1e, 0x40, 0x0, 0x0, 0x6, 0xe0, 0xe, 0xff,
    0xe7, 0x1, 0x0, 0x0, 0x0, 0x0, 0x0, 0x0,
    0x10, 0x0,

    /* U+7531 "由" */
    0x0, 0x0, 0x0, 0xb, 0x50, 0x0, 0x0, 0x0,
    0x0, 0x0, 0x0, 0xf, 0x60, 0x0, 0x0, 0x0,
    0x0, 0x0, 0x0, 0xf, 0x60, 0x0, 0x0, 0x0,
    0x0, 0x0, 0x0, 0xf, 0x60, 0x0, 0x0, 0x0,
    0xdf, 0xff, 0xff, 0xff, 0xff, 0xff, 0xff, 0xf7,
    0xda, 0x66, 0x66, 0x6f, 0xa6, 0x66, 0x66, 0xf7,
    0xd6, 0x0, 0x0, 0xf, 0x60, 0x0, 0x0, 0xe7,
    0xd6, 0x0, 0x0, 0xf, 0x60, 0x0, 0x0, 0xe7,
    0xd6, 0x0, 0x0, 0xf, 0x60, 0x0, 0x0, 0xe7,
    0xd6, 0x0, 0x0, 0xf, 0x60, 0x0, 0x0, 0xe7,
    0xdf, 0xff, 0xff, 0xff, 0xff, 0xff, 0xff, 0xf7,
    0xd9, 0x44, 0x44, 0x4f, 0x94, 0x44, 0x44, 0xf7,
    0xd6, 0x0, 0x0, 0xf, 0x60, 0x0, 0x0, 0xe7,
    0xd6, 0x0, 0x0, 0xf, 0x60, 0x0, 0x0, 0xe7,
    0xd6, 0x0, 0x0, 0xf, 0x60, 0x0, 0x0, 0xe7,
    0xd7, 0x0, 0x0, 0xf, 0x70, 0x0, 0x0, 0xe7,
    0xdf, 0xff, 0xff, 0xff, 0xff, 0xff, 0xff, 0xf7,
    0xd9, 0x44, 0x44, 0x44, 0x44, 0x44, 0x44, 0xf7,
    0xd6, 0x0, 0x0, 0x0, 0x0, 0x0, 0x0, 0xd6,

    /* U+7532 "甲" */
    0x25, 0x55, 0x55, 0x55, 0x55, 0x55, 0x55, 0x54,
    0x6f, 0xff, 0xff, 0xff, 0xff, 0xff, 0xff, 0xfd,
    0x6e, 0x0, 0x0, 0x7, 0xe0, 0x0, 0x0, 0x8d,
    0x6e, 0x0, 0x0, 0x7, 0xe0, 0x0, 0x0, 0x8d,
    0x6e, 0x0, 0x0, 0x7, 0xe0, 0x0, 0x0, 0x8d,
    0x6f, 0xee, 0xee, 0xef, 0xfe, 0xee, 0xee, 0xfd,
    0x6f, 0x55, 0x55, 0x5a, 0xf5, 0x55, 0x55, 0xbd,
    0x6e, 0x0, 0x0, 0x7, 0xe0, 0x0, 0x0, 0x8d,
    0x6e, 0x0, 0x0, 0x7, 0xe0, 0x0, 0x0, 0x8d,
    0x6e, 0x0, 0x0, 0x7, 0xe0, 0x0, 0x0, 0x8d,
    0x6f, 0xff, 0xff, 0xff, 0xff, 0xff, 0xff, 0xfd,
    0x6f, 0x44, 0x44, 0x4a, 0xf4, 0x44, 0x44, 0xad,
    0x38, 0x0, 0x0, 0x7, 0xe0, 0x0, 0x0, 0x46,
    0x0, 0x0, 0x0, 0x7, 0xe0, 0x0, 0x0, 0x0,
    0x0, 0x0, 0x0, 0x7, 0xe0, 0x0, 0x0, 0x0,
    0x0, 0x0, 0x0, 0x7, 0xe0, 0x0, 0x0, 0x0,
    0x0, 0x0, 0x0, 0x7, 0xe0, 0x0, 0x0, 0x0,
    0x0, 0x0, 0x0, 0x7, 0xe0, 0x0, 0x0, 0x0,

    /* U+7535 "电" */
    0x0, 0x0, 0x0, 0xd, 0x70, 0x0, 0x0, 0x0,
    0x0, 0x0, 0x0, 0x0, 0xe, 0x70, 0x0, 0x0,
    0x0, 0x0, 0x0, 0x0, 0x0, 0xe, 0x70, 0x0,
    0x0, 0x0, 0x0, 0x6f, 0xff, 0xff, 0xff, 0xff,
    0xff, 0xff, 0xf4, 0x0, 0x6f, 0x55, 0x55, 0x5f,
    0xa5, 0x55, 0x56, 0xf4, 0x0, 0x6f, 0x0, 0x0,
    0xe, 0x70, 0x0, 0x1, 0xf4, 0x0, 0x6f, 0x0,
    0x0, 0xe, 0x70, 0x0, 0x1, 0xf4, 0x0, 0x6f,
    0x44, 0x44, 0x4f, 0xa4, 0x44, 0x45, 0xf4, 0x0,
    0x6f, 0xff, 0xff, 0xff, 0xff, 0xff, 0xff, 0xf4,
    0x0, 0x6f, 0x0, 0x0, 0xe, 0x70, 0x0, 0x1,
    0xf4, 0x0, 0x6f, 0x0, 0x0, 0xe, 0x70, 0x0,
    0x1, 0xf4, 0x0, 0x6f, 0x33, 0x33, 0x3f, 0x93,
    0x33, 0x34, 0xf4, 0x0, 0x6f, 0xff, 0xff, 0xff,
    0xff, 0xff, 0xff, 0xf4, 0x0, 0x6f, 0x11, 0x11,
    0x1e, 0x81, 0x11, 0x11, 0x11, 0x30, 0x14, 0x0,
    0x0, 0xe, 0x70, 0x0, 0x0, 0x3, 0xf2, 0x0,
    0x0, 0x0, 0xe, 0x70, 0x0, 0x0, 0x6, 0xf0,
    0x0, 0x0, 0x0, 0xc, 0xd6, 0x55, 0x55, 0x6d,
    0xb0, 0x0, 0x0, 0x0, 0x3, 0xdf, 0xff, 0xff,
    0xfc, 0x20,

    /* U+7559 "留" */
    0x0, 0x0, 0x17, 0xc3, 0x0, 0x0, 0x0, 0x0,
    0x0, 0x59, 0xdf, 0xc7, 0x10, 0xdd, 0xdd, 0xdd,
    0xdd, 0xe, 0xb4, 0x0, 0x0, 0x5, 0x5f, 0x95,
    0x59, 0xe0, 0xe6, 0x0, 0x31, 0x0, 0x1, 0xf3,
    0x0, 0x6d, 0xe, 0x60, 0xc, 0x90, 0x0, 0x4f,
    0x0, 0x7, 0xc0, 0xe6, 0x0, 0x3f, 0x40, 0xa,
    0xb0, 0x0, 0x9b, 0xf, 0x63, 0x7c, 0xfc, 0x3,
    0xf4, 0x0, 0xb, 0x95, 0xff, 0xfc, 0x75, 0xf7,
    0xe9, 0x3, 0x45, 0xf6, 0x3b, 0x51, 0x0, 0x7,
    0xf9, 0x0, 0x5e, 0xeb, 0x0, 0x0, 0x0, 0x0,
    0x3, 0x0, 0x0, 0x0, 0x0, 0x0, 0xcf, 0xff,
    0xff, 0xff, 0xff, 0xff, 0xf7, 0x0, 0xc, 0x92,
    0x22, 0x2e, 0x72, 0x22, 0x2e, 0x70, 0x0, 0xc8,
    0x0, 0x0, 0xe5, 0x0, 0x0, 0xe7, 0x0, 0xc,
    0xec, 0xcc, 0xcf, 0xdc, 0xcc, 0xcf, 0x70, 0x0,
    0xca, 0x44, 0x44, 0xf8, 0x44, 0x44, 0xf7, 0x0,
    0xc, 0x80, 0x0, 0xe, 0x50, 0x0, 0xe, 0x70,
    0x0, 0xc9, 0x22, 0x22, 0xe7, 0x22, 0x22, 0xe7,
    0x0, 0xc, 0xff, 0xff, 0xff, 0xff, 0xff, 0xff,
    0x70, 0x0, 0xc8, 0x0, 0x0, 0x0, 0x0, 0x0,
    0xd6, 0x0,

    /* U+75DB "痛" */
    0x0, 0x0, 0x0, 0x0, 0x0, 0x0, 0x0, 0x0,
    0x0, 0x0, 0x0, 0x0, 0x0, 0x0, 0xc, 0x70,
    0x0, 0x0, 0x0, 0x0, 0x0, 0x0, 0x0, 0x0,
    0x6f, 0x20, 0x0, 0x0, 0x0, 0x0, 0x3f, 0xff,
    0xff, 0xff, 0xff, 0xff, 0xff, 0xff, 0x0, 0x3,
    0xf4, 0x33, 0x33, 0x33, 0x33, 0x33, 0x33, 0x30,
    0xd1, 0x3f, 0x0, 0x33, 0x33, 0x33, 0x33, 0x33,
    0x0, 0xb, 0x93, 0xf0, 0xb, 0xcc, 0xcc, 0xcc,
    0xcf, 0xf3, 0x0, 0x4f, 0x3f, 0x0, 0x0, 0x63,
    0x0, 0x4d, 0xc2, 0x0, 0x0, 0xf7, 0xf0, 0x0,
    0x18, 0xed, 0xce, 0x50, 0x0, 0x0, 0x2, 0x3f,
    0x1, 0x44, 0x44, 0x8e, 0xf8, 0x44, 0x40, 0x0,
    0x3, 0xf0, 0x5f, 0xcc, 0xce, 0xfc, 0xcc, 0xdf,
    0x10, 0x4, 0xcf, 0x5, 0xe0, 0x0, 0x5e, 0x0,
    0x2, 0xf1, 0x3d, 0xda, 0xd0, 0x5f, 0xdd, 0xde,
    0xfd, 0xdd, 0xef, 0x11, 0x70, 0xab, 0x5, 0xe2,
    0x22, 0x7e, 0x22, 0x25, 0xf1, 0x0, 0xd, 0x90,
    0x5e, 0x0, 0x5, 0xe0, 0x0, 0x2f, 0x10, 0x0,
    0xf4, 0x5, 0xff, 0xff, 0xff, 0xff, 0xff, 0xf1,
    0x0, 0x6e, 0x0, 0x5e, 0x11, 0x16, 0xe1, 0x11,
    0x4f, 0x10, 0xd, 0x90, 0x5, 0xe0, 0x0, 0x5e,
    0x0, 0x2, 0xf1, 0x8, 0xe1, 0x0, 0x5e, 0x0,
    0x5, 0xe0, 0x0, 0x4f, 0x10, 0x65, 0x0, 0x5,
    0xe0, 0x0, 0x4b, 0x5, 0xfe, 0xa0,

    /* U+767D "白" */
    0x0, 0x0, 0x0, 0x1a, 0x40, 0x0, 0x0, 0x0,
    0x0, 0x0, 0x0, 0x6f, 0x30, 0x0, 0x0, 0x0,
    0x0, 0x0, 0x0, 0xcc, 0x0, 0x0, 0x0, 0x0,
    0x6, 0x66, 0x67, 0xfa, 0x66, 0x66, 0x66, 0x60,
    0xf, 0xff, 0xff, 0xff, 0xff, 0xff, 0xff, 0xf1,
    0xf, 0x40, 0x0, 0x0, 0x0, 0x0, 0x4, 0xf1,
    0xf, 0x40, 0x0, 0x0, 0x0, 0x0, 0x4, 0xf1,
    0xf, 0x40, 0x0, 0x0, 0x0, 0x0, 0x4, 0xf1,
    0xf, 0x40, 0x0, 0x0, 0x0, 0x0, 0x4, 0xf1,
    0xf, 0x85, 0x55, 0x55, 0x55, 0x55, 0x58, 0xf1,
    0xf, 0xff, 0xff, 0xff, 0xff, 0xff, 0xff, 0xf1,
    0xf, 0x40, 0x0, 0x0, 0x0, 0x0, 0x4, 0xf1,
    0xf, 0x40, 0x0, 0x0, 0x0, 0x0, 0x4, 0xf1,
    0xf, 0x40, 0x0, 0x0, 0x0, 0x0, 0x4, 0xf1,
    0xf, 0x40, 0x0, 0x0, 0x0, 0x0, 0x4, 0xf1,
    0xf, 0x74, 0x44, 0x44, 0x44, 0x44, 0x47, 0xf1,
    0xf, 0xff, 0xff, 0xff, 0xff, 0xff, 0xff, 0xf1,
    0xf, 0x51, 0x11, 0x11, 0x11, 0x11, 0x15, 0xf1,
    0xf, 0x40, 0x0, 0x0, 0x0, 0x0, 0x4, 0xe1,

    /* U+7684 "的" */
    0x0, 0x1, 0x72, 0x0, 0x0, 0x8, 0x20, 0x0,
    0x0, 0x0, 0x5, 0xf2, 0x0, 0x0, 0x3f, 0x20,
    0x0, 0x0, 0x0, 0x9, 0xc0, 0x0, 0x0, 0x8d,
    0x0, 0x0, 0x0, 0x15, 0x5e, 0xa5, 0x54, 0x0,
    0xdc, 0x55, 0x55, 0x53, 0x3f, 0xdd, 0xdd, 0xed,
    0x3, 0xfd, 0xdd, 0xdd, 0xf7, 0x3f, 0x0, 0x0,
    0x5d, 0xa, 0xc0, 0x0, 0x0, 0xc7, 0x3f, 0x0,
    0x0, 0x5d, 0x3f, 0x40, 0x0, 0x0, 0xd6, 0x3f,
    0x0, 0x0, 0x5d, 0xab, 0x0, 0x0, 0x0, 0xe5,
    0x3f, 0x0, 0x0, 0x5d, 0x1, 0x7a, 0x0, 0x0,
    0xe5, 0x3f, 0xff, 0xff, 0xfd, 0x0, 0x2f, 0x70,
    0x0, 0xf4, 0x3f, 0x33, 0x33, 0x8d, 0x0, 0x5,
    0xf3, 0x0, 0xf3, 0x3f, 0x0, 0x0, 0x5d, 0x0,
    0x0, 0xac, 0x1, 0xf2, 0x3f, 0x0, 0x0, 0x5d,
    0x0, 0x0, 0x1d, 0x22, 0xf1, 0x3f, 0x0, 0x0,
    0x5d, 0x0, 0x0, 0x0, 0x4, 0xf0, 0x3f, 0x0,
    0x0, 0x5d, 0x0, 0x0, 0x0, 0x6, 0xe0, 0x3f,
    0xff, 0xff, 0xfd, 0x0, 0x0, 0x0, 0x9, 0xc0,
    0x3f, 0x44, 0x44, 0x43, 0x0, 0x2, 0x22, 0x4e,
    0x80, 0x3f, 0x0, 0x0, 0x0, 0x0, 0x7, 0xff,
    0xfc, 0x10, 0x0, 0x0, 0x0, 0x0, 0x0, 0x0,
    0x11, 0x10, 0x0,

    /* U+76AE "皮" */
    0x0, 0x0, 0x0, 0x0, 0x1, 0xd2, 0x0, 0x0,
    0x0, 0x0, 0x0, 0x0, 0x0, 0x0, 0x2, 0xf3,
    0x0, 0x0, 0x0, 0x0, 0x0, 0x0, 0x0, 0x0,
    0x2, 0xf3, 0x0, 0x0, 0x0, 0x0, 0x0, 0xf,
    0xff, 0xff, 0xff, 0xff, 0xff, 0xff, 0xff, 0x40,
    0x0, 0xf, 0x84, 0x44, 0x46, 0xf7, 0x44, 0x44,
    0xae, 0x0, 0x0, 0xf, 0x50, 0x0, 0x2, 0xf3,
    0x0, 0x0, 0xe8, 0x0, 0x0, 0xf, 0x50, 0x0,
    0x2, 0xf3, 0x0, 0x6, 0xf1, 0x0, 0x0, 0xf,
    0x50, 0x0, 0x2, 0xf3, 0x0, 0x0, 0x20, 0x0,
    0x0, 0xf, 0xff, 0xff, 0xff, 0xff, 0xff, 0xff,
    0xc0, 0x0, 0x0, 0xf, 0x84, 0xcc, 0x44, 0x44,
    0x44, 0x5e, 0x80, 0x0, 0x0, 0x1f, 0x30, 0x3f,
    0x30, 0x0, 0x0, 0x7f, 0x10, 0x0, 0x0, 0x3f,
    0x20, 0xa, 0xd0, 0x0, 0x1, 0xf8, 0x0, 0x0,
    0x0, 0x5f, 0x0, 0x1, 0xea, 0x0, 0x1d, 0xc0,
    0x0, 0x0, 0x0, 0x9c, 0x0, 0x0, 0x2e, 0xb2,
    0xdc, 0x10, 0x0, 0x0, 0x0, 0xd8, 0x0, 0x0,
    0x3, 0xff, 0xd1, 0x0, 0x0, 0x0, 0x3, 0xf3,
    0x0, 0x0, 0x5c, 0xfe, 0xf9, 0x20, 0x0, 0x0,
    0xc, 0xd0, 0x4, 0x8d, 0xfa, 0x20, 0x5e, 0xfa,
    0x61, 0x0, 0x2f, 0x42, 0xff, 0xd8, 0x20, 0x0,
    0x0, 0x6b, 0xff, 0xc0, 0x2, 0x0, 0x52, 0x0,
    0x0, 0x0, 0x0, 0x0, 0x4, 0x40,

    /* U+76D6 "盖" */
    0x0, 0x0, 0x6, 0x60, 0x0, 0x0, 0x5, 0x80,
    0x0, 0x0, 0x0, 0x0, 0x6, 0xf2, 0x0, 0x0,
    0xe, 0x80, 0x0, 0x0, 0x0, 0x12, 0x22, 0xd8,
    0x22, 0x22, 0x8f, 0x32, 0x21, 0x0, 0x0, 0xcf,
    0xff, 0xff, 0xff, 0xff, 0xff, 0xff, 0xfb, 0x0,
    0x0, 0x0, 0x0, 0x0, 0xb, 0xa0, 0x0, 0x0,
    0x0, 0x0, 0x0, 0x1, 0x11, 0x11, 0x1b, 0xb1,
    0x11, 0x11, 0x10, 0x0, 0x0, 0xc, 0xff, 0xff,
    0xff, 0xff, 0xff, 0xff, 0xe0, 0x0, 0x0, 0x0,
    0x0, 0x0, 0xb, 0xa0, 0x0, 0x0, 0x0, 0x0,
    0x1, 0x22, 0x22, 0x22, 0x2b, 0xb2, 0x22, 0x22,
    0x22, 0x10, 0x9, 0xff, 0xff, 0xff, 0xff, 0xff,
    0xff, 0xff, 0xff, 0xa0, 0x0, 0x0, 0x0, 0x0,
    0x0, 0x0, 0x0, 0x0, 0x0, 0x0, 0x0, 0x2,
    0x33, 0x33, 0x33, 0x33, 0x33, 0x33, 0x30, 0x0,
    0x0, 0xe, 0xff, 0xff, 0xff, 0xff, 0xff, 0xff,
    0xf0, 0x0, 0x0, 0xe, 0x50, 0xb, 0x80, 0x8,
    0xb0, 0x4, 0xf0, 0x0, 0x0, 0xe, 0x50, 0xb,
    0x80, 0x8, 0xb0, 0x4, 0xf0, 0x0, 0x0, 0xe,
    0x50, 0xb, 0x80, 0x8, 0xb0, 0x4, 0xf0, 0x0,
    0x3, 0x3f, 0x73, 0x3c, 0x93, 0x39, 0xc3, 0x36,
    0xf3, 0x30, 0x1f, 0xff, 0xff, 0xff, 0xff, 0xff,
    0xff, 0xff, 0xff, 0xf1,

    /* U+76D8 "盘" */
    0x0, 0x0, 0x0, 0x0, 0xb, 0x70, 0x0, 0x0,
    0x0, 0x0, 0x0, 0x0, 0x12, 0x22, 0x4f, 0x62,
    0x22, 0x22, 0x0, 0x0, 0x0, 0x0, 0xaf, 0xff,
    0xff, 0xff, 0xff, 0xff, 0x30, 0x0, 0x0, 0x0,
    0xaa, 0x0, 0x74, 0x0, 0x0, 0x1f, 0x30, 0x0,
    0x0, 0x0, 0xaa, 0x0, 0x5d, 0xa0, 0x0, 0x1f,
    0x30, 0x0, 0x0, 0x0, 0xaa, 0x0, 0x0, 0xa4,
    0x0, 0x1f, 0x30, 0x0, 0xe, 0xff, 0xff, 0xff,
    0xff, 0xff, 0xff, 0xff, 0xff, 0xf1, 0x3, 0x34,
    0xf8, 0x33, 0x63, 0x33, 0x33, 0x4f, 0x63, 0x30,
    0x0, 0x6, 0xf2, 0x0, 0xcd, 0x30, 0x0, 0x1f,
    0x30, 0x0, 0x0, 0x1d, 0xa0, 0x0, 0x6, 0xf6,
    0x0, 0x1f, 0x30, 0x0, 0x2, 0xde, 0x10, 0x0,
    0x0, 0x32, 0x6e, 0xef, 0x10, 0x0, 0x1, 0x93,
    0x22, 0x22, 0x22, 0x22, 0x36, 0x63, 0x20, 0x0,
    0x0, 0xc, 0xff, 0xff, 0xff, 0xff, 0xff, 0xff,
    0xd0, 0x0, 0x0, 0xc, 0x70, 0xa, 0x80, 0x9,
    0xa0, 0x7, 0xd0, 0x0, 0x0, 0xc, 0x70, 0xa,
    0x80, 0x9, 0xa0, 0x7, 0xd0, 0x0, 0x0, 0xc,
    0x70, 0xa, 0x80, 0x9, 0xa0, 0x7, 0xd0, 0x0,
    0x3, 0x3d, 0x93, 0x3c, 0xa3, 0x3b, 0xb3, 0x39,
    0xd3, 0x30, 0x1f, 0xff, 0xff, 0xff, 0xff, 0xff,
    0xff, 0xff, 0xff, 0xf1,

    /* U+76F8 "相" */
    0x0, 0x0, 0x22, 0x0, 0x0, 0x0, 0x0, 0x0,
    0x0, 0x0, 0x0, 0x9, 0xa0, 0x0, 0x0, 0x0,
    0x0, 0x0, 0x0, 0x0, 0x0, 0x9a, 0x0, 0x2,
    0x55, 0x55, 0x55, 0x55, 0x20, 0x0, 0x9, 0xa0,
    0x0, 0x8f, 0xee, 0xee, 0xee, 0xf6, 0x0, 0x0,
    0x9a, 0x0, 0x8, 0xc0, 0x0, 0x0, 0xe, 0x60,
    0x66, 0x6c, 0xc6, 0x64, 0x8c, 0x0, 0x0, 0x0,
    0xe6, 0xa, 0xbb, 0xfe, 0xbb, 0x68, 0xc0, 0x0,
    0x0, 0xe, 0x60, 0x0, 0x1f, 0xa0, 0x0, 0x8f,
    0xff, 0xff, 0xff, 0xf6, 0x0, 0x6, 0xfb, 0x0,
    0x8, 0xd4, 0x44, 0x44, 0x4f, 0x60, 0x0, 0xcf,
    0xf7, 0x0, 0x8c, 0x0, 0x0, 0x0, 0xe6, 0x0,
    0x2e, 0xac, 0xf5, 0x8, 0xc0, 0x0, 0x0, 0xe,
    0x60, 0x8, 0x99, 0xa5, 0xf3, 0x8c, 0x0, 0x0,
    0x0, 0xe6, 0x1, 0xf2, 0x9a, 0xa, 0x58, 0xff,
    0xff, 0xff, 0xff, 0x60, 0xab, 0x9, 0xa0, 0x0,
    0x8d, 0x44, 0x44, 0x44, 0xf6, 0x3f, 0x20, 0x9a,
    0x0, 0x8, 0xc0, 0x0, 0x0, 0xe, 0x60, 0x50,
    0x9, 0xa0, 0x0, 0x8c, 0x0, 0x0, 0x0, 0xe6,
    0x0, 0x0, 0x9a, 0x0, 0x8, 0xc0, 0x0, 0x0,
    0xe, 0x60, 0x0, 0x9, 0xa0, 0x0, 0x8f, 0xff,
    0xff, 0xff, 0xf6, 0x0, 0x0, 0x9a, 0x0, 0x8,
    0xd3, 0x33, 0x33, 0x3e, 0x60, 0x0, 0x1, 0x10,
    0x0, 0x0, 0x0, 0x0, 0x0, 0x0,

    /* U+770B "看" */
    0x0, 0x0, 0x0, 0x0, 0x0, 0x1, 0x24, 0x69,
    0x80, 0x0, 0x7, 0xbc, 0xdd, 0xee, 0xff, 0xfe,
    0xcb, 0x96, 0x0, 0x0, 0x25, 0x44, 0x44, 0xf9,
    0x10, 0x0, 0x0, 0x0, 0x0, 0x0, 0x22, 0x22,
    0x5f, 0x52, 0x22, 0x22, 0x22, 0x10, 0x0, 0x6f,
    0xff, 0xff, 0xff, 0xff, 0xff, 0xff, 0xf8, 0x0,
    0x0, 0x0, 0x0, 0xe8, 0x0, 0x0, 0x0, 0x0,
    0x0, 0x3, 0x44, 0x44, 0x7f, 0x64, 0x44, 0x44,
    0x44, 0x44, 0x20, 0xcd, 0xdd, 0xef, 0xed, 0xdd,
    0xdd, 0xdd, 0xdd, 0xd9, 0x0, 0x0, 0x9, 0xe1,
    0x0, 0x0, 0x0, 0x0, 0x0, 0x0, 0x0, 0x5,
    0xff, 0xff, 0xff, 0xff, 0xff, 0xfa, 0x0, 0x0,
    0x2, 0xff, 0x71, 0x11, 0x11, 0x11, 0x1a, 0xb0,
    0x0, 0x5, 0xf9, 0xe7, 0x11, 0x11, 0x11, 0x11,
    0xab, 0x0, 0x8, 0xf8, 0xe, 0xed, 0xdd, 0xdd,
    0xdd, 0xdf, 0xb0, 0x2, 0xc4, 0x0, 0xe6, 0x0,
    0x0, 0x0, 0x0, 0x9b, 0x0, 0x0, 0x0, 0xe,
    0xfe, 0xee, 0xee, 0xee, 0xef, 0xb0, 0x0, 0x0,
    0x0, 0xe6, 0x0, 0x0, 0x0, 0x0, 0xab, 0x0,
    0x0, 0x0, 0xe, 0x72, 0x22, 0x22, 0x22, 0x2a,
    0xb0, 0x0, 0x0, 0x0, 0xef, 0xff, 0xff, 0xff,
    0xff, 0xfb, 0x0, 0x0, 0x0, 0xe, 0x60, 0x0,
    0x0, 0x0, 0x9, 0xb0, 0x0,

    /* U+771F "真" */
    0x0, 0x0, 0x0, 0x0, 0x79, 0x0, 0x0, 0x0,
    0x0, 0x0, 0x0, 0x0, 0x0, 0xab, 0x0, 0x0,
    0x0, 0x0, 0x3f, 0xff, 0xff, 0xff, 0xff, 0xff,
    0xff, 0xff, 0xf6, 0x2, 0x22, 0x22, 0x22, 0xf7,
    0x22, 0x22, 0x22, 0x21, 0x0, 0xa, 0xbb, 0xbb,
    0xfc, 0xbb, 0xbb, 0xb0, 0x0, 0x0, 0xe, 0x83,
    0x33, 0x33, 0x33, 0x37, 0xf0, 0x0, 0x0, 0xe,
    0x60, 0x0, 0x0, 0x0, 0x4, 0xf0, 0x0, 0x0,
    0xe, 0xfe, 0xee, 0xee, 0xee, 0xee, 0xf0, 0x0,
    0x0, 0xe, 0x60, 0x0, 0x0, 0x0, 0x4, 0xf0,
    0x0, 0x0, 0xe, 0xfe, 0xee, 0xee, 0xee, 0xee,
    0xf0, 0x0, 0x0, 0xe, 0x60, 0x0, 0x0, 0x0,
    0x4, 0xf0, 0x0, 0x0, 0xe, 0xed, 0xdd, 0xdd,
    0xdd, 0xde, 0xf0, 0x0, 0x0, 0xe, 0x60, 0x0,
    0x0, 0x0, 0x4, 0xf0, 0x0, 0x23, 0x3e, 0x83,
    0x33, 0x33, 0x33, 0x37, 0xf4, 0x33, 0xbe, 0xee,
    0xee, 0xee, 0xee, 0xee, 0xee, 0xee, 0xed, 0x0,
    0x0, 0x4, 0x40, 0x0, 0x5, 0x60, 0x0, 0x0,
    0x0, 0x5, 0xcf, 0x80, 0x0, 0x6, 0xdf, 0xa4,
    0x0, 0x39, 0xee, 0x81, 0x0, 0x0, 0x0, 0x3,
    0x9f, 0xd6, 0x3a, 0x40, 0x0, 0x0, 0x0, 0x0,
    0x0, 0x1, 0x83,

    /* U+7740 "着" */
    0x0, 0x0, 0x7, 0x20, 0x0, 0x0, 0x5, 0x40,
    0x0, 0x0, 0x0, 0x0, 0xcd, 0x0, 0x0, 0x2,
    0xf7, 0x0, 0x0, 0x0, 0x33, 0x35, 0xf7, 0x33,
    0x33, 0xcd, 0x33, 0x31, 0x0, 0xd, 0xee, 0xee,
    0xef, 0xfe, 0xee, 0xee, 0xee, 0x70, 0x0, 0x0,
    0x0, 0x0, 0xe7, 0x0, 0x0, 0x0, 0x0, 0x0,
    0x0, 0xff, 0xff, 0xff, 0xff, 0xff, 0xff, 0xf9,
    0x0, 0x0, 0x1, 0x11, 0x1e, 0x91, 0x11, 0x11,
    0x11, 0x10, 0x0, 0x22, 0x22, 0x26, 0xf5, 0x22,
    0x22, 0x22, 0x22, 0x21, 0xd, 0xff, 0xff, 0xff,
    0xff, 0xff, 0xff, 0xff, 0xff, 0x60, 0x0, 0x0,
    0x9e, 0x10, 0x0, 0x0, 0x0, 0x0, 0x0, 0x0,
    0x0, 0x6f, 0xff, 0xff, 0xff, 0xff, 0xff, 0x80,
    0x0, 0x0, 0x3f, 0xf8, 0x11, 0x11, 0x11, 0x11,
    0xd8, 0x0, 0x0, 0x4f, 0x7c, 0xec, 0xcc, 0xcc,
    0xcc, 0xcf, 0x80, 0x0, 0x7f, 0x90, 0xc8, 0x0,
    0x0, 0x0, 0x0, 0xd8, 0x0, 0x5f, 0x80, 0xc,
    0x93, 0x33, 0x33, 0x33, 0x3e, 0x80, 0x0, 0x30,
    0x0, 0xcd, 0xaa, 0xaa, 0xaa, 0xaa, 0xf8, 0x0,
    0x0, 0x0, 0xc, 0x81, 0x11, 0x11, 0x11, 0x1d,
    0x80, 0x0, 0x0, 0x0, 0xcf, 0xff, 0xff, 0xff,
    0xff, 0xf8, 0x0, 0x0, 0x0, 0xc, 0x70, 0x0,
    0x0, 0x0, 0xc, 0x80, 0x0,

    /* U+7761 "睡" */
    0x0, 0x0, 0x0, 0x0, 0x0, 0x0, 0x0, 0x3,
    0x10, 0x1, 0x55, 0x55, 0x40, 0x46, 0x79, 0xac,
    0xef, 0xf8, 0x0, 0x3f, 0xdd, 0xec, 0x9, 0xba,
    0x9b, 0xe5, 0x30, 0x0, 0x3, 0xe0, 0x5, 0xc0,
    0x0, 0x0, 0x6d, 0x0, 0x0, 0x0, 0x3e, 0x0,
    0x5c, 0x0, 0x0, 0x6, 0xd0, 0x0, 0x0, 0x3,
    0xe3, 0x37, 0xc5, 0xee, 0xee, 0xff, 0xee, 0xee,
    0xb0, 0x3f, 0xff, 0xfc, 0x25, 0xd9, 0x5a, 0xe5,
    0x6f, 0x74, 0x3, 0xe0, 0x5, 0xc0, 0xc, 0x60,
    0x6d, 0x0, 0xf2, 0x0, 0x3e, 0x0, 0x5c, 0x12,
    0xc7, 0x28, 0xe2, 0x2f, 0x42, 0x3, 0xe3, 0x37,
    0xc9, 0xff, 0xff, 0xff, 0xff, 0xff, 0xf3, 0x3f,
    0xff, 0xfc, 0x1, 0xc7, 0x17, 0xe1, 0x1f, 0x31,
    0x3, 0xe0, 0x5, 0xc0, 0xc, 0x60, 0x6d, 0x0,
    0xf2, 0x0, 0x3e, 0x0, 0x5c, 0x24, 0xd9, 0x49,
    0xe4, 0x4f, 0x63, 0x3, 0xe0, 0x5, 0xc6, 0xff,
    0xff, 0xff, 0xff, 0xff, 0xb0, 0x3f, 0xff, 0xfc,
    0x0, 0x0, 0x6, 0xd0, 0x0, 0x0, 0x3, 0xe3,
    0x33, 0x20, 0x0, 0x0, 0x6d, 0x0, 0x0, 0x0,
    0x3e, 0x0, 0x0, 0x3, 0x33, 0x38, 0xe3, 0x33,
    0x30, 0x0, 0x20, 0x0, 0x0, 0xdf, 0xff, 0xff,
    0xff, 0xff, 0x10,

    /* U+77F3 "石" */
    0x1, 0x33, 0x33, 0x33, 0x33, 0x33, 0x33, 0x33,
    0x33, 0x30, 0x6f, 0xff, 0xff, 0xff, 0xff, 0xff,
    0xff, 0xff, 0xfe, 0x0, 0x11, 0x11, 0x1c, 0xc1,
    0x11, 0x11, 0x11, 0x11, 0x10, 0x0, 0x0, 0x2,
    0xf5, 0x0, 0x0, 0x0, 0x0, 0x0, 0x0, 0x0,
    0x0, 0x9f, 0x0, 0x0, 0x0, 0x0, 0x0, 0x0,
    0x0, 0x0, 0x1f, 0x80, 0x0, 0x0, 0x0, 0x0,
    0x0, 0x0, 0x0, 0x9, 0xf1, 0x0, 0x0, 0x0,
    0x0, 0x0, 0x0, 0x0, 0x3, 0xfb, 0x55, 0x55,
    0x55, 0x55, 0x55, 0x30, 0x0, 0x0, 0xdf, 0xff,
    0xff, 0xff, 0xff, 0xff, 0xfb, 0x0, 0x0, 0xaf,
    0xf7, 0x0, 0x0, 0x0, 0x0, 0xb, 0xb0, 0x0,
    0x9f, 0x5d, 0x70, 0x0, 0x0, 0x0, 0x0, 0xbb,
    0x0, 0xaf, 0x70, 0xd7, 0x0, 0x0, 0x0, 0x0,
    0xb, 0xb0, 0xc, 0x50, 0xd, 0x70, 0x0, 0x0,
    0x0, 0x0, 0xbb, 0x0, 0x0, 0x0, 0xd7, 0x0,
    0x0, 0x0, 0x0, 0xb, 0xb0, 0x0, 0x0, 0xd,
    0x92, 0x22, 0x22, 0x22, 0x22, 0xcb, 0x0, 0x0,
    0x0, 0xdf, 0xff, 0xff, 0xff, 0xff, 0xff, 0xb0,
    0x0, 0x0, 0xd, 0x82, 0x22, 0x22, 0x22, 0x22,
    0xcb, 0x0, 0x0, 0x0, 0xd7, 0x0, 0x0, 0x0,
    0x0, 0xb, 0xa0,

    /* U+786C "硬" */
    0xb, 0xbb, 0xbb, 0xb8, 0xcf, 0xff, 0xff, 0xff,
    0xff, 0xb0, 0x7, 0x7b, 0xe7, 0x75, 0x34, 0x44,
    0x6f, 0x54, 0x44, 0x30, 0x0, 0xa, 0xa0, 0x0,
    0x0, 0x0, 0x2f, 0x10, 0x0, 0x0, 0x0, 0xe,
    0x60, 0x0, 0x5d, 0xdd, 0xef, 0xdd, 0xdd, 0x40,
    0x0, 0x2f, 0x20, 0x0, 0x6d, 0x33, 0x5f, 0x43,
    0x3e, 0x50, 0x0, 0x6e, 0x0, 0x0, 0x6c, 0x0,
    0x2f, 0x10, 0xe, 0x50, 0x0, 0xbc, 0x44, 0x42,
    0x6d, 0x33, 0x5f, 0x43, 0x3e, 0x50, 0x2, 0xff,
    0xee, 0xf9, 0x6f, 0xcc, 0xdf, 0xdc, 0xcf, 0x50,
    0xa, 0xf9, 0x0, 0x99, 0x6c, 0x0, 0x3f, 0x10,
    0xe, 0x50, 0x2f, 0xd9, 0x0, 0x99, 0x6d, 0x11,
    0x4f, 0x31, 0x1e, 0x50, 0x9, 0x89, 0x0, 0x99,
    0x6f, 0xff, 0xff, 0xff, 0xff, 0x50, 0x0, 0x89,
    0x0, 0x99, 0x15, 0x0, 0x7d, 0x0, 0x0, 0x0,
    0x0, 0x89, 0x0, 0x99, 0xe, 0x60, 0xb9, 0x0,
    0x0, 0x0, 0x0, 0x8b, 0x22, 0xa9, 0x4, 0xf8,
    0xf2, 0x0, 0x0, 0x0, 0x0, 0x8f, 0xff, 0xf9,
    0x0, 0x7f, 0xd1, 0x0, 0x0, 0x0, 0x0, 0x8a,
    0x0, 0x0, 0x7, 0xfa, 0xbf, 0xa4, 0x10, 0x0,
    0x0, 0x55, 0x0, 0x7, 0xfd, 0x50, 0x3, 0xae,
    0xfe, 0xa0, 0x0, 0x0, 0x0, 0x1, 0x40, 0x0,
    0x0, 0x0, 0x25, 0x30,

    /* U+786E "确" */
    0x0, 0x0, 0x0, 0x0, 0x0, 0x2b, 0x10, 0x0,
    0x0, 0x0, 0x9a, 0xaa, 0xaa, 0x80, 0xa, 0xd1,
    0x11, 0x10, 0x0, 0x8, 0x8c, 0xe8, 0x86, 0x2,
    0xff, 0xff, 0xff, 0x50, 0x0, 0x0, 0xb8, 0x0,
    0x0, 0xac, 0x0, 0x9, 0xc0, 0x0, 0x0, 0xf,
    0x40, 0x0, 0x5f, 0x20, 0x5, 0xf2, 0x0, 0x0,
    0x3, 0xf0, 0x0, 0x3f, 0xfd, 0xdd, 0xff, 0xdd,
    0xd5, 0x0, 0x7c, 0x0, 0xd, 0xcf, 0x54, 0x6f,
    0x54, 0x4f, 0x50, 0xc, 0xda, 0xaa, 0x33, 0xf0,
    0x2, 0xf0, 0x0, 0xe5, 0x2, 0xfd, 0xbb, 0xf1,
    0x2f, 0x32, 0x4f, 0x32, 0x2e, 0x50, 0xaf, 0x90,
    0xf, 0x12, 0xff, 0xff, 0xff, 0xff, 0xf5, 0x2f,
    0xd9, 0x0, 0xf1, 0x2f, 0x0, 0x2f, 0x0, 0xe,
    0x50, 0x99, 0x90, 0xf, 0x13, 0xf0, 0x2, 0xf0,
    0x0, 0xe5, 0x0, 0x99, 0x0, 0xf1, 0x4f, 0x44,
    0x6f, 0x54, 0x4f, 0x50, 0x9, 0x90, 0xf, 0x17,
    0xfd, 0xde, 0xfe, 0xdd, 0xf5, 0x0, 0x9a, 0x23,
    0xf1, 0xaa, 0x0, 0x2f, 0x0, 0xe, 0x50, 0x9,
    0xff, 0xff, 0x2f, 0x50, 0x2, 0xf0, 0x0, 0xe5,
    0x0, 0x99, 0x0, 0x9, 0xe0, 0x0, 0x2f, 0x13,
    0x3f, 0x50, 0x4, 0x40, 0x2, 0xf4, 0x0, 0x1,
    0xa1, 0xff, 0xc1, 0x0, 0x0, 0x0, 0x0, 0x0,
    0x0, 0x0, 0x0, 0x0, 0x0,

    /* U+793A "示" */
    0x0, 0x3, 0x33, 0x33, 0x33, 0x33, 0x33, 0x33,
    0x30, 0x0, 0x0, 0xdf, 0xff, 0xff, 0xff, 0xff,
    0xff, 0xff, 0x20, 0x0, 0x1, 0x11, 0x11, 0x11,
    0x11, 0x11, 0x11, 0x10, 0x0, 0x0, 0x0, 0x0,
    0x0, 0x0, 0x0, 0x0, 0x0, 0x0, 0x0, 0x0,
    0x0, 0x0, 0x0, 0x0, 0x0, 0x0, 0x0, 0x0,
    0x35, 0x55, 0x55, 0x55, 0x55, 0x55, 0x55, 0x55,
    0x55, 0xa, 0xff, 0xff, 0xff, 0xff, 0xff, 0xff,
    0xff, 0xff, 0xe0, 0x0, 0x0, 0x0, 0x0, 0x9d,
    0x0, 0x0, 0x0, 0x0, 0x0, 0x0, 0x0, 0x0,
    0x9, 0xd0, 0x0, 0x0, 0x0, 0x0, 0x0, 0x4,
    0xb1, 0x0, 0x9d, 0x0, 0x9, 0x40, 0x0, 0x0,
    0x0, 0xcc, 0x0, 0x9, 0xd0, 0x0, 0xae, 0x0,
    0x0, 0x0, 0x4f, 0x40, 0x0, 0x9d, 0x0, 0x1,
    0xe9, 0x0, 0x0, 0xc, 0xc0, 0x0, 0x9, 0xd0,
    0x0, 0x6, 0xf4, 0x0, 0x8, 0xf3, 0x0, 0x0,
    0x9d, 0x0, 0x0, 0xc, 0xc0, 0x5, 0xf8, 0x0,
    0x0, 0x9, 0xd0, 0x0, 0x0, 0x4f, 0x40, 0xca,
    0x0, 0x0, 0x0, 0x9d, 0x0, 0x0, 0x0, 0xd7,
    0x0, 0x0, 0x0, 0x65, 0x5c, 0xc0, 0x0, 0x0,
    0x0, 0x0, 0x0, 0x0, 0xd, 0xff, 0xd5, 0x0,
    0x0, 0x0, 0x0,

    /* U+795E "神" */
    0x0, 0x0, 0x10, 0x0, 0x0, 0x0, 0x4, 0x0,
    0x0, 0x0, 0x0, 0x7e, 0x10, 0x0, 0x0, 0x2,
    0xf1, 0x0, 0x0, 0x0, 0x0, 0xbc, 0x0, 0x0,
    0x0, 0x2f, 0x10, 0x0, 0x0, 0x44, 0x45, 0x94,
    0x22, 0x77, 0x79, 0xf8, 0x77, 0x72, 0xe, 0xff,
    0xff, 0xfc, 0x5f, 0xaa, 0xbf, 0xba, 0xaf, 0x50,
    0x0, 0x0, 0x1e, 0x55, 0xe0, 0x2, 0xf1, 0x0,
    0xe5, 0x0, 0x0, 0x9, 0xd0, 0x5e, 0x0, 0x2f,
    0x10, 0xe, 0x50, 0x0, 0x4, 0xf3, 0x5, 0xf3,
    0x36, 0xf5, 0x33, 0xf5, 0x0, 0x2, 0xfa, 0x0,
    0x5f, 0xff, 0xff, 0xff, 0xff, 0x50, 0x2, 0xef,
    0xf5, 0x5, 0xe0, 0x2, 0xf1, 0x0, 0xe5, 0x4,
    0xec, 0xf6, 0xf6, 0x5e, 0x0, 0x2f, 0x10, 0xe,
    0x51, 0xf9, 0x1f, 0x26, 0xe5, 0xf3, 0x35, 0xf4,
    0x33, 0xf5, 0x4, 0x1, 0xf2, 0x1, 0x5f, 0xff,
    0xff, 0xff, 0xff, 0x50, 0x0, 0x1f, 0x20, 0x5,
    0xe0, 0x3, 0xf2, 0x0, 0xc5, 0x0, 0x1, 0xf2,
    0x0, 0x0, 0x0, 0x2f, 0x10, 0x0, 0x0, 0x0,
    0x1f, 0x20, 0x0, 0x0, 0x2, 0xf1, 0x0, 0x0,
    0x0, 0x1, 0xf2, 0x0, 0x0, 0x0, 0x2f, 0x10,
    0x0, 0x0, 0x0, 0x1f, 0x20, 0x0, 0x0, 0x2,
    0xf1, 0x0, 0x0, 0x0, 0x1, 0xf2, 0x0, 0x0,
    0x0, 0x2f, 0x10, 0x0, 0x0, 0x0, 0x0, 0x0,
    0x0, 0x0, 0x0, 0x0, 0x0, 0x0,

    /* U+79BB "离" */
    0x0, 0x0, 0x0, 0x0, 0xb5, 0x0, 0x0, 0x0,
    0x0, 0x0, 0x0, 0x0, 0x0, 0x9c, 0x0, 0x0,
    0x0, 0x0, 0x7f, 0xff, 0xff, 0xff, 0xff, 0xff,
    0xff, 0xff, 0xfe, 0x13, 0x33, 0x33, 0x33, 0x33,
    0x33, 0x33, 0x33, 0x33, 0x0, 0x4b, 0x3, 0xe6,
    0x0, 0x3d, 0x40, 0x78, 0x0, 0x0, 0x5f, 0x0,
    0x29, 0xd9, 0xd3, 0x0, 0x9b, 0x0, 0x0, 0x5f,
    0x0, 0x17, 0xeb, 0xd6, 0x0, 0x9b, 0x0, 0x0,
    0x5f, 0x8, 0xe8, 0x10, 0x2b, 0xc0, 0x9b, 0x0,
    0x0, 0x5f, 0x47, 0x54, 0x44, 0x44, 0x64, 0xbb,
    0x0, 0x0, 0x4d, 0xdd, 0xdd, 0xef, 0xdd, 0xdd,
    0xd9, 0x0, 0x0, 0x0, 0x0, 0x0, 0xd9, 0x0,
    0x0, 0x0, 0x0, 0x9, 0xff, 0xff, 0xff, 0xff,
    0xff, 0xff, 0xff, 0xf0, 0x9, 0xc3, 0x33, 0x5f,
    0x73, 0x36, 0x33, 0x37, 0xf0, 0x9, 0xa0, 0x0,
    0xbb, 0x0, 0x1f, 0x30, 0x4, 0xf0, 0x9, 0xa0,
    0x6, 0xf1, 0x1, 0x2a, 0xd0, 0x4, 0xf0, 0x9,
    0xa0, 0x3f, 0xed, 0xff, 0xfe, 0xe8, 0x4, 0xf0,
    0x9, 0xa0, 0xa, 0x75, 0x31, 0x0, 0x3a, 0x4,
    0xf0, 0x9, 0xa0, 0x0, 0x0, 0x0, 0x0, 0x1,
    0x16, 0xf0, 0x9, 0xa0, 0x0, 0x0, 0x0, 0x0,
    0xe, 0xfe, 0x80, 0x0, 0x0, 0x0, 0x0, 0x0,
    0x0, 0x0, 0x0, 0x0,

    /* U+79CD "种" */
    0x0, 0x0, 0x0, 0x0, 0x0, 0x0, 0x3, 0x10,
    0x0, 0x0, 0x0, 0x3, 0x7c, 0xc0, 0x0, 0x0,
    0xe6, 0x0, 0x0, 0x9, 0xdf, 0xfd, 0x72, 0x0,
    0x0, 0xe, 0x60, 0x0, 0x0, 0x43, 0x1c, 0x80,
    0x0, 0x0, 0x0, 0xe6, 0x0, 0x0, 0x0, 0x0,
    0xc8, 0x0, 0x16, 0x66, 0x6f, 0xa6, 0x66, 0x50,
    0x11, 0x1c, 0x91, 0x12, 0xfd, 0xcc, 0xfe, 0xcc,
    0xde, 0xf, 0xff, 0xff, 0xff, 0x4f, 0x10, 0xe,
    0x60, 0x5, 0xe0, 0x22, 0x4f, 0xa2, 0x22, 0xf1,
    0x0, 0xe6, 0x0, 0x5e, 0x0, 0x9, 0xff, 0x40,
    0x2f, 0x10, 0xe, 0x60, 0x5, 0xe0, 0x0, 0xfe,
    0xbe, 0x22, 0xf1, 0x0, 0xe6, 0x0, 0x5e, 0x0,
    0x7a, 0xc8, 0x8d, 0x3f, 0x43, 0x3f, 0x93, 0x38,
    0xe0, 0x1e, 0x3c, 0x80, 0xb3, 0xff, 0xff, 0xff,
    0xff, 0xfe, 0x9, 0xb0, 0xc8, 0x0, 0x2f, 0x20,
    0xe, 0x70, 0x6, 0xe4, 0xf3, 0xc, 0x80, 0x0,
    0x40, 0x0, 0xe6, 0x0, 0x2, 0x27, 0x0, 0xc8,
    0x0, 0x0, 0x0, 0xe, 0x60, 0x0, 0x0, 0x0,
    0xc, 0x80, 0x0, 0x0, 0x0, 0xe6, 0x0, 0x0,
    0x0, 0x0, 0xc8, 0x0, 0x0, 0x0, 0xe, 0x60,
    0x0, 0x0, 0x0, 0xc, 0x80, 0x0, 0x0, 0x0,
    0xe6, 0x0, 0x0, 0x0, 0x0, 0xc8, 0x0, 0x0,
    0x0, 0xe, 0x60, 0x0, 0x0,

    /* U+79D2 "秒" */
    0x0, 0x0, 0x0, 0x47, 0x0, 0x0, 0x4f, 0x0,
    0x0, 0x0, 0x1, 0x58, 0xbf, 0xfa, 0x10, 0x0,
    0x4f, 0x0, 0x0, 0x0, 0xa, 0xda, 0xdb, 0x0,
    0x0, 0x0, 0x4f, 0x0, 0x0, 0x0, 0x0, 0x0,
    0xaa, 0x0, 0x0, 0x70, 0x4f, 0x2, 0xa0, 0x0,
    0x0, 0x0, 0xaa, 0x0, 0x4, 0xf0, 0x4f, 0x0,
    0xf5, 0x0, 0x4, 0x44, 0xcc, 0x44, 0x27, 0xd0,
    0x4f, 0x0, 0x8d, 0x0, 0x1f, 0xff, 0xff, 0xff,
    0x7a, 0x90, 0x4f, 0x0, 0x1f, 0x40, 0x0, 0x1,
    0xfc, 0x0, 0xe, 0x50, 0x4f, 0x0, 0xb, 0xa0,
    0x0, 0x8, 0xff, 0x80, 0x4f, 0x10, 0x4f, 0x0,
    0x5, 0xc0, 0x0, 0xe, 0xdb, 0xe5, 0x6a, 0x0,
    0x4f, 0x0, 0x0, 0x0, 0x0, 0x5b, 0xaa, 0x4f,
    0x10, 0x0, 0x4f, 0x0, 0x8d, 0x0, 0x0, 0xd4,
    0xaa, 0x7, 0x0, 0x0, 0x4f, 0x1, 0xf7, 0x0,
    0x8, 0xd0, 0xaa, 0x0, 0x0, 0x0, 0x16, 0x8,
    0xe0, 0x0, 0x2f, 0x40, 0xaa, 0x0, 0x0, 0x0,
    0x0, 0x5f, 0x60, 0x0, 0x7, 0x0, 0xaa, 0x0,
    0x0, 0x0, 0x4, 0xf8, 0x0, 0x0, 0x0, 0x0,
    0xaa, 0x0, 0x0, 0x1, 0x9f, 0xa0, 0x0, 0x0,
    0x0, 0x0, 0xaa, 0x0, 0x1, 0x6e, 0xf6, 0x0,
    0x0, 0x0, 0x0, 0x0, 0xaa, 0x4, 0xbf, 0xfa,
    0x10, 0x0, 0x0, 0x0, 0x0, 0x0, 0xaa, 0x4,
    0xc7, 0x10, 0x0, 0x0, 0x0, 0x0,

    /* U+79FB "移" */
    0x0, 0x0, 0x3, 0x91, 0x0, 0x0, 0x7b, 0x0,
    0x0, 0x0, 0x2, 0x6a, 0xef, 0xb4, 0x0, 0x4,
    0xf5, 0x0, 0x0, 0x0, 0x8, 0xb8, 0xf5, 0x0,
    0x0, 0x4f, 0xff, 0xff, 0xfa, 0x0, 0x0, 0x0,
    0xe4, 0x0, 0x8, 0xf6, 0x22, 0x25, 0xf3, 0x0,
    0x0, 0x0, 0xe4, 0x1, 0xdd, 0x45, 0x0, 0x1d,
    0x80, 0x0, 0x0, 0x0, 0xf5, 0x0, 0x50, 0x4e,
    0xa3, 0xd9, 0x0, 0x0, 0xf, 0xff, 0xff, 0xfc,
    0x0, 0x2, 0xff, 0x60, 0x0, 0x0, 0x3, 0x37,
    0xf8, 0x32, 0x3, 0x8e, 0xa3, 0x71, 0x0, 0x0,
    0x0, 0xa, 0xfe, 0x11, 0xed, 0x82, 0xa, 0xc0,
    0x0, 0x0, 0x0, 0x1e, 0xfa, 0xc0, 0x10, 0x0,
    0x8f, 0xed, 0xdd, 0xc0, 0x0, 0x79, 0xe5, 0xc8,
    0x0, 0x9, 0xe5, 0x44, 0x4d, 0xa0, 0x0, 0xe3,
    0xe4, 0x32, 0x2, 0xcd, 0x10, 0x0, 0x4f, 0x40,
    0x7, 0xc0, 0xe4, 0x0, 0x9f, 0x94, 0x60, 0x0,
    0xdb, 0x0, 0x1f, 0x50, 0xe4, 0x0, 0x54, 0x5,
    0xf9, 0xb, 0xd1, 0x0, 0xa, 0x0, 0xe4, 0x0,
    0x0, 0x0, 0x3e, 0xee, 0x20, 0x0, 0x0, 0x0,
    0xe4, 0x0, 0x0, 0x0, 0x4d, 0xe2, 0x0, 0x0,
    0x0, 0x0, 0xe4, 0x0, 0x0, 0x3b, 0xfa, 0x10,
    0x0, 0x0, 0x0, 0x0, 0xe4, 0x3, 0x8d, 0xfc,
    0x30, 0x0, 0x0, 0x0, 0x0, 0x0, 0xe4, 0x6,
    0xd8, 0x20, 0x0, 0x0, 0x0, 0x0, 0x0, 0x0,
    0x0, 0x0, 0x0, 0x0, 0x0, 0x0, 0x0, 0x0,

    /* U+7A0D "稍" */
    0x0, 0x0, 0x2, 0x60, 0x0, 0x0, 0xb, 0x40,
    0x0, 0x0, 0x14, 0x8c, 0xfc, 0x12, 0xd1, 0x0,
    0xe5, 0x0, 0x9b, 0xa, 0xda, 0xf4, 0x0, 0xc,
    0xa0, 0xe, 0x50, 0x1f, 0x50, 0x0, 0xf, 0x30,
    0x0, 0x2f, 0x30, 0xe5, 0xb, 0xb0, 0x0, 0x0,
    0xf3, 0x0, 0x0, 0xb7, 0xe, 0x52, 0xe1, 0x0,
    0x0, 0xf, 0x30, 0x0, 0x1, 0x0, 0xe5, 0x1,
    0x0, 0xf, 0xff, 0xff, 0xfb, 0xf, 0xff, 0xff,
    0xff, 0xff, 0x50, 0x33, 0x8f, 0x63, 0x20, 0xf6,
    0x33, 0x33, 0x33, 0xf5, 0x0, 0xc, 0xfa, 0x0,
    0xf, 0x30, 0x0, 0x0, 0xe, 0x50, 0x2, 0xff,
    0xd7, 0x0, 0xf7, 0x44, 0x44, 0x44, 0xf5, 0x0,
    0x8a, 0xf5, 0xe3, 0xf, 0xed, 0xdd, 0xdd, 0xdf,
    0x50, 0x1f, 0x3f, 0x36, 0x40, 0xf3, 0x0, 0x0,
    0x0, 0xe5, 0x9, 0xc0, 0xf3, 0x0, 0xf, 0x30,
    0x0, 0x0, 0xe, 0x51, 0xf4, 0xf, 0x30, 0x0,
    0xff, 0xff, 0xff, 0xff, 0xf5, 0x5, 0x0, 0xf3,
    0x0, 0xf, 0x41, 0x11, 0x11, 0x1e, 0x50, 0x0,
    0xf, 0x30, 0x0, 0xf3, 0x0, 0x0, 0x0, 0xe5,
    0x0, 0x0, 0xf3, 0x0, 0xf, 0x30, 0x0, 0x0,
    0xe, 0x50, 0x0, 0xf, 0x30, 0x0, 0xf3, 0x0,
    0x4, 0x66, 0xf4, 0x0, 0x0, 0xf3, 0x0, 0xf,
    0x30, 0x0, 0x6d, 0xc8, 0x0,

    /* U+7A33 "稳" */
    0x0, 0x0, 0x0, 0x30, 0x0, 0x56, 0x0, 0x0,
    0x0, 0x0, 0x1, 0x59, 0xef, 0x30, 0x1f, 0x93,
    0x33, 0x20, 0x0, 0x7, 0xfe, 0xf7, 0x10, 0xb,
    0xfe, 0xee, 0xff, 0x20, 0x0, 0x1, 0xf, 0x30,
    0xa, 0xe2, 0x0, 0xb, 0x90, 0x0, 0x0, 0x0,
    0xf3, 0xa, 0xf6, 0x22, 0x27, 0xf3, 0x21, 0x0,
    0x0, 0xf, 0x30, 0x4a, 0xff, 0xff, 0xff, 0xff,
    0x50, 0xd, 0xee, 0xff, 0xe8, 0x0, 0x0, 0x0,
    0x0, 0xd5, 0x0, 0x66, 0xaf, 0x86, 0x30, 0x11,
    0x11, 0x11, 0x1e, 0x50, 0x0, 0xb, 0xfa, 0x0,
    0x2f, 0xff, 0xff, 0xff, 0xf5, 0x0, 0x1, 0xff,
    0xf6, 0x0, 0x0, 0x0, 0x0, 0xd, 0x50, 0x0,
    0x8c, 0xf7, 0xf2, 0x22, 0x22, 0x22, 0x22, 0xe5,
    0x0, 0x1f, 0x4f, 0x3b, 0x4b, 0xff, 0xff, 0xff,
    0xff, 0x50, 0xa, 0xc0, 0xf3, 0x0, 0x0, 0x1,
    0x91, 0x0, 0x0, 0x3, 0xf3, 0xf, 0x30, 0x2b,
    0x3f, 0x8, 0xd1, 0xb, 0x60, 0x5, 0x0, 0xf3,
    0x9, 0xa3, 0xf0, 0xa, 0x50, 0x5e, 0x0, 0x0,
    0xf, 0x31, 0xf3, 0x3f, 0x0, 0x0, 0xb4, 0xd7,
    0x0, 0x0, 0xf3, 0x8b, 0x2, 0xf3, 0x11, 0x3e,
    0x46, 0xc0, 0x0, 0xf, 0x30, 0x10, 0xc, 0xff,
    0xff, 0xc0, 0x0, 0x0, 0x0, 0xf3, 0x0, 0x0,
    0x0, 0x0, 0x0, 0x0, 0x0,

    /* U+7A7A "空" */
    0x0, 0x0, 0x0, 0x4, 0xb0, 0x0, 0x0, 0x0,
    0x0, 0x0, 0x0, 0x0, 0x3, 0xf6, 0x0, 0x0,
    0x0, 0x0, 0x14, 0x44, 0x44, 0x44, 0xde, 0x44,
    0x44, 0x44, 0x42, 0x6f, 0xff, 0xff, 0xff, 0xff,
    0xff, 0xff, 0xff, 0xf7, 0x6e, 0x0, 0x0, 0x0,
    0x0, 0x0, 0x0, 0x0, 0xe7, 0x6e, 0x0, 0x1,
    0x91, 0x0, 0x37, 0x0, 0x0, 0xe7, 0x6e, 0x0,
    0x3e, 0xb1, 0x0, 0x4d, 0xe7, 0x0, 0x94, 0x12,
    0x19, 0xf8, 0x0, 0x0, 0x0, 0x6e, 0xe5, 0x0,
    0x9, 0xfc, 0x30, 0x0, 0x0, 0x0, 0x0, 0x8f,
    0xc1, 0x9, 0x50, 0x0, 0x0, 0x0, 0x0, 0x0,
    0x2, 0x70, 0x0, 0x6f, 0xff, 0xff, 0xff, 0xff,
    0xff, 0xf7, 0x0, 0x0, 0x14, 0x44, 0x44, 0xf9,
    0x44, 0x44, 0x42, 0x0, 0x0, 0x0, 0x0, 0x0,
    0xe7, 0x0, 0x0, 0x0, 0x0, 0x0, 0x0, 0x0,
    0x0, 0xe7, 0x0, 0x0, 0x0, 0x0, 0x0, 0x0,
    0x0, 0x0, 0xe7, 0x0, 0x0, 0x0, 0x0, 0x0,
    0x0, 0x0, 0x0, 0xe7, 0x0, 0x0, 0x0, 0x0,
    0x14, 0x44, 0x44, 0x44, 0xfa, 0x44, 0x44, 0x44,
    0x42, 0x6f, 0xff, 0xff, 0xff, 0xff, 0xff, 0xff,
    0xff, 0xf7,

    /* U+7ACB "立" */
    0x0, 0x0, 0x0, 0x2, 0xb1, 0x0, 0x0, 0x0,
    0x0, 0x0, 0x0, 0x0, 0x1, 0xf6, 0x0, 0x0,
    0x0, 0x0, 0x0, 0x0, 0x0, 0x0, 0xbb, 0x0,
    0x0, 0x0, 0x0, 0x0, 0x0, 0x0, 0x0, 0x57,
    0x0, 0x0, 0x0, 0x0, 0xf, 0xff, 0xff, 0xff,
    0xff, 0xff, 0xff, 0xff, 0xf1, 0x5, 0x55, 0x55,
    0x55, 0x55, 0x55, 0x55, 0x55, 0x50, 0x0, 0x0,
    0x40, 0x0, 0x0, 0x0, 0x4, 0x10, 0x0, 0x0,
    0x1, 0xf5, 0x0, 0x0, 0x0, 0x5f, 0x30, 0x0,
    0x0, 0x0, 0xd9, 0x0, 0x0, 0x0, 0x9e, 0x0,
    0x0, 0x0, 0x0, 0x9d, 0x0, 0x0, 0x0, 0xd9,
    0x0, 0x0, 0x0, 0x0, 0x5f, 0x20, 0x0, 0x2,
    0xf5, 0x0, 0x0, 0x0, 0x0, 0x1f, 0x60, 0x0,
    0x6, 0xf0, 0x0, 0x0, 0x0, 0x0, 0xd, 0x90,
    0x0, 0xb, 0xb0, 0x0, 0x0, 0x0, 0x0, 0xa,
    0xc0, 0x0, 0x1f, 0x60, 0x0, 0x0, 0x0, 0x0,
    0x7, 0xf0, 0x0, 0x6f, 0x10, 0x0, 0x0, 0x0,
    0x0, 0x3, 0x60, 0x0, 0xca, 0x0, 0x0, 0x0,
    0x66, 0x66, 0x66, 0x66, 0x67, 0xfa, 0x66, 0x66,
    0x66, 0xde, 0xee, 0xee, 0xee, 0xee, 0xee, 0xee,
    0xee, 0xed,

    /* U+7AE0 "章" */
    0x0, 0x0, 0x0, 0x0, 0x0, 0x0, 0x0, 0x0,
    0x0, 0x0, 0x0, 0x0, 0x0, 0x0, 0x1e, 0x40,
    0x0, 0x0, 0x0, 0x0, 0x0, 0x1, 0x11, 0x11,
    0x1a, 0xd1, 0x11, 0x11, 0x10, 0x0, 0x0, 0xaf,
    0xff, 0xff, 0xff, 0xff, 0xff, 0xff, 0xfb, 0x0,
    0x0, 0x0, 0x5, 0xb0, 0x0, 0x0, 0xc, 0x60,
    0x0, 0x0, 0x0, 0x0, 0x1, 0xf6, 0x0, 0x0,
    0x7f, 0x10, 0x0, 0x0, 0xe, 0xee, 0xee, 0xff,
    0xee, 0xee, 0xff, 0xee, 0xee, 0xe0, 0x2, 0x22,
    0x22, 0x22, 0x22, 0x22, 0x22, 0x22, 0x22, 0x20,
    0x0, 0x8, 0xcc, 0xcc, 0xcc, 0xcc, 0xcc, 0xcc,
    0x80, 0x0, 0x0, 0xa, 0xb3, 0x33, 0x33, 0x33,
    0x33, 0x3b, 0xa0, 0x0, 0x0, 0xa, 0xa0, 0x0,
    0x0, 0x0, 0x0, 0xa, 0xa0, 0x0, 0x0, 0xa,
    0xfe, 0xee, 0xee, 0xee, 0xee, 0xef, 0xa0, 0x0,
    0x0, 0xa, 0xa0, 0x0, 0x0, 0x0, 0x0, 0xa,
    0xa0, 0x0, 0x0, 0xa, 0xec, 0xcc, 0xcc, 0xcc,
    0xcc, 0xce, 0xa0, 0x0, 0x0, 0x2, 0x33, 0x33,
    0x3c, 0xb3, 0x33, 0x33, 0x20, 0x0, 0x1, 0x11,
    0x11, 0x11, 0x1b, 0xa1, 0x11, 0x11, 0x11, 0x10,
    0xf, 0xff, 0xff, 0xff, 0xff, 0xff, 0xff, 0xff,
    0xff, 0xf0, 0x0, 0x0, 0x0, 0x0, 0xb, 0xa0,
    0x0, 0x0, 0x0, 0x0, 0x0, 0x0, 0x0, 0x0,
    0xb, 0xa0, 0x0, 0x0, 0x0, 0x0, 0x0, 0x0,
    0x0, 0x0, 0xb, 0xa0, 0x0, 0x0, 0x0, 0x0,

    /* U+7B2C "第" */
    0x0, 0x1, 0xb2, 0x0, 0x0, 0x5, 0xa0, 0x0,
    0x0, 0x0, 0x0, 0x8e, 0x0, 0x0, 0x0, 0xcb,
    0x0, 0x0, 0x0, 0x0, 0x1f, 0xff, 0xff, 0xff,
    0x2f, 0xff, 0xff, 0xff, 0xb0, 0xb, 0xc0, 0x8d,
    0x0, 0x1c, 0xb0, 0x3f, 0x50, 0x0, 0xa, 0xe2,
    0x1, 0xf3, 0x8, 0xf1, 0x0, 0x7e, 0x10, 0x0,
    0x84, 0x11, 0x16, 0x21, 0x46, 0x11, 0x11, 0x61,
    0x0, 0x0, 0x8f, 0xff, 0xff, 0xff, 0xff, 0xff,
    0xff, 0xf3, 0x0, 0x0, 0x0, 0x0, 0x0, 0xe6,
    0x0, 0x0, 0x2f, 0x30, 0x0, 0x0, 0x0, 0x0,
    0xe, 0x60, 0x0, 0x1, 0xf3, 0x0, 0x0, 0xdf,
    0xff, 0xff, 0xff, 0xff, 0xff, 0xff, 0x30, 0x0,
    0xf, 0x62, 0x22, 0x2e, 0x82, 0x22, 0x22, 0x20,
    0x0, 0x2, 0xf1, 0x0, 0x0, 0xe6, 0x0, 0x0,
    0x0, 0x0, 0x0, 0x5f, 0xff, 0xff, 0xff, 0xff,
    0xff, 0xff, 0xfc, 0x0, 0x1, 0x33, 0x33, 0x8f,
    0xf8, 0x33, 0x33, 0x3b, 0xa0, 0x0, 0x0, 0x0,
    0x5f, 0x5e, 0x60, 0x0, 0x0, 0xc9, 0x0, 0x0,
    0x0, 0x9f, 0x60, 0xe6, 0x0, 0x0, 0xf, 0x60,
    0x0, 0x4, 0xdf, 0x50, 0xe, 0x60, 0x25, 0x58,
    0xf2, 0x0, 0x4d, 0xfc, 0x20, 0x0, 0xe6, 0x1,
    0xdd, 0xd7, 0x0, 0x2, 0xd5, 0x0, 0x0, 0xe,
    0x60, 0x0, 0x0, 0x0, 0x0, 0x0, 0x0, 0x0,
    0x0, 0x0, 0x0, 0x0, 0x0, 0x0,

    /* U+7B49 "等" */
    0x0, 0x6, 0x90, 0x0, 0x0, 0x8, 0x70, 0x0,
    0x0, 0x0, 0x0, 0xe, 0x90, 0x0, 0x0, 0x2f,
    0x60, 0x0, 0x0, 0x0, 0x0, 0x8f, 0xff, 0xff,
    0xfc, 0xbf, 0xff, 0xff, 0xff, 0xd0, 0x5, 0xf7,
    0x3f, 0x41, 0x2b, 0xf4, 0x2b, 0xc2, 0x11, 0x10,
    0x1f, 0x90, 0xb, 0x80, 0x1e, 0x90, 0x1, 0xf5,
    0x0, 0x0, 0x2, 0x0, 0x1, 0x0, 0xb, 0xa0,
    0x0, 0x20, 0x0, 0x0, 0x0, 0xf, 0xff, 0xff,
    0xff, 0xff, 0xff, 0xff, 0xf2, 0x0, 0x0, 0x2,
    0x22, 0x22, 0x2c, 0xb2, 0x22, 0x22, 0x20, 0x0,
    0x0, 0x0, 0x0, 0x0, 0xb, 0xa0, 0x0, 0x0,
    0x0, 0x0, 0xe, 0xee, 0xee, 0xee, 0xef, 0xfe,
    0xee, 0xee, 0xee, 0xe1, 0x3, 0x33, 0x33, 0x33,
    0x33, 0x33, 0x3b, 0xc3, 0x33, 0x30, 0x0, 0x0,
    0x0, 0x0, 0x0, 0x0, 0x9, 0xb0, 0x0, 0x0,
    0x5, 0xdd, 0xdd, 0xdd, 0xdd, 0xdd, 0xdf, 0xfd,
    0xdd, 0x80, 0x1, 0x44, 0x4a, 0x44, 0x44, 0x44,
    0x4b, 0xd4, 0x44, 0x20, 0x0, 0x0, 0x3f, 0xa0,
    0x0, 0x0, 0x9, 0xb0, 0x0, 0x0, 0x0, 0x0,
    0x4, 0xfb, 0x0, 0x0, 0x9, 0xb0, 0x0, 0x0,
    0x0, 0x0, 0x0, 0x3f, 0x90, 0x0, 0x9, 0xb0,
    0x0, 0x0, 0x0, 0x0, 0x0, 0x6, 0x60, 0x33,
    0x4c, 0xb0, 0x0, 0x0, 0x0, 0x0, 0x0, 0x0,
    0x0, 0xbf, 0xfd, 0x40, 0x0, 0x0,

    /* U+7B80 "简" */
    0x0, 0x2, 0xa1, 0x0, 0x0, 0x7, 0x70, 0x0,
    0x0, 0x0, 0x0, 0xad, 0x0, 0x0, 0x0, 0xe7,
    0x0, 0x0, 0x0, 0x0, 0x2f, 0xff, 0xff, 0xf7,
    0x6f, 0xfe, 0xee, 0xee, 0x90, 0xc, 0xc3, 0x9f,
    0x32, 0x4f, 0x83, 0x7f, 0x73, 0x32, 0xa, 0xe1,
    0x0, 0xe5, 0xb, 0xb0, 0x0, 0x9e, 0x10, 0x0,
    0x53, 0x51, 0x3, 0x10, 0x1, 0x0, 0x1, 0x61,
    0x0, 0x0, 0xb, 0xc0, 0xd, 0xee, 0xee, 0xee,
    0xee, 0xed, 0x0, 0x0, 0xc, 0x70, 0x44, 0x44,
    0x44, 0x44, 0x49, 0xe0, 0x0, 0x83, 0x29, 0x0,
    0x0, 0x0, 0x0, 0x0, 0x6e, 0x0, 0xe, 0x50,
    0xe, 0xff, 0xff, 0xff, 0x50, 0x6, 0xe0, 0x0,
    0xe5, 0x0, 0xe5, 0x11, 0x11, 0xd5, 0x0, 0x6e,
    0x0, 0xe, 0x50, 0xe, 0x30, 0x0, 0xd, 0x50,
    0x6, 0xe0, 0x0, 0xe5, 0x0, 0xef, 0xff, 0xff,
    0xf5, 0x0, 0x6e, 0x0, 0xe, 0x50, 0xe, 0x40,
    0x0, 0xd, 0x50, 0x6, 0xe0, 0x0, 0xe5, 0x0,
    0xe3, 0x0, 0x0, 0xd5, 0x0, 0x6e, 0x0, 0xe,
    0x50, 0xe, 0xff, 0xff, 0xff, 0x50, 0x6, 0xe0,
    0x0, 0xe5, 0x0, 0x11, 0x11, 0x11, 0x12, 0x22,
    0x8d, 0x0, 0xe, 0x50, 0x0, 0x0, 0x0, 0x0,
    0x7f, 0xfe, 0x70, 0x0, 0xe5, 0x0, 0x0, 0x0,
    0x0, 0x0, 0x0, 0x0, 0x0,

    /* U+7CBE "精" */
    0x0, 0x1, 0x30, 0x0, 0x0, 0x0, 0x4, 0x10,
    0x0, 0x0, 0x3, 0x4, 0xe0, 0x23, 0x1, 0x11,
    0x1f, 0x51, 0x11, 0x10, 0xb, 0x44, 0xe0, 0x99,
    0x3f, 0xff, 0xff, 0xff, 0xff, 0xd0, 0x6, 0xa4,
    0xe0, 0xd3, 0x0, 0x0, 0xf, 0x40, 0x0, 0x0,
    0x1, 0xe4, 0xe3, 0xd0, 0xb, 0xff, 0xff, 0xff,
    0xff, 0x60, 0x0, 0xe6, 0xe8, 0x70, 0x0, 0x0,
    0xf, 0x50, 0x0, 0x0, 0x0, 0x4, 0xe0, 0x0,
    0x11, 0x11, 0x1f, 0x51, 0x11, 0x10, 0x2d, 0xde,
    0xfd, 0xd3, 0xdf, 0xff, 0xff, 0xff, 0xff, 0xf6,
    0x5, 0x5c, 0xf5, 0x51, 0x0, 0x0, 0x0, 0x0,
    0x0, 0x0, 0x0, 0xe, 0xf7, 0x0, 0x7, 0xff,
    0xff, 0xff, 0xff, 0x0, 0x0, 0x5f, 0xfe, 0x20,
    0x7, 0xc1, 0x11, 0x11, 0x4f, 0x0, 0x0, 0xbc,
    0xe7, 0xc0, 0x7, 0xc1, 0x11, 0x11, 0x4f, 0x0,
    0x2, 0xf6, 0xe0, 0xe6, 0x7, 0xfe, 0xee, 0xee,
    0xef, 0x0, 0xb, 0xb4, 0xe0, 0x30, 0x7, 0xc0,
    0x0, 0x0, 0x3f, 0x0, 0x3f, 0x34, 0xe0, 0x0,
    0x7, 0xff, 0xff, 0xff, 0xff, 0x0, 0x8, 0x4,
    0xe0, 0x0, 0x7, 0xc0, 0x0, 0x0, 0x4f, 0x0,
    0x0, 0x4, 0xe0, 0x0, 0x7, 0xc0, 0x0, 0x0,
    0x3f, 0x0, 0x0, 0x4, 0xe0, 0x0, 0x7, 0xc0,
    0x0, 0x11, 0x6f, 0x0, 0x0, 0x4, 0xe0, 0x0,
    0x7, 0xc0, 0x0, 0x5f, 0xe9, 0x0,

    /* U+7D22 "索" */
    0x0, 0x0, 0x0, 0x0, 0x7d, 0x0, 0x0, 0x0,
    0x0, 0x0, 0x0, 0x0, 0x0, 0x7e, 0x0, 0x0,
    0x0, 0x0, 0x3f, 0xff, 0xff, 0xff, 0xff, 0xff,
    0xff, 0xff, 0xfa, 0x3, 0x33, 0x33, 0x33, 0x9f,
    0x33, 0x33, 0x33, 0x32, 0x0, 0x0, 0x0, 0x0,
    0x7e, 0x0, 0x0, 0x0, 0x0, 0x6f, 0xff, 0xff,
    0xff, 0xff, 0xff, 0xff, 0xff, 0xfe, 0x6e, 0x33,
    0x33, 0x3a, 0xf4, 0x33, 0x33, 0x33, 0x8e, 0x6d,
    0x0, 0x1, 0xbc, 0x30, 0x1, 0x82, 0x0, 0x5e,
    0x4a, 0x1, 0x8e, 0x60, 0x1, 0x7f, 0xc3, 0x0,
    0x4b, 0x0, 0x2f, 0xfe, 0xee, 0xff, 0xd5, 0x2,
    0x0, 0x0, 0x0, 0x5, 0x32, 0x6d, 0xe7, 0x0,
    0x2f, 0x70, 0x0, 0x0, 0x1, 0x7e, 0xc5, 0x0,
    0x0, 0x4, 0xf9, 0x0, 0x4, 0xaf, 0xfd, 0xab,
    0xcd, 0xef, 0xff, 0xef, 0x90, 0x5, 0xa9, 0x87,
    0x64, 0x5f, 0x41, 0x0, 0x3, 0xf5, 0x0, 0x0,
    0x7b, 0x0, 0x2f, 0x20, 0x9a, 0x20, 0x10, 0x0,
    0x2c, 0xe3, 0x0, 0x2f, 0x20, 0x18, 0xfa, 0x10,
    0x2a, 0xf9, 0x10, 0x33, 0x5f, 0x20, 0x0, 0x1b,
    0xf6, 0x8, 0x20, 0x0, 0xef, 0xea, 0x0, 0x0,
    0x0, 0x53,

    /* U+7EBF "线" */
    0x0, 0x0, 0x0, 0x0, 0x0, 0x1, 0x40, 0x0,
    0x0, 0x0, 0x0, 0x0, 0x7d, 0x0, 0x0, 0x4,
    0xf1, 0x78, 0x10, 0x0, 0x0, 0x0, 0xe9, 0x0,
    0x0, 0x3, 0xf1, 0x2a, 0xe5, 0x0, 0x0, 0x5,
    0xf1, 0x0, 0x0, 0x3, 0xf1, 0x0, 0x43, 0x0,
    0x0, 0xc, 0x90, 0x0, 0x0, 0x2, 0xf4, 0x46,
    0x9b, 0x10, 0x0, 0x4f, 0x10, 0x88, 0x28, 0xbd,
    0xff, 0xec, 0xa7, 0x10, 0x0, 0xd6, 0x1, 0xf6,
    0x2b, 0x86, 0xf4, 0x0, 0x0, 0x0, 0xa, 0xf9,
    0xbd, 0xb0, 0x0, 0x0, 0xf5, 0x0, 0x0, 0x0,
    0xb, 0xb9, 0xbf, 0x20, 0x0, 0x0, 0xd7, 0x47,
    0xad, 0xb0, 0x0, 0x1, 0xe6, 0x0, 0x25, 0x8b,
    0xff, 0xfc, 0x95, 0x20, 0x0, 0xc, 0xa0, 0x0,
    0x9e, 0xb8, 0xbb, 0x0, 0x2, 0x20, 0x0, 0x9d,
    0x35, 0x87, 0x0, 0x0, 0x7d, 0x0, 0xd, 0x90,
    0x9, 0xff, 0xfd, 0x94, 0x0, 0x0, 0x4f, 0x0,
    0xbc, 0x0, 0x7, 0x84, 0x0, 0x0, 0x0, 0x0,
    0xf, 0x6c, 0xd1, 0x0, 0x0, 0x0, 0x0, 0x2,
    0x0, 0x0, 0xb, 0xfc, 0x10, 0x0, 0x0, 0x2,
    0x6a, 0xed, 0x0, 0x1, 0x9f, 0xf1, 0x0, 0x30,
    0x8, 0xdf, 0xd9, 0x40, 0x2, 0x8f, 0xd4, 0xe9,
    0x0, 0xe2, 0x7, 0x72, 0x0, 0x1, 0xbf, 0xd6,
    0x0, 0x5f, 0x96, 0xe0, 0x0, 0x0, 0x0, 0x0,
    0x74, 0x0, 0x0, 0x5, 0xdf, 0x60,

    /* U+7EC6 "细" */
    0x0, 0x0, 0x0, 0x0, 0x0, 0x0, 0x0, 0x0,
    0x0, 0x0, 0x0, 0x2, 0xd2, 0x0, 0x0, 0x0,
    0x0, 0x0, 0x0, 0x0, 0x0, 0xad, 0x0, 0x4e,
    0xee, 0xee, 0xee, 0xee, 0x50, 0x0, 0x2f, 0x50,
    0x4, 0xf6, 0x66, 0xf9, 0x66, 0xf5, 0x0, 0x9,
    0xd0, 0x0, 0x4f, 0x0, 0xf, 0x40, 0xe, 0x50,
    0x3, 0xf3, 0x0, 0x34, 0xf0, 0x0, 0xf4, 0x0,
    0xe5, 0x0, 0xc9, 0x0, 0x5f, 0x7f, 0x0, 0xf,
    0x40, 0xe, 0x50, 0x8e, 0x23, 0x5e, 0x84, 0xf0,
    0x0, 0xf4, 0x0, 0xe5, 0x2f, 0xff, 0xff, 0xc0,
    0x4f, 0x0, 0xf, 0x40, 0xe, 0x50, 0x63, 0x18,
    0xe1, 0x4, 0xf4, 0x44, 0xf7, 0x44, 0xf5, 0x0,
    0x5, 0xf3, 0x0, 0x4f, 0xff, 0xff, 0xff, 0xff,
    0x50, 0x4, 0xf4, 0x0, 0x4, 0xf0, 0x0, 0xf4,
    0x0, 0xe5, 0x5, 0xfc, 0x9b, 0xdf, 0x7f, 0x0,
    0xf, 0x40, 0xe, 0x50, 0xff, 0xca, 0x74, 0x24,
    0xf0, 0x0, 0xf4, 0x0, 0xe5, 0x2, 0x0, 0x0,
    0x0, 0x4f, 0x0, 0xf, 0x40, 0xe, 0x50, 0x0,
    0x0, 0x0, 0x25, 0xf0, 0x0, 0xf4, 0x0, 0xe5,
    0x2, 0x47, 0xad, 0xff, 0x7f, 0x44, 0x4f, 0x74,
    0x4f, 0x52, 0xff, 0xc9, 0x63, 0x4, 0xff, 0xff,
    0xff, 0xff, 0xf5, 0x2, 0x0, 0x0, 0x0, 0x4f,
    0x0, 0x0, 0x0, 0xc, 0x40,

    /* U+7ECA "绊" */
    0x0, 0x0, 0x20, 0x0, 0x0, 0x0, 0x14, 0x0,
    0x0, 0x0, 0x0, 0x0, 0xd8, 0x0, 0x1, 0x0,
    0x5f, 0x0, 0x5, 0x0, 0x0, 0x5, 0xf2, 0x0,
    0x4e, 0x10, 0x5f, 0x0, 0x6f, 0x10, 0x0, 0xc,
    0x90, 0x0, 0xd, 0x80, 0x5f, 0x0, 0xc9, 0x0,
    0x0, 0x4f, 0x20, 0x20, 0x5, 0xf0, 0x5f, 0x4,
    0xf1, 0x0, 0x0, 0xd7, 0x1, 0xe6, 0x0, 0xe4,
    0x5f, 0xb, 0x70, 0x0, 0x7, 0xd2, 0x3a, 0xd0,
    0x13, 0x43, 0x7f, 0x33, 0x33, 0x10, 0x3f, 0xff,
    0xff, 0x30, 0x7f, 0xff, 0xff, 0xff, 0xff, 0x60,
    0x6, 0x21, 0xe9, 0x0, 0x0, 0x0, 0x5f, 0x0,
    0x0, 0x0, 0x0, 0xa, 0xc0, 0x0, 0x0, 0x0,
    0x5f, 0x0, 0x0, 0x0, 0x0, 0x6e, 0x20, 0x0,
    0x0, 0x0, 0x5f, 0x0, 0x0, 0x0, 0x4, 0xfb,
    0x9c, 0xf6, 0x44, 0x44, 0x8f, 0x44, 0x44, 0x40,
    0x1f, 0xfd, 0x96, 0x32, 0xff, 0xff, 0xff, 0xff,
    0xff, 0xf2, 0x5, 0x10, 0x0, 0x0, 0x0, 0x0,
    0x5f, 0x0, 0x0, 0x0, 0x0, 0x0, 0x0, 0x12,
    0x0, 0x0, 0x5f, 0x0, 0x0, 0x0, 0x0, 0x15,
    0x9d, 0xfa, 0x0, 0x0, 0x5f, 0x0, 0x0, 0x0,
    0x1d, 0xff, 0xb7, 0x30, 0x0, 0x0, 0x5f, 0x0,
    0x0, 0x0, 0x7, 0x40, 0x0, 0x0, 0x0, 0x0,
    0x5f, 0x0, 0x0, 0x0, 0x0, 0x0, 0x0, 0x0,
    0x0, 0x0, 0x5f, 0x0, 0x0, 0x0,

    /* U+7ECF "经" */
    0x0, 0x0, 0x88, 0x0, 0x0, 0x0, 0x0, 0x0,
    0x0, 0x0, 0x0, 0x0, 0xf7, 0x0, 0x9e, 0xee,
    0xee, 0xee, 0xe5, 0x0, 0x0, 0x6, 0xf1, 0x0,
    0x35, 0x55, 0x55, 0x5c, 0xe1, 0x0, 0x0, 0xd,
    0x80, 0x0, 0x0, 0x0, 0x0, 0x6f, 0x60, 0x0,
    0x0, 0x6e, 0x10, 0x42, 0x0, 0x0, 0x5, 0xf8,
    0x0, 0x0, 0x0, 0xe6, 0x0, 0xe9, 0x0, 0x0,
    0x8f, 0x90, 0x0, 0x0, 0xa, 0xc2, 0x39, 0xe1,
    0x0, 0x2b, 0xff, 0xd6, 0x0, 0x0, 0x4f, 0xff,
    0xff, 0x50, 0x18, 0xfd, 0x31, 0x8f, 0xe6, 0x0,
    0x7, 0x32, 0xdb, 0x8, 0xfe, 0x70, 0x0, 0x1,
    0x9f, 0xd0, 0x0, 0x9, 0xd1, 0x5, 0x70, 0x0,
    0x0, 0x0, 0x2, 0x60, 0x0, 0x6f, 0x20, 0x0,
    0x36, 0x66, 0x66, 0x66, 0x66, 0x0, 0x6, 0xfb,
    0x9c, 0xf6, 0x6d, 0xdd, 0xef, 0xdd, 0xdd, 0x10,
    0x2f, 0xfd, 0x96, 0x30, 0x0, 0x0, 0x7d, 0x0,
    0x0, 0x0, 0x4, 0x0, 0x0, 0x0, 0x0, 0x0,
    0x7d, 0x0, 0x0, 0x0, 0x0, 0x0, 0x1, 0x53,
    0x0, 0x0, 0x7d, 0x0, 0x0, 0x0, 0x3, 0x6a,
    0xdf, 0xd5, 0x0, 0x0, 0x7d, 0x0, 0x0, 0x0,
    0x3f, 0xd9, 0x51, 0x2, 0x44, 0x44, 0x9e, 0x44,
    0x44, 0x40, 0x1, 0x0, 0x0, 0xb, 0xff, 0xff,
    0xff, 0xff, 0xff, 0xf1,

    /* U+7EE7 "继" */
    0x0, 0x0, 0xc3, 0x0, 0x10, 0x0, 0x2, 0xb0,
    0x0, 0x0, 0x0, 0x5f, 0x10, 0xd, 0x52, 0x30,
    0x3e, 0x0, 0x50, 0x0, 0xb, 0xa0, 0x0, 0xd5,
    0x5b, 0x3, 0xe0, 0x1f, 0x10, 0x1, 0xf4, 0x0,
    0xd, 0x50, 0xf1, 0x3e, 0x7, 0xa0, 0x0, 0x9c,
    0x0, 0x40, 0xd5, 0xb, 0x53, 0xe0, 0xd3, 0x0,
    0x1f, 0x30, 0x3f, 0x3d, 0x50, 0x56, 0x3e, 0x19,
    0x0, 0xa, 0xb0, 0x1c, 0x90, 0xd6, 0x33, 0x36,
    0xf3, 0x33, 0x24, 0xff, 0xff, 0xe0, 0xd, 0x6f,
    0xff, 0xff, 0xff, 0xfa, 0x17, 0x43, 0xf4, 0x0,
    0xd5, 0x0, 0xe, 0xf7, 0x0, 0x0, 0x0, 0xc8,
    0x0, 0xd, 0x50, 0x8, 0xdf, 0xd5, 0x0, 0x0,
    0x9c, 0x0, 0x20, 0xd5, 0x2, 0xe4, 0xe2, 0xe3,
    0x0, 0x8f, 0xbc, 0xff, 0x2d, 0x50, 0xc7, 0x3e,
    0x5, 0xe1, 0x2f, 0xc9, 0x52, 0x0, 0xd5, 0xbb,
    0x3, 0xe0, 0xa, 0x40, 0x10, 0x0, 0x0, 0xd,
    0x56, 0x0, 0x3e, 0x0, 0x0, 0x0, 0x0, 0x14,
    0x84, 0xd5, 0x0, 0x3, 0xe0, 0x0, 0x1, 0x6a,
    0xdf, 0xd9, 0x3d, 0x50, 0x0, 0x3, 0x0, 0x0,
    0x3d, 0x95, 0x10, 0x0, 0xdf, 0xff, 0xff, 0xff,
    0xff, 0xd0, 0x0, 0x0, 0x0, 0x3, 0x44, 0x44,
    0x44, 0x44, 0x43,

    /* U+7EED "续" */
    0x0, 0x0, 0x48, 0x0, 0x0, 0x0, 0x6d, 0x0,
    0x0, 0x0, 0x0, 0x0, 0xba, 0x0, 0x0, 0x0,
    0x6e, 0x0, 0x0, 0x0, 0x0, 0x2, 0xf2, 0x0,
    0x1f, 0xff, 0xff, 0xff, 0xfc, 0x0, 0x0, 0x9,
    0xb0, 0x0, 0x3, 0x33, 0x8e, 0x33, 0x32, 0x0,
    0x0, 0x1f, 0x30, 0x51, 0x0, 0x0, 0x6e, 0x0,
    0x0, 0x0, 0x0, 0xa9, 0x2, 0xf3, 0xcf, 0xff,
    0xff, 0xff, 0xff, 0xa0, 0x4, 0xf2, 0x3a, 0xa0,
    0x23, 0x33, 0x33, 0x33, 0x3e, 0x60, 0xe, 0xff,
    0xff, 0x10, 0x1, 0x91, 0xa, 0x50, 0x3f, 0x10,
    0x4, 0x31, 0xd7, 0x0, 0x0, 0x7e, 0x3c, 0x60,
    0x79, 0x0, 0x0, 0x8, 0xc0, 0x0, 0x79, 0x4,
    0x6d, 0x60, 0x0, 0x0, 0x0, 0x4e, 0x22, 0x61,
    0x9, 0xd2, 0xe, 0x50, 0x0, 0x0, 0x2, 0xee,
    0xef, 0xb1, 0x0, 0x61, 0xf, 0x40, 0x0, 0x0,
    0xc, 0xd9, 0x40, 0x4, 0xff, 0xff, 0xff, 0xff,
    0xff, 0xe0, 0x1, 0x0, 0x0, 0x1, 0x33, 0x33,
    0xcc, 0x33, 0x33, 0x30, 0x0, 0x0, 0x4a, 0xf3,
    0x0, 0x4, 0xf4, 0xa5, 0x0, 0x0, 0x3, 0x9e,
    0xe9, 0x30, 0x0, 0x4f, 0x80, 0x4e, 0xa0, 0x0,
    0xc, 0xb5, 0x0, 0x0, 0x8, 0xf8, 0x0, 0x1,
    0xcc, 0x10, 0x0, 0x0, 0x0, 0x4, 0xed, 0x40,
    0x0, 0x0, 0xb, 0xd0, 0x0, 0x0, 0x0, 0x0,
    0x60, 0x0, 0x0, 0x0, 0x0, 0x50,

    /* U+7F6E "置" */
    0x8, 0xff, 0xff, 0xff, 0xff, 0xff, 0xff, 0xff,
    0xe0, 0x8, 0xb0, 0x0, 0xe4, 0x0, 0x3f, 0x0,
    0x6, 0xe0, 0x8, 0xb0, 0x0, 0xf5, 0x0, 0x4f,
    0x10, 0x7, 0xe0, 0x8, 0xff, 0xff, 0xff, 0xff,
    0xff, 0xff, 0xff, 0xd0, 0x0, 0x0, 0x0, 0x0,
    0xe7, 0x0, 0x0, 0x0, 0x0, 0x8f, 0xff, 0xff,
    0xff, 0xff, 0xff, 0xff, 0xff, 0xf7, 0x11, 0x11,
    0x11, 0x15, 0xf2, 0x11, 0x11, 0x11, 0x10, 0x0,
    0xc, 0xcc, 0xcd, 0xfc, 0xcc, 0xcc, 0xc1, 0x0,
    0x0, 0xf, 0x52, 0x22, 0x22, 0x22, 0x25, 0xf1,
    0x0, 0x0, 0xf, 0x52, 0x22, 0x22, 0x22, 0x25,
    0xf1, 0x0, 0x0, 0xf, 0xba, 0xaa, 0xaa, 0xaa,
    0xab, 0xf1, 0x0, 0x0, 0xf, 0x51, 0x11, 0x11,
    0x11, 0x14, 0xf1, 0x0, 0x0, 0xf, 0xcb, 0xbb,
    0xbb, 0xbb, 0xbc, 0xf1, 0x0, 0x0, 0xf, 0x30,
    0x0, 0x0, 0x0, 0x2, 0xf1, 0x0, 0x0, 0xf,
    0xed, 0xdd, 0xdd, 0xdd, 0xdd, 0xf1, 0x0, 0x0,
    0x1f, 0x30, 0x0, 0x0, 0x0, 0x3, 0xf2, 0x0,
    0xcf, 0xff, 0xff, 0xff, 0xff, 0xff, 0xff, 0xff,
    0xfe,

    /* U+7F81 "羁" */
    0x0, 0xff, 0xff, 0xff, 0xff, 0xff, 0xff, 0xff,
    0xfe, 0x0, 0xf, 0x50, 0x2, 0xf0, 0x0, 0x4e,
    0x0, 0x5, 0xe0, 0x0, 0xf6, 0x11, 0x3f, 0x21,
    0x15, 0xf1, 0x11, 0x6e, 0x0, 0xe, 0xfe, 0xee,
    0xfe, 0xee, 0xee, 0xee, 0xee, 0xd0, 0x0, 0x1f,
    0x0, 0x2f, 0x0, 0x0, 0x0, 0x0, 0x0, 0x0,
    0x9b, 0xfa, 0xab, 0xfa, 0x78, 0xff, 0xff, 0xff,
    0x40, 0x4, 0x5f, 0x44, 0x6f, 0x43, 0x0, 0x0,
    0x2, 0xf1, 0x0, 0x1, 0xfc, 0xcd, 0xf0, 0x0,
    0xd5, 0x0, 0x5e, 0x0, 0x0, 0x2, 0x5f, 0x22,
    0x0, 0xf, 0x20, 0x8, 0xa0, 0x0, 0x39, 0x9b,
    0xf9, 0x99, 0x24, 0xf1, 0x11, 0xc8, 0x10, 0x5,
    0xd6, 0x8f, 0x66, 0xe3, 0x7f, 0xff, 0xff, 0xff,
    0x80, 0x5c, 0x3, 0xf0, 0xd, 0x30, 0x0, 0x0,
    0x0, 0xb7, 0x5, 0xff, 0xff, 0xff, 0xf3, 0x0,
    0x0, 0x0, 0xd, 0x50, 0x0, 0x3, 0xf0, 0x0,
    0x2d, 0xdd, 0xdd, 0xd0, 0xf4, 0x2f, 0xff, 0xff,
    0xff, 0xf7, 0x0, 0x0, 0x0, 0x1f, 0x10, 0x11,
    0x14, 0xf1, 0x11, 0x0, 0x0, 0x0, 0x4, 0xe0,
    0x0, 0x0, 0x3f, 0x0, 0x0, 0x0, 0x2, 0x12,
    0xba, 0x0, 0x0, 0x3, 0xf0, 0x0, 0x0, 0x0,
    0x7f, 0xfd, 0x20,

    /* U+7FFB "翻" */
    0x0, 0x1, 0x24, 0x69, 0xc2, 0x0, 0x0, 0x0,
    0x0, 0x0, 0xaf, 0xed, 0xfb, 0x75, 0x1c, 0xff,
    0xfb, 0xff, 0xf5, 0x0, 0x71, 0xe, 0x31, 0xc0,
    0x11, 0x1f, 0x32, 0x2d, 0x50, 0x9, 0x70, 0xe3,
    0x7a, 0x0, 0x0, 0xf2, 0x0, 0xc5, 0x0, 0x4a,
    0xe, 0x3d, 0x30, 0x52, 0xf, 0x55, 0xc, 0x50,
    0xff, 0xff, 0xff, 0xff, 0xa6, 0x90, 0xf5, 0xd0,
    0xc5, 0x1, 0x11, 0xcf, 0xd3, 0x11, 0x1e, 0xf,
    0x2c, 0x4c, 0x50, 0x0, 0x8c, 0xf9, 0xe5, 0x0,
    0xc4, 0xf2, 0x79, 0xc5, 0x0, 0x7e, 0x2e, 0x34,
    0xf8, 0x6, 0x4f, 0x22, 0x6c, 0x50, 0xaf, 0x30,
    0xe3, 0x3, 0x80, 0x0, 0xf2, 0x0, 0xd5, 0xe,
    0x63, 0x39, 0x43, 0x31, 0x0, 0x9f, 0x20, 0x6f,
    0x50, 0x4f, 0xdd, 0xfe, 0xdf, 0x50, 0x9e, 0xf2,
    0x6f, 0xe5, 0x4, 0xc0, 0xd, 0x20, 0xb6, 0x9d,
    0x1f, 0x8e, 0x3c, 0x50, 0x4f, 0xcc, 0xfd, 0xcf,
    0x68, 0x10, 0xf5, 0x20, 0xc5, 0x4, 0xd3, 0x3e,
    0x53, 0xc5, 0x0, 0xf, 0x20, 0xc, 0x50, 0x4c,
    0x0, 0xd2, 0xb, 0x50, 0x0, 0xf2, 0x0, 0xc5,
    0x4, 0xfe, 0xef, 0xfe, 0xf5, 0x0, 0xf, 0x20,
    0xc, 0x50, 0x4d, 0x22, 0x22, 0x2c, 0x50, 0x34,
    0xf1, 0x34, 0xe4, 0x4, 0xc0, 0x0, 0x0, 0x84,
    0xb, 0xd9, 0x9, 0xeb, 0x10,

    /* U+8001 "老" */
    0x0, 0x0, 0x0, 0x0, 0xd4, 0x0, 0x0, 0x0,
    0x0, 0x0, 0x0, 0x0, 0x0, 0xf, 0x50, 0x0,
    0x0, 0x9, 0xa0, 0x0, 0x0, 0x0, 0x0, 0xf5,
    0x0, 0x0, 0x6, 0xf4, 0x0, 0x3, 0xff, 0xff,
    0xff, 0xff, 0xff, 0xfa, 0xf7, 0x0, 0x0, 0x4,
    0x44, 0x44, 0xf8, 0x44, 0x48, 0xf9, 0x0, 0x0,
    0x0, 0x0, 0x0, 0xf, 0x50, 0x5, 0xf8, 0x0,
    0x0, 0x0, 0x0, 0x0, 0x0, 0xf5, 0x7, 0xf8,
    0x0, 0x0, 0x0, 0xef, 0xff, 0xff, 0xff, 0xff,
    0xff, 0xff, 0xff, 0xfe, 0x4, 0x44, 0x44, 0x44,
    0x9f, 0xd5, 0x44, 0x44, 0x44, 0x40, 0x0, 0x0,
    0x2, 0xbf, 0x90, 0x0, 0x0, 0x0, 0x0, 0x0,
    0x0, 0x8, 0xff, 0x40, 0x0, 0x0, 0x56, 0x0,
    0x0, 0x2, 0x9f, 0xec, 0xd0, 0x0, 0x38, 0xef,
    0xa1, 0x0, 0x1b, 0xfd, 0x60, 0x8e, 0x49, 0xef,
    0xb6, 0x10, 0x0, 0x0, 0x75, 0x0, 0x8, 0xfd,
    0x94, 0x0, 0x0, 0x0, 0x0, 0x0, 0x0, 0x0,
    0x8d, 0x0, 0x0, 0x0, 0x0, 0x1c, 0x10, 0x0,
    0x0, 0x8, 0xd0, 0x0, 0x0, 0x0, 0x3, 0xf1,
    0x0, 0x0, 0x0, 0x6f, 0x63, 0x33, 0x33, 0x34,
    0xbd, 0x0, 0x0, 0x0, 0x1, 0xbe, 0xff, 0xff,
    0xff, 0xfd, 0x40,

    /* U+8005 "者" */
    0x0, 0x0, 0x0, 0x0, 0xb4, 0x0, 0x0, 0x0,
    0x0, 0x0, 0x0, 0x0, 0x0, 0xe, 0x60, 0x0,
    0x0, 0xa, 0x90, 0x0, 0x2, 0x22, 0x22, 0xf8,
    0x22, 0x22, 0x18, 0xf3, 0x0, 0x2, 0xff, 0xff,
    0xff, 0xff, 0xff, 0xfd, 0xf4, 0x0, 0x0, 0x0,
    0x0, 0x0, 0xe6, 0x0, 0x7, 0xf5, 0x0, 0x0,
    0x0, 0x0, 0x0, 0xe, 0x60, 0xa, 0xf4, 0x0,
    0x0, 0x3, 0x44, 0x44, 0x44, 0xf8, 0x4c, 0xf7,
    0x44, 0x44, 0x30, 0xef, 0xff, 0xff, 0xff, 0xff,
    0xff, 0xff, 0xff, 0xfd, 0x0, 0x0, 0x0, 0x2,
    0xbf, 0x60, 0x0, 0x0, 0x0, 0x0, 0x0, 0x0,
    0x1a, 0xfa, 0x10, 0x0, 0x0, 0x0, 0x0, 0x0,
    0x3, 0x9f, 0xff, 0xff, 0xff, 0xff, 0xff, 0x60,
    0x0, 0x6d, 0xfb, 0xdb, 0x22, 0x22, 0x22, 0x22,
    0xf6, 0x0, 0xb, 0x92, 0xa, 0xa0, 0x0, 0x0,
    0x0, 0xf, 0x60, 0x0, 0x0, 0x0, 0xaf, 0xdd,
    0xdd, 0xdd, 0xdd, 0xf6, 0x0, 0x0, 0x0, 0xa,
    0xb4, 0x44, 0x44, 0x44, 0x4f, 0x60, 0x0, 0x0,
    0x0, 0xaa, 0x0, 0x0, 0x0, 0x0, 0xf6, 0x0,
    0x0, 0x0, 0xa, 0xb3, 0x33, 0x33, 0x33, 0x3f,
    0x60, 0x0, 0x0, 0x0, 0xaf, 0xff, 0xff, 0xff,
    0xff, 0xf6, 0x0, 0x0, 0x0, 0xa, 0xa0, 0x0,
    0x0, 0x0, 0xe, 0x50, 0x0,

    /* U+8017 "耗" */
    0x0, 0x0, 0x23, 0x0, 0x0, 0x0, 0x0, 0x0,
    0x20, 0x0, 0x0, 0x0, 0x8b, 0x0, 0x0, 0x0,
    0x0, 0x29, 0xf7, 0x0, 0x4, 0x55, 0xbc, 0x55,
    0x20, 0x1, 0x5b, 0xfb, 0x40, 0x0, 0x9, 0xcc,
    0xef, 0xcc, 0x56, 0xbf, 0xff, 0x20, 0x0, 0x0,
    0x0, 0x0, 0x8b, 0x0, 0x8, 0x62, 0x5e, 0x0,
    0x0, 0x0, 0x1, 0x33, 0xac, 0x33, 0x0, 0x0,
    0x5e, 0x0, 0x0, 0x0, 0x5, 0xff, 0xff, 0xff,
    0x10, 0x0, 0x7f, 0x8a, 0xdf, 0x50, 0x0, 0x0,
    0x8b, 0x0, 0x9, 0xef, 0xff, 0xa8, 0x53, 0x0,
    0x0, 0x0, 0x8b, 0x0, 0x4, 0x42, 0x6e, 0x0,
    0x0, 0x0, 0xf, 0xff, 0xff, 0xff, 0xd0, 0x0,
    0x5e, 0x0, 0x0, 0x0, 0x3, 0x36, 0xff, 0x63,
    0x30, 0x0, 0x5e, 0x24, 0x79, 0xb1, 0x0, 0xc,
    0xff, 0xe2, 0x16, 0x9b, 0xef, 0xfe, 0xb9, 0x71,
    0x0, 0x6d, 0x9b, 0x9d, 0x2c, 0xa7, 0x9e, 0x0,
    0x0, 0x0, 0x3, 0xf4, 0x8b, 0xd, 0x70, 0x0,
    0x5e, 0x0, 0x0, 0x0, 0x1e, 0x80, 0x8b, 0x2,
    0x0, 0x0, 0x5e, 0x0, 0x0, 0xb2, 0x8, 0x0,
    0x8b, 0x0, 0x0, 0x0, 0x5e, 0x0, 0x0, 0xf3,
    0x0, 0x0, 0x8b, 0x0, 0x0, 0x0, 0x5f, 0x32,
    0x24, 0xf0, 0x0, 0x0, 0x8b, 0x0, 0x0, 0x0,
    0xc, 0xff, 0xff, 0x80, 0x0, 0x0, 0x8b, 0x0,
    0x0, 0x0, 0x0, 0x0, 0x0, 0x0,

    /* U+80A9 "肩" */
    0x0, 0x0, 0x0, 0x0, 0x0, 0x0, 0x0, 0x0,
    0x0, 0x0, 0x0, 0x0, 0x0, 0x1e, 0x40, 0x0,
    0x0, 0x0, 0x0, 0x0, 0x0, 0x0, 0x8, 0xe1,
    0x0, 0x0, 0x0, 0x0, 0xf, 0xff, 0xff, 0xff,
    0xff, 0xff, 0xff, 0xf0, 0x0, 0xf, 0x73, 0x33,
    0x33, 0x33, 0x33, 0x36, 0xf0, 0x0, 0xf, 0x40,
    0x0, 0x0, 0x0, 0x0, 0x3, 0xf0, 0x0, 0xf,
    0x73, 0x33, 0x33, 0x33, 0x33, 0x36, 0xf0, 0x0,
    0xf, 0xff, 0xff, 0xff, 0xff, 0xff, 0xff, 0xf0,
    0x0, 0xf, 0x40, 0x0, 0x0, 0x0, 0x0, 0x0,
    0x0, 0x0, 0x1f, 0x46, 0xff, 0xff, 0xff, 0xff,
    0xff, 0xf6, 0x0, 0x1f, 0x36, 0xf1, 0x11, 0x11,
    0x11, 0x11, 0xe7, 0x0, 0x3f, 0x16, 0xe0, 0x0,
    0x0, 0x0, 0x0, 0xd7, 0x0, 0x5f, 0x6, 0xff,
    0xff, 0xff, 0xff, 0xff, 0xf7, 0x0, 0x8d, 0x6,
    0xe0, 0x0, 0x0, 0x0, 0x0, 0xd7, 0x0, 0xba,
    0x6, 0xe0, 0x0, 0x0, 0x0, 0x0, 0xd7, 0x0,
    0xf6, 0x6, 0xff, 0xff, 0xff, 0xff, 0xff, 0xf7,
    0x5, 0xf2, 0x6, 0xf0, 0x0, 0x0, 0x0, 0x0,
    0xe7, 0xd, 0xb0, 0x6, 0xe0, 0x0, 0x0, 0x0,
    0x0, 0xd7, 0x2e, 0x30, 0x6, 0xe0, 0x0, 0x0,
    0x3, 0x44, 0xf6, 0x1, 0x0, 0x6, 0xe0, 0x0,
    0x0, 0x8, 0xdd, 0xa1,

    /* U+80CC "背" */
    0x0, 0x0, 0x3, 0xc0, 0x0, 0xb4, 0x0, 0x0,
    0x0, 0x0, 0x0, 0x4, 0xf0, 0x0, 0xe6, 0x0,
    0x39, 0x60, 0x6f, 0xff, 0xff, 0xf0, 0x0, 0xe8,
    0x8d, 0xfa, 0x40, 0x1, 0x11, 0x16, 0xf0, 0x0,
    0xee, 0x95, 0x0, 0x0, 0x0, 0x0, 0x5, 0xf0,
    0x0, 0xe6, 0x0, 0x0, 0x23, 0x36, 0x8b, 0xdf,
    0xf0, 0x0, 0xe7, 0x0, 0x0, 0x8c, 0xbb, 0x85,
    0x25, 0xf0, 0x0, 0xaf, 0xee, 0xee, 0xf6, 0x0,
    0x0, 0x1, 0x60, 0x0, 0x2, 0x33, 0x33, 0x20,
    0x0, 0xe, 0xee, 0xee, 0xee, 0xee, 0xee, 0xe2,
    0x0, 0x0, 0xf, 0x71, 0x11, 0x11, 0x11, 0x14,
    0xf2, 0x0, 0x0, 0xf, 0x50, 0x0, 0x0, 0x0,
    0x3, 0xf2, 0x0, 0x0, 0xf, 0xff, 0xff, 0xff,
    0xff, 0xff, 0xf2, 0x0, 0x0, 0xf, 0x61, 0x11,
    0x11, 0x11, 0x14, 0xf2, 0x0, 0x0, 0xf, 0x50,
    0x0, 0x0, 0x0, 0x3, 0xf2, 0x0, 0x0, 0xf,
    0xff, 0xff, 0xff, 0xff, 0xff, 0xf2, 0x0, 0x0,
    0xf, 0x60, 0x0, 0x0, 0x0, 0x4, 0xf2, 0x0,
    0x0, 0xf, 0x50, 0x0, 0x0, 0x0, 0x3, 0xf2,
    0x0, 0x0, 0xf, 0x50, 0x0, 0x0, 0x2, 0x25,
    0xf1, 0x0, 0x0, 0xf, 0x50, 0x0, 0x0, 0x1f,
    0xfe, 0xa0, 0x0, 0x0, 0x0, 0x0, 0x0, 0x0,
    0x0, 0x0, 0x0, 0x0,

    /* U+80D6 "胖" */
    0x0, 0x0, 0x0, 0x0, 0x0, 0x0, 0x23, 0x0,
    0x0, 0x0, 0xd, 0xff, 0xff, 0x54, 0x50, 0x8,
    0xc0, 0x5, 0xa0, 0x0, 0xe8, 0x44, 0xf5, 0x6e,
    0x0, 0x8c, 0x0, 0xba, 0x0, 0xe, 0x50, 0xe,
    0x50, 0xe7, 0x8, 0xc0, 0x2f, 0x30, 0x0, 0xe5,
    0x0, 0xe5, 0x8, 0xd0, 0x8c, 0x9, 0xb0, 0x0,
    0xe, 0x72, 0x2e, 0x50, 0x2e, 0x18, 0xc0, 0xd3,
    0x0, 0x0, 0xef, 0xff, 0xf5, 0x23, 0x33, 0xad,
    0x33, 0x33, 0x0, 0xe, 0x50, 0xe, 0x5b, 0xff,
    0xff, 0xff, 0xff, 0xf3, 0x0, 0xe5, 0x0, 0xe5,
    0x0, 0x0, 0x9c, 0x0, 0x0, 0x0, 0xe, 0x50,
    0xe, 0x50, 0x0, 0x8, 0xc0, 0x0, 0x0, 0x0,
    0xf7, 0x33, 0xf5, 0x0, 0x0, 0x8c, 0x0, 0x0,
    0x0, 0xf, 0xff, 0xff, 0x74, 0x44, 0x4b, 0xd4,
    0x44, 0x44, 0x1, 0xf2, 0x0, 0xea, 0xff, 0xff,
    0xff, 0xff, 0xff, 0xe0, 0x2f, 0x0, 0xe, 0x50,
    0x0, 0x8, 0xc0, 0x0, 0x0, 0x5, 0xe0, 0x0,
    0xe5, 0x0, 0x0, 0x8c, 0x0, 0x0, 0x0, 0x7c,
    0x0, 0xe, 0x50, 0x0, 0x8, 0xc0, 0x0, 0x0,
    0xb, 0x80, 0x0, 0xe5, 0x0, 0x0, 0x8c, 0x0,
    0x0, 0x1, 0xf3, 0x3, 0x3f, 0x50, 0x0, 0x8,
    0xc0, 0x0, 0x0, 0x2c, 0x0, 0xcf, 0xc1, 0x0,
    0x0, 0x8c, 0x0, 0x0, 0x0, 0x0, 0x0, 0x0,
    0x0, 0x0, 0x0, 0x0, 0x0, 0x0,

    /* U+80FD "能" */
    0x0, 0xa, 0x40, 0x0, 0x0, 0xb4, 0x0, 0x0,
    0x0, 0x0, 0x7, 0xf2, 0x35, 0x0, 0xf, 0x50,
    0x0, 0x11, 0x0, 0x1, 0xe7, 0x3, 0xf3, 0x0,
    0xf5, 0x3, 0x9f, 0xb0, 0x0, 0xbb, 0x0, 0x8,
    0xd0, 0xf, 0xbd, 0xe9, 0x40, 0x0, 0x9f, 0xcd,
    0xee, 0xff, 0x60, 0xfa, 0x30, 0x0, 0x0, 0x4,
    0x86, 0x43, 0x21, 0x7b, 0xf, 0x50, 0x0, 0x2,
    0x80, 0x0, 0x0, 0x0, 0x0, 0x0, 0xf5, 0x0,
    0x0, 0x4f, 0x0, 0xab, 0xbb, 0xbb, 0xb1, 0xe,
    0xa4, 0x33, 0x3a, 0xc0, 0xf, 0xa7, 0x77, 0x9f,
    0x10, 0x6e, 0xff, 0xff, 0xd4, 0x0, 0xf4, 0x0,
    0x3, 0xf1, 0x0, 0x0, 0x0, 0x0, 0x0, 0xf,
    0xee, 0xee, 0xef, 0x10, 0xf5, 0x0, 0x1, 0x40,
    0x0, 0xf6, 0x22, 0x25, 0xf1, 0xf, 0x50, 0x28,
    0xfd, 0x10, 0xf, 0x40, 0x0, 0x3f, 0x10, 0xfa,
    0xcf, 0xb4, 0x0, 0x0, 0xfe, 0xdd, 0xde, 0xf1,
    0xf, 0xc5, 0x10, 0x0, 0x0, 0xf, 0x73, 0x33,
    0x6f, 0x10, 0xf5, 0x0, 0x0, 0x7, 0x0, 0xf4,
    0x0, 0x3, 0xf1, 0xf, 0x50, 0x0, 0x0, 0xf2,
    0xf, 0x40, 0x0, 0x3f, 0x10, 0xf5, 0x0, 0x0,
    0x2f, 0x10, 0xf4, 0x2, 0x47, 0xf0, 0xe, 0xb5,
    0x55, 0x5a, 0xd0, 0xf, 0x40, 0x6f, 0xe9, 0x0,
    0x5c, 0xdd, 0xdd, 0xb3, 0x0,

    /* U+8138 "脸" */
    0x0, 0x0, 0x0, 0x0, 0x0, 0x0, 0x27, 0x0,
    0x0, 0x0, 0x0, 0xff, 0xff, 0xf0, 0x0, 0x0,
    0xbe, 0x0, 0x0, 0x0, 0x0, 0xf5, 0x46, 0xf0,
    0x0, 0x5, 0xe9, 0xa0, 0x0, 0x0, 0x0, 0xf1,
    0x2, 0xf0, 0x0, 0x2e, 0x40, 0xa8, 0x0, 0x0,
    0x0, 0xf1, 0x2, 0xf0, 0x1, 0xd8, 0x0, 0xc,
    0x80, 0x0, 0x0, 0xf1, 0x2, 0xf0, 0x1d, 0xb0,
    0x0, 0x1, 0xea, 0x0, 0x0, 0xff, 0xff, 0xf4,
    0xeb, 0x55, 0x55, 0x55, 0x4d, 0xd3, 0x0, 0xf6,
    0x57, 0xfe, 0x81, 0xdd, 0xdd, 0xdd, 0x71, 0xb7,
    0x1, 0xf1, 0x2, 0xf1, 0x0, 0x0, 0x0, 0x0,
    0x0, 0x0, 0x1, 0xf1, 0x2, 0xf0, 0x2, 0x0,
    0x47, 0x0, 0x7, 0x40, 0x1, 0xf5, 0x46, 0xf0,
    0x2f, 0x0, 0x4d, 0x0, 0x1f, 0x30, 0x2, 0xff,
    0xff, 0xf0, 0xc, 0x60, 0xf, 0x10, 0x7c, 0x0,
    0x3, 0xe0, 0x2, 0xf0, 0x7, 0xb0, 0xe, 0x30,
    0xd5, 0x0, 0x5, 0xc0, 0x2, 0xf0, 0x3, 0xe0,
    0xb, 0x55, 0xd0, 0x0, 0x8, 0xa0, 0x2, 0xf0,
    0x0, 0x70, 0x0, 0xc, 0x50, 0x0, 0xb, 0x70,
    0x2, 0xf0, 0x0, 0x0, 0x0, 0x5d, 0x0, 0x0,
    0x1f, 0x20, 0x36, 0xf7, 0xdd, 0xdd, 0xdd, 0xfe,
    0xdd, 0xd4, 0x4d, 0x0, 0xef, 0xa3, 0x55, 0x55,
    0x55, 0x55, 0x55, 0x51, 0x0, 0x0, 0x0, 0x0,
    0x0, 0x0, 0x0, 0x0, 0x0, 0x0,

    /* U+81EA "自" */
    0x0, 0x0, 0x0, 0xb4, 0x0, 0x0, 0x0, 0x0,
    0x0, 0x5, 0xf2, 0x0, 0x0, 0x0, 0x0, 0x0,
    0xa, 0xc0, 0x0, 0x0, 0x0, 0xef, 0xff, 0xff,
    0xff, 0xff, 0xff, 0xfe, 0xe9, 0x44, 0x44, 0x44,
    0x44, 0x44, 0x9e, 0xe7, 0x0, 0x0, 0x0, 0x0,
    0x0, 0x7e, 0xe7, 0x0, 0x0, 0x0, 0x0, 0x0,
    0x7e, 0xea, 0x55, 0x55, 0x55, 0x55, 0x55, 0xae,
    0xef, 0xee, 0xee, 0xee, 0xee, 0xee, 0xfe, 0xe7,
    0x0, 0x0, 0x0, 0x0, 0x0, 0x7e, 0xe7, 0x0,
    0x0, 0x0, 0x0, 0x0, 0x7e, 0xe9, 0x33, 0x33,
    0x33, 0x33, 0x33, 0x9e, 0xef, 0xff, 0xff, 0xff,
    0xff, 0xff, 0xfe, 0xe7, 0x0, 0x0, 0x0, 0x0,
    0x0, 0x7e, 0xe7, 0x0, 0x0, 0x0, 0x0, 0x0,
    0x7e, 0xe7, 0x0, 0x0, 0x0, 0x0, 0x0, 0x7e,
    0xef, 0xff, 0xff, 0xff, 0xff, 0xff, 0xfe, 0xea,
    0x44, 0x44, 0x44, 0x44, 0x44, 0xae, 0xe7, 0x0,
    0x0, 0x0, 0x0, 0x0, 0x6d,

    /* U+8212 "舒" */
    0x0, 0x0, 0xc, 0x50, 0x0, 0x0, 0x0, 0x0,
    0x0, 0x0, 0x0, 0x0, 0x9f, 0xb1, 0x0, 0x3f,
    0xff, 0xff, 0xff, 0x50, 0x0, 0x6, 0xf5, 0xce,
    0x40, 0x3, 0x33, 0x34, 0xdd, 0x0, 0x0, 0x9f,
    0x50, 0x9, 0xf5, 0x2, 0x60, 0xa, 0xe2, 0x0,
    0xc, 0xf5, 0x0, 0x0, 0x7f, 0x4, 0xec, 0xad,
    0x20, 0x0, 0x7, 0x3f, 0xff, 0xff, 0x72, 0x0,
    0x1b, 0xf5, 0x0, 0x0, 0x0, 0x2, 0x2d, 0x82,
    0x10, 0x0, 0x0, 0xaf, 0x30, 0x0, 0x0, 0x0,
    0xd, 0x60, 0x0, 0x78, 0x88, 0x8f, 0x98, 0x71,
    0x1, 0x55, 0x5e, 0x95, 0x54, 0xde, 0xee, 0xfe,
    0xef, 0xf1, 0x3, 0xdd, 0xdf, 0xed, 0xda, 0x0,
    0x2, 0xf2, 0x9, 0xa0, 0x0, 0x0, 0xd, 0x60,
    0x0, 0x0, 0x2, 0xf2, 0x1f, 0x30, 0x0, 0x22,
    0x2d, 0x82, 0x20, 0x0, 0x2, 0xf2, 0x38, 0x0,
    0x0, 0xbf, 0xff, 0xff, 0xf4, 0x0, 0x2, 0xf2,
    0x0, 0x0, 0x0, 0xb8, 0x0, 0x0, 0xe4, 0x0,
    0x2, 0xf2, 0x0, 0x0, 0x0, 0xb8, 0x0, 0x0,
    0xe4, 0x0, 0x2, 0xf2, 0x0, 0x0, 0x0, 0xb8,
    0x0, 0x0, 0xe4, 0x0, 0x2, 0xf2, 0x0, 0x0,
    0x0, 0xbf, 0xff, 0xff, 0xf4, 0x0, 0x2, 0xf2,
    0x0, 0x0, 0x0, 0xb9, 0x33, 0x33, 0xd4, 0x1,
    0x36, 0xf1, 0x0, 0x0, 0x0, 0x0, 0x0, 0x0,
    0x0, 0x4, 0xff, 0xb0, 0x0, 0x0,

    /* U+822C "般" */
    0x0, 0x0, 0x1d, 0x40, 0x0, 0x0, 0x0, 0x0,
    0x0, 0x0, 0x0, 0x0, 0x6e, 0x0, 0x0, 0x1f,
    0xff, 0xff, 0xe0, 0x0, 0x0, 0xaf, 0xff, 0xff,
    0xe0, 0x1f, 0x41, 0x16, 0xe0, 0x0, 0x0, 0xb9,
    0x22, 0x26, 0xe0, 0x1f, 0x20, 0x4, 0xe0, 0x0,
    0x0, 0xb8, 0x12, 0x5, 0xe0, 0x3f, 0x0, 0x4,
    0xe0, 0x0, 0x0, 0xb8, 0x5d, 0x5, 0xe0, 0x6e,
    0x0, 0x4, 0xf0, 0x0, 0x0, 0xb8, 0xc, 0x65,
    0xe1, 0xe8, 0x0, 0x2, 0xfe, 0xe3, 0x0, 0xb8,
    0x4, 0x45, 0xe1, 0xa0, 0x0, 0x0, 0x13, 0x30,
    0x2, 0xc9, 0x22, 0x26, 0xe0, 0x22, 0x22, 0x22,
    0x22, 0x0, 0xf, 0xff, 0xff, 0xff, 0xe0, 0xff,
    0xff, 0xff, 0xff, 0x30, 0x0, 0xc7, 0x0, 0x5,
    0xe0, 0x8c, 0x0, 0x0, 0x6d, 0x0, 0x0, 0xd5,
    0x49, 0x5, 0xe0, 0x1f, 0x40, 0x0, 0xd7, 0x0,
    0x0, 0xf3, 0xe, 0x35, 0xe0, 0x9, 0xd0, 0x6,
    0xe1, 0x0, 0x0, 0xf1, 0x7, 0x95, 0xe0, 0x0,
    0xdb, 0x3f, 0x50, 0x0, 0x3, 0xf0, 0x0, 0x5,
    0xe0, 0x0, 0x2f, 0xf9, 0x0, 0x0, 0x6, 0xc0,
    0x0, 0x5, 0xe0, 0x0, 0x7f, 0xfe, 0x50, 0x0,
    0xb, 0x70, 0x3, 0x38, 0xe1, 0x7d, 0xe5, 0x19,
    0xfd, 0x70, 0xd, 0x10, 0xc, 0xfe, 0x74, 0xd7,
    0x10, 0x0, 0x29, 0x80, 0x0, 0x0, 0x0, 0x0,
    0x0, 0x0, 0x0, 0x0, 0x0, 0x0,

    /* U+8282 "节" */
    0x0, 0x0, 0x1a, 0x20, 0x0, 0x3, 0xa1, 0x0,
    0x0, 0x0, 0x0, 0x2f, 0x30, 0x0, 0x4, 0xf1,
    0x0, 0x0, 0x55, 0x55, 0x6f, 0x75, 0x55, 0x58,
    0xf6, 0x55, 0x54, 0xef, 0xff, 0xff, 0xff, 0xff,
    0xff, 0xff, 0xff, 0xfc, 0x0, 0x0, 0x2f, 0x30,
    0x0, 0x4, 0xf1, 0x0, 0x0, 0x0, 0x0, 0x2f,
    0x30, 0x0, 0x4, 0xf1, 0x0, 0x0, 0x0, 0x0,
    0x1, 0x0, 0x0, 0x0, 0x10, 0x0, 0x0, 0xe,
    0xee, 0xee, 0xee, 0xee, 0xee, 0xee, 0xec, 0x0,
    0x5, 0x55, 0x55, 0xdc, 0x55, 0x55, 0x55, 0xbd,
    0x0, 0x0, 0x0, 0x0, 0xba, 0x0, 0x0, 0x0,
    0x8d, 0x0, 0x0, 0x0, 0x0, 0xba, 0x0, 0x0,
    0x0, 0x8d, 0x0, 0x0, 0x0, 0x0, 0xba, 0x0,
    0x0, 0x0, 0x8d, 0x0, 0x0, 0x0, 0x0, 0xba,
    0x0, 0x0, 0x0, 0x8d, 0x0, 0x0, 0x0, 0x0,
    0xba, 0x0, 0x0, 0x0, 0x8d, 0x0, 0x0, 0x0,
    0x0, 0xba, 0x0, 0x18, 0x87, 0xcc, 0x0, 0x0,
    0x0, 0x0, 0xba, 0x0, 0xc, 0xdd, 0xb3, 0x0,
    0x0, 0x0, 0x0, 0xba, 0x0, 0x0, 0x0, 0x0,
    0x0, 0x0, 0x0, 0x0, 0xba, 0x0, 0x0, 0x0,
    0x0, 0x0, 0x0, 0x0, 0x0, 0xba, 0x0, 0x0,
    0x0, 0x0, 0x0,

    /* U+82B1 "花" */
    0x0, 0x0, 0x0, 0xe4, 0x0, 0x0, 0x7c, 0x0,
    0x0, 0x0, 0x0, 0x0, 0x0, 0xf4, 0x0, 0x0,
    0x7d, 0x0, 0x0, 0x0, 0xe, 0xff, 0xff, 0xff,
    0xff, 0xff, 0xff, 0xff, 0xff, 0x90, 0x5, 0x55,
    0x55, 0xf8, 0x55, 0x55, 0xae, 0x55, 0x55, 0x30,
    0x0, 0x0, 0x0, 0xf4, 0x0, 0x0, 0x7d, 0x0,
    0x0, 0x0, 0x0, 0x0, 0x1, 0x81, 0x0, 0x55,
    0x13, 0x0, 0x0, 0x0, 0x0, 0x0, 0xa, 0xe0,
    0x0, 0xba, 0x0, 0x0, 0x0, 0x0, 0x0, 0x0,
    0x4f, 0x50, 0x0, 0xba, 0x0, 0x0, 0x94, 0x0,
    0x0, 0x1, 0xeb, 0x0, 0x0, 0xba, 0x0, 0x3d,
    0xf6, 0x0, 0x0, 0xc, 0xf9, 0x0, 0x0, 0xba,
    0x19, 0xfb, 0x20, 0x0, 0x1, 0xbe, 0xe9, 0x0,
    0x0, 0xbe, 0xfc, 0x40, 0x0, 0x0, 0xc, 0xe2,
    0xc9, 0x0, 0x18, 0xfe, 0x50, 0x0, 0x0, 0x0,
    0x2, 0x20, 0xc9, 0x7, 0xfc, 0xda, 0x0, 0x0,
    0x0, 0x0, 0x0, 0x0, 0xc9, 0x3, 0x30, 0xba,
    0x0, 0x0, 0x1, 0x10, 0x0, 0x0, 0xc9, 0x0,
    0x0, 0xba, 0x0, 0x0, 0x4, 0xf0, 0x0, 0x0,
    0xc9, 0x0, 0x0, 0xba, 0x0, 0x0, 0x6, 0xd0,
    0x0, 0x0, 0xc9, 0x0, 0x0, 0x9e, 0x54, 0x44,
    0x5d, 0xa0, 0x0, 0x0, 0xc9, 0x0, 0x0, 0x3d,
    0xff, 0xff, 0xfd, 0x20, 0x0, 0x0, 0xc9, 0x0,
    0x0, 0x0, 0x0, 0x0, 0x0, 0x0,

    /* U+82DE "苞" */
    0x0, 0x0, 0x0, 0xb6, 0x0, 0x0, 0x4d, 0x0,
    0x0, 0x0, 0x0, 0x0, 0x0, 0xd7, 0x0, 0x0,
    0x5f, 0x0, 0x0, 0x0, 0xb, 0xff, 0xff, 0xff,
    0xff, 0xff, 0xff, 0xff, 0xff, 0xe0, 0x3, 0x44,
    0x44, 0xea, 0x44, 0x44, 0x8f, 0x44, 0x44, 0x30,
    0x0, 0x0, 0x2d, 0xb5, 0x0, 0x0, 0x4c, 0x0,
    0x0, 0x0, 0x0, 0x0, 0xbe, 0x32, 0x22, 0x22,
    0x22, 0x22, 0x21, 0x0, 0x0, 0x4, 0xff, 0xff,
    0xff, 0xff, 0xff, 0xff, 0xf6, 0x0, 0x0, 0x2e,
    0x90, 0x0, 0x0, 0x0, 0x0, 0x0, 0xf5, 0x0,
    0x2, 0xec, 0x32, 0x22, 0x22, 0x22, 0x10, 0x0,
    0xf4, 0x0, 0xd, 0xd1, 0xff, 0xff, 0xff, 0xff,
    0x60, 0x1, 0xf3, 0x0, 0x1, 0x10, 0xf5, 0x0,
    0x0, 0xe, 0x60, 0x3, 0xf2, 0x0, 0x0, 0x0,
    0xf5, 0x0, 0x0, 0xe, 0x60, 0x4, 0xf1, 0x0,
    0x0, 0x0, 0xfc, 0x99, 0x99, 0x9f, 0x60, 0x7,
    0xe0, 0x0, 0x0, 0x0, 0xfa, 0x77, 0x77, 0x77,
    0x46, 0x6d, 0xb0, 0x0, 0x0, 0x0, 0xf5, 0x0,
    0x0, 0x0, 0xb, 0xdc, 0x22, 0x90, 0x0, 0x0,
    0xf5, 0x0, 0x0, 0x0, 0x0, 0x0, 0x6, 0xf0,
    0x0, 0x0, 0xdc, 0x54, 0x33, 0x33, 0x33, 0x34,
    0x5d, 0xb0, 0x0, 0x0, 0x3b, 0xef, 0xff, 0xff,
    0xff, 0xff, 0xeb, 0x20,

    /* U+8349 "草" */
    0x0, 0x0, 0xc, 0x20, 0x0, 0x2, 0xc0, 0x0,
    0x0, 0x23, 0x33, 0x4f, 0x63, 0x33, 0x36, 0xf4,
    0x33, 0x32, 0xbf, 0xff, 0xff, 0xff, 0xff, 0xff,
    0xff, 0xff, 0xfc, 0x0, 0x0, 0x1f, 0x30, 0x0,
    0x3, 0xf0, 0x0, 0x0, 0x0, 0x0, 0x9, 0x20,
    0x0, 0x2, 0x90, 0x0, 0x0, 0x0, 0x7f, 0xff,
    0xff, 0xff, 0xff, 0xff, 0xf8, 0x0, 0x0, 0x7d,
    0x11, 0x11, 0x11, 0x11, 0x11, 0xd8, 0x0, 0x0,
    0x7d, 0x11, 0x11, 0x11, 0x11, 0x11, 0xd8, 0x0,
    0x0, 0x7f, 0xff, 0xff, 0xff, 0xff, 0xff, 0xf8,
    0x0, 0x0, 0x7c, 0x0, 0x0, 0x0, 0x0, 0x0,
    0xc8, 0x0, 0x0, 0x7d, 0x11, 0x11, 0x11, 0x11,
    0x11, 0xd8, 0x0, 0x0, 0x7f, 0xff, 0xff, 0xff,
    0xff, 0xff, 0xf7, 0x0, 0x0, 0x0, 0x0, 0x0,
    0xb9, 0x0, 0x0, 0x0, 0x0, 0x0, 0x0, 0x0,
    0x0, 0xb9, 0x0, 0x0, 0x0, 0x0, 0xdf, 0xff,
    0xff, 0xff, 0xff, 0xff, 0xff, 0xff, 0xfe, 0x22,
    0x22, 0x22, 0x22, 0xca, 0x22, 0x22, 0x22, 0x22,
    0x0, 0x0, 0x0, 0x0, 0xb9, 0x0, 0x0, 0x0,
    0x0, 0x0, 0x0, 0x0, 0x0, 0xb9, 0x0, 0x0,
    0x0, 0x0, 0x0, 0x0, 0x0, 0x0, 0xb9, 0x0,
    0x0, 0x0, 0x0,

    /* U+83B7 "获" */
    0x0, 0x0, 0x0, 0xa6, 0x0, 0x0, 0x2c, 0x10,
    0x0, 0x0, 0x1, 0x22, 0x22, 0xd9, 0x22, 0x22,
    0x4f, 0x42, 0x22, 0x20, 0x9, 0xff, 0xff, 0xff,
    0xff, 0xff, 0xff, 0xff, 0xff, 0xe0, 0x0, 0x11,
    0x11, 0xd8, 0x11, 0x11, 0x3f, 0x31, 0x11, 0x10,
    0x0, 0x0, 0x0, 0xa6, 0x0, 0x0, 0x1b, 0x10,
    0x0, 0x0, 0x0, 0x9a, 0x0, 0x84, 0x0, 0x0,
    0xa8, 0x47, 0x0, 0x0, 0x0, 0x1c, 0xba, 0xe2,
    0x0, 0x0, 0xb8, 0x2d, 0xb0, 0x0, 0x0, 0x4,
    0xfe, 0x10, 0x0, 0x0, 0xb8, 0x0, 0xcb, 0x0,
    0x2, 0xaf, 0xaf, 0x21, 0x22, 0x22, 0xc9, 0x22,
    0x35, 0x20, 0xa, 0xa1, 0xd, 0x87, 0xff, 0xff,
    0xff, 0xff, 0xff, 0xe0, 0x0, 0x0, 0xb, 0xb0,
    0x11, 0x11, 0xee, 0x11, 0x11, 0x10, 0x0, 0x0,
    0x9f, 0xd0, 0x0, 0x2, 0xff, 0x30, 0x0, 0x0,
    0x0, 0x2c, 0xb6, 0xe0, 0x0, 0x8, 0xd9, 0xa0,
    0x0, 0x0, 0x9, 0xf9, 0x6, 0xd0, 0x0, 0x1f,
    0x72, 0xf3, 0x0, 0x0, 0x5, 0x30, 0x6, 0xc0,
    0x0, 0xbd, 0x0, 0x9d, 0x10, 0x0, 0x0, 0x0,
    0x9, 0xb0, 0xa, 0xf3, 0x0, 0xd, 0xc1, 0x0,
    0x0, 0x22, 0x4e, 0x62, 0xcf, 0x40, 0x0, 0x1,
    0xde, 0x60, 0x0, 0x7f, 0xe9, 0xa, 0xc2, 0x0,
    0x0, 0x0, 0x1a, 0xb0, 0x0, 0x0, 0x0, 0x0,
    0x0, 0x0, 0x0, 0x0, 0x0, 0x0,

    /* U+8425 "营" */
    0x0, 0x0, 0x1c, 0x20, 0x0, 0x0, 0xc3, 0x0,
    0x0, 0x0, 0x0, 0x2f, 0x30, 0x0, 0x1, 0xf5,
    0x0, 0x0, 0x9f, 0xff, 0xff, 0xff, 0xff, 0xff,
    0xff, 0xff, 0xfe, 0x12, 0x22, 0x4f, 0x52, 0x22,
    0x23, 0xf6, 0x22, 0x22, 0x0, 0x0, 0x1a, 0x20,
    0x0, 0x0, 0xa3, 0x0, 0x0, 0xe, 0xee, 0xee,
    0xee, 0xee, 0xee, 0xee, 0xee, 0xe6, 0xf, 0x52,
    0x22, 0x22, 0x22, 0x22, 0x22, 0x22, 0xe6, 0xf,
    0x30, 0x0, 0x0, 0x0, 0x0, 0x0, 0x0, 0xd6,
    0xd, 0x31, 0xfe, 0xee, 0xee, 0xee, 0xef, 0x80,
    0xc6, 0x0, 0x1, 0xf2, 0x0, 0x0, 0x0, 0xb,
    0x80, 0x0, 0x0, 0x1, 0xf4, 0x22, 0x22, 0x22,
    0x2c, 0x80, 0x0, 0x0, 0x1, 0xdd, 0xdd, 0xdd,
    0xdd, 0xdd, 0x70, 0x0, 0x0, 0x0, 0x0, 0x0,
    0x0, 0x0, 0x0, 0x0, 0x0, 0x0, 0x6f, 0xff,
    0xff, 0xff, 0xff, 0xff, 0xff, 0x0, 0x0, 0x6e,
    0x33, 0x33, 0x33, 0x33, 0x33, 0x6f, 0x0, 0x0,
    0x6d, 0x0, 0x0, 0x0, 0x0, 0x0, 0x3f, 0x0,
    0x0, 0x6d, 0x22, 0x22, 0x22, 0x22, 0x22, 0x6f,
    0x0, 0x0, 0x6f, 0xff, 0xff, 0xff, 0xff, 0xff,
    0xff, 0x0, 0x0, 0x6d, 0x0, 0x0, 0x0, 0x0,
    0x0, 0x3f, 0x0,

    /* U+8482 "蒂" */
    0x0, 0x0, 0x29, 0x0, 0x0, 0x1, 0x92, 0x0,
    0x0, 0x22, 0x22, 0x6f, 0x32, 0x22, 0x24, 0xf5,
    0x22, 0x22, 0xdf, 0xff, 0xff, 0xff, 0xff, 0xff,
    0xff, 0xff, 0xfe, 0x0, 0x0, 0x4f, 0x0, 0x31,
    0x1, 0xf3, 0x0, 0x0, 0x0, 0x0, 0x27, 0x0,
    0xa9, 0x0, 0x71, 0x0, 0x0, 0xe, 0xee, 0xee,
    0xee, 0xff, 0xee, 0xee, 0xee, 0xe0, 0x3, 0x33,
    0x8a, 0x33, 0x33, 0x33, 0xa8, 0x33, 0x30, 0x0,
    0x0, 0x5f, 0x20, 0x0, 0x1, 0xf6, 0x0, 0x0,
    0x2, 0x22, 0x2f, 0x82, 0x22, 0x28, 0xe2, 0x22,
    0x21, 0x4f, 0xff, 0xff, 0xff, 0xff, 0xff, 0xff,
    0xff, 0xf6, 0x4f, 0x0, 0x0, 0x0, 0xb9, 0x0,
    0x0, 0x0, 0xf6, 0x4e, 0x13, 0x33, 0x33, 0xcb,
    0x33, 0x33, 0x31, 0xd5, 0x0, 0x5f, 0xff, 0xff,
    0xff, 0xff, 0xff, 0xf6, 0x0, 0x0, 0x5e, 0x0,
    0x0, 0xb9, 0x0, 0x0, 0xe6, 0x0, 0x0, 0x5e,
    0x0, 0x0, 0xb9, 0x0, 0x0, 0xe6, 0x0, 0x0,
    0x5e, 0x0, 0x0, 0xb9, 0x0, 0x0, 0xe6, 0x0,
    0x0, 0x5e, 0x0, 0x0, 0xb9, 0x3, 0xee, 0xf3,
    0x0, 0x0, 0x13, 0x0, 0x0, 0xb9, 0x0, 0x22,
    0x0, 0x0, 0x0, 0x0, 0x0, 0x0, 0xb9, 0x0,
    0x0, 0x0, 0x0,

    /* U+84EC "蓬" */
    0x0, 0x0, 0x0, 0x92, 0x0, 0x0, 0x29, 0x0,
    0x0, 0x0, 0x2, 0x33, 0x34, 0xf6, 0x33, 0x33,
    0x6f, 0x43, 0x33, 0x20, 0xc, 0xff, 0xff, 0xff,
    0xff, 0xff, 0xff, 0xff, 0xff, 0xe0, 0x0, 0x0,
    0x1, 0xf3, 0x0, 0x31, 0x3f, 0x10, 0x0, 0x0,
    0x0, 0x60, 0x0, 0x71, 0x4, 0xf3, 0x17, 0x0,
    0x0, 0x0, 0x1, 0xda, 0x0, 0x0, 0x5f, 0xee,
    0xee, 0xff, 0x80, 0x0, 0x0, 0x2e, 0x80, 0x1a,
    0xfe, 0x40, 0x0, 0xac, 0x0, 0x0, 0x0, 0x4,
    0xe1, 0xbb, 0x12, 0xcb, 0x6d, 0x90, 0x0, 0x0,
    0x0, 0x0, 0x0, 0x0, 0x3, 0x8f, 0xef, 0xa6,
    0x20, 0x0, 0x0, 0x0, 0x2, 0x8b, 0xed, 0x84,
    0x62, 0x7b, 0xef, 0xd0, 0xb, 0xff, 0xf2, 0x77,
    0x54, 0x47, 0xf4, 0x44, 0x42, 0x20, 0x1, 0x24,
    0xf0, 0x6, 0x99, 0x9b, 0xf9, 0x99, 0x92, 0x0,
    0x0, 0x2, 0xf0, 0x2, 0x55, 0x58, 0xf5, 0x55,
    0x50, 0x0, 0x0, 0x2, 0xf0, 0x2, 0x66, 0x69,
    0xf6, 0x66, 0x60, 0x0, 0x0, 0x2, 0xf0, 0x37,
    0x77, 0x7a, 0xf7, 0x77, 0x77, 0x0, 0x0, 0x7,
    0xf7, 0x36, 0x66, 0x68, 0xf6, 0x66, 0x66, 0x0,
    0x3, 0xec, 0x6a, 0xe9, 0x52, 0x15, 0xf1, 0x11,
    0x11, 0x10, 0xd, 0xa0, 0x0, 0x28, 0xcf, 0xff,
    0xff, 0xff, 0xff, 0xe0, 0x1, 0x0, 0x0, 0x0,
    0x0, 0x1, 0x11, 0x0, 0x0, 0x0,

    /* U+865A "虚" */
    0x0, 0x0, 0x0, 0x0, 0x9a, 0x0, 0x0, 0x0,
    0x0, 0x0, 0x0, 0x0, 0x0, 0x9b, 0x22, 0x22,
    0x22, 0x0, 0x0, 0x0, 0x0, 0x0, 0x9f, 0xff,
    0xff, 0xff, 0x50, 0x0, 0x0, 0x0, 0x0, 0x9a,
    0x0, 0x0, 0x0, 0x0, 0x3, 0xdd, 0xdd, 0xdd,
    0xff, 0xdd, 0xdd, 0xdd, 0xd6, 0x4, 0xf5, 0x44,
    0x44, 0xbb, 0x44, 0x44, 0x46, 0xf4, 0x4, 0xf0,
    0x0, 0x0, 0xab, 0x56, 0x89, 0x37, 0xe0, 0x4,
    0xf0, 0x9d, 0xff, 0xfe, 0xa9, 0x76, 0x11, 0x40,
    0x4, 0xf0, 0x22, 0x0, 0x9a, 0x0, 0x0, 0x0,
    0xa8, 0x4, 0xf0, 0x0, 0x0, 0x4f, 0xed, 0xdd,
    0xde, 0xf3, 0x4, 0xf0, 0x0, 0x0, 0x0, 0x22,
    0x22, 0x22, 0x10, 0x5, 0xf0, 0x0, 0x5, 0xe0,
    0xe, 0x50, 0x1, 0x0, 0x7, 0xd0, 0xc6, 0x5,
    0xe0, 0xe, 0x50, 0x5f, 0x10, 0x9, 0xb0, 0x6e,
    0x5, 0xe0, 0xe, 0x50, 0xc8, 0x0, 0xc, 0x80,
    0xe, 0x65, 0xe0, 0xe, 0x56, 0xd0, 0x0, 0xf,
    0x40, 0x7, 0x75, 0xe0, 0xe, 0x5a, 0x30, 0x0,
    0x7f, 0x12, 0x22, 0x27, 0xe2, 0x2e, 0x72, 0x22,
    0x21, 0xc8, 0x3f, 0xff, 0xff, 0xff, 0xff, 0xff,
    0xff, 0xf9, 0x11, 0x0, 0x0, 0x0, 0x0, 0x0,
    0x0, 0x0, 0x0,

    /* U+86D9 "蛙" */
    0x0, 0x3, 0x90, 0x0, 0x0, 0x0, 0x59, 0x0,
    0x0, 0x0, 0x0, 0x5e, 0x0, 0x0, 0x0, 0x7,
    0xd0, 0x0, 0x0, 0x0, 0x5, 0xe0, 0x0, 0x0,
    0x0, 0x7d, 0x0, 0x0, 0x0, 0x11, 0x6e, 0x11,
    0x3, 0xff, 0xff, 0xff, 0xff, 0xa0, 0x3f, 0xff,
    0xff, 0xf2, 0x4, 0x44, 0xae, 0x44, 0x43, 0x3,
    0xd0, 0x4c, 0xe, 0x20, 0x0, 0x7, 0xd0, 0x0,
    0x0, 0x3d, 0x3, 0xc0, 0xe2, 0x0, 0x0, 0x7d,
    0x0, 0x0, 0x3, 0xd0, 0x3c, 0xe, 0x3e, 0xee,
    0xef, 0xfe, 0xee, 0xe4, 0x3d, 0x3, 0xc0, 0xe3,
    0x55, 0x55, 0x55, 0x55, 0x55, 0x13, 0xd0, 0x3c,
    0xe, 0x20, 0x0, 0x6, 0xb0, 0x0, 0x0, 0x3f,
    0xff, 0xff, 0xf2, 0x0, 0x0, 0x7d, 0x0, 0x0,
    0x3, 0xd1, 0x6e, 0x11, 0x1, 0x22, 0x28, 0xe2,
    0x22, 0x20, 0x1, 0x5, 0xd3, 0x70, 0x7f, 0xff,
    0xff, 0xff, 0xff, 0x0, 0x0, 0x5d, 0x3f, 0x10,
    0x11, 0x18, 0xe1, 0x11, 0x10, 0x0, 0x5, 0xd0,
    0xd8, 0x0, 0x0, 0x7d, 0x0, 0x0, 0x2, 0x57,
    0xbf, 0xff, 0xd0, 0x0, 0x7, 0xd0, 0x0, 0x0,
    0xdf, 0xc9, 0x63, 0x3f, 0x65, 0x55, 0xae, 0x55,
    0x55, 0x21, 0x0, 0x0, 0x0, 0x8f, 0xff, 0xff,
    0xff, 0xff, 0xf6,

    /* U+884C "行" */
    0x0, 0x0, 0x6, 0x10, 0x0, 0x0, 0x0, 0x0,
    0x0, 0x0, 0x0, 0x0, 0x8f, 0x30, 0x15, 0x55,
    0x55, 0x55, 0x55, 0x20, 0x0, 0x7, 0xf3, 0x0,
    0x5f, 0xff, 0xff, 0xff, 0xff, 0x70, 0x0, 0xaf,
    0x40, 0x0, 0x0, 0x0, 0x0, 0x0, 0x0, 0x0,
    0x1d, 0xd2, 0x0, 0x30, 0x0, 0x0, 0x0, 0x0,
    0x0, 0x0, 0x7, 0x10, 0x7, 0xf2, 0x0, 0x0,
    0x0, 0x0, 0x0, 0x0, 0x0, 0x0, 0x4f, 0x50,
    0x0, 0x0, 0x0, 0x0, 0x0, 0x0, 0x0, 0x1,
    0xe9, 0x3, 0xff, 0xff, 0xff, 0xff, 0xff, 0xf1,
    0x0, 0x1d, 0xf3, 0x0, 0x33, 0x33, 0x33, 0x7f,
    0x33, 0x30, 0x2, 0xde, 0xf3, 0x0, 0x0, 0x0,
    0x0, 0x5f, 0x0, 0x0, 0x3e, 0xd3, 0xf3, 0x0,
    0x0, 0x0, 0x0, 0x5f, 0x0, 0x0, 0x9, 0x11,
    0xf3, 0x0, 0x0, 0x0, 0x0, 0x5f, 0x0, 0x0,
    0x0, 0x1, 0xf3, 0x0, 0x0, 0x0, 0x0, 0x5f,
    0x0, 0x0, 0x0, 0x1, 0xf3, 0x0, 0x0, 0x0,
    0x0, 0x5f, 0x0, 0x0, 0x0, 0x1, 0xf3, 0x0,
    0x0, 0x0, 0x0, 0x5f, 0x0, 0x0, 0x0, 0x1,
    0xf3, 0x0, 0x0, 0x0, 0x0, 0x5f, 0x0, 0x0,
    0x0, 0x1, 0xf3, 0x0, 0x0, 0x0, 0x0, 0x5f,
    0x0, 0x0, 0x0, 0x1, 0xf3, 0x0, 0x0, 0x4,
    0x44, 0x9f, 0x0, 0x0, 0x0, 0x1, 0xf3, 0x0,
    0x0, 0xc, 0xff, 0xd7, 0x0, 0x0, 0x0, 0x0,
    0x10, 0x0, 0x0, 0x0, 0x0, 0x0, 0x0, 0x0,

    /* U+88AB "被" */
    0x0, 0x8, 0x10, 0x0, 0x0, 0x0, 0x2d, 0x10,
    0x0, 0x0, 0x0, 0xb, 0xa0, 0x0, 0x0, 0x0,
    0x2f, 0x10, 0x0, 0x0, 0x0, 0x2, 0xf3, 0x0,
    0x0, 0x0, 0x2f, 0x10, 0x0, 0x0, 0x2, 0x22,
    0x94, 0x20, 0x3c, 0xcc, 0xdf, 0xcc, 0xcc, 0xa0,
    0xf, 0xff, 0xff, 0xf2, 0x4f, 0x77, 0x9f, 0x87,
    0x7d, 0xa0, 0x0, 0x0, 0x8, 0xb0, 0x4f, 0x0,
    0x2f, 0x10, 0xe, 0x60, 0x0, 0x0, 0x1f, 0x40,
    0x4f, 0x0, 0x2f, 0x10, 0x3f, 0x0, 0x0, 0x0,
    0x8a, 0x3, 0x4f, 0x0, 0x2f, 0x10, 0x3, 0x0,
    0x0, 0x3, 0xf1, 0x8d, 0x5f, 0xff, 0xff, 0xff,
    0xfe, 0x0, 0x0, 0xd, 0xfc, 0xd1, 0x4f, 0xb9,
    0x33, 0x33, 0xbb, 0x0, 0x0, 0xae, 0xfe, 0x60,
    0x5e, 0x5d, 0x0, 0x0, 0xe5, 0x0, 0x9, 0xd6,
    0xe4, 0xf2, 0x6d, 0xe, 0x40, 0x6, 0xf0, 0x0,
    0xd, 0x25, 0xe0, 0x97, 0x8a, 0x8, 0xc0, 0x1e,
    0x80, 0x0, 0x0, 0x5, 0xe0, 0x0, 0xb8, 0x0,
    0xe7, 0xad, 0x0, 0x0, 0x0, 0x5, 0xe0, 0x0,
    0xf4, 0x0, 0x5f, 0xf3, 0x0, 0x0, 0x0, 0x5,
    0xe0, 0x5, 0xf0, 0x0, 0x8f, 0xf6, 0x0, 0x0,
    0x0, 0x5, 0xe0, 0xd, 0xa0, 0x1a, 0xf5, 0x8f,
    0xa1, 0x0, 0x0, 0x5, 0xe0, 0x7f, 0x27, 0xee,
    0x30, 0x5, 0xef, 0x91, 0x0, 0x5, 0xe0, 0x37,
    0xb, 0x70, 0x0, 0x0, 0x7, 0xa0,

    /* U+8981 "要" */
    0x9f, 0xff, 0xff, 0xff, 0xff, 0xff, 0xff, 0xff,
    0xf8, 0x23, 0x33, 0x34, 0xf5, 0x33, 0x8e, 0x33,
    0x33, 0x32, 0x0, 0x0, 0x1, 0xf2, 0x0, 0x6d,
    0x0, 0x0, 0x0, 0x9, 0xff, 0xff, 0xff, 0xff,
    0xff, 0xff, 0xff, 0xa0, 0x9, 0xb2, 0x23, 0xf4,
    0x22, 0x8e, 0x22, 0x2b, 0xa0, 0x9, 0xa0, 0x1,
    0xf2, 0x0, 0x6d, 0x0, 0x9, 0xa0, 0x9, 0xa0,
    0x1, 0xf2, 0x0, 0x6d, 0x0, 0x9, 0xa0, 0x9,
    0xff, 0xff, 0xff, 0xff, 0xff, 0xff, 0xff, 0xa0,
    0x1, 0x22, 0x22, 0x8e, 0x32, 0x22, 0x22, 0x22,
    0x10, 0x0, 0x0, 0x1, 0xe8, 0x0, 0x0, 0x0,
    0x0, 0x0, 0xef, 0xff, 0xff, 0xff, 0xff, 0xff,
    0xff, 0xff, 0xfd, 0x33, 0x33, 0x8f, 0x53, 0x33,
    0x33, 0xcd, 0x33, 0x33, 0x0, 0x2, 0xf7, 0x0,
    0x0, 0x6, 0xf3, 0x0, 0x0, 0x0, 0xd, 0xfb,
    0x84, 0x10, 0x8f, 0x60, 0x0, 0x0, 0x0, 0x1,
    0x47, 0xbe, 0xff, 0xfa, 0x10, 0x0, 0x0, 0x0,
    0x1, 0x37, 0xbf, 0xe9, 0xaf, 0xfc, 0x82, 0x0,
    0x8d, 0xff, 0xfc, 0x84, 0x0, 0x0, 0x38, 0xdf,
    0xd1, 0x25, 0x32, 0x0, 0x0, 0x0, 0x0, 0x0,
    0x3, 0x40,

    /* U+8986 "覆" */
    0x6, 0xff, 0xff, 0xff, 0xff, 0xff, 0xff, 0xff,
    0xff, 0xe0, 0x0, 0x0, 0x0, 0xd, 0x50, 0x2,
    0xf2, 0x0, 0x0, 0x0, 0x0, 0x7e, 0xee, 0xef,
    0xfe, 0xee, 0xfe, 0xee, 0xee, 0x0, 0x0, 0x7c,
    0x0, 0xd, 0x50, 0x1, 0xf2, 0x0, 0x4f, 0x0,
    0x0, 0x7f, 0xee, 0xef, 0xfe, 0xee, 0xfe, 0xee,
    0xef, 0x0, 0x0, 0x0, 0x58, 0x0, 0x2d, 0x20,
    0x0, 0x0, 0x0, 0x0, 0x0, 0x3, 0xf6, 0x0,
    0xaf, 0xcc, 0xcc, 0xcc, 0xcc, 0x60, 0x0, 0x4e,
    0x90, 0x4, 0xf5, 0x44, 0x44, 0x44, 0x44, 0x20,
    0x7, 0xf9, 0x1e, 0x8f, 0xfd, 0xcc, 0xcc, 0xcc,
    0xe5, 0x0, 0x5, 0x60, 0xbb, 0xd9, 0xb7, 0x0,
    0x0, 0x0, 0xd5, 0x0, 0x0, 0xa, 0xf1, 0x10,
    0xbd, 0xbb, 0xbb, 0xbb, 0xf5, 0x0, 0x1, 0xcf,
    0xd0, 0x0, 0xbb, 0x77, 0x77, 0x77, 0xe5, 0x0,
    0xc, 0xb6, 0xd0, 0x0, 0x25, 0xeb, 0x33, 0x33,
    0x31, 0x0, 0x1, 0x5, 0xd0, 0x0, 0x6e, 0xed,
    0xdd, 0xdf, 0xf1, 0x0, 0x0, 0x5, 0xd0, 0x6e,
    0xba, 0xc2, 0x0, 0x6f, 0x50, 0x0, 0x0, 0x5,
    0xd0, 0x23, 0x0, 0x5e, 0xad, 0xc3, 0x0, 0x0,
    0x0, 0x5, 0xd0, 0x4, 0x7a, 0xdf, 0xbc, 0xfc,
    0xa7, 0x41, 0x0, 0x5, 0xd0, 0x6e, 0xb9, 0x50,
    0x0, 0x16, 0x9b, 0xd1, 0x0, 0x0, 0x0, 0x0,
    0x0, 0x0, 0x0, 0x0, 0x0, 0x0,

    /* U+89C1 "见" */
    0x0, 0x2, 0x66, 0x66, 0x66, 0x66, 0x66, 0x66,
    0x10, 0x0, 0x0, 0x5f, 0xff, 0xff, 0xff, 0xff,
    0xff, 0xf4, 0x0, 0x0, 0x5, 0xf0, 0x0, 0x0,
    0x0, 0x0, 0x1f, 0x40, 0x0, 0x0, 0x5f, 0x0,
    0x0, 0x21, 0x0, 0x1, 0xf4, 0x0, 0x0, 0x5,
    0xf0, 0x0, 0xe, 0x70, 0x0, 0x1f, 0x40, 0x0,
    0x0, 0x5f, 0x0, 0x0, 0xf7, 0x0, 0x1, 0xf4,
    0x0, 0x0, 0x5, 0xf0, 0x0, 0xf, 0x60, 0x0,
    0x1f, 0x40, 0x0, 0x0, 0x5f, 0x0, 0x1, 0xf4,
    0x0, 0x1, 0xf4, 0x0, 0x0, 0x5, 0xf0, 0x0,
    0x2f, 0x30, 0x0, 0x1f, 0x40, 0x0, 0x0, 0x5f,
    0x0, 0x5, 0xf1, 0x0, 0x1, 0xf4, 0x0, 0x0,
    0x5, 0xf0, 0x0, 0x8d, 0x9b, 0x0, 0x1f, 0x40,
    0x0, 0x0, 0x5f, 0x0, 0xe, 0x89, 0xb0, 0x1,
    0xf4, 0x0, 0x0, 0x0, 0x0, 0x6, 0xf2, 0x9b,
    0x0, 0x0, 0x0, 0x0, 0x0, 0x0, 0x3, 0xf8,
    0x9, 0xb0, 0x0, 0x0, 0x6a, 0x0, 0x0, 0x6,
    0xfb, 0x0, 0x9b, 0x0, 0x0, 0x7, 0xc0, 0x1,
    0x6d, 0xf8, 0x0, 0x8, 0xe4, 0x33, 0x34, 0xd9,
    0xb, 0xfe, 0x91, 0x0, 0x0, 0x2d, 0xff, 0xff,
    0xfc, 0x20, 0x23, 0x0, 0x0, 0x0, 0x0, 0x0,
    0x0, 0x0, 0x0,

    /* U+8A00 "言" */
    0x0, 0x0, 0x0, 0x5, 0xd1, 0x0, 0x0, 0x0,
    0x0, 0x0, 0x0, 0x0, 0x0, 0xcc, 0x0, 0x0,
    0x0, 0x0, 0x0, 0x0, 0x0, 0x0, 0x2f, 0x60,
    0x0, 0x0, 0x0, 0xde, 0xee, 0xee, 0xee, 0xef,
    0xfe, 0xee, 0xee, 0xee, 0x34, 0x44, 0x44, 0x44,
    0x44, 0x44, 0x44, 0x44, 0x44, 0x0, 0x0, 0x0,
    0x0, 0x0, 0x0, 0x0, 0x0, 0x0, 0x0, 0xe,
    0xff, 0xff, 0xff, 0xff, 0xff, 0xf0, 0x0, 0x0,
    0x2, 0x22, 0x22, 0x22, 0x22, 0x22, 0x20, 0x0,
    0x0, 0x0, 0x0, 0x0, 0x0, 0x0, 0x0, 0x0,
    0x0, 0x0, 0xe, 0xff, 0xff, 0xff, 0xff, 0xff,
    0xf0, 0x0, 0x0, 0x2, 0x22, 0x22, 0x22, 0x22,
    0x22, 0x20, 0x0, 0x0, 0x0, 0x0, 0x0, 0x0,
    0x0, 0x0, 0x0, 0x0, 0x0, 0x2e, 0xee, 0xee,
    0xee, 0xee, 0xee, 0xe3, 0x0, 0x0, 0x2f, 0x63,
    0x33, 0x33, 0x33, 0x35, 0xf3, 0x0, 0x0, 0x2f,
    0x20, 0x0, 0x0, 0x0, 0x2, 0xf3, 0x0, 0x0,
    0x2f, 0x20, 0x0, 0x0, 0x0, 0x2, 0xf3, 0x0,
    0x0, 0x2f, 0x64, 0x44, 0x44, 0x44, 0x46, 0xf3,
    0x0, 0x0, 0x2f, 0xed, 0xdd, 0xdd, 0xdd, 0xde,
    0xf3, 0x0, 0x0, 0x2f, 0x20, 0x0, 0x0, 0x0,
    0x2, 0xe3, 0x0,

    /* U+8BA4 "认" */
    0x0, 0x0, 0x0, 0x0, 0x0, 0x2, 0x90, 0x0,
    0x0, 0x0, 0x9, 0xc1, 0x0, 0x0, 0x0, 0x4f,
    0x0, 0x0, 0x0, 0x0, 0x1d, 0xd1, 0x0, 0x0,
    0x4, 0xf0, 0x0, 0x0, 0x0, 0x0, 0x1d, 0xc0,
    0x0, 0x0, 0x5f, 0x0, 0x0, 0x0, 0x0, 0x0,
    0x13, 0x0, 0x0, 0x5, 0xf0, 0x0, 0x0, 0x0,
    0x0, 0x0, 0x0, 0x0, 0x0, 0x5f, 0x0, 0x0,
    0x0, 0x44, 0x44, 0x40, 0x0, 0x0, 0x7, 0xe0,
    0x0, 0x0, 0xc, 0xff, 0xfe, 0x0, 0x0, 0x0,
    0x9f, 0x10, 0x0, 0x0, 0x0, 0x5, 0xe0, 0x0,
    0x0, 0xb, 0xf4, 0x0, 0x0, 0x0, 0x0, 0x5e,
    0x0, 0x0, 0x0, 0xcf, 0x80, 0x0, 0x0, 0x0,
    0x5, 0xe0, 0x0, 0x0, 0xe, 0xdc, 0x0, 0x0,
    0x0, 0x0, 0x5e, 0x0, 0x0, 0x3, 0xf5, 0xf1,
    0x0, 0x0, 0x0, 0x5, 0xe0, 0x0, 0x0, 0x7e,
    0xd, 0x80, 0x0, 0x0, 0x0, 0x5e, 0x1, 0x50,
    0xe, 0x80, 0x6f, 0x10, 0x0, 0x0, 0x6, 0xe5,
    0xea, 0x6, 0xf2, 0x0, 0xe8, 0x0, 0x0, 0x0,
    0x8f, 0xf6, 0x1, 0xe9, 0x0, 0x5, 0xf3, 0x0,
    0x0, 0x2e, 0xc2, 0x1, 0xcd, 0x0, 0x0, 0xb,
    0xe2, 0x0, 0x1, 0x80, 0x1, 0xde, 0x20, 0x0,
    0x0, 0xb, 0xf3, 0x0, 0x0, 0x0, 0x7, 0x10,
    0x0, 0x0, 0x0, 0x7, 0x0,

    /* U+8BA9 "让" */
    0x0, 0x1, 0x0, 0x0, 0x0, 0x1, 0x81, 0x0,
    0x0, 0x0, 0x0, 0x1f, 0x70, 0x0, 0x0, 0x3,
    0xf2, 0x0, 0x0, 0x0, 0x0, 0x4, 0xf8, 0x0,
    0x0, 0x3, 0xf2, 0x0, 0x0, 0x0, 0x0, 0x0,
    0x4f, 0x50, 0x0, 0x3, 0xf2, 0x0, 0x0, 0x0,
    0x0, 0x0, 0x4, 0x0, 0x0, 0x3, 0xf2, 0x0,
    0x0, 0x0, 0x0, 0x0, 0x0, 0x0, 0x0, 0x3,
    0xf2, 0x0, 0x0, 0x0, 0x6, 0x66, 0x62, 0x0,
    0x0, 0x3, 0xf4, 0x11, 0x11, 0x0, 0x1d, 0xdd,
    0xf5, 0x0, 0x0, 0x3, 0xff, 0xff, 0xf9, 0x0,
    0x0, 0x0, 0xe5, 0x0, 0x0, 0x3, 0xf5, 0x22,
    0x21, 0x0, 0x0, 0x0, 0xe5, 0x0, 0x0, 0x3,
    0xf2, 0x0, 0x0, 0x0, 0x0, 0x0, 0xe5, 0x0,
    0x0, 0x3, 0xf2, 0x0, 0x0, 0x0, 0x0, 0x0,
    0xe5, 0x0, 0x0, 0x3, 0xf2, 0x0, 0x0, 0x0,
    0x0, 0x0, 0xe5, 0x0, 0x0, 0x3, 0xf2, 0x0,
    0x0, 0x0, 0x0, 0x0, 0xe5, 0x4, 0x0, 0x3,
    0xf2, 0x0, 0x0, 0x0, 0x0, 0x0, 0xe6, 0x9f,
    0x10, 0x3, 0xf2, 0x0, 0x0, 0x0, 0x0, 0x1,
    0xff, 0xc2, 0x0, 0x3, 0xf2, 0x0, 0x0, 0x0,
    0x0, 0x8, 0xf9, 0x4, 0x44, 0x47, 0xf6, 0x44,
    0x44, 0x40, 0x0, 0xc, 0x60, 0x1f, 0xff, 0xff,
    0xff, 0xff, 0xff, 0xf0, 0x0, 0x0, 0x0, 0x0,
    0x0, 0x0, 0x0, 0x0, 0x0, 0x0,

    /* U+8BB0 "记" */
    0x0, 0x0, 0x0, 0x0, 0x0, 0x0, 0x0, 0x0,
    0x0, 0x0, 0x4, 0xe3, 0x0, 0x5, 0x55, 0x55,
    0x55, 0x55, 0x20, 0x0, 0x9, 0xf3, 0x0, 0xef,
    0xff, 0xff, 0xff, 0xf6, 0x0, 0x0, 0x9, 0xf2,
    0x0, 0x0, 0x0, 0x0, 0xe, 0x60, 0x0, 0x0,
    0x7, 0x0, 0x0, 0x0, 0x0, 0x0, 0xe6, 0x0,
    0x0, 0x0, 0x0, 0x0, 0x0, 0x0, 0x0, 0xe,
    0x60, 0x18, 0x88, 0x83, 0x0, 0x0, 0x0, 0x0,
    0x0, 0xe6, 0x1, 0xaa, 0xaf, 0x60, 0x0, 0x0,
    0x0, 0x0, 0xe, 0x60, 0x0, 0x0, 0xe6, 0x0,
    0x5f, 0xff, 0xff, 0xff, 0xf6, 0x0, 0x0, 0xe,
    0x60, 0x5, 0xf5, 0x55, 0x55, 0x5f, 0x60, 0x0,
    0x0, 0xe6, 0x0, 0x5f, 0x0, 0x0, 0x0, 0x83,
    0x0, 0x0, 0xe, 0x60, 0x5, 0xf0, 0x0, 0x0,
    0x0, 0x0, 0x0, 0x0, 0xe6, 0x0, 0x5f, 0x0,
    0x0, 0x0, 0x0, 0x0, 0x0, 0xe, 0x60, 0x15,
    0xf0, 0x0, 0x0, 0x0, 0x32, 0x0, 0x0, 0xe7,
    0x9a, 0x5f, 0x0, 0x0, 0x0, 0x8, 0xc0, 0x0,
    0x1f, 0xfc, 0x15, 0xf0, 0x0, 0x0, 0x0, 0xaa,
    0x0, 0x9, 0xf8, 0x0, 0x3f, 0x84, 0x44, 0x44,
    0x6f, 0x60, 0x0, 0x64, 0x0, 0x0, 0x9e, 0xff,
    0xff, 0xff, 0xa0,

    /* U+8BBE "设" */
    0x0, 0x2, 0x0, 0x0, 0x0, 0x0, 0x0, 0x0,
    0x0, 0x0, 0x0, 0x3f, 0x50, 0x0, 0x1, 0xff,
    0xff, 0xff, 0x10, 0x0, 0x0, 0x6, 0xf6, 0x0,
    0x1, 0xf5, 0x33, 0x5f, 0x10, 0x0, 0x0, 0x0,
    0x7f, 0x30, 0x1, 0xf1, 0x0, 0x2f, 0x10, 0x0,
    0x0, 0x0, 0x5, 0x0, 0x4, 0xf0, 0x0, 0x2f,
    0x10, 0x0, 0x0, 0x0, 0x0, 0x0, 0xa, 0xb0,
    0x0, 0x2f, 0x20, 0x0, 0x4, 0x44, 0x40, 0x0,
    0x7f, 0x30, 0x0, 0x1f, 0x97, 0x70, 0x1f, 0xff,
    0xf1, 0xb, 0xf5, 0x0, 0x0, 0x7, 0xbb, 0xa0,
    0x0, 0x3, 0xf1, 0x6, 0x10, 0x0, 0x0, 0x0,
    0x0, 0x0, 0x0, 0x3, 0xf1, 0x4, 0xff, 0xff,
    0xff, 0xff, 0xfb, 0x0, 0x0, 0x3, 0xf1, 0x1,
    0x8f, 0x54, 0x44, 0x45, 0xf6, 0x0, 0x0, 0x3,
    0xf1, 0x0, 0xd, 0x70, 0x0, 0x7, 0xe0, 0x0,
    0x0, 0x3, 0xf1, 0x0, 0x5, 0xf2, 0x0, 0x2f,
    0x60, 0x0, 0x0, 0x3, 0xf1, 0x1, 0x0, 0xae,
    0x22, 0xea, 0x0, 0x0, 0x0, 0x3, 0xf2, 0xbb,
    0x0, 0xb, 0xde, 0xb0, 0x0, 0x0, 0x0, 0x4,
    0xfe, 0xc1, 0x0, 0x19, 0xff, 0x80, 0x0, 0x0,
    0x0, 0xc, 0xf8, 0x0, 0x27, 0xee, 0x56, 0xee,
    0x72, 0x0, 0x0, 0xc, 0x40, 0xc, 0xfd, 0x70,
    0x0, 0x19, 0xef, 0xc0, 0x0, 0x0, 0x0, 0x4,
    0x30, 0x0, 0x0, 0x0, 0x4, 0x40,

    /* U+8BBF "访" */
    0x0, 0x3, 0x0, 0x0, 0x0, 0x0, 0x83, 0x0,
    0x0, 0x0, 0x2, 0xf7, 0x0, 0x0, 0x0, 0xc,
    0x90, 0x0, 0x0, 0x0, 0x5, 0xf7, 0x0, 0x0,
    0x0, 0x7e, 0x0, 0x0, 0x0, 0x0, 0x6, 0xf2,
    0x24, 0x44, 0x46, 0xb4, 0x44, 0x44, 0x0, 0x0,
    0x2, 0x8, 0xff, 0xff, 0xff, 0xff, 0xff, 0xf0,
    0x0, 0x0, 0x0, 0x0, 0x9, 0xc0, 0x0, 0x0,
    0x0, 0x8, 0x88, 0x83, 0x0, 0x0, 0xab, 0x0,
    0x0, 0x0, 0x0, 0xbb, 0xbf, 0x60, 0x0, 0xa,
    0xa0, 0x0, 0x0, 0x0, 0x0, 0x0, 0xe6, 0x0,
    0x0, 0xbf, 0xff, 0xff, 0xf7, 0x0, 0x0, 0xe,
    0x60, 0x0, 0xd, 0xa4, 0x44, 0x4e, 0x70, 0x0,
    0x0, 0xe6, 0x0, 0x0, 0xf5, 0x0, 0x0, 0xe6,
    0x0, 0x0, 0xe, 0x60, 0x0, 0x2f, 0x30, 0x0,
    0xf, 0x50, 0x0, 0x0, 0xe6, 0x0, 0x6, 0xf0,
    0x0, 0x0, 0xf4, 0x0, 0x0, 0xe, 0x65, 0xe0,
    0xcb, 0x0, 0x0, 0x1f, 0x30, 0x0, 0x0, 0xfe,
    0xe4, 0x2f, 0x50, 0x0, 0x3, 0xf1, 0x0, 0x0,
    0x7f, 0xc1, 0xa, 0xd0, 0x0, 0x0, 0x6f, 0x0,
    0x0, 0xa, 0x80, 0x7, 0xf4, 0x0, 0x44, 0x4c,
    0xb0, 0x0, 0x0, 0x0, 0x0, 0xd6, 0x0, 0xa,
    0xff, 0xd3, 0x0, 0x0, 0x0, 0x0, 0x0, 0x0,
    0x0, 0x0, 0x0, 0x0, 0x0,

    /* U+8BC6 "识" */
    0x0, 0x0, 0x0, 0x0, 0x0, 0x0, 0x0, 0x0,
    0x0, 0x9, 0xb1, 0x0, 0x0, 0x44, 0x44, 0x44,
    0x44, 0x40, 0x1, 0xdd, 0x10, 0x2, 0xff, 0xff,
    0xff, 0xff, 0xe0, 0x0, 0x1d, 0xd0, 0x2, 0xf2,
    0x0, 0x0, 0x7, 0xe0, 0x0, 0x1, 0x50, 0x2,
    0xf2, 0x0, 0x0, 0x7, 0xe0, 0x0, 0x0, 0x0,
    0x2, 0xf2, 0x0, 0x0, 0x7, 0xe0, 0x44, 0x44,
    0x10, 0x2, 0xf2, 0x0, 0x0, 0x7, 0xe0, 0xef,
    0xff, 0x30, 0x2, 0xf2, 0x0, 0x0, 0x7, 0xe0,
    0x0, 0xf, 0x30, 0x2, 0xf2, 0x0, 0x0, 0x7,
    0xe0, 0x0, 0xf, 0x30, 0x2, 0xff, 0xff, 0xff,
    0xff, 0xe0, 0x0, 0xf, 0x30, 0x0, 0x55, 0x55,
    0x55, 0x55, 0x40, 0x0, 0xf, 0x30, 0x0, 0x0,
    0x0, 0x0, 0x0, 0x0, 0x0, 0xf, 0x30, 0x0,
    0x8, 0x40, 0x0, 0x73, 0x0, 0x0, 0xf, 0x31,
    0x40, 0x3f, 0x40, 0x0, 0xbc, 0x0, 0x0, 0x1f,
    0x8e, 0xa0, 0x9d, 0x0, 0x0, 0x2f, 0x60, 0x0,
    0x4f, 0xf8, 0x2, 0xf7, 0x0, 0x0, 0x9, 0xe0,
    0x0, 0xbf, 0x50, 0xc, 0xd0, 0x0, 0x0, 0x2,
    0xf5, 0x0, 0x82, 0x0, 0x7f, 0x20, 0x0, 0x0,
    0x0, 0xbb, 0x0, 0x0, 0x0, 0x3, 0x0, 0x0,
    0x0, 0x0, 0x10,

    /* U+8BD5 "试" */
    0x0, 0x0, 0x0, 0x0, 0x0, 0x0, 0x46, 0x1,
    0x0, 0x0, 0x3e, 0x30, 0x0, 0x0, 0x0, 0x8,
    0xd3, 0xf3, 0x0, 0x0, 0x9f, 0x30, 0x0, 0x0,
    0x0, 0x7d, 0x7, 0xe1, 0x0, 0x0, 0x9e, 0x10,
    0x0, 0x0, 0x7, 0xe0, 0xb, 0x60, 0x0, 0x0,
    0x50, 0x55, 0x55, 0x55, 0x9f, 0x55, 0x55, 0x0,
    0x0, 0x0, 0x1f, 0xff, 0xff, 0xff, 0xff, 0xff,
    0xf2, 0x44, 0x44, 0x0, 0x0, 0x0, 0x0, 0x5f,
    0x0, 0x0, 0xe, 0xee, 0xf2, 0x0, 0x0, 0x0,
    0x4, 0xf1, 0x0, 0x0, 0x0, 0x2f, 0x20, 0x13,
    0x33, 0x33, 0x3f, 0x20, 0x0, 0x0, 0x2, 0xf2,
    0x6, 0xff, 0xff, 0xe1, 0xf3, 0x0, 0x0, 0x0,
    0x2f, 0x20, 0x0, 0x4f, 0x0, 0xf, 0x40, 0x0,
    0x0, 0x2, 0xf2, 0x0, 0x4, 0xf0, 0x0, 0xe6,
    0x0, 0x0, 0x0, 0x2f, 0x20, 0x0, 0x4f, 0x0,
    0xc, 0x80, 0x0, 0x0, 0x2, 0xf2, 0x0, 0x4,
    0xf0, 0x0, 0xab, 0x0, 0x0, 0x0, 0x2f, 0x23,
    0x60, 0x4f, 0x4, 0x36, 0xe0, 0xa, 0x10, 0x2,
    0xf9, 0xf8, 0x18, 0xff, 0xf6, 0x3f, 0x30, 0xe2,
    0x0, 0x6f, 0xe5, 0x9f, 0xfb, 0x61, 0x0, 0xea,
    0x1f, 0x0, 0xe, 0xb1, 0x4, 0x50, 0x0, 0x0,
    0x7, 0xfe, 0xb0, 0x0, 0x30, 0x0, 0x0, 0x0,
    0x0, 0x0, 0x9, 0xe3, 0x0, 0x0, 0x0, 0x0,
    0x0, 0x0, 0x0, 0x0, 0x0, 0x0,

    /* U+8BE5 "该" */
    0x0, 0x3, 0x0, 0x0, 0x0, 0x1, 0xb2, 0x0,
    0x0, 0x0, 0x7, 0xf3, 0x0, 0x0, 0x0, 0xd,
    0xa0, 0x0, 0x0, 0x0, 0x9, 0xf2, 0x0, 0x0,
    0x0, 0x7f, 0x20, 0x0, 0x0, 0x0, 0xb, 0xd0,
    0xef, 0xff, 0xff, 0xff, 0xff, 0xfa, 0x0, 0x0,
    0x14, 0x2, 0x22, 0x3d, 0xc3, 0x22, 0x22, 0x20,
    0x0, 0x0, 0x0, 0x0, 0x7, 0xf2, 0x0, 0x0,
    0x0, 0x18, 0x88, 0x83, 0x0, 0x3, 0xf5, 0x0,
    0xd, 0x60, 0x1, 0xcc, 0xcf, 0x50, 0x3, 0xe9,
    0x11, 0x29, 0xe1, 0x0, 0x0, 0x0, 0xe5, 0x5,
    0xff, 0xff, 0xff, 0xf4, 0x0, 0x0, 0x0, 0xe,
    0x50, 0x17, 0x43, 0x27, 0xf6, 0x1, 0x71, 0x0,
    0x0, 0xe5, 0x0, 0x0, 0x8, 0xf6, 0x0, 0xaf,
    0x20, 0x0, 0xe, 0x50, 0x0, 0x2b, 0xe4, 0x0,
    0x7f, 0x50, 0x0, 0x0, 0xe5, 0x1, 0x8f, 0xc2,
    0x0, 0x6f, 0x70, 0x0, 0x0, 0xe, 0x50, 0x9e,
    0x60, 0x0, 0x8f, 0x70, 0x0, 0x0, 0x0, 0xe5,
    0x35, 0x0, 0x1, 0xbf, 0xf4, 0x0, 0x0, 0x0,
    0xf, 0xcf, 0x60, 0x7, 0xfc, 0x38, 0xf7, 0x0,
    0x0, 0x4, 0xfe, 0x30, 0x6d, 0xf7, 0x0, 0x5,
    0xfa, 0x0, 0x0, 0xab, 0x15, 0xff, 0x81, 0x0,
    0x0, 0x3, 0xf7, 0x0, 0x1, 0x0, 0x17, 0x10,
    0x0, 0x0, 0x0, 0x2, 0x0,

    /* U+8BED "语" */
    0x0, 0x0, 0x0, 0x0, 0x0, 0x0, 0x0, 0x0,
    0x0, 0x0, 0x0, 0xb9, 0x0, 0xe, 0xff, 0xff,
    0xff, 0xff, 0xff, 0x60, 0x0, 0x3f, 0x90, 0x2,
    0x22, 0x2e, 0x92, 0x22, 0x22, 0x10, 0x0, 0x3,
    0xf8, 0x0, 0x0, 0x1f, 0x40, 0x0, 0x0, 0x0,
    0x0, 0x0, 0x57, 0x0, 0x33, 0x6f, 0x53, 0x33,
    0x40, 0x0, 0x0, 0x0, 0x0, 0x3, 0xff, 0xff,
    0xff, 0xff, 0xf0, 0x0, 0x4, 0x44, 0x40, 0x0,
    0x0, 0xba, 0x0, 0x5, 0xe0, 0x0, 0x1f, 0xff,
    0xf0, 0x0, 0x0, 0xf6, 0x0, 0x7, 0xc0, 0x0,
    0x0, 0x3, 0xf0, 0x24, 0x46, 0xf6, 0x44, 0x4a,
    0xc4, 0x40, 0x0, 0x3, 0xf0, 0x9f, 0xff, 0xff,
    0xff, 0xff, 0xff, 0xf1, 0x0, 0x3, 0xf0, 0x0,
    0x0, 0x0, 0x0, 0x0, 0x0, 0x0, 0x0, 0x3,
    0xf0, 0x0, 0x33, 0x33, 0x33, 0x33, 0x32, 0x0,
    0x0, 0x3, 0xf0, 0x0, 0xef, 0xff, 0xff, 0xff,
    0xfb, 0x0, 0x0, 0x3, 0xf0, 0x0, 0xe5, 0x0,
    0x0, 0x0, 0x9b, 0x0, 0x0, 0x3, 0xf0, 0x79,
    0xe5, 0x0, 0x0, 0x0, 0x9b, 0x0, 0x0, 0x4,
    0xfc, 0xe4, 0xe5, 0x0, 0x0, 0x0, 0x9b, 0x0,
    0x0, 0x9, 0xfb, 0x10, 0xe8, 0x33, 0x33, 0x33,
    0xbb, 0x0, 0x0, 0x8, 0x70, 0x0, 0xef, 0xff,
    0xff, 0xff, 0xfb, 0x0, 0x0, 0x0, 0x0, 0x0,
    0xe5, 0x0, 0x0, 0x0, 0x9a, 0x0,

    /* U+8BF7 "请" */
    0x0, 0x0, 0x0, 0x0, 0x0, 0x0, 0x77, 0x0,
    0x0, 0x0, 0x0, 0x7d, 0x10, 0x0, 0x11, 0x11,
    0xab, 0x11, 0x11, 0x0, 0x0, 0xa, 0xe2, 0x5,
    0xff, 0xff, 0xff, 0xff, 0xff, 0x80, 0x0, 0x0,
    0xad, 0x0, 0x0, 0x0, 0xaa, 0x0, 0x0, 0x0,
    0x0, 0x0, 0x2, 0x0, 0xdf, 0xff, 0xff, 0xff,
    0xfe, 0x0, 0x0, 0x0, 0x0, 0x0, 0x0, 0x0,
    0xaa, 0x0, 0x0, 0x0, 0x4, 0x44, 0x41, 0x1,
    0x11, 0x11, 0xbb, 0x11, 0x11, 0x10, 0x2f, 0xff,
    0xf4, 0xd, 0xee, 0xee, 0xee, 0xee, 0xee, 0xe2,
    0x0, 0x0, 0xf4, 0x0, 0x0, 0x0, 0x0, 0x0,
    0x0, 0x0, 0x0, 0x0, 0xf4, 0x0, 0x7f, 0xff,
    0xff, 0xff, 0xf7, 0x0, 0x0, 0x0, 0xf4, 0x0,
    0x7c, 0x11, 0x11, 0x11, 0xc8, 0x0, 0x0, 0x0,
    0xf4, 0x0, 0x7c, 0x11, 0x11, 0x11, 0xc8, 0x0,
    0x0, 0x0, 0xf4, 0x0, 0x7f, 0xee, 0xee, 0xee,
    0xf8, 0x0, 0x0, 0x0, 0xf4, 0x1, 0x7c, 0x0,
    0x0, 0x0, 0xc8, 0x0, 0x0, 0x0, 0xf6, 0xca,
    0x7f, 0xcc, 0xcc, 0xcc, 0xf8, 0x0, 0x0, 0x0,
    0xff, 0xc1, 0x7d, 0x33, 0x33, 0x33, 0xd8, 0x0,
    0x0, 0x4, 0xfc, 0x0, 0x7c, 0x0, 0x0, 0x0,
    0xc8, 0x0, 0x0, 0xc, 0xb0, 0x0, 0x7c, 0x0,
    0x1, 0x33, 0xe7, 0x0, 0x0, 0x3, 0x0, 0x0,
    0x7c, 0x0, 0x2, 0xee, 0xc2, 0x0,

    /* U+8C03 "调" */
    0x0, 0x2, 0x0, 0x0, 0x0, 0x0, 0x0, 0x0,
    0x0, 0x0, 0x8, 0xe2, 0x0, 0x2f, 0xff, 0xff,
    0xff, 0xff, 0xf4, 0x0, 0xb, 0xe2, 0x2, 0xf4,
    0x33, 0x33, 0x33, 0x3f, 0x40, 0x0, 0xc, 0xd0,
    0x2f, 0x0, 0x8, 0x90, 0x0, 0xe4, 0x0, 0x0,
    0x17, 0x2, 0xf0, 0x1, 0x89, 0x11, 0xe, 0x40,
    0x0, 0x0, 0x0, 0x2f, 0xb, 0xff, 0xff, 0xe0,
    0xe4, 0x5, 0x55, 0x50, 0x2, 0xf0, 0x0, 0x89,
    0x0, 0xe, 0x41, 0xdd, 0xdf, 0x10, 0x2f, 0x10,
    0x8, 0x90, 0x0, 0xe4, 0x0, 0x3, 0xf1, 0x2,
    0xf3, 0xff, 0xff, 0xff, 0x5e, 0x40, 0x0, 0x3f,
    0x10, 0x2f, 0x0, 0x0, 0x0, 0x0, 0xe4, 0x0,
    0x3, 0xf1, 0x3, 0xf0, 0x1, 0x11, 0x10, 0xe,
    0x40, 0x0, 0x3f, 0x10, 0x4f, 0xb, 0xff, 0xff,
    0xa0, 0xe4, 0x0, 0x3, 0xf1, 0x7, 0xd0, 0xb4,
    0x0, 0x6a, 0xe, 0x40, 0x0, 0x3f, 0x11, 0xab,
    0xb, 0x40, 0x6, 0xa0, 0xe4, 0x0, 0x3, 0xf8,
    0xee, 0x80, 0xbe, 0xee, 0xfa, 0xe, 0x40, 0x0,
    0x4f, 0xfa, 0xf4, 0xb, 0x62, 0x22, 0x10, 0xe4,
    0x0, 0x9, 0xf6, 0x9f, 0x0, 0x52, 0x0, 0x0,
    0xe, 0x40, 0x1, 0xf6, 0xe, 0x80, 0x0, 0x0,
    0x1, 0x33, 0xf4, 0x0, 0x2, 0x1, 0xc1, 0x0,
    0x0, 0x0, 0x3f, 0xfb, 0x0, 0x0, 0x0, 0x0,
    0x0, 0x0, 0x0, 0x0, 0x0, 0x0,

    /* U+8C22 "谢" */
    0x0, 0x0, 0x0, 0x0, 0x7, 0x10, 0x0, 0x0,
    0x25, 0x0, 0x2, 0xc2, 0x0, 0x0, 0x2f, 0x10,
    0x0, 0x0, 0x5e, 0x0, 0x0, 0x9d, 0x10, 0x15,
    0x9d, 0x55, 0x0, 0x0, 0x5e, 0x0, 0x0, 0xb,
    0xb0, 0x3f, 0xcc, 0xdf, 0x0, 0x0, 0x5e, 0x0,
    0x0, 0x1, 0x60, 0x3e, 0x0, 0x2f, 0x14, 0x44,
    0x8e, 0x40, 0x0, 0x0, 0x0, 0x3f, 0xff, 0xff,
    0x3d, 0xdd, 0xef, 0xd2, 0x28, 0x88, 0x20, 0x3e,
    0x11, 0x3f, 0x0, 0x0, 0x5e, 0x0, 0x3e, 0xef,
    0x50, 0x3e, 0x0, 0x3f, 0x3, 0x0, 0x5e, 0x0,
    0x0, 0xe, 0x50, 0x3f, 0xff, 0xff, 0xd, 0x50,
    0x5e, 0x0, 0x0, 0xe, 0x50, 0x3e, 0x0, 0x2f,
    0x7, 0xc0, 0x5e, 0x0, 0x0, 0xe, 0x51, 0x6f,
    0x33, 0x5f, 0x1, 0xf1, 0x5e, 0x0, 0x0, 0xe,
    0x57, 0xff, 0xff, 0xff, 0x0, 0xd6, 0x5e, 0x0,
    0x0, 0xe, 0x50, 0x0, 0x9, 0xdf, 0x0, 0x53,
    0x5e, 0x0, 0x0, 0xe, 0x51, 0x20, 0x7d, 0x3f,
    0x0, 0x0, 0x5e, 0x0, 0x0, 0xe, 0x9e, 0x66,
    0xf2, 0x2f, 0x0, 0x0, 0x5e, 0x0, 0x0, 0x2f,
    0xf6, 0xae, 0x30, 0x2f, 0x0, 0x0, 0x5e, 0x0,
    0x0, 0xae, 0x29, 0xc1, 0x12, 0x5f, 0x0, 0x22,
    0x7e, 0x0, 0x0, 0x21, 0x0, 0x0, 0x4f, 0xf9,
    0x0, 0xcf, 0xe7, 0x0, 0x0, 0x0, 0x0, 0x0,
    0x0, 0x0, 0x0, 0x0, 0x0, 0x0,

    /* U+8C61 "象" */
    0x0, 0x0, 0x0, 0x47, 0x0, 0x0, 0x0, 0x0,
    0x0, 0x0, 0x0, 0x0, 0x3f, 0xb3, 0x33, 0x31,
    0x0, 0x0, 0x0, 0x0, 0x0, 0x4f, 0xee, 0xee,
    0xef, 0xc0, 0x0, 0x0, 0x0, 0x0, 0x8f, 0x70,
    0x0, 0x8, 0xe1, 0x0, 0x0, 0x0, 0x4, 0xdf,
    0xfe, 0xee, 0xee, 0xff, 0xee, 0xee, 0xd0, 0x0,
    0xaa, 0xf6, 0x22, 0x22, 0x7e, 0x22, 0x22, 0x7e,
    0x0, 0x0, 0xe, 0x50, 0x0, 0x1e, 0x60, 0x0,
    0x5, 0xe0, 0x0, 0x0, 0xe6, 0x22, 0x2a, 0xe2,
    0x22, 0x22, 0x7e, 0x0, 0x0, 0xd, 0xee, 0xff,
    0xfe, 0xee, 0xee, 0xee, 0xd0, 0x0, 0x0, 0x1,
    0x8e, 0xdc, 0x20, 0x0, 0x0, 0x66, 0x0, 0x2,
    0x6b, 0xfa, 0x20, 0x9f, 0x40, 0x3, 0xce, 0x50,
    0x0, 0x5b, 0x61, 0x1, 0x8e, 0x9f, 0x5b, 0xf9,
    0x0, 0x0, 0x0, 0x1, 0x5a, 0xe8, 0x11, 0xdf,
    0x6a, 0xb0, 0x0, 0x0, 0xa, 0xfb, 0x50, 0x5,
    0xea, 0xf3, 0x1e, 0x70, 0x0, 0x0, 0x21, 0x0,
    0x6d, 0xc3, 0xd, 0x70, 0x4f, 0x70, 0x0, 0x1,
    0x5a, 0xfb, 0x40, 0x0, 0xe7, 0x0, 0x5f, 0xb2,
    0x1, 0xfc, 0x71, 0x3, 0x34, 0xaf, 0x20, 0x0,
    0x3c, 0xa0, 0x0, 0x0, 0x0, 0xbf, 0xfd, 0x40,
    0x0, 0x0, 0x0, 0x0, 0x0, 0x0, 0x0, 0x0,
    0x0, 0x0, 0x0, 0x0, 0x0,

    /* U+8D25 "败" */
    0x0, 0x0, 0x0, 0x0, 0x0, 0x0, 0x75, 0x0,
    0x0, 0x0, 0x2, 0xff, 0xff, 0xff, 0xe0, 0x0,
    0xe7, 0x0, 0x0, 0x0, 0x2, 0xf4, 0x44, 0x47,
    0xe0, 0x2, 0xf3, 0x0, 0x0, 0x0, 0x2, 0xf0,
    0x2, 0x3, 0xe0, 0x7, 0xf4, 0x44, 0x44, 0x40,
    0x2, 0xf0, 0x4e, 0x3, 0xe0, 0xb, 0xff, 0xff,
    0xff, 0xf0, 0x2, 0xf0, 0x4e, 0x3, 0xe0, 0x1f,
    0x40, 0x0, 0xb7, 0x0, 0x2, 0xf0, 0x4e, 0x3,
    0xe0, 0x8e, 0x0, 0x0, 0xe4, 0x0, 0x2, 0xf0,
    0x4e, 0x3, 0xe2, 0xff, 0x0, 0x1, 0xf2, 0x0,
    0x2, 0xf0, 0x4e, 0x3, 0xe7, 0xdd, 0x50, 0x4,
    0xe0, 0x0, 0x2, 0xf0, 0x4e, 0x3, 0xe0, 0x27,
    0xb0, 0x8, 0xa0, 0x0, 0x2, 0xf0, 0x5d, 0x3,
    0xe0, 0x1, 0xf3, 0xe, 0x50, 0x0, 0x2, 0xf0,
    0x6c, 0x3, 0xe0, 0x0, 0xab, 0x4f, 0x0, 0x0,
    0x2, 0xf0, 0xa9, 0x3, 0xe0, 0x0, 0x1f, 0xd9,
    0x0, 0x0, 0x0, 0x20, 0xe5, 0x10, 0x10, 0x0,
    0x8, 0xf3, 0x0, 0x0, 0x0, 0x6, 0xe1, 0xe6,
    0x0, 0x0, 0x2e, 0xfc, 0x0, 0x0, 0x0, 0x1e,
    0x60, 0x4f, 0x30, 0x0, 0xdb, 0x1d, 0xb0, 0x0,
    0x1, 0xcc, 0x0, 0x8, 0xd0, 0x3d, 0xc0, 0x2,
    0xed, 0x30, 0xe, 0xb0, 0x0, 0x0, 0xa5, 0xf9,
    0x0, 0x0, 0x1a, 0xf2, 0x2, 0x0, 0x0, 0x0,
    0x0, 0x30, 0x0, 0x0, 0x0, 0x20,

    /* U+8D70 "走" */
    0x0, 0x0, 0x0, 0x0, 0x0, 0x0, 0x0, 0x0,
    0x0, 0x0, 0x0, 0x0, 0x0, 0x0, 0xe, 0x60,
    0x0, 0x0, 0x0, 0x0, 0x0, 0x0, 0x0, 0x0,
    0xe, 0x60, 0x0, 0x0, 0x0, 0x0, 0x0, 0x4,
    0x44, 0x44, 0x4f, 0x94, 0x44, 0x44, 0x40, 0x0,
    0x0, 0x2f, 0xff, 0xff, 0xff, 0xff, 0xff, 0xff,
    0xf0, 0x0, 0x0, 0x0, 0x0, 0x0, 0xe, 0x60,
    0x0, 0x0, 0x0, 0x0, 0x0, 0x0, 0x0, 0x0,
    0xe, 0x60, 0x0, 0x0, 0x0, 0x0, 0x2, 0x33,
    0x33, 0x33, 0x3f, 0x83, 0x33, 0x33, 0x33, 0x10,
    0xe, 0xff, 0xff, 0xff, 0xff, 0xff, 0xff, 0xff,
    0xff, 0x70, 0x0, 0x0, 0x0, 0x0, 0xe, 0x70,
    0x0, 0x0, 0x0, 0x0, 0x0, 0x0, 0x96, 0x0,
    0xe, 0x60, 0x0, 0x0, 0x0, 0x0, 0x0, 0x0,
    0xf7, 0x0, 0xe, 0x60, 0x0, 0x0, 0x0, 0x0,
    0x0, 0x1, 0xf4, 0x0, 0xe, 0xed, 0xdd, 0xdd,
    0xd2, 0x0, 0x0, 0x6, 0xf5, 0x0, 0xe, 0xa5,
    0x55, 0x55, 0x51, 0x0, 0x0, 0xb, 0xfd, 0x0,
    0xe, 0x60, 0x0, 0x0, 0x0, 0x0, 0x0, 0x3f,
    0x3b, 0xb1, 0xe, 0x60, 0x0, 0x0, 0x0, 0x0,
    0x0, 0xbb, 0x1, 0xde, 0x6e, 0x60, 0x0, 0x0,
    0x0, 0x0, 0x9, 0xf2, 0x0, 0x8, 0xff, 0xc8,
    0x76, 0x54, 0x44, 0x40, 0x3f, 0x40, 0x0, 0x0,
    0x26, 0xad, 0xef, 0xff, 0xff, 0xb0, 0x1, 0x0,
    0x0, 0x0, 0x0, 0x0, 0x0, 0x0, 0x0, 0x0,

    /* U+8D77 "起" */
    0x0, 0x0, 0x1b, 0x20, 0x0, 0x0, 0x0, 0x0,
    0x0, 0x0, 0x0, 0x0, 0x1f, 0x20, 0x0, 0x2a,
    0xaa, 0xaa, 0xaa, 0x0, 0x2, 0x44, 0x5f, 0x64,
    0x42, 0x29, 0x99, 0x99, 0xbf, 0x10, 0x7, 0xff,
    0xff, 0xff, 0xf7, 0x0, 0x0, 0x0, 0x3f, 0x10,
    0x0, 0x0, 0x1f, 0x20, 0x0, 0x0, 0x0, 0x0,
    0x3f, 0x10, 0x0, 0x0, 0x1f, 0x20, 0x0, 0x0,
    0x0, 0x0, 0x3f, 0x10, 0x9, 0x99, 0x9f, 0xa9,
    0x99, 0x2, 0x22, 0x22, 0x5f, 0x10, 0x9, 0x99,
    0x9e, 0xc9, 0x99, 0xf, 0xff, 0xff, 0xff, 0x10,
    0x0, 0x0, 0xc, 0x70, 0x0, 0xf, 0x40, 0x0,
    0x18, 0x0, 0x0, 0xa3, 0xc, 0x70, 0x0, 0xf,
    0x40, 0x0, 0x0, 0x0, 0x0, 0xf4, 0xc, 0x93,
    0x33, 0xf, 0x40, 0x0, 0x0, 0x0, 0x1, 0xf3,
    0xc, 0xff, 0xfc, 0xf, 0x40, 0x0, 0x0, 0x60,
    0x2, 0xf5, 0xc, 0x70, 0x0, 0xf, 0x40, 0x0,
    0x1, 0xf2, 0x3, 0xfc, 0xc, 0x70, 0x0, 0xf,
    0x60, 0x0, 0x4, 0xf0, 0x5, 0xfe, 0x7c, 0x70,
    0x0, 0xb, 0xff, 0xff, 0xff, 0x90, 0x8, 0xb4,
    0xff, 0x70, 0x0, 0x0, 0x34, 0x44, 0x43, 0x0,
    0xc, 0x80, 0x5e, 0xea, 0x65, 0x44, 0x44, 0x44,
    0x44, 0x41, 0x3f, 0x20, 0x1, 0x6a, 0xde, 0xff,
    0xff, 0xff, 0xff, 0xf1, 0x6, 0x0, 0x0, 0x0,
    0x0, 0x0, 0x0, 0x0, 0x0, 0x0,

    /* U+8D85 "超" */
    0x0, 0x0, 0x28, 0x0, 0x0, 0x0, 0x0, 0x0,
    0x0, 0x0, 0x0, 0x0, 0x4f, 0x0, 0x2, 0xbb,
    0xbb, 0xbb, 0xbb, 0x60, 0x2, 0x33, 0x7f, 0x33,
    0x31, 0x55, 0x7f, 0x55, 0x5d, 0x80, 0x7, 0xff,
    0xff, 0xff, 0xf2, 0x0, 0x6d, 0x0, 0xd, 0x70,
    0x0, 0x0, 0x4f, 0x0, 0x0, 0x0, 0xb9, 0x0,
    0xe, 0x50, 0x0, 0x0, 0x4f, 0x0, 0x0, 0x3,
    0xf2, 0x0, 0xf, 0x40, 0x4, 0x44, 0x7f, 0x44,
    0x42, 0x1e, 0x90, 0x33, 0x7f, 0x10, 0xd, 0xee,
    0xff, 0xfe, 0xec, 0xeb, 0x0, 0x8e, 0xd7, 0x0,
    0x0, 0x0, 0xf, 0x20, 0x2, 0x70, 0x0, 0x0,
    0x0, 0x0, 0x0, 0x92, 0xf, 0x20, 0x0, 0x5f,
    0xff, 0xff, 0xff, 0x10, 0x0, 0xf3, 0xf, 0x63,
    0x31, 0x5e, 0x11, 0x11, 0x4f, 0x10, 0x1, 0xf2,
    0xf, 0xff, 0xf6, 0x5e, 0x0, 0x0, 0x3f, 0x10,
    0x2, 0xf4, 0xf, 0x20, 0x0, 0x5e, 0x0, 0x0,
    0x3f, 0x10, 0x3, 0xfa, 0xf, 0x20, 0x0, 0x5e,
    0x11, 0x11, 0x4f, 0x10, 0x5, 0xef, 0x5f, 0x20,
    0x0, 0x5f, 0xff, 0xff, 0xff, 0x10, 0x8, 0xa6,
    0xff, 0x20, 0x0, 0x0, 0x0, 0x0, 0x0, 0x0,
    0xd, 0x70, 0x7f, 0xea, 0x65, 0x44, 0x44, 0x44,
    0x44, 0x41, 0x3f, 0x10, 0x1, 0x7b, 0xde, 0xff,
    0xff, 0xff, 0xff, 0xf0, 0x4, 0x0, 0x0, 0x0,
    0x0, 0x0, 0x0, 0x0, 0x0, 0x0,

    /* U+8DA3 "趣" */
    0x0, 0x0, 0xb7, 0x0, 0x0, 0x0, 0x0, 0x0,
    0x0, 0x0, 0x0, 0x0, 0xb7, 0x0, 0xff, 0xff,
    0xff, 0x20, 0x0, 0x0, 0x1, 0x33, 0xc9, 0x33,
    0x6f, 0x55, 0xd8, 0x32, 0x22, 0x0, 0x7, 0xff,
    0xff, 0xfe, 0x1f, 0x0, 0xc6, 0xff, 0xff, 0x50,
    0x0, 0x0, 0xb7, 0x0, 0x1f, 0x55, 0xd4, 0x0,
    0xe, 0x30, 0x0, 0x0, 0xb7, 0x0, 0x1f, 0x99,
    0xe7, 0x80, 0x1f, 0x0, 0xd, 0xdd, 0xfe, 0xdd,
    0x5f, 0x0, 0xc5, 0xe3, 0x5e, 0x0, 0x5, 0x55,
    0x8e, 0x55, 0x2f, 0x0, 0xc4, 0x7c, 0x8a, 0x0,
    0x0, 0x0, 0x5e, 0x0, 0x1f, 0xcc, 0xf4, 0xe,
    0xf6, 0x0, 0x0, 0xe2, 0x5e, 0x0, 0x1f, 0x44,
    0xd4, 0x6, 0xf2, 0x0, 0x0, 0xf2, 0x5f, 0xee,
    0x4f, 0x0, 0xc4, 0x6, 0xf4, 0x0, 0x1, 0xf2,
    0x5e, 0x44, 0x2f, 0x1, 0xdd, 0x3c, 0xdb, 0x0,
    0x1, 0xf6, 0x5e, 0x0, 0x1f, 0xbf, 0xf8, 0x4f,
    0x2f, 0x20, 0x3, 0xfc, 0x5e, 0x5, 0xfd, 0x71,
    0xc4, 0xca, 0xb, 0x70, 0x6, 0xdd, 0xce, 0x1,
    0x30, 0x0, 0xc8, 0xf1, 0x5, 0x60, 0x9, 0x93,
    0xfe, 0x0, 0x0, 0x0, 0xc4, 0x30, 0x0, 0x0,
    0xe, 0x40, 0x4e, 0xfa, 0x76, 0x54, 0x44, 0x44,
    0x44, 0x40, 0x5d, 0x0, 0x1, 0x6a, 0xde, 0xff,
    0xff, 0xff, 0xff, 0xb0, 0x3, 0x0, 0x0, 0x0,
    0x0, 0x0, 0x0, 0x0, 0x0, 0x0,

    /* U+8DB3 "足" */
    0x0, 0x5f, 0xff, 0xff, 0xff, 0xff, 0xff, 0xff,
    0x30, 0x0, 0x6, 0xf5, 0x55, 0x55, 0x55, 0x55,
    0x57, 0xf3, 0x0, 0x0, 0x6e, 0x0, 0x0, 0x0,
    0x0, 0x0, 0x2f, 0x30, 0x0, 0x6, 0xe0, 0x0,
    0x0, 0x0, 0x0, 0x2, 0xf3, 0x0, 0x0, 0x6e,
    0x0, 0x0, 0x0, 0x0, 0x0, 0x2f, 0x30, 0x0,
    0x6, 0xf4, 0x44, 0x44, 0x44, 0x44, 0x46, 0xf3,
    0x0, 0x0, 0x5f, 0xff, 0xff, 0xff, 0xff, 0xff,
    0xff, 0x30, 0x0, 0x0, 0x0, 0x0, 0x6, 0xf0,
    0x0, 0x0, 0x0, 0x0, 0x0, 0x2, 0x71, 0x0,
    0x6f, 0x0, 0x0, 0x0, 0x0, 0x0, 0x0, 0x5f,
    0x0, 0x6, 0xf0, 0x0, 0x0, 0x0, 0x0, 0x0,
    0x8, 0xd0, 0x0, 0x6f, 0xff, 0xff, 0xff, 0xb0,
    0x0, 0x0, 0xde, 0x0, 0x6, 0xf4, 0x44, 0x44,
    0x43, 0x0, 0x0, 0x2f, 0xf7, 0x0, 0x6f, 0x0,
    0x0, 0x0, 0x0, 0x0, 0xa, 0xd3, 0xf4, 0x6,
    0xf0, 0x0, 0x0, 0x0, 0x0, 0x3, 0xf5, 0x7,
    0xf8, 0x7f, 0x0, 0x0, 0x0, 0x0, 0x2, 0xeb,
    0x0, 0x4, 0xef, 0xf8, 0x76, 0x44, 0x44, 0x41,
    0xac, 0x0, 0x0, 0x0, 0x59, 0xce, 0xff, 0xff,
    0xff, 0x10, 0x0, 0x0, 0x0, 0x0, 0x0, 0x0,
    0x0, 0x0, 0x0,

    /* U+8DDD "距" */
    0x0, 0x11, 0x11, 0x11, 0x0, 0x0, 0x0, 0x0,
    0x0, 0x0, 0x3, 0xff, 0xff, 0xff, 0x35, 0xee,
    0xee, 0xee, 0xee, 0xc0, 0x3, 0xf1, 0x11, 0x1f,
    0x36, 0xf6, 0x66, 0x66, 0x66, 0x50, 0x3, 0xf0,
    0x0, 0xf, 0x36, 0xe0, 0x0, 0x0, 0x0, 0x0,
    0x3, 0xf0, 0x0, 0xf, 0x36, 0xe0, 0x0, 0x0,
    0x0, 0x0, 0x3, 0xf0, 0x0, 0xf, 0x36, 0xe1,
    0x11, 0x11, 0x11, 0x0, 0x3, 0xff, 0xff, 0xff,
    0x36, 0xff, 0xff, 0xff, 0xfe, 0x0, 0x0, 0x22,
    0x6e, 0x22, 0x6, 0xe2, 0x22, 0x22, 0x6e, 0x0,
    0x0, 0x0, 0x5e, 0x0, 0x6, 0xe0, 0x0, 0x0,
    0x5e, 0x0, 0x2, 0xa0, 0x5e, 0x0, 0x6, 0xe0,
    0x0, 0x0, 0x5e, 0x0, 0x3, 0xf0, 0x5f, 0xbb,
    0x76, 0xe0, 0x0, 0x0, 0x5e, 0x0, 0x3, 0xf0,
    0x5f, 0x88, 0x56, 0xf5, 0x55, 0x55, 0x9e, 0x0,
    0x3, 0xf0, 0x5e, 0x0, 0x6, 0xfe, 0xee, 0xee,
    0xed, 0x0, 0x3, 0xf0, 0x5e, 0x0, 0x6, 0xe0,
    0x0, 0x0, 0x0, 0x0, 0x3, 0xf0, 0x5e, 0x3,
    0x46, 0xe0, 0x0, 0x0, 0x0, 0x0, 0x3, 0xf2,
    0x9f, 0xef, 0x86, 0xe0, 0x0, 0x0, 0x0, 0x0,
    0x1b, 0xff, 0xd9, 0x40, 0x6, 0xf5, 0x55, 0x55,
    0x55, 0x51, 0xa, 0x61, 0x0, 0x0, 0x6, 0xff,
    0xff, 0xff, 0xff, 0xf3,

    /* U+8DEF "路" */
    0x0, 0x22, 0x22, 0x22, 0x0, 0x3, 0xd1, 0x0,
    0x0, 0x0, 0x2, 0xff, 0xff, 0xff, 0x30, 0xa,
    0xc0, 0x0, 0x0, 0x0, 0x2, 0xf1, 0x0, 0xf,
    0x30, 0x1f, 0xfe, 0xee, 0xe8, 0x0, 0x2, 0xf0,
    0x0, 0xf, 0x30, 0x8e, 0x44, 0x45, 0xf5, 0x0,
    0x2, 0xf0, 0x0, 0xf, 0x32, 0xff, 0x40, 0x7,
    0xe0, 0x0, 0x2, 0xf0, 0x0, 0xf, 0x4d, 0xa7,
    0xd0, 0x1e, 0x60, 0x0, 0x2, 0xff, 0xff, 0xff,
    0xdd, 0x0, 0xc8, 0xbc, 0x0, 0x0, 0x0, 0x22,
    0x6e, 0x22, 0x12, 0x0, 0x2f, 0xf2, 0x0, 0x0,
    0x0, 0x0, 0x4e, 0x0, 0x0, 0x0, 0xbf, 0xf8,
    0x0, 0x0, 0x2, 0xf0, 0x4e, 0x0, 0x0, 0x2d,
    0xd2, 0x3d, 0xb2, 0x0, 0x2, 0xf0, 0x4f, 0xff,
    0x89, 0xf9, 0x0, 0x1, 0xbf, 0xa1, 0x2, 0xf0,
    0x4e, 0x12, 0xcd, 0xfd, 0xdd, 0xdd, 0xef, 0xc1,
    0x2, 0xf0, 0x4e, 0x0, 0x0, 0xf7, 0x44, 0x44,
    0x8e, 0x0, 0x2, 0xf0, 0x4e, 0x0, 0x0, 0xf4,
    0x0, 0x0, 0x5e, 0x0, 0x2, 0xf0, 0x4e, 0x4,
    0x40, 0xf4, 0x0, 0x0, 0x5e, 0x0, 0x2, 0xf4,
    0xaf, 0xff, 0x80, 0xf4, 0x0, 0x0, 0x5e, 0x0,
    0x1c, 0xff, 0xd9, 0x51, 0x0, 0xf7, 0x33, 0x33,
    0x8e, 0x0, 0x9, 0x51, 0x0, 0x0, 0x0, 0xff,
    0xff, 0xff, 0xfe, 0x0, 0x0, 0x0, 0x0, 0x0,
    0x0, 0xf4, 0x0, 0x0, 0x5d, 0x0,

    /* U+8EAB "身" */
    0x0, 0x0, 0x0, 0x0, 0x2e, 0x40, 0x0, 0x0,
    0x0, 0x0, 0x0, 0x0, 0x0, 0x9, 0xe0, 0x0,
    0x0, 0x0, 0x0, 0x0, 0x0, 0xef, 0xff, 0xff,
    0xff, 0xff, 0xf4, 0x0, 0x0, 0x0, 0xe, 0x83,
    0x33, 0x33, 0x33, 0x4f, 0x40, 0x0, 0x0, 0x0,
    0xe6, 0x0, 0x0, 0x0, 0x0, 0xf4, 0x0, 0x0,
    0x0, 0xe, 0xff, 0xff, 0xff, 0xff, 0xff, 0x40,
    0x0, 0x0, 0x0, 0xe7, 0x11, 0x11, 0x11, 0x12,
    0xf4, 0x0, 0x0, 0x0, 0xe, 0x60, 0x0, 0x0,
    0x0, 0xf, 0x41, 0xa2, 0x0, 0x0, 0xef, 0xff,
    0xff, 0xff, 0xff, 0xf4, 0xbc, 0x0, 0x0, 0xe,
    0x71, 0x11, 0x11, 0x11, 0x2f, 0xdd, 0x10, 0x0,
    0x0, 0xe6, 0x0, 0x0, 0x0, 0x0, 0xfe, 0x20,
    0x0, 0x8d, 0xdf, 0xed, 0xdd, 0xdd, 0xdd, 0xef,
    0x50, 0x0, 0x3, 0x55, 0x55, 0x55, 0x55, 0x5b,
    0xfc, 0xf4, 0x0, 0x0, 0x0, 0x0, 0x0, 0x0,
    0x4c, 0xf6, 0xf, 0x40, 0x0, 0x0, 0x0, 0x0,
    0x3, 0xcf, 0xa2, 0x0, 0xf4, 0x0, 0x0, 0x0,
    0x1, 0x6c, 0xfa, 0x20, 0x0, 0xf, 0x40, 0x0,
    0x2, 0x7c, 0xfd, 0x71, 0x0, 0x55, 0x46, 0xf3,
    0x0, 0x1, 0xfe, 0x82, 0x0, 0x0, 0xe, 0xff,
    0xd9, 0x0, 0x0, 0x1, 0x0, 0x0, 0x0, 0x0,
    0x0, 0x0, 0x0, 0x0, 0x0,

    /* U+8F6C "转" */
    0x0, 0x0, 0x83, 0x0, 0x0, 0x0, 0x5, 0x70,
    0x0, 0x0, 0x0, 0x0, 0xf4, 0x0, 0x0, 0x0,
    0xb, 0xa0, 0x0, 0x0, 0x4, 0x46, 0xf5, 0x44,
    0x13, 0x44, 0x4f, 0x94, 0x44, 0x10, 0xf, 0xff,
    0xff, 0xff, 0x4a, 0xff, 0xff, 0xff, 0xff, 0x60,
    0x0, 0xc, 0x70, 0x0, 0x0, 0x0, 0x8d, 0x0,
    0x0, 0x0, 0x0, 0x1f, 0x20, 0x0, 0x0, 0x0,
    0xc9, 0x0, 0x0, 0x0, 0x0, 0x6c, 0xc, 0x20,
    0x36, 0x66, 0xfa, 0x66, 0x66, 0x60, 0x0, 0xc6,
    0xf, 0x30, 0x6d, 0xde, 0xfd, 0xdd, 0xdd, 0xd1,
    0x5, 0xf2, 0x2f, 0x51, 0x0, 0xa, 0xb0, 0x0,
    0x0, 0x0, 0xa, 0xff, 0xff, 0xff, 0x50, 0xf,
    0x60, 0x0, 0x0, 0x0, 0x1, 0x0, 0xf, 0x30,
    0x0, 0x5f, 0xff, 0xff, 0xfe, 0x10, 0x0, 0x0,
    0xf, 0x30, 0x0, 0x24, 0x44, 0x45, 0xf9, 0x0,
    0x0, 0x0, 0xf, 0x66, 0x80, 0x0, 0x0, 0x9,
    0xe1, 0x0, 0x4, 0x7a, 0xdf, 0xfe, 0xb0, 0x2,
    0x0, 0x4f, 0x40, 0x0, 0xf, 0xfc, 0x9f, 0x40,
    0x0, 0x1e, 0xc3, 0xe9, 0x0, 0x0, 0x2, 0x0,
    0xf, 0x30, 0x0, 0x2, 0xdf, 0xe0, 0x0, 0x0,
    0x0, 0x0, 0xf, 0x30, 0x0, 0x0, 0x9, 0xf8,
    0x0, 0x0, 0x0, 0x0, 0xf, 0x30, 0x0, 0x0,
    0x0, 0x7f, 0x90, 0x0, 0x0, 0x0, 0xf, 0x30,
    0x0, 0x0, 0x0, 0x5, 0xb0, 0x0, 0x0, 0x0,
    0x0, 0x0, 0x0, 0x0, 0x0, 0x0, 0x0, 0x0,

    /* U+8F7B "轻" */
    0x0, 0x1, 0x91, 0x0, 0x0, 0x0, 0x0, 0x0,
    0x0, 0x0, 0x0, 0x4f, 0x10, 0x0, 0x5a, 0xaa,
    0xaa, 0xaa, 0x60, 0x5, 0x59, 0xe5, 0x55, 0x25,
    0x99, 0x99, 0x9a, 0xf6, 0x0, 0xff, 0xff, 0xff,
    0xf7, 0x0, 0x0, 0x0, 0xcb, 0x0, 0x0, 0xe,
    0x50, 0x0, 0x0, 0x0, 0x0, 0xac, 0x0, 0x0,
    0x3, 0xf1, 0xc2, 0x0, 0x0, 0x0, 0xbe, 0x10,
    0x0, 0x0, 0x7b, 0xf, 0x30, 0x0, 0x3, 0xdd,
    0xfd, 0x40, 0x0, 0xd, 0x50, 0xf3, 0x0, 0x18,
    0xf9, 0x2, 0xbf, 0xa1, 0x3, 0xf4, 0x4f, 0x63,
    0x5f, 0xe5, 0x0, 0x0, 0x5e, 0xc0, 0xaf, 0xff,
    0xff, 0xf5, 0x70, 0x0, 0x0, 0x0, 0x13, 0x2,
    0x33, 0x3f, 0x52, 0x2, 0x66, 0x66, 0x66, 0x66,
    0x0, 0x0, 0x0, 0xf3, 0x0, 0x5d, 0xdd, 0xfe,
    0xdd, 0xd0, 0x0, 0x0, 0xf, 0x44, 0x30, 0x0,
    0xe, 0x60, 0x0, 0x0, 0x46, 0x9c, 0xff, 0xe6,
    0x0, 0x0, 0xe6, 0x0, 0x0, 0xf, 0xda, 0x8f,
    0x40, 0x0, 0x0, 0xe, 0x60, 0x0, 0x0, 0x0,
    0x0, 0xf3, 0x0, 0x0, 0x0, 0xe6, 0x0, 0x0,
    0x0, 0x0, 0xf, 0x30, 0x24, 0x44, 0x4f, 0x94,
    0x44, 0x30, 0x0, 0x0, 0xf3, 0x8, 0xff, 0xff,
    0xff, 0xff, 0xfe,

    /* U+8FB9 "边" */
    0x0, 0x30, 0x0, 0x0, 0x0, 0x6, 0x30, 0x0,
    0x0, 0x0, 0x1, 0xea, 0x0, 0x0, 0x0, 0xe,
    0x80, 0x0, 0x0, 0x0, 0x0, 0x2e, 0xa0, 0x0,
    0x0, 0xe, 0x70, 0x0, 0x0, 0x0, 0x0, 0x3,
    0xf8, 0x2, 0x22, 0x2f, 0x82, 0x22, 0x22, 0x0,
    0x0, 0x0, 0x53, 0x2f, 0xff, 0xff, 0xff, 0xff,
    0xff, 0x50, 0x0, 0x0, 0x0, 0x2, 0x22, 0x4f,
    0x62, 0x22, 0x3f, 0x50, 0x0, 0x0, 0x0, 0x0,
    0x0, 0x4f, 0x20, 0x0, 0x1f, 0x40, 0x1f, 0xff,
    0xe0, 0x0, 0x0, 0x6f, 0x0, 0x0, 0x2f, 0x30,
    0x5, 0x5a, 0xe0, 0x0, 0x0, 0xac, 0x0, 0x0,
    0x3f, 0x20, 0x0, 0x6, 0xe0, 0x0, 0x0, 0xf7,
    0x0, 0x0, 0x4f, 0x10, 0x0, 0x6, 0xe0, 0x0,
    0x5, 0xf2, 0x0, 0x0, 0x5f, 0x0, 0x0, 0x6,
    0xe0, 0x0, 0xe, 0xa0, 0x0, 0x0, 0x7e, 0x0,
    0x0, 0x6, 0xe0, 0x0, 0x9f, 0x10, 0x0, 0x0,
    0xac, 0x0, 0x0, 0x6, 0xe0, 0xa, 0xf5, 0x0,
    0x10, 0x2, 0xf8, 0x0, 0x0, 0x7, 0xe0, 0x6e,
    0x30, 0x0, 0x7f, 0xff, 0xe2, 0x0, 0x0, 0x9f,
    0xfc, 0x21, 0x0, 0x0, 0x14, 0x44, 0x10, 0x0,
    0x1c, 0xf4, 0x1a, 0xfd, 0x85, 0x44, 0x34, 0x45,
    0x56, 0x73, 0x2e, 0x40, 0x0, 0x38, 0xdf, 0xff,
    0xff, 0xff, 0xff, 0xe2, 0x1, 0x0, 0x0, 0x0,
    0x0, 0x11, 0x11, 0x10, 0x0, 0x0,

    /* U+8FBE "达" */
    0x0, 0x40, 0x0, 0x0, 0x0, 0x2, 0xe3, 0x0,
    0x0, 0x0, 0x1, 0xe9, 0x0, 0x0, 0x0, 0x3,
    0xf2, 0x0, 0x0, 0x0, 0x0, 0x4f, 0x50, 0x0,
    0x0, 0x4, 0xf1, 0x0, 0x0, 0x0, 0x0, 0xa,
    0xe0, 0x0, 0x0, 0x4, 0xf0, 0x0, 0x0, 0x0,
    0x0, 0x1, 0xb1, 0x7f, 0xff, 0xff, 0xff, 0xff,
    0xff, 0xe0, 0x0, 0x0, 0x0, 0x25, 0x55, 0x5b,
    0xe5, 0x55, 0x55, 0x50, 0x0, 0x0, 0x0, 0x0,
    0x0, 0xb, 0xb0, 0x0, 0x0, 0x0, 0x4, 0x44,
    0x40, 0x0, 0x0, 0xe, 0xf5, 0x0, 0x0, 0x0,
    0xf, 0xff, 0xf2, 0x0, 0x0, 0x2f, 0xcf, 0x40,
    0x0, 0x0, 0x0, 0x2, 0xf2, 0x0, 0x0, 0x9e,
    0xa, 0xf3, 0x0, 0x0, 0x0, 0x2, 0xf2, 0x0,
    0x1, 0xf8, 0x0, 0xce, 0x20, 0x0, 0x0, 0x2,
    0xf2, 0x0, 0xc, 0xe0, 0x0, 0xd, 0xd1, 0x0,
    0x0, 0x2, 0xf2, 0x0, 0x9f, 0x40, 0x0, 0x1,
    0xeb, 0x0, 0x0, 0x2, 0xf2, 0x2d, 0xf5, 0x0,
    0x0, 0x0, 0x4f, 0x70, 0x0, 0x6, 0xf5, 0x2b,
    0x20, 0x0, 0x0, 0x0, 0x6, 0x20, 0x0, 0xae,
    0x9f, 0x70, 0x0, 0x0, 0x0, 0x0, 0x0, 0x0,
    0xa, 0xf2, 0x2, 0xdd, 0x85, 0x43, 0x33, 0x44,
    0x56, 0x82, 0xd, 0x50, 0x0, 0x4, 0xbe, 0xff,
    0xff, 0xff, 0xfe, 0xd0, 0x1, 0x0, 0x0, 0x0,
    0x0, 0x0, 0x0, 0x0, 0x0, 0x0,

    /* U+8FC7 "过" */
    0x0, 0x0, 0x0, 0x0, 0x0, 0x0, 0x0, 0x27,
    0x0, 0x0, 0x1, 0xd5, 0x0, 0x0, 0x0, 0x0,
    0x0, 0x5f, 0x0, 0x0, 0x0, 0x7f, 0x60, 0x0,
    0x0, 0x0, 0x0, 0x5f, 0x0, 0x0, 0x0, 0x7,
    0xf5, 0x2, 0x22, 0x22, 0x22, 0x6f, 0x22, 0x10,
    0x0, 0x0, 0x94, 0x2f, 0xff, 0xff, 0xff, 0xff,
    0xff, 0xd0, 0x0, 0x0, 0x0, 0x2, 0x22, 0x22,
    0x22, 0x6f, 0x22, 0x10, 0x0, 0x0, 0x0, 0x0,
    0x0, 0x0, 0x0, 0x5f, 0x0, 0x0, 0x4, 0x44,
    0x40, 0x0, 0xc7, 0x0, 0x0, 0x5f, 0x0, 0x0,
    0xf, 0xff, 0xf2, 0x0, 0x4f, 0x40, 0x0, 0x5f,
    0x0, 0x0, 0x0, 0x2, 0xf2, 0x0, 0x8, 0xe1,
    0x0, 0x5f, 0x0, 0x0, 0x0, 0x2, 0xf2, 0x0,
    0x0, 0xd9, 0x0, 0x5f, 0x0, 0x0, 0x0, 0x2,
    0xf2, 0x0, 0x0, 0x31, 0x0, 0x5f, 0x0, 0x0,
    0x0, 0x2, 0xf2, 0x0, 0x0, 0x0, 0x0, 0x5f,
    0x0, 0x0, 0x0, 0x2, 0xf2, 0x0, 0x0, 0x3,
    0x33, 0x8f, 0x0, 0x0, 0x0, 0x6, 0xf5, 0x0,
    0x0, 0xe, 0xff, 0xf8, 0x0, 0x0, 0x0, 0xae,
    0x9e, 0x81, 0x0, 0x1, 0x11, 0x0, 0x0, 0x0,
    0xa, 0xf2, 0x2, 0xcf, 0xa6, 0x54, 0x44, 0x55,
    0x67, 0x93, 0xd, 0x50, 0x0, 0x5, 0xad, 0xff,
    0xff, 0xff, 0xee, 0xd1, 0x0, 0x0, 0x0, 0x0,
    0x0, 0x0, 0x0, 0x0, 0x0, 0x0,

    /* U+8FC8 "迈" */
    0x3, 0x50, 0x0, 0x24, 0x44, 0x44, 0x44, 0x44,
    0x44, 0x40, 0x6, 0xf9, 0x0, 0x9f, 0xff, 0xff,
    0xff, 0xff, 0xff, 0xe0, 0x0, 0x4f, 0xa0, 0x0,
    0x1, 0xf4, 0x0, 0x0, 0x0, 0x0, 0x0, 0x3,
    0xf6, 0x0, 0x2, 0xf3, 0x0, 0x0, 0x0, 0x0,
    0x0, 0x0, 0x20, 0x0, 0x3, 0xf2, 0x0, 0x0,
    0x0, 0x0, 0x0, 0x0, 0x0, 0x0, 0x4, 0xfb,
    0xaa, 0xaa, 0xa9, 0x0, 0x4, 0x44, 0x40, 0x0,
    0x7, 0xf9, 0x99, 0x99, 0xce, 0x0, 0xf, 0xff,
    0xf2, 0x0, 0xa, 0xb0, 0x0, 0x0, 0x7d, 0x0,
    0x0, 0x1, 0xf2, 0x0, 0xd, 0x80, 0x0, 0x0,
    0x8c, 0x0, 0x0, 0x1, 0xf2, 0x0, 0x4f, 0x30,
    0x0, 0x0, 0xab, 0x0, 0x0, 0x1, 0xf2, 0x0,
    0xad, 0x0, 0x0, 0x0, 0xb9, 0x0, 0x0, 0x1,
    0xf2, 0x4, 0xf5, 0x0, 0x0, 0x0, 0xe7, 0x0,
    0x0, 0x1, 0xf2, 0x3f, 0xb0, 0x0, 0x1, 0x4,
    0xf4, 0x0, 0x0, 0x1, 0xf2, 0x9b, 0x0, 0x0,
    0x2f, 0xff, 0xc0, 0x0, 0x0, 0x2b, 0xfb, 0x20,
    0x0, 0x0, 0x2, 0x22, 0x0, 0x0, 0x6, 0xfe,
    0x8d, 0xfc, 0x75, 0x43, 0x33, 0x44, 0x45, 0x61,
    0xb, 0xb0, 0x0, 0x59, 0xef, 0xff, 0xff, 0xff,
    0xff, 0xe0, 0x1, 0x0, 0x0, 0x0, 0x0, 0x1,
    0x11, 0x10, 0x0, 0x0,

    /* U+8FD4 "返" */
    0x0, 0x0, 0x0, 0x0, 0x0, 0x0, 0x0, 0x0,
    0x22, 0x0, 0x2, 0xb2, 0x0, 0x0, 0x45, 0x67,
    0x9a, 0xcf, 0xfe, 0x20, 0x0, 0xbd, 0x10, 0x4,
    0xfe, 0xdb, 0xa8, 0x74, 0x20, 0x0, 0x0, 0x1d,
    0xc0, 0x4, 0xf0, 0x0, 0x0, 0x0, 0x0, 0x0,
    0x0, 0x2, 0xd2, 0x4, 0xf0, 0x0, 0x0, 0x0,
    0x0, 0x0, 0x0, 0x0, 0x0, 0x4, 0xf6, 0x55,
    0x55, 0x55, 0x53, 0x0, 0x0, 0x0, 0x0, 0x4,
    0xfe, 0xdd, 0xdd, 0xdd, 0xf9, 0x0, 0x4, 0x44,
    0x30, 0x5, 0xf0, 0x0, 0x0, 0x2, 0xf3, 0x0,
    0xf, 0xff, 0xe0, 0x6, 0xf1, 0xc4, 0x0, 0xa,
    0xc0, 0x0, 0x0, 0x6, 0xe0, 0x8, 0xd0, 0x7f,
    0x70, 0x5f, 0x30, 0x0, 0x0, 0x6, 0xe0, 0xb,
    0xa0, 0x4, 0xfb, 0xf7, 0x0, 0x0, 0x0, 0x6,
    0xe0, 0xf, 0x60, 0x0, 0x6f, 0xf1, 0x0, 0x0,
    0x0, 0x6, 0xe0, 0x6f, 0x10, 0x6, 0xfa, 0xce,
    0x20, 0x0, 0x0, 0x6, 0xe0, 0xe9, 0x4, 0xbf,
    0x60, 0xb, 0xf3, 0x0, 0x0, 0x6, 0xe2, 0xc1,
    0x5f, 0xb2, 0x0, 0x0, 0xbc, 0x0, 0x0, 0x7f,
    0xf9, 0x10, 0x2, 0x0, 0x0, 0x0, 0x1, 0x0,
    0xa, 0xf4, 0x2a, 0xfb, 0x64, 0x33, 0x33, 0x44,
    0x56, 0x81, 0x1d, 0x40, 0x0, 0x38, 0xde, 0xff,
    0xff, 0xff, 0xfe, 0xc0, 0x0, 0x0, 0x0, 0x0,
    0x0, 0x0, 0x0, 0x0, 0x0, 0x0,

    /* U+8FD8 "还" */
    0x0, 0x30, 0x0, 0x0, 0x0, 0x0, 0x0, 0x0,
    0x0, 0x0, 0x1, 0xea, 0x0, 0x15, 0x55, 0x55,
    0x55, 0x55, 0x55, 0x40, 0x0, 0x2e, 0xb0, 0x4f,
    0xff, 0xff, 0xff, 0xff, 0xff, 0xb0, 0x0, 0x3,
    0xfa, 0x0, 0x0, 0x0, 0x6f, 0x20, 0x0, 0x0,
    0x0, 0x0, 0x54, 0x0, 0x0, 0x1, 0xe9, 0x0,
    0x0, 0x0, 0x0, 0x0, 0x0, 0x0, 0x0, 0x9,
    0xf3, 0x0, 0x0, 0x0, 0x0, 0x0, 0x0, 0x0,
    0x0, 0x6f, 0xf3, 0x61, 0x0, 0x0, 0x1f, 0xff,
    0xe0, 0x0, 0x4, 0xfc, 0xf3, 0xcd, 0x10, 0x0,
    0x5, 0x5a, 0xe0, 0x0, 0x4f, 0xa2, 0xf2, 0x1c,
    0xd1, 0x0, 0x0, 0x6, 0xe0, 0x6, 0xfb, 0x2,
    0xf2, 0x1, 0xdc, 0x10, 0x0, 0x6, 0xe0, 0xbf,
    0x90, 0x2, 0xf2, 0x0, 0x1d, 0xc0, 0x0, 0x6,
    0xe0, 0x66, 0x0, 0x2, 0xf2, 0x0, 0x2, 0x60,
    0x0, 0x6, 0xe0, 0x0, 0x0, 0x2, 0xf2, 0x0,
    0x0, 0x0, 0x0, 0x6, 0xe0, 0x0, 0x0, 0x2,
    0xf2, 0x0, 0x0, 0x0, 0x0, 0x7, 0xe0, 0x0,
    0x0, 0x2, 0xf2, 0x0, 0x0, 0x0, 0x0, 0x9f,
    0xfc, 0x30, 0x0, 0x1, 0xb2, 0x0, 0x0, 0x0,
    0x1c, 0xf4, 0x19, 0xfd, 0x85, 0x44, 0x34, 0x45,
    0x56, 0x75, 0x2e, 0x40, 0x0, 0x28, 0xdf, 0xff,
    0xff, 0xff, 0xff, 0xe5, 0x1, 0x0, 0x0, 0x0,
    0x0, 0x11, 0x11, 0x10, 0x0, 0x0,

    /* U+8FD9 "这" */
    0x0, 0x0, 0x0, 0x0, 0x0, 0x18, 0x0, 0x0,
    0x0, 0x0, 0x2, 0x60, 0x0, 0x0, 0x0, 0x1f,
    0x80, 0x0, 0x0, 0x0, 0x4, 0xf9, 0x0, 0x0,
    0x0, 0x8, 0xf1, 0x0, 0x0, 0x0, 0x0, 0x4f,
    0x70, 0x55, 0x55, 0x57, 0xe7, 0x55, 0x55, 0x50,
    0x0, 0x6, 0xd1, 0xee, 0xee, 0xee, 0xee, 0xef,
    0xee, 0xd0, 0x0, 0x0, 0x0, 0x0, 0x0, 0x0,
    0x0, 0x5f, 0x10, 0x0, 0x0, 0x0, 0x0, 0x2c,
    0x40, 0x0, 0x0, 0xba, 0x0, 0x0, 0x3, 0x33,
    0x30, 0x8, 0xf8, 0x0, 0x3, 0xf4, 0x0, 0x0,
    0xf, 0xff, 0xf0, 0x0, 0x3e, 0xd3, 0xd, 0xb0,
    0x0, 0x0, 0x0, 0x5, 0xf0, 0x0, 0x1, 0xaf,
    0xce, 0x10, 0x0, 0x0, 0x0, 0x5, 0xf0, 0x0,
    0x0, 0xb, 0xfc, 0x0, 0x0, 0x0, 0x0, 0x5,
    0xf0, 0x0, 0x0, 0xaf, 0x8e, 0xd2, 0x0, 0x0,
    0x0, 0x5, 0xf0, 0x0, 0x3c, 0xe3, 0x1, 0xcf,
    0x40, 0x0, 0x0, 0x5, 0xf0, 0x4b, 0xfb, 0x20,
    0x0, 0xb, 0xf6, 0x0, 0x0, 0x5, 0xf0, 0xdc,
    0x30, 0x0, 0x0, 0x0, 0xab, 0x0, 0x0, 0x5d,
    0xfa, 0x20, 0x0, 0x0, 0x0, 0x0, 0x0, 0x0,
    0x9, 0xfa, 0x5b, 0xfc, 0x75, 0x54, 0x44, 0x55,
    0x67, 0x81, 0xd, 0x80, 0x0, 0x49, 0xdf, 0xff,
    0xff, 0xff, 0xff, 0xc0, 0x1, 0x0, 0x0, 0x0,
    0x0, 0x1, 0x11, 0x0, 0x0, 0x0,

    /* U+8FDB "进" */
    0x0, 0x0, 0x0, 0x0, 0x0, 0x20, 0x0, 0x12,
    0x0, 0x0, 0x1, 0xe5, 0x0, 0x0, 0x3, 0xf0,
    0x0, 0x6e, 0x0, 0x0, 0x0, 0x6f, 0x50, 0x0,
    0x3, 0xf0, 0x0, 0x6e, 0x0, 0x0, 0x0, 0x7,
    0xf4, 0x0, 0x3, 0xf0, 0x0, 0x6e, 0x0, 0x0,
    0x0, 0x0, 0x95, 0x1d, 0xde, 0xfe, 0xdd, 0xef,
    0xdd, 0x70, 0x0, 0x0, 0x0, 0x6, 0x69, 0xf7,
    0x66, 0xaf, 0x66, 0x30, 0x0, 0x0, 0x0, 0x0,
    0x3, 0xf0, 0x0, 0x6e, 0x0, 0x0, 0x4, 0x44,
    0x40, 0x0, 0x4, 0xf0, 0x0, 0x6e, 0x0, 0x0,
    0xf, 0xff, 0xf2, 0x0, 0x4, 0xf0, 0x0, 0x6e,
    0x0, 0x0, 0x0, 0x2, 0xf2, 0x3d, 0xde, 0xfd,
    0xdd, 0xef, 0xdd, 0xc0, 0x0, 0x2, 0xf2, 0x16,
    0x6b, 0xe6, 0x66, 0xaf, 0x66, 0x60, 0x0, 0x2,
    0xf2, 0x0, 0xc, 0x90, 0x0, 0x6e, 0x0, 0x0,
    0x0, 0x2, 0xf2, 0x0, 0x2f, 0x40, 0x0, 0x6e,
    0x0, 0x0, 0x0, 0x2, 0xf2, 0x0, 0xbd, 0x0,
    0x0, 0x6e, 0x0, 0x0, 0x0, 0x2, 0xf3, 0x9,
    0xf3, 0x0, 0x0, 0x6e, 0x0, 0x0, 0x0, 0x5e,
    0xcd, 0x33, 0x30, 0x0, 0x0, 0x49, 0x0, 0x0,
    0x8, 0xf4, 0x4, 0xed, 0x85, 0x43, 0x33, 0x34,
    0x56, 0x72, 0xd, 0x60, 0x0, 0x5, 0xbe, 0xff,
    0xff, 0xff, 0xfe, 0xd0, 0x1, 0x0, 0x0, 0x0,
    0x0, 0x0, 0x0, 0x0, 0x0, 0x0,

    /* U+9002 "适" */
    0x0, 0x0, 0x0, 0x0, 0x0, 0x0, 0x0, 0x15,
    0x94, 0x0, 0x6, 0xd2, 0x0, 0x4, 0x67, 0x9b,
    0xcf, 0xfe, 0xb6, 0x0, 0x0, 0xbe, 0x10, 0xa,
    0xca, 0x97, 0xf8, 0x10, 0x0, 0x0, 0x0, 0xc,
    0xc0, 0x0, 0x0, 0x0, 0xf5, 0x0, 0x0, 0x0,
    0x0, 0x1, 0x90, 0x0, 0x0, 0x0, 0xf5, 0x0,
    0x0, 0x0, 0x0, 0x0, 0x0, 0xdf, 0xff, 0xff,
    0xff, 0xff, 0xff, 0xf0, 0x0, 0x0, 0x0, 0x33,
    0x33, 0x33, 0xf8, 0x33, 0x33, 0x30, 0x1b, 0xbb,
    0xa0, 0x0, 0x0, 0x0, 0xf5, 0x0, 0x0, 0x0,
    0x19, 0x9c, 0xe0, 0x0, 0x0, 0x0, 0xf5, 0x0,
    0x0, 0x0, 0x0, 0x6, 0xe0, 0x3, 0xff, 0xff,
    0xff, 0xff, 0xf9, 0x0, 0x0, 0x6, 0xe0, 0x3,
    0xf2, 0x22, 0x22, 0x22, 0xc9, 0x0, 0x0, 0x6,
    0xe0, 0x3, 0xf0, 0x0, 0x0, 0x0, 0xb9, 0x0,
    0x0, 0x6, 0xe0, 0x3, 0xf0, 0x0, 0x0, 0x0,
    0xb9, 0x0, 0x0, 0x6, 0xe0, 0x3, 0xf3, 0x22,
    0x22, 0x22, 0xc9, 0x0, 0x0, 0x6, 0xe0, 0x3,
    0xee, 0xee, 0xee, 0xee, 0xe9, 0x0, 0x0, 0x3c,
    0xfa, 0x10, 0x0, 0x0, 0x0, 0x0, 0x0, 0x0,
    0x6, 0xf6, 0x7, 0xeb, 0x64, 0x32, 0x22, 0x33,
    0x45, 0x61, 0xd, 0x60, 0x0, 0x16, 0xce, 0xff,
    0xff, 0xff, 0xfe, 0xd0, 0x1, 0x0, 0x0, 0x0,
    0x0, 0x0, 0x0, 0x0, 0x0, 0x0,

    /* U+9003 "逃" */
    0x0, 0x0, 0x0, 0x0, 0x1, 0xb0, 0xc, 0x20,
    0x0, 0x0, 0x5, 0x90, 0x0, 0x0, 0x1, 0xf1,
    0xf, 0x30, 0x0, 0x0, 0x2, 0xea, 0x0, 0xa4,
    0x1, 0xf1, 0xf, 0x30, 0x4b, 0x0, 0x0, 0x2e,
    0x90, 0x8d, 0x1, 0xf1, 0xf, 0x30, 0xca, 0x0,
    0x0, 0x4, 0xf2, 0xe, 0x61, 0xf1, 0xf, 0x34,
    0xf1, 0x0, 0x0, 0x0, 0x10, 0x8, 0xc2, 0xf1,
    0xf, 0x3d, 0x60, 0x0, 0x0, 0x0, 0x0, 0x2,
    0x72, 0xf1, 0xf, 0x59, 0x0, 0x0, 0x5, 0x55,
    0x50, 0x0, 0x2, 0xf0, 0xf, 0x30, 0x0, 0x0,
    0xd, 0xde, 0xf0, 0x0, 0x1a, 0xf0, 0xf, 0xe6,
    0x0, 0x0, 0x0, 0x5, 0xf0, 0x18, 0xfc, 0xe0,
    0xf, 0x7e, 0xc2, 0x0, 0x0, 0x5, 0xf2, 0xfc,
    0x37, 0xb0, 0xf, 0x30, 0xae, 0x30, 0x0, 0x5,
    0xf0, 0x50, 0xd, 0x70, 0xf, 0x30, 0x6, 0x0,
    0x0, 0x5, 0xf0, 0x0, 0x6e, 0x10, 0xf, 0x30,
    0x1, 0x70, 0x0, 0x5, 0xf0, 0x5, 0xf6, 0x0,
    0xf, 0x50, 0x5, 0xe0, 0x0, 0x5, 0xf0, 0x8f,
    0x90, 0x0, 0xb, 0xff, 0xff, 0x80, 0x0, 0x1a,
    0xf7, 0x45, 0x0, 0x0, 0x0, 0x12, 0x21, 0x0,
    0x4, 0xee, 0x9e, 0xe9, 0x53, 0x22, 0x22, 0x33,
    0x34, 0x41, 0xc, 0xb0, 0x0, 0x6a, 0xef, 0xff,
    0xff, 0xff, 0xff, 0xe1, 0x1, 0x0, 0x0, 0x0,
    0x0, 0x1, 0x11, 0x10, 0x0, 0x0,

    /* U+9009 "选" */
    0x0, 0x0, 0x0, 0x0, 0x1, 0x0, 0xa5, 0x0,
    0x0, 0x0, 0x6, 0xd1, 0x0, 0x0, 0x3f, 0x10,
    0xe7, 0x0, 0x0, 0x0, 0x0, 0xce, 0x20, 0x0,
    0x9c, 0x0, 0xe7, 0x0, 0x0, 0x0, 0x0, 0xc,
    0xd1, 0x1, 0xff, 0xff, 0xff, 0xff, 0xff, 0x20,
    0x0, 0x1, 0xc2, 0xa, 0xd3, 0x33, 0xe9, 0x33,
    0x33, 0x0, 0x0, 0x0, 0x0, 0x2f, 0x40, 0x0,
    0xe7, 0x0, 0x0, 0x0, 0x0, 0x0, 0x0, 0x1,
    0x0, 0x0, 0xe7, 0x0, 0x0, 0x0, 0x1, 0x11,
    0x10, 0x6b, 0xbb, 0xbb, 0xfd, 0xbb, 0xbb, 0xb0,
    0xd, 0xff, 0xf0, 0x47, 0x77, 0xfa, 0x7a, 0xf7,
    0x77, 0x70, 0x2, 0x27, 0xf0, 0x0, 0x1, 0xf3,
    0x5, 0xe0, 0x0, 0x0, 0x0, 0x5, 0xf0, 0x0,
    0x5, 0xf0, 0x5, 0xe0, 0x0, 0x0, 0x0, 0x5,
    0xf0, 0x0, 0xc, 0xa0, 0x5, 0xe0, 0x0, 0x40,
    0x0, 0x5, 0xf0, 0x0, 0x7f, 0x30, 0x5, 0xe0,
    0x1, 0xf1, 0x0, 0x5, 0xf0, 0x19, 0xf6, 0x0,
    0x5, 0xf2, 0x25, 0xf0, 0x0, 0x5, 0xf0, 0xdd,
    0x50, 0x0, 0x2, 0xff, 0xff, 0x90, 0x0, 0x9,
    0xfa, 0x40, 0x0, 0x0, 0x0, 0x1, 0x11, 0x0,
    0x4, 0xed, 0x69, 0xfb, 0x74, 0x32, 0x23, 0x33,
    0x45, 0x51, 0xc, 0xb0, 0x0, 0x27, 0xcf, 0xff,
    0xff, 0xff, 0xff, 0xe0, 0x1, 0x0, 0x0, 0x0,
    0x0, 0x1, 0x11, 0x0, 0x0, 0x0,

    /* U+901A "通" */
    0x0, 0x0, 0x0, 0x0, 0x0, 0x0, 0x0, 0x0,
    0x0, 0x0, 0x4, 0xb1, 0x0, 0xe, 0xff, 0xff,
    0xff, 0xff, 0xfe, 0x10, 0x0, 0xbd, 0x20, 0x0,
    0x3, 0x20, 0x0, 0x3b, 0xd3, 0x0, 0x0, 0xa,
    0xe1, 0x0, 0x8, 0xfb, 0x59, 0xf7, 0x0, 0x0,
    0x0, 0x0, 0xb5, 0x0, 0x0, 0x6, 0xcf, 0x91,
    0x0, 0x0, 0x0, 0x0, 0x0, 0xd, 0xff, 0xff,
    0xff, 0xff, 0xff, 0x40, 0x0, 0x0, 0x0, 0xe,
    0x61, 0x11, 0xe5, 0x11, 0x1f, 0x40, 0x7, 0x77,
    0x70, 0xe, 0x50, 0x0, 0xe4, 0x0, 0xf, 0x40,
    0x1d, 0xdd, 0xf0, 0xe, 0xff, 0xff, 0xff, 0xff,
    0xff, 0x40, 0x0, 0x3, 0xf0, 0xe, 0x60, 0x0,
    0xe5, 0x0, 0xf, 0x40, 0x0, 0x3, 0xf0, 0xe,
    0x50, 0x0, 0xe4, 0x0, 0xf, 0x40, 0x0, 0x3,
    0xf0, 0xe, 0xff, 0xff, 0xff, 0xff, 0xff, 0x40,
    0x0, 0x3, 0xf0, 0xe, 0x61, 0x11, 0xe5, 0x11,
    0x1f, 0x40, 0x0, 0x3, 0xf0, 0xe, 0x50, 0x0,
    0xe4, 0x0, 0xf, 0x40, 0x0, 0x3, 0xf0, 0xe,
    0x50, 0x0, 0xe4, 0x13, 0x4f, 0x40, 0x0, 0x3c,
    0xea, 0x19, 0x30, 0x0, 0xb3, 0x3d, 0xda, 0x0,
    0x6, 0xf4, 0x6, 0xeb, 0x64, 0x32, 0x22, 0x33,
    0x45, 0x62, 0xd, 0x50, 0x0, 0x6, 0xbe, 0xff,
    0xff, 0xff, 0xfe, 0xd1, 0x1, 0x0, 0x0, 0x0,
    0x0, 0x0, 0x0, 0x0, 0x0, 0x0,

    /* U+90A3 "那" */
    0xe, 0xff, 0xff, 0xff, 0xfe, 0x4, 0xdd, 0xdd,
    0xde, 0x60, 0x44, 0x4d, 0xb4, 0x48, 0xf0, 0x5f,
    0x66, 0x68, 0xf5, 0x0, 0x0, 0xc8, 0x0, 0x5f,
    0x5, 0xf0, 0x0, 0x8d, 0x0, 0x0, 0xc, 0x80,
    0x5, 0xf0, 0x5f, 0x0, 0xe, 0x60, 0x0, 0x0,
    0xc7, 0x0, 0x5f, 0x5, 0xf0, 0x6, 0xe0, 0x0,
    0xaf, 0xff, 0xff, 0xff, 0xe0, 0x5f, 0x0, 0xd6,
    0x0, 0x2, 0x33, 0xe8, 0x33, 0x8e, 0x5, 0xf0,
    0x5e, 0x0, 0x0, 0x0, 0xf, 0x40, 0x6, 0xe0,
    0x5f, 0x3, 0xe6, 0x0, 0x0, 0x1, 0xf3, 0x0,
    0x6e, 0x5, 0xf0, 0x3, 0xf4, 0x0, 0x34, 0x6f,
    0x54, 0x49, 0xe0, 0x5f, 0x0, 0x7, 0xd0, 0xc,
    0xff, 0xff, 0xff, 0xfe, 0x5, 0xf0, 0x0, 0xf,
    0x40, 0x0, 0x9b, 0x0, 0x7, 0xd0, 0x5f, 0x0,
    0x0, 0xc7, 0x0, 0xe, 0x60, 0x0, 0x8d, 0x5,
    0xf0, 0x0, 0xe, 0x60, 0x5, 0xf1, 0x0, 0x9,
    0xc0, 0x5f, 0x27, 0x7b, 0xf2, 0x0, 0xdb, 0x0,
    0x0, 0xbb, 0x5, 0xf1, 0xcc, 0xa4, 0x0, 0x9f,
    0x10, 0x46, 0x7f, 0x80, 0x5f, 0x0, 0x0, 0x0,
    0xc, 0x60, 0x8, 0xff, 0xc1, 0x5, 0xf0, 0x0,
    0x0, 0x0, 0x0, 0x0, 0x0, 0x0, 0x0, 0x13,
    0x0, 0x0, 0x0,

    /* U+90E8 "部" */
    0x0, 0x0, 0x84, 0x0, 0x0, 0x0, 0x0, 0x0,
    0x0, 0x0, 0x0, 0x9, 0xb0, 0x0, 0x0, 0x29,
    0x99, 0x99, 0x50, 0x14, 0x44, 0x7f, 0x54, 0x44,
    0x4, 0xfa, 0xaa, 0xec, 0x5, 0xff, 0xff, 0xff,
    0xff, 0xf0, 0x4e, 0x0, 0xf, 0x50, 0x0, 0xa3,
    0x0, 0x5, 0xb0, 0x4, 0xe0, 0x5, 0xe0, 0x0,
    0xa, 0xb0, 0x0, 0xaa, 0x0, 0x4e, 0x0, 0xc7,
    0x0, 0x0, 0x3f, 0x10, 0x1f, 0x30, 0x4, 0xe0,
    0x3f, 0x10, 0x0, 0x0, 0xc3, 0x7, 0xc0, 0x0,
    0x4e, 0x9, 0xa0, 0x0, 0xef, 0xff, 0xff, 0xff,
    0xff, 0x74, 0xe0, 0x6e, 0x10, 0x3, 0x44, 0x44,
    0x44, 0x44, 0x42, 0x4e, 0x0, 0x9c, 0x0, 0x0,
    0x0, 0x0, 0x0, 0x0, 0x4, 0xe0, 0x0, 0xe4,
    0x0, 0xbf, 0xff, 0xff, 0xff, 0x80, 0x4e, 0x0,
    0x9, 0xa0, 0xb, 0xa4, 0x44, 0x44, 0xd8, 0x4,
    0xe0, 0x0, 0x8b, 0x0, 0xb8, 0x0, 0x0, 0xc,
    0x80, 0x4e, 0x0, 0xa, 0xa0, 0xb, 0x80, 0x0,
    0x0, 0xc8, 0x4, 0xe4, 0xbc, 0xf4, 0x0, 0xb8,
    0x0, 0x0, 0xc, 0x80, 0x4e, 0x17, 0x73, 0x0,
    0xb, 0xff, 0xff, 0xff, 0xf8, 0x4, 0xe0, 0x0,
    0x0, 0x0, 0xba, 0x33, 0x33, 0x3d, 0x80, 0x4e,
    0x0, 0x0, 0x0, 0xa, 0x70, 0x0, 0x0, 0x0,
    0x4, 0xe0, 0x0, 0x0, 0x0,

    /* U+90FD "都" */
    0x0, 0x0, 0xc, 0x20, 0x0, 0x10, 0x0, 0x0,
    0x0, 0x0, 0x0, 0x0, 0xf, 0x30, 0x1, 0xf4,
    0x9a, 0xaa, 0xaa, 0x80, 0x0, 0x33, 0x4f, 0x63,
    0x38, 0xc0, 0xee, 0xcc, 0xce, 0xe0, 0x3, 0xff,
    0xff, 0xff, 0xdf, 0x30, 0xe7, 0x0, 0xe, 0x70,
    0x0, 0x0, 0xf, 0x30, 0xb9, 0x0, 0xe7, 0x0,
    0x5e, 0x0, 0x0, 0x0, 0xf, 0x39, 0xd0, 0x0,
    0xe7, 0x0, 0xd6, 0x0, 0x1d, 0xdd, 0xef, 0xef,
    0xed, 0xd3, 0xe7, 0x5, 0xe0, 0x0, 0x5, 0x55,
    0x5b, 0xf7, 0x55, 0x51, 0xe7, 0xd, 0x60, 0x0,
    0x0, 0x0, 0x8f, 0x70, 0x0, 0x0, 0xe7, 0xb,
    0xc0, 0x0, 0x0, 0x9, 0xfc, 0x33, 0x33, 0x10,
    0xe7, 0x0, 0xcb, 0x0, 0x3, 0xdf, 0xee, 0xee,
    0xef, 0x40, 0xe7, 0x0, 0x1f, 0x50, 0x4f, 0xdf,
    0x40, 0x0, 0xf, 0x40, 0xe7, 0x0, 0x9, 0xc0,
    0x5, 0xf, 0x62, 0x22, 0x2f, 0x40, 0xe7, 0x0,
    0x5, 0xf0, 0x0, 0xf, 0xff, 0xff, 0xff, 0x40,
    0xe7, 0x0, 0x6, 0xe0, 0x0, 0xf, 0x40, 0x0,
    0xf, 0x40, 0xe7, 0x34, 0x6e, 0xa0, 0x0, 0xf,
    0x40, 0x0, 0xf, 0x40, 0xe7, 0x5e, 0xd9, 0x10,
    0x0, 0xf, 0xff, 0xff, 0xff, 0x40, 0xe7, 0x0,
    0x0, 0x0, 0x0, 0xf, 0x73, 0x33, 0x3f, 0x40,
    0xe7, 0x0, 0x0, 0x0, 0x0, 0x0, 0x0, 0x0,
    0x0, 0x0, 0x10, 0x0, 0x0, 0x0,

    /* U+914D "配" */
    0x11, 0x11, 0x11, 0x11, 0x10, 0x0, 0x0, 0x0,
    0x0, 0xc, 0xff, 0xff, 0xff, 0xff, 0x1e, 0xff,
    0xff, 0xff, 0x50, 0x11, 0x1e, 0x3b, 0x61, 0x10,
    0x45, 0x55, 0x55, 0xf5, 0x0, 0x0, 0xe1, 0xa5,
    0x0, 0x0, 0x0, 0x0, 0xe, 0x50, 0x3, 0x3e,
    0x4b, 0x73, 0x20, 0x0, 0x0, 0x0, 0xe5, 0x4,
    0xff, 0xff, 0xff, 0xfa, 0x0, 0x0, 0x0, 0xe,
    0x50, 0x4c, 0xb, 0xc, 0x7, 0xa0, 0x0, 0x0,
    0x0, 0xe5, 0x4, 0xc0, 0xc0, 0xc0, 0x7a, 0x4,
    0x55, 0x55, 0x5f, 0x50, 0x4c, 0xc, 0xc, 0x7,
    0xa0, 0xdf, 0xff, 0xff, 0xf5, 0x4, 0xc2, 0xb0,
    0xc1, 0x7a, 0xd, 0x70, 0x0, 0xe, 0x50, 0x4d,
    0xc4, 0x6, 0xce, 0xa0, 0xd7, 0x0, 0x0, 0x0,
    0x4, 0xd4, 0x0, 0x0, 0x7a, 0xd, 0x70, 0x0,
    0x0, 0x0, 0x4d, 0x0, 0x0, 0x8, 0xa0, 0xd7,
    0x0, 0x0, 0x0, 0x4, 0xff, 0xff, 0xff, 0xfa,
    0xd, 0x70, 0x0, 0x0, 0x0, 0x4c, 0x0, 0x0,
    0x7, 0xa0, 0xd7, 0x0, 0x0, 0x2e, 0x14, 0xc0,
    0x0, 0x0, 0x7a, 0xd, 0x70, 0x0, 0x4, 0xf0,
    0x4f, 0xff, 0xff, 0xff, 0xa0, 0xcb, 0x44, 0x44,
    0xad, 0x4, 0xd1, 0x11, 0x11, 0x78, 0x5, 0xef,
    0xff, 0xfe, 0x40, 0x1, 0x0, 0x0, 0x0, 0x0,
    0x0, 0x0, 0x0, 0x0, 0x0,

    /* U+91CA "释" */
    0x0, 0x0, 0x24, 0x7b, 0x20, 0x0, 0x0, 0x0,
    0x0, 0x0, 0xc, 0xef, 0xfe, 0xb8, 0x2b, 0xee,
    0xee, 0xee, 0xee, 0x60, 0x3, 0x21, 0x9a, 0x0,
    0x3, 0xca, 0x44, 0x44, 0x9e, 0x10, 0x6, 0x60,
    0x9a, 0x9, 0x70, 0x3e, 0x10, 0x2, 0xf6, 0x0,
    0x3, 0xe0, 0x9a, 0x1f, 0x20, 0x9, 0xc0, 0x2e,
    0xa0, 0x0, 0x0, 0xb6, 0x9a, 0x7a, 0x0, 0x0,
    0xcc, 0xea, 0x0, 0x0, 0x0, 0x44, 0x9a, 0x42,
    0x0, 0x0, 0x9f, 0xf3, 0x0, 0x0, 0x5, 0x55,
    0xbc, 0x55, 0x10, 0x6e, 0xe5, 0x9f, 0xa2, 0x0,
    0xc, 0xdd, 0xff, 0xdd, 0xae, 0xf8, 0x0, 0x4,
    0xdf, 0xc2, 0x0, 0x2, 0xfd, 0x10, 0x37, 0x0,
    0xa, 0x50, 0x4, 0x80, 0x0, 0xb, 0xfd, 0xd2,
    0x2, 0x44, 0x4e, 0x94, 0x44, 0x0, 0x0, 0x3e,
    0xaa, 0x6e, 0x29, 0xff, 0xff, 0xff, 0xff, 0x10,
    0x0, 0xd7, 0x9a, 0x8, 0x30, 0x0, 0xe, 0x70,
    0x0, 0x0, 0x9, 0xd0, 0x9a, 0x0, 0x0, 0x0,
    0xe, 0x70, 0x0, 0x0, 0x2f, 0x30, 0x9a, 0x0,
    0x5f, 0xff, 0xff, 0xff, 0xff, 0xd0, 0x3, 0x0,
    0x9a, 0x0, 0x14, 0x44, 0x4e, 0x94, 0x44, 0x30,
    0x0, 0x0, 0x9a, 0x0, 0x0, 0x0, 0xe, 0x70,
    0x0, 0x0, 0x0, 0x0, 0x9a, 0x0, 0x0, 0x0,
    0xe, 0x70, 0x0, 0x0, 0x0, 0x0, 0x9a, 0x0,
    0x0, 0x0, 0xe, 0x70, 0x0, 0x0, 0x0, 0x0,
    0x0, 0x0, 0x0, 0x0, 0x0, 0x0, 0x0, 0x0,

    /* U+91CC "里" */
    0x0, 0xdf, 0xff, 0xff, 0xff, 0xff, 0xff, 0xff,
    0x20, 0x0, 0xe9, 0x44, 0x44, 0xbc, 0x44, 0x44,
    0x6f, 0x20, 0x0, 0xe6, 0x0, 0x0, 0x9b, 0x0,
    0x0, 0x3f, 0x20, 0x0, 0xe7, 0x11, 0x11, 0x9b,
    0x11, 0x11, 0x4f, 0x20, 0x0, 0xef, 0xff, 0xff,
    0xff, 0xff, 0xff, 0xff, 0x20, 0x0, 0xe7, 0x11,
    0x11, 0x9b, 0x11, 0x11, 0x4f, 0x20, 0x0, 0xe6,
    0x0, 0x0, 0x9b, 0x0, 0x0, 0x3f, 0x20, 0x0,
    0xe8, 0x33, 0x33, 0xac, 0x33, 0x33, 0x6f, 0x20,
    0x0, 0xef, 0xff, 0xff, 0xff, 0xff, 0xff, 0xff,
    0x20, 0x0, 0x0, 0x0, 0x0, 0xac, 0x0, 0x0,
    0x0, 0x0, 0x0, 0x0, 0x0, 0x0, 0xac, 0x0,
    0x0, 0x0, 0x0, 0x3, 0x55, 0x55, 0x55, 0xcd,
    0x55, 0x55, 0x55, 0x40, 0x8, 0xee, 0xee, 0xee,
    0xff, 0xee, 0xee, 0xee, 0xc0, 0x0, 0x0, 0x0,
    0x0, 0xac, 0x0, 0x0, 0x0, 0x0, 0x0, 0x0,
    0x0, 0x0, 0xac, 0x0, 0x0, 0x0, 0x0, 0x34,
    0x44, 0x44, 0x44, 0xbd, 0x44, 0x44, 0x44, 0x43,
    0xef, 0xff, 0xff, 0xff, 0xff, 0xff, 0xff, 0xff,
    0xfe,

    /* U+91CD "重" */
    0x0, 0x0, 0x0, 0x0, 0x2, 0x35, 0x68, 0xb5,
    0x0, 0x2, 0xcc, 0xde, 0xff, 0xff, 0xed, 0xb9,
    0x74, 0x0, 0x0, 0x54, 0x33, 0x21, 0xc9, 0x0,
    0x0, 0x0, 0x0, 0x22, 0x22, 0x22, 0x22, 0xca,
    0x22, 0x22, 0x22, 0x22, 0xcf, 0xff, 0xff, 0xff,
    0xff, 0xff, 0xff, 0xff, 0xfd, 0x0, 0x0, 0x0,
    0x0, 0xb9, 0x0, 0x0, 0x0, 0x0, 0x0, 0xbe,
    0xee, 0xee, 0xff, 0xee, 0xee, 0xee, 0x0, 0x0,
    0xc8, 0x0, 0x0, 0xc9, 0x0, 0x0, 0x6e, 0x0,
    0x0, 0xc7, 0x0, 0x0, 0xb9, 0x0, 0x0, 0x6e,
    0x0, 0x0, 0xcf, 0xee, 0xee, 0xff, 0xee, 0xee,
    0xfe, 0x0, 0x0, 0xc7, 0x0, 0x0, 0xb9, 0x0,
    0x0, 0x6e, 0x0, 0x0, 0xce, 0xdd, 0xdd, 0xfe,
    0xdd, 0xdd, 0xee, 0x0, 0x0, 0x12, 0x22, 0x22,
    0xca, 0x22, 0x22, 0x22, 0x0, 0x0, 0x22, 0x22,
    0x22, 0xca, 0x22, 0x22, 0x22, 0x10, 0x6, 0xff,
    0xff, 0xff, 0xff, 0xff, 0xff, 0xff, 0xa0, 0x0,
    0x0, 0x0, 0x0, 0xb9, 0x0, 0x0, 0x0, 0x0,
    0x11, 0x11, 0x11, 0x11, 0xca, 0x11, 0x11, 0x11,
    0x11, 0xef, 0xff, 0xff, 0xff, 0xff, 0xff, 0xff,
    0xff, 0xff,

    /* U+91CE "野" */
    0x8, 0xff, 0xff, 0xff, 0xff, 0x4e, 0xee, 0xee,
    0xee, 0xa0, 0x8, 0xa2, 0x2d, 0x72, 0x4f, 0x24,
    0x44, 0x44, 0x9f, 0x60, 0x8, 0x90, 0xc, 0x50,
    0x1f, 0x10, 0x0, 0x2, 0xea, 0x0, 0x8, 0xa1,
    0x1d, 0x61, 0x3f, 0x11, 0xe7, 0xd, 0xc0, 0x0,
    0x8, 0xff, 0xff, 0xff, 0xff, 0x10, 0x3d, 0xed,
    0x10, 0x0, 0x8, 0x90, 0xc, 0x50, 0x1f, 0x10,
    0x0, 0x9e, 0x40, 0x0, 0x8, 0x90, 0xc, 0x50,
    0x1f, 0x34, 0x44, 0x4a, 0xf5, 0x40, 0x8, 0xff,
    0xff, 0xff, 0xff, 0x8e, 0xef, 0xff, 0xef, 0xf2,
    0x1, 0x22, 0x2e, 0x82, 0x22, 0x0, 0x2, 0xf2,
    0x7, 0xd0, 0x0, 0x0, 0xd, 0x60, 0x0, 0x0,
    0x2, 0xf2, 0xc, 0x70, 0x2, 0x44, 0x4e, 0x94,
    0x44, 0x0, 0x2, 0xf2, 0x2f, 0x10, 0x8, 0xff,
    0xff, 0xff, 0xff, 0x10, 0x2, 0xf2, 0x37, 0x0,
    0x0, 0x0, 0xd, 0x60, 0x0, 0x0, 0x2, 0xf2,
    0x0, 0x0, 0x0, 0x0, 0xd, 0x60, 0x0, 0x0,
    0x2, 0xf2, 0x0, 0x0, 0x0, 0x0, 0xd, 0x61,
    0x46, 0x50, 0x2, 0xf2, 0x0, 0x0, 0x4, 0x68,
    0xaf, 0xff, 0xfd, 0x70, 0x2, 0xf2, 0x0, 0x0,
    0x2f, 0xfd, 0xa8, 0x53, 0x0, 0x5, 0x57, 0xf1,
    0x0, 0x0, 0x2, 0x0, 0x0, 0x0, 0x0, 0xe,
    0xfe, 0x90, 0x0, 0x0,

    /* U+91CF "量" */
    0x0, 0x6, 0xfd, 0xdd, 0xdd, 0xdd, 0xdd, 0xdf,
    0x60, 0x0, 0x0, 0x6, 0xd0, 0x0, 0x0, 0x0,
    0x0, 0xe, 0x60, 0x0, 0x0, 0x6, 0xfd, 0xdd,
    0xdd, 0xdd, 0xdd, 0xdf, 0x60, 0x0, 0x0, 0x6,
    0xd0, 0x0, 0x0, 0x0, 0x0, 0xe, 0x60, 0x0,
    0x0, 0x6, 0xdd, 0xdd, 0xdd, 0xdd, 0xdd, 0xdd,
    0x60, 0x0, 0x2, 0x22, 0x22, 0x22, 0x22, 0x22,
    0x22, 0x22, 0x22, 0x20, 0xd, 0xee, 0xee, 0xee,
    0xee, 0xee, 0xee, 0xee, 0xee, 0xd0, 0x0, 0x1,
    0x22, 0x22, 0x22, 0x22, 0x22, 0x22, 0x20, 0x0,
    0x0, 0xc, 0xdb, 0xbb, 0xbe, 0xeb, 0xbb, 0xbc,
    0xf0, 0x0, 0x0, 0xc, 0x81, 0x11, 0x1b, 0xa1,
    0x11, 0x15, 0xf0, 0x0, 0x0, 0xc, 0xdb, 0xbb,
    0xbe, 0xeb, 0xbb, 0xbc, 0xf0, 0x0, 0x0, 0xc,
    0x70, 0x0, 0xb, 0x90, 0x0, 0x4, 0xf0, 0x0,
    0x0, 0xa, 0xdd, 0xdd, 0xdf, 0xfd, 0xdd, 0xdd,
    0xd0, 0x0, 0x0, 0x0, 0x0, 0x0, 0xb, 0xa0,
    0x0, 0x0, 0x0, 0x0, 0x0, 0x5e, 0xee, 0xee,
    0xef, 0xfe, 0xee, 0xee, 0xe6, 0x0, 0x0, 0x0,
    0x0, 0x0, 0xb, 0xa0, 0x0, 0x0, 0x0, 0x0,
    0xf, 0xff, 0xff, 0xff, 0xff, 0xff, 0xff, 0xff,
    0xff, 0xf1,

    /* U+949F "钟" */
    0x0, 0x2, 0x10, 0x0, 0x0, 0x0, 0x4, 0x10,
    0x0, 0x0, 0x0, 0xd7, 0x0, 0x0, 0x0, 0x0,
    0xf4, 0x0, 0x0, 0x0, 0x6f, 0x54, 0x44, 0x0,
    0x0, 0xf, 0x40, 0x0, 0x0, 0x1e, 0xff, 0xff,
    0xf2, 0x0, 0x0, 0xf4, 0x0, 0x0, 0xc, 0xc0,
    0x0, 0x0, 0x17, 0x77, 0x7f, 0x97, 0x77, 0x22,
    0xe1, 0x0, 0x0, 0x2, 0xfc, 0xbb, 0xfd, 0xbb,
    0xf5, 0x1, 0xdf, 0xff, 0xfa, 0x2f, 0x10, 0xf,
    0x40, 0xe, 0x50, 0x3, 0x4f, 0x74, 0x32, 0xf1,
    0x0, 0xf4, 0x0, 0xe5, 0x0, 0x0, 0xf4, 0x0,
    0x2f, 0x10, 0xf, 0x40, 0xe, 0x50, 0x0, 0xf,
    0x40, 0x2, 0xf1, 0x0, 0xf4, 0x0, 0xe5, 0xc,
    0xdd, 0xfe, 0xdd, 0x5f, 0x43, 0x3f, 0x73, 0x3f,
    0x50, 0x66, 0x6f, 0x96, 0x63, 0xff, 0xff, 0xff,
    0xff, 0xf5, 0x0, 0x0, 0xf4, 0x0, 0x2f, 0x10,
    0xf, 0x50, 0xe, 0x50, 0x0, 0xf, 0x40, 0x0,
    0x40, 0x0, 0xf4, 0x0, 0x20, 0x0, 0x0, 0xf4,
    0x0, 0x0, 0x0, 0xf, 0x40, 0x0, 0x0, 0x0,
    0xf, 0x56, 0xe4, 0x0, 0x0, 0xf4, 0x0, 0x0,
    0x0, 0x2, 0xff, 0xf7, 0x0, 0x0, 0xf, 0x40,
    0x0, 0x0, 0x0, 0xbf, 0xa1, 0x0, 0x0, 0x0,
    0xf4, 0x0, 0x0, 0x0, 0x6, 0x30, 0x0, 0x0,
    0x0, 0xf, 0x40, 0x0, 0x0,

    /* U+9519 "错" */
    0x0, 0x5, 0x50, 0x0, 0x0, 0xc, 0x20, 0xb,
    0x30, 0x0, 0x0, 0xe, 0x60, 0x0, 0x0, 0xf,
    0x20, 0xf, 0x40, 0x0, 0x0, 0x5f, 0x54, 0x44,
    0x0, 0xf, 0x30, 0xf, 0x50, 0x0, 0x1, 0xef,
    0xff, 0xff, 0xf, 0xff, 0xff, 0xff, 0xff, 0xa0,
    0xb, 0xd0, 0x0, 0x0, 0x2, 0x2f, 0x42, 0x2f,
    0x62, 0x10, 0xd, 0x20, 0x0, 0x0, 0x0, 0xf,
    0x20, 0xf, 0x40, 0x0, 0x1, 0xcd, 0xdd, 0xd9,
    0x1, 0x1f, 0x41, 0x1f, 0x51, 0x10, 0x0, 0x45,
    0xe9, 0x53, 0x8f, 0xff, 0xff, 0xff, 0xff, 0xf2,
    0x0, 0x0, 0xd5, 0x0, 0x11, 0x11, 0x11, 0x11,
    0x11, 0x10, 0x0, 0x0, 0xd5, 0x0, 0x1, 0x44,
    0x44, 0x44, 0x43, 0x0, 0xa, 0xff, 0xff, 0xff,
    0x24, 0xfd, 0xdd, 0xdd, 0xec, 0x0, 0x3, 0x44,
    0xe8, 0x44, 0x4, 0xe0, 0x0, 0x0, 0x8c, 0x0,
    0x0, 0x0, 0xd5, 0x0, 0x4, 0xe0, 0x0, 0x0,
    0x8c, 0x0, 0x0, 0x0, 0xd5, 0x0, 0x4, 0xff,
    0xff, 0xff, 0xfc, 0x0, 0x0, 0x0, 0xd5, 0x2,
    0x4, 0xe2, 0x22, 0x22, 0x9c, 0x0, 0x0, 0x0,
    0xe7, 0xbe, 0x4, 0xe0, 0x0, 0x0, 0x8c, 0x0,
    0x0, 0x2, 0xff, 0xc2, 0x4, 0xf4, 0x44, 0x44,
    0xac, 0x0, 0x0, 0xa, 0xf7, 0x0, 0x4, 0xfd,
    0xdd, 0xdd, 0xec, 0x0, 0x0, 0x3, 0x20, 0x0,
    0x4, 0xe0, 0x0, 0x0, 0x7b, 0x0,

    /* U+957F "长" */
    0x0, 0x0, 0xb4, 0x0, 0x0, 0x0, 0x0, 0x30,
    0x0, 0x0, 0x0, 0xf, 0x60, 0x0, 0x0, 0x0,
    0x6f, 0x60, 0x0, 0x0, 0x0, 0xf6, 0x0, 0x0,
    0x0, 0x7f, 0x70, 0x0, 0x0, 0x0, 0xf, 0x60,
    0x0, 0x1, 0xbf, 0x50, 0x0, 0x0, 0x0, 0x0,
    0xf6, 0x0, 0x8, 0xfd, 0x30, 0x0, 0x0, 0x0,
    0x0, 0xf, 0x60, 0x6e, 0xf7, 0x0, 0x0, 0x0,
    0x0, 0x0, 0x0, 0xf6, 0x8, 0xa1, 0x0, 0x0,
    0x0, 0x0, 0x0, 0x0, 0xf, 0x60, 0x0, 0x0,
    0x0, 0x0, 0x0, 0x0, 0xef, 0xff, 0xff, 0xff,
    0xff, 0xff, 0xff, 0xff, 0xfc, 0x5, 0x66, 0x6f,
    0xa6, 0x67, 0xf8, 0x66, 0x66, 0x66, 0x40, 0x0,
    0x0, 0xf6, 0x0, 0xc, 0xa0, 0x0, 0x0, 0x0,
    0x0, 0x0, 0xf, 0x60, 0x0, 0x4f, 0x30, 0x0,
    0x0, 0x0, 0x0, 0x0, 0xf6, 0x0, 0x0, 0xbe,
    0x10, 0x0, 0x0, 0x0, 0x0, 0xf, 0x60, 0x0,
    0x1, 0xdd, 0x0, 0x0, 0x0, 0x0, 0x0, 0xf6,
    0x0, 0x0, 0x2, 0xed, 0x30, 0x0, 0x0, 0x0,
    0xf, 0x60, 0x26, 0xa5, 0x2, 0xdf, 0x71, 0x0,
    0x0, 0x2, 0xfc, 0xef, 0xea, 0x30, 0x0, 0x9f,
    0xf9, 0x0, 0x0, 0x9f, 0xc7, 0x30, 0x0, 0x0,
    0x0, 0x19, 0x90, 0x0, 0x1, 0x10, 0x0, 0x0,
    0x0, 0x0, 0x0, 0x0, 0x0,

    /* U+95E8 "门" */
    0x1, 0x80, 0x0, 0x0, 0x0, 0x0, 0x0, 0x0,
    0x0, 0x1, 0xea, 0x0, 0xdf, 0xff, 0xff, 0xff,
    0xff, 0xf3, 0x0, 0x4f, 0x60, 0x34, 0x44, 0x44,
    0x44, 0x46, 0xf3, 0x0, 0x9, 0xf1, 0x0, 0x0,
    0x0, 0x0, 0x2, 0xf3, 0x5, 0x10, 0xc2, 0x0,
    0x0, 0x0, 0x0, 0x2, 0xf3, 0x1f, 0x30, 0x0,
    0x0, 0x0, 0x0, 0x0, 0x2, 0xf3, 0x1f, 0x30,
    0x0, 0x0, 0x0, 0x0, 0x0, 0x2, 0xf3, 0x1f,
    0x30, 0x0, 0x0, 0x0, 0x0, 0x0, 0x2, 0xf3,
    0x1f, 0x30, 0x0, 0x0, 0x0, 0x0, 0x0, 0x2,
    0xf3, 0x1f, 0x30, 0x0, 0x0, 0x0, 0x0, 0x0,
    0x2, 0xf3, 0x1f, 0x30, 0x0, 0x0, 0x0, 0x0,
    0x0, 0x2, 0xf3, 0x1f, 0x30, 0x0, 0x0, 0x0,
    0x0, 0x0, 0x2, 0xf3, 0x1f, 0x30, 0x0, 0x0,
    0x0, 0x0, 0x0, 0x2, 0xf3, 0x1f, 0x30, 0x0,
    0x0, 0x0, 0x0, 0x0, 0x2, 0xf3, 0x1f, 0x30,
    0x0, 0x0, 0x0, 0x0, 0x0, 0x2, 0xf3, 0x1f,
    0x30, 0x0, 0x0, 0x0, 0x0, 0x0, 0x2, 0xf3,
    0x1f, 0x30, 0x0, 0x0, 0x0, 0x0, 0x0, 0x2,
    0xf3, 0x1f, 0x30, 0x0, 0x0, 0x0, 0x0, 0x44,
    0x47, 0xf1, 0x1f, 0x30, 0x0, 0x0, 0x0, 0x0,
    0xbf, 0xfd, 0x90,

    /* U+95ED "闭" */
    0x4, 0x60, 0x0, 0x0, 0x0, 0x0, 0x0, 0x0,
    0x0, 0x6, 0xf5, 0x0, 0xbd, 0xdd, 0xdd, 0xdd,
    0xdd, 0xd2, 0x0, 0x8f, 0x30, 0x56, 0x66, 0x66,
    0x66, 0x67, 0xf2, 0x0, 0xc, 0x80, 0x0, 0x0,
    0x0, 0x0, 0x2, 0xf2, 0x0, 0x1, 0x0, 0x0,
    0x0, 0x68, 0x0, 0x2, 0xf2, 0x2e, 0x20, 0x0,
    0x0, 0x0, 0x9c, 0x0, 0x2, 0xf2, 0x2f, 0x20,
    0x33, 0x33, 0x33, 0xbd, 0x33, 0x22, 0xf2, 0x2f,
    0x21, 0xff, 0xff, 0xff, 0xff, 0xff, 0xb2, 0xf2,
    0x2f, 0x20, 0x11, 0x11, 0x1b, 0xfc, 0x11, 0x2,
    0xf2, 0x2f, 0x20, 0x0, 0x0, 0x6f, 0xcc, 0x0,
    0x2, 0xf2, 0x2f, 0x20, 0x0, 0x4, 0xf4, 0x9c,
    0x0, 0x2, 0xf2, 0x2f, 0x20, 0x0, 0x5f, 0x60,
    0x9c, 0x0, 0x2, 0xf2, 0x2f, 0x20, 0x1a, 0xf7,
    0x0, 0x9c, 0x0, 0x2, 0xf2, 0x2f, 0x24, 0xee,
    0x30, 0x0, 0x9c, 0x0, 0x2, 0xf2, 0x2f, 0x39,
    0xa0, 0x0, 0x0, 0x9c, 0x0, 0x2, 0xf2, 0x2f,
    0x20, 0x0, 0x3, 0x55, 0xcb, 0x0, 0x2, 0xf2,
    0x2f, 0x20, 0x0, 0x6, 0xfe, 0xc4, 0x2, 0x36,
    0xf1, 0x2f, 0x20, 0x0, 0x0, 0x0, 0x0, 0x5,
    0xff, 0xa0, 0x2f, 0x20, 0x0, 0x0, 0x0, 0x0,
    0x0, 0x0, 0x0,

    /* U+95F4 "间" */
    0x0, 0x10, 0x0, 0x0, 0x0, 0x0, 0x0, 0x0,
    0x0, 0x8, 0xd1, 0x0, 0x56, 0x66, 0x66, 0x66,
    0x66, 0x61, 0x0, 0xcc, 0x0, 0xcd, 0xdd, 0xdd,
    0xdd, 0xde, 0xf2, 0x0, 0x2f, 0x50, 0x0, 0x0,
    0x0, 0x0, 0x3, 0xf2, 0x0, 0x2, 0x0, 0x0,
    0x0, 0x0, 0x0, 0x3, 0xf2, 0x1e, 0x30, 0x0,
    0x0, 0x0, 0x0, 0x0, 0x3, 0xf2, 0x1f, 0x40,
    0xe, 0xff, 0xff, 0xff, 0xe0, 0x3, 0xf2, 0x1f,
    0x40, 0xe, 0x51, 0x11, 0x16, 0xe0, 0x3, 0xf2,
    0x1f, 0x40, 0xe, 0x40, 0x0, 0x5, 0xe0, 0x3,
    0xf2, 0x1f, 0x40, 0xe, 0x51, 0x11, 0x16, 0xe0,
    0x3, 0xf2, 0x1f, 0x40, 0xe, 0xff, 0xff, 0xff,
    0xe0, 0x3, 0xf2, 0x1f, 0x40, 0xe, 0x50, 0x0,
    0x6, 0xe0, 0x3, 0xf2, 0x1f, 0x40, 0xe, 0x40,
    0x0, 0x5, 0xe0, 0x3, 0xf2, 0x1f, 0x40, 0xe,
    0x61, 0x11, 0x17, 0xe0, 0x3, 0xf2, 0x1f, 0x40,
    0xe, 0xff, 0xff, 0xff, 0xe0, 0x3, 0xf2, 0x1f,
    0x40, 0x0, 0x0, 0x0, 0x0, 0x0, 0x3, 0xf2,
    0x1f, 0x40, 0x0, 0x0, 0x0, 0x0, 0x0, 0x3,
    0xf2, 0x1f, 0x40, 0x0, 0x0, 0x0, 0x0, 0x1,
    0x37, 0xf1, 0x1f, 0x40, 0x0, 0x0, 0x0, 0x0,
    0x2, 0xff, 0xb0,

    /* U+9632 "防" */
    0x0, 0x0, 0x0, 0x0, 0x0, 0x7, 0x40, 0x0,
    0x0, 0x4, 0xff, 0xff, 0xf6, 0x0, 0x0, 0xab,
    0x0, 0x0, 0x0, 0x4f, 0x44, 0x5f, 0x40, 0x0,
    0x5, 0xf1, 0x0, 0x0, 0x4, 0xf0, 0x5, 0xe3,
    0x55, 0x55, 0x6c, 0x65, 0x55, 0x50, 0x4f, 0x0,
    0xa8, 0xaf, 0xff, 0xff, 0xff, 0xff, 0xff, 0x14,
    0xf0, 0x1f, 0x20, 0x0, 0x5f, 0x0, 0x0, 0x0,
    0x0, 0x4f, 0x6, 0xb0, 0x0, 0x6, 0xe0, 0x0,
    0x0, 0x0, 0x4, 0xf0, 0x5d, 0x0, 0x0, 0x7d,
    0x0, 0x0, 0x0, 0x0, 0x4f, 0x0, 0xa9, 0x0,
    0x8, 0xff, 0xff, 0xff, 0xd0, 0x4, 0xf0, 0x2,
    0xf1, 0x0, 0xac, 0x44, 0x44, 0xad, 0x0, 0x4f,
    0x0, 0xe, 0x40, 0xd, 0x80, 0x0, 0x8, 0xc0,
    0x4, 0xf0, 0x0, 0xc7, 0x0, 0xf5, 0x0, 0x0,
    0x9c, 0x0, 0x4f, 0x0, 0x1f, 0x50, 0x3f, 0x10,
    0x0, 0x9, 0xb0, 0x4, 0xf0, 0xef, 0xd0, 0x9,
    0xc0, 0x0, 0x0, 0xaa, 0x0, 0x4f, 0x2, 0x30,
    0x1, 0xe6, 0x0, 0x0, 0xc, 0x90, 0x4, 0xf0,
    0x0, 0x0, 0xad, 0x0, 0x0, 0x0, 0xd7, 0x0,
    0x4f, 0x0, 0x0, 0x7f, 0x30, 0x0, 0x0, 0xf,
    0x50, 0x4, 0xf0, 0x0, 0xaf, 0x50, 0x0, 0x44,
    0x49, 0xf2, 0x0, 0x4f, 0x0, 0x1b, 0x30, 0x0,
    0x7, 0xff, 0xf8, 0x0, 0x0, 0x0, 0x0, 0x0,
    0x0, 0x0, 0x0, 0x0, 0x0, 0x0,

    /* U+9633 "阳" */
    0x2b, 0xbb, 0xbb, 0x80, 0x45, 0x55, 0x55, 0x55,
    0x50, 0x3f, 0x87, 0x7e, 0xa0, 0xef, 0xee, 0xee,
    0xef, 0xf1, 0x3f, 0x0, 0x3f, 0x20, 0xe5, 0x0,
    0x0, 0x3, 0xf1, 0x3f, 0x0, 0xc8, 0x0, 0xe5,
    0x0, 0x0, 0x3, 0xf1, 0x3f, 0x5, 0xe0, 0x0,
    0xe5, 0x0, 0x0, 0x3, 0xf1, 0x3f, 0xd, 0x80,
    0x0, 0xe5, 0x0, 0x0, 0x3, 0xf1, 0x3f, 0x4,
    0xe4, 0x0, 0xe5, 0x0, 0x0, 0x3, 0xf1, 0x3f,
    0x0, 0x5f, 0x10, 0xef, 0xee, 0xee, 0xef, 0xf1,
    0x3f, 0x0, 0xb, 0x90, 0xe9, 0x55, 0x55, 0x57,
    0xf1, 0x3f, 0x0, 0x6, 0xd0, 0xe5, 0x0, 0x0,
    0x3, 0xf1, 0x3f, 0x0, 0x7, 0xd0, 0xe5, 0x0,
    0x0, 0x3, 0xf1, 0x3f, 0x36, 0x7e, 0x90, 0xe5,
    0x0, 0x0, 0x3, 0xf1, 0x3f, 0x4c, 0xc8, 0x0,
    0xe5, 0x0, 0x0, 0x3, 0xf1, 0x3f, 0x0, 0x0,
    0x0, 0xe5, 0x0, 0x0, 0x3, 0xf1, 0x3f, 0x0,
    0x0, 0x0, 0xe8, 0x44, 0x44, 0x47, 0xf1, 0x3f,
    0x0, 0x0, 0x0, 0xef, 0xff, 0xff, 0xff, 0xf1,
    0x3f, 0x0, 0x0, 0x0, 0xe5, 0x0, 0x0, 0x3,
    0xd1, 0x2, 0x0, 0x0, 0x0, 0x0, 0x0, 0x0,
    0x0, 0x0,

    /* U+9650 "限" */
    0x0, 0x0, 0x0, 0x0, 0x0, 0x0, 0x0, 0x0,
    0x0, 0x1, 0xff, 0xff, 0xf6, 0x1d, 0xdd, 0xdd,
    0xdd, 0xd5, 0x0, 0x1f, 0x54, 0x5f, 0x42, 0xf6,
    0x44, 0x44, 0x4e, 0x60, 0x1, 0xf1, 0x5, 0xe0,
    0x2f, 0x20, 0x0, 0x0, 0xe6, 0x0, 0x1f, 0x10,
    0xa8, 0x2, 0xf4, 0x11, 0x11, 0x1e, 0x60, 0x1,
    0xf1, 0xf, 0x20, 0x2f, 0xff, 0xff, 0xff, 0xf6,
    0x0, 0x1f, 0x15, 0xc0, 0x2, 0xf3, 0x0, 0x0,
    0xe, 0x60, 0x1, 0xf1, 0x2e, 0x30, 0x2f, 0x20,
    0x0, 0x0, 0xe6, 0x0, 0x1f, 0x10, 0x7c, 0x2,
    0xf6, 0x33, 0x33, 0x3e, 0x60, 0x1, 0xf1, 0x1,
    0xf2, 0x2f, 0xff, 0xff, 0xff, 0xf6, 0x0, 0x1f,
    0x10, 0xd, 0x52, 0xf2, 0x9, 0xa0, 0x0, 0x10,
    0x1, 0xf1, 0x0, 0xc6, 0x2f, 0x20, 0x4f, 0x0,
    0x5f, 0x40, 0x1f, 0x14, 0x6f, 0x32, 0xf2, 0x0,
    0xf6, 0x9e, 0x50, 0x1, 0xf1, 0x9d, 0x70, 0x2f,
    0x20, 0x8, 0xfb, 0x10, 0x0, 0x1f, 0x10, 0x0,
    0x2, 0xf2, 0x0, 0x1f, 0x80, 0x0, 0x1, 0xf1,
    0x0, 0x0, 0x2f, 0x20, 0x0, 0x7f, 0x50, 0x0,
    0x1f, 0x10, 0x0, 0x3, 0xf5, 0x6a, 0xc0, 0xaf,
    0x60, 0x1, 0xf1, 0x0, 0x0, 0x9f, 0xfe, 0xa5,
    0x0, 0xbf, 0xb0, 0x1f, 0x10, 0x0, 0x7, 0x94,
    0x0, 0x0, 0x0, 0x66, 0x0,

    /* U+9664 "除" */
    0x0, 0x0, 0x0, 0x0, 0x0, 0x1, 0xb1, 0x0,
    0x0, 0x4, 0xff, 0xff, 0xe2, 0x0, 0x0, 0xbf,
    0x20, 0x0, 0x0, 0x4f, 0x44, 0x9d, 0x0, 0x0,
    0x9d, 0x9e, 0x20, 0x0, 0x4, 0xe0, 0xd, 0x60,
    0x0, 0x8e, 0x20, 0x8e, 0x30, 0x0, 0x4e, 0x4,
    0xe0, 0x0, 0xae, 0x20, 0x0, 0x8f, 0x90, 0x4,
    0xe0, 0xb8, 0x4, 0xec, 0x10, 0x0, 0x0, 0x4e,
    0xe3, 0x4e, 0x1f, 0x30, 0x77, 0xad, 0xdd, 0xdd,
    0xdd, 0x28, 0x4, 0xe0, 0x8d, 0x0, 0x4, 0x55,
    0x9f, 0x55, 0x50, 0x0, 0x4e, 0x0, 0xc7, 0x0,
    0x0, 0x5, 0xe0, 0x0, 0x0, 0x4, 0xe0, 0x5,
    0xd0, 0x0, 0x0, 0x5e, 0x0, 0x0, 0x0, 0x4e,
    0x0, 0x2f, 0x8f, 0xff, 0xff, 0xff, 0xff, 0xff,
    0x24, 0xe0, 0x2, 0xf3, 0x44, 0x44, 0x8f, 0x44,
    0x44, 0x40, 0x4e, 0x35, 0xbd, 0x0, 0x21, 0x5,
    0xe0, 0x23, 0x0, 0x4, 0xe6, 0xdb, 0x30, 0xe,
    0x60, 0x5e, 0x7, 0xe1, 0x0, 0x4e, 0x0, 0x0,
    0x6, 0xe0, 0x5, 0xe0, 0xb, 0xc0, 0x4, 0xe0,
    0x0, 0x1, 0xe6, 0x0, 0x5e, 0x0, 0x1e, 0x80,
    0x4e, 0x0, 0x0, 0xcc, 0x0, 0x5, 0xe0, 0x0,
    0x6f, 0x24, 0xe0, 0x0, 0x7, 0x20, 0x32, 0x8e,
    0x0, 0x0, 0x60, 0x4e, 0x0, 0x0, 0x0, 0xe,
    0xfe, 0x70, 0x0, 0x0, 0x0, 0x0, 0x0, 0x0,
    0x0, 0x0, 0x0, 0x0, 0x0, 0x0,

    /* U+9669 "险" */
    0x0, 0x0, 0x0, 0x0, 0x0, 0x2, 0x70, 0x0,
    0x0, 0x3, 0xff, 0xff, 0xe1, 0x0, 0x0, 0xbf,
    0x0, 0x0, 0x0, 0x3f, 0x44, 0x9e, 0x0, 0x0,
    0x4f, 0xaa, 0x0, 0x0, 0x3, 0xf0, 0xb, 0x80,
    0x0, 0x2e, 0x50, 0xb8, 0x0, 0x0, 0x3f, 0x1,
    0xf2, 0x0, 0x1d, 0x90, 0x0, 0xd8, 0x0, 0x3,
    0xf0, 0x6c, 0x0, 0x1d, 0xc0, 0x0, 0x2, 0xea,
    0x0, 0x3f, 0xc, 0x60, 0x4e, 0xb6, 0x55, 0x55,
    0x55, 0xdd, 0x33, 0xf0, 0xaa, 0xe, 0x82, 0xdd,
    0xdd, 0xdd, 0x71, 0xb7, 0x3f, 0x0, 0xe5, 0x10,
    0x0, 0x0, 0x0, 0x0, 0x0, 0x3, 0xf0, 0x7,
    0xc0, 0x2, 0x0, 0x36, 0x0, 0x6, 0x30, 0x3f,
    0x0, 0x4f, 0x2, 0xf0, 0x4, 0xd0, 0x1, 0xf4,
    0x3, 0xf0, 0x2, 0xf0, 0xc, 0x50, 0x1f, 0x10,
    0x7c, 0x0, 0x3f, 0x15, 0xbd, 0x0, 0x7a, 0x0,
    0xe3, 0xd, 0x50, 0x3, 0xf2, 0xdb, 0x30, 0x3,
    0xe0, 0xc, 0x55, 0xd0, 0x0, 0x3f, 0x0, 0x0,
    0x0, 0x8, 0x0, 0x10, 0xc5, 0x0, 0x3, 0xf0,
    0x0, 0x0, 0x0, 0x0, 0x0, 0x5d, 0x0, 0x0,
    0x3f, 0x0, 0x0, 0x9d, 0xdd, 0xdd, 0xdf, 0xed,
    0xdd, 0x43, 0xf0, 0x0, 0x3, 0x55, 0x55, 0x55,
    0x55, 0x55, 0x51, 0x3f, 0x0, 0x0, 0x0, 0x0,
    0x0, 0x0, 0x0, 0x0, 0x0,

    /* U+9700 "需" */
    0x1, 0xff, 0xff, 0xff, 0xff, 0xff, 0xff, 0xff,
    0x50, 0x0, 0x22, 0x22, 0x22, 0xab, 0x22, 0x22,
    0x22, 0x0, 0x3c, 0xcc, 0xcc, 0xcc, 0xef, 0xcc,
    0xcc, 0xcc, 0xc7, 0x3f, 0x22, 0x22, 0x22, 0xbb,
    0x22, 0x22, 0x22, 0xc9, 0x3f, 0x2, 0x22, 0x20,
    0x9a, 0x2, 0x22, 0x20, 0xb9, 0x3f, 0xb, 0xbb,
    0xb3, 0x9a, 0x3b, 0xbb, 0xb1, 0xb9, 0x0, 0x1,
    0x11, 0x10, 0x9a, 0x1, 0x11, 0x10, 0x0, 0x0,
    0x5d, 0xdd, 0xd4, 0x9a, 0x3d, 0xdd, 0xd9, 0x0,
    0x1, 0x11, 0x11, 0x11, 0x33, 0x11, 0x11, 0x11,
    0x11, 0x7f, 0xff, 0xff, 0xff, 0xff, 0xff, 0xff,
    0xff, 0xfe, 0x0, 0x0, 0x0, 0x0, 0xe7, 0x0,
    0x0, 0x0, 0x0, 0x0, 0x33, 0x33, 0x35, 0xf5,
    0x33, 0x33, 0x33, 0x20, 0x0, 0xee, 0xdd, 0xff,
    0xdd, 0xef, 0xed, 0xdf, 0xb0, 0x0, 0xe5, 0x0,
    0x99, 0x0, 0x2f, 0x0, 0xa, 0xb0, 0x0, 0xe5,
    0x0, 0x99, 0x0, 0x2f, 0x0, 0xa, 0xb0, 0x0,
    0xe5, 0x0, 0x99, 0x0, 0x2f, 0x0, 0xa, 0xb0,
    0x0, 0xe5, 0x0, 0x99, 0x0, 0x2f, 0x1, 0x1c,
    0xb0, 0x0, 0xe5, 0x0, 0x88, 0x0, 0x2d, 0x7,
    0xfe, 0x60, 0x0, 0x0, 0x0, 0x0, 0x0, 0x0,
    0x0, 0x0, 0x0,

    /* U+9759 "静" */
    0x0, 0x0, 0x29, 0x0, 0x0, 0x0, 0x63, 0x0,
    0x0, 0x0, 0x0, 0x0, 0x4f, 0x0, 0x0, 0x2,
    0xf3, 0x0, 0x0, 0x0, 0xa, 0xff, 0xff, 0xff,
    0xf7, 0xa, 0xfe, 0xee, 0xb0, 0x0, 0x0, 0x0,
    0x5f, 0x0, 0x0, 0x5f, 0x42, 0x3e, 0x70, 0x0,
    0x4, 0xdd, 0xef, 0xdd, 0xd5, 0xf6, 0x0, 0x9c,
    0x0, 0x0, 0x0, 0x22, 0x6f, 0x22, 0x27, 0xf9,
    0x9a, 0xfb, 0x99, 0x10, 0x1, 0x11, 0x5f, 0x11,
    0x11, 0x8e, 0xef, 0xfe, 0xef, 0x20, 0x1f, 0xff,
    0xff, 0xff, 0xfb, 0x0, 0xe, 0x50, 0x1f, 0x20,
    0x0, 0x0, 0x0, 0x0, 0x0, 0x0, 0xe, 0x50,
    0x1f, 0x20, 0x0, 0xdf, 0xff, 0xff, 0xb8, 0xff,
    0xff, 0xff, 0xff, 0xf6, 0x0, 0xd5, 0x0, 0x8,
    0xb1, 0x22, 0x2e, 0x72, 0x3f, 0x41, 0x0, 0xd7,
    0x33, 0x39, 0xb0, 0x0, 0xe, 0x50, 0x1f, 0x20,
    0x0, 0xdd, 0xcc, 0xce, 0xb0, 0x24, 0x4f, 0x84,
    0x5f, 0x20, 0x0, 0xd5, 0x0, 0x7, 0xb0, 0x7b,
    0xbf, 0xdb, 0xbf, 0x20, 0x0, 0xdf, 0xee, 0xef,
    0xb0, 0x0, 0xe, 0x50, 0x7, 0x10, 0x0, 0xd5,
    0x0, 0x7, 0xb0, 0x0, 0xe, 0x50, 0x0, 0x0,
    0x0, 0xd5, 0x0, 0x7, 0xb0, 0x0, 0xe, 0x50,
    0x0, 0x0, 0x0, 0xd5, 0x0, 0x9, 0xb0, 0x13,
    0x3f, 0x50, 0x0, 0x0, 0x0, 0xd5, 0x7, 0xfe,
    0x60, 0x3f, 0xfb, 0x10, 0x0, 0x0, 0x0, 0x0,
    0x0, 0x0, 0x0, 0x0, 0x0, 0x0, 0x0, 0x0,

    /* U+9762 "面" */
    0x35, 0x55, 0x55, 0x55, 0x55, 0x55, 0x55, 0x55,
    0x54, 0xbf, 0xff, 0xff, 0xff, 0xff, 0xff, 0xff,
    0xff, 0xfe, 0x0, 0x0, 0x0, 0x1, 0xf7, 0x0,
    0x0, 0x0, 0x0, 0x0, 0x0, 0x0, 0x4, 0xf2,
    0x0, 0x0, 0x0, 0x0, 0x4, 0x44, 0x44, 0x4a,
    0xf5, 0x44, 0x44, 0x44, 0x40, 0xc, 0xff, 0xff,
    0xff, 0xff, 0xff, 0xff, 0xff, 0xe0, 0xc, 0x70,
    0x7, 0xb0, 0x0, 0xc, 0x60, 0x6, 0xe0, 0xc,
    0x70, 0x7, 0xb0, 0x0, 0xc, 0x60, 0x6, 0xe0,
    0xc, 0x70, 0x7, 0xff, 0xff, 0xff, 0x60, 0x6,
    0xe0, 0xc, 0x70, 0x7, 0xc2, 0x22, 0x2d, 0x60,
    0x6, 0xe0, 0xc, 0x70, 0x7, 0xb0, 0x0, 0xc,
    0x60, 0x6, 0xe0, 0xc, 0x70, 0x7, 0xc2, 0x22,
    0x2d, 0x60, 0x6, 0xe0, 0xc, 0x70, 0x7, 0xff,
    0xff, 0xff, 0x60, 0x6, 0xe0, 0xc, 0x70, 0x7,
    0xb0, 0x0, 0xc, 0x60, 0x6, 0xe0, 0xc, 0x70,
    0x7, 0xb0, 0x0, 0xc, 0x60, 0x6, 0xe0, 0xc,
    0xff, 0xff, 0xff, 0xff, 0xff, 0xff, 0xff, 0xe0,
    0xc, 0xa4, 0x44, 0x44, 0x44, 0x44, 0x44, 0x49,
    0xe0, 0xc, 0x70, 0x0, 0x0, 0x0, 0x0, 0x0,
    0x6, 0xe0,

    /* U+97F3 "音" */
    0x0, 0x0, 0x0, 0x1, 0xd4, 0x0, 0x0, 0x0,
    0x0, 0x0, 0x0, 0x0, 0x0, 0xac, 0x0, 0x0,
    0x0, 0x0, 0xb, 0xff, 0xff, 0xff, 0xff, 0xff,
    0xff, 0xff, 0xd0, 0x2, 0x33, 0x97, 0x33, 0x33,
    0x33, 0x7b, 0x43, 0x30, 0x0, 0x0, 0x9d, 0x0,
    0x0, 0x0, 0xad, 0x0, 0x0, 0x0, 0x0, 0x2f,
    0x40, 0x0, 0x1, 0xf5, 0x0, 0x0, 0x23, 0x33,
    0x3e, 0x93, 0x33, 0x39, 0xe3, 0x33, 0x32, 0xef,
    0xff, 0xff, 0xff, 0xff, 0xff, 0xff, 0xff, 0xfe,
    0x0, 0x0, 0x0, 0x0, 0x0, 0x0, 0x0, 0x0,
    0x0, 0x0, 0x1, 0x11, 0x11, 0x11, 0x11, 0x11,
    0x10, 0x0, 0x0, 0x1f, 0xff, 0xff, 0xff, 0xff,
    0xff, 0xf4, 0x0, 0x0, 0x1f, 0x40, 0x0, 0x0,
    0x0, 0x2, 0xf4, 0x0, 0x0, 0x1f, 0x30, 0x0,
    0x0, 0x0, 0x1, 0xf4, 0x0, 0x0, 0x1f, 0xff,
    0xff, 0xff, 0xff, 0xff, 0xf4, 0x0, 0x0, 0x1f,
    0x52, 0x22, 0x22, 0x22, 0x23, 0xf4, 0x0, 0x0,
    0x1f, 0x30, 0x0, 0x0, 0x0, 0x1, 0xf4, 0x0,
    0x0, 0x1f, 0x63, 0x33, 0x33, 0x33, 0x34, 0xf4,
    0x0, 0x0, 0x1f, 0xff, 0xff, 0xff, 0xff, 0xff,
    0xf4, 0x0, 0x0, 0x1f, 0x30, 0x0, 0x0, 0x0,
    0x1, 0xf4, 0x0,

    /* U+9875 "页" */
    0x3d, 0xdd, 0xdd, 0xdd, 0xdd, 0xdd, 0xdd, 0xdd,
    0xdc, 0x16, 0x66, 0x66, 0x66, 0xdd, 0x66, 0x66,
    0x66, 0x65, 0x0, 0x0, 0x0, 0x1, 0xf6, 0x0,
    0x0, 0x0, 0x0, 0x0, 0x0, 0x0, 0x7, 0xe0,
    0x0, 0x0, 0x0, 0x0, 0x0, 0x4f, 0xff, 0xff,
    0xff, 0xff, 0xff, 0xfd, 0x0, 0x0, 0x4f, 0x54,
    0x44, 0x44, 0x44, 0x44, 0xae, 0x0, 0x0, 0x4f,
    0x10, 0x0, 0x25, 0x0, 0x0, 0x8e, 0x0, 0x0,
    0x4f, 0x10, 0x0, 0x6f, 0x0, 0x0, 0x8e, 0x0,
    0x0, 0x4f, 0x10, 0x0, 0x6f, 0x0, 0x0, 0x8e,
    0x0, 0x0, 0x4f, 0x10, 0x0, 0x6f, 0x0, 0x0,
    0x8e, 0x0, 0x0, 0x4f, 0x10, 0x0, 0x7e, 0x0,
    0x0, 0x8e, 0x0, 0x0, 0x4f, 0x10, 0x0, 0x9c,
    0x0, 0x0, 0x8e, 0x0, 0x0, 0x4f, 0x10, 0x0,
    0xe9, 0x0, 0x0, 0x8e, 0x0, 0x0, 0x15, 0x0,
    0xb, 0xe1, 0x8e, 0x70, 0x25, 0x0, 0x0, 0x0,
    0x4, 0xde, 0x30, 0x5, 0xde, 0x70, 0x0, 0x0,
    0x27, 0xdf, 0xa1, 0x0, 0x0, 0x6, 0xee, 0x50,
    0x5e, 0xfd, 0x82, 0x0, 0x0, 0x0, 0x0, 0x9,
    0xf7, 0x5, 0x10, 0x0, 0x0, 0x0, 0x0, 0x0,
    0x0, 0x31,

    /* U+9879 "项" */
    0x0, 0x0, 0x0, 0x5, 0xff, 0xff, 0xff, 0xff,
    0xff, 0xf4, 0x6, 0x66, 0x66, 0x63, 0x44, 0x44,
    0xaf, 0x44, 0x44, 0x41, 0xf, 0xff, 0xff, 0xf3,
    0x0, 0x0, 0xda, 0x0, 0x0, 0x0, 0x0, 0x8,
    0xd0, 0x0, 0x14, 0x45, 0xf8, 0x44, 0x43, 0x0,
    0x0, 0x7, 0xd0, 0x0, 0x6f, 0xff, 0xff, 0xff,
    0xfe, 0x0, 0x0, 0x7, 0xd0, 0x0, 0x6e, 0x0,
    0x0, 0x0, 0x6e, 0x0, 0x0, 0x7, 0xd0, 0x0,
    0x6e, 0x0, 0x5c, 0x0, 0x6e, 0x0, 0x0, 0x7,
    0xd0, 0x0, 0x6e, 0x0, 0x6e, 0x0, 0x6e, 0x0,
    0x0, 0x7, 0xd0, 0x0, 0x6e, 0x0, 0x6e, 0x0,
    0x6e, 0x0, 0x0, 0x7, 0xd0, 0x0, 0x6e, 0x0,
    0x6e, 0x0, 0x6e, 0x0, 0x0, 0x7, 0xd0, 0x22,
    0x6e, 0x0, 0x7e, 0x0, 0x6e, 0x0, 0x0, 0x9,
    0xfd, 0xf7, 0x6e, 0x0, 0x8c, 0x0, 0x6e, 0x0,
    0x2a, 0xef, 0xc7, 0x10, 0x6e, 0x0, 0xc9, 0x0,
    0x6e, 0x0, 0x2c, 0x72, 0x0, 0x0, 0x1, 0x4,
    0xf2, 0x31, 0x1, 0x0, 0x0, 0x0, 0x0, 0x0,
    0x0, 0x3e, 0x90, 0xaf, 0x60, 0x0, 0x0, 0x0,
    0x0, 0x0, 0x19, 0xf9, 0x0, 0x6, 0xfb, 0x10,
    0x0, 0x0, 0x0, 0x3b, 0xfd, 0x40, 0x0, 0x0,
    0x2d, 0xd1, 0x0, 0x0, 0x0, 0x8, 0x30, 0x0,
    0x0, 0x0, 0x1, 0x70,

    /* U+988A "颊" */
    0x0, 0x0, 0x39, 0x0, 0x0, 0x0, 0x0, 0x0,
    0x0, 0x0, 0x0, 0x0, 0x5e, 0x0, 0x3, 0xee,
    0xee, 0xee, 0xee, 0xe0, 0x0, 0x0, 0x5e, 0x0,
    0x1, 0x55, 0x57, 0xf5, 0x55, 0x50, 0xb, 0xee,
    0xff, 0xee, 0xe5, 0x0, 0x7, 0xc0, 0x0, 0x0,
    0x6, 0x88, 0xbf, 0x88, 0x83, 0x1, 0x1c, 0x81,
    0x11, 0x0, 0x2, 0x60, 0x5e, 0x1, 0x60, 0x5f,
    0xff, 0xff, 0xff, 0x40, 0x2, 0xf0, 0x5e, 0x6,
    0xc0, 0x5e, 0x0, 0x0, 0xf, 0x40, 0x0, 0xd4,
    0x5e, 0xa, 0x70, 0x5e, 0x1, 0xc0, 0xf, 0x40,
    0x0, 0xa6, 0x6d, 0xf, 0x10, 0x5e, 0x1, 0xf0,
    0xf, 0x40, 0x4, 0x55, 0x9e, 0x56, 0x44, 0x5e,
    0x2, 0xf0, 0xf, 0x40, 0x1f, 0xff, 0xff, 0xff,
    0xfc, 0x5e, 0x3, 0xf0, 0xf, 0x40, 0x0, 0x0,
    0xaa, 0x0, 0x0, 0x5e, 0x4, 0xe0, 0xf, 0x40,
    0x0, 0x0, 0xef, 0x40, 0x0, 0x5e, 0x6, 0xc0,
    0xf, 0x40, 0x0, 0x4, 0xf7, 0xf3, 0x0, 0x5e,
    0x9, 0x90, 0xf, 0x40, 0x0, 0xb, 0xa0, 0x7e,
    0x20, 0x0, 0xe, 0x76, 0x0, 0x0, 0x0, 0x5f,
    0x30, 0xa, 0xd1, 0x0, 0x7e, 0x3d, 0xa0, 0x0,
    0x3, 0xe9, 0x0, 0x0, 0x80, 0x7, 0xf4, 0x1,
    0xbd, 0x10, 0x1e, 0xb0, 0x0, 0x0, 0x8, 0xdd,
    0x30, 0x0, 0xa, 0xd0, 0x4, 0x0, 0x0, 0x0,
    0x6, 0x40, 0x0, 0x0, 0x0, 0x20,

    /* U+98CE "风" */
    0x0, 0xc, 0xff, 0xff, 0xff, 0xff, 0xff, 0xff,
    0x80, 0x0, 0x0, 0xc, 0xb5, 0x55, 0x55, 0x55,
    0x55, 0x5d, 0x80, 0x0, 0x0, 0xc, 0x80, 0x0,
    0x0, 0x0, 0x10, 0xc, 0x80, 0x0, 0x0, 0xc,
    0x80, 0x30, 0x0, 0x1, 0xf2, 0xc, 0x80, 0x0,
    0x0, 0xc, 0x82, 0xf6, 0x0, 0x7, 0xd0, 0xc,
    0x80, 0x0, 0x0, 0xd, 0x80, 0x5f, 0x40, 0xd,
    0x70, 0xc, 0x80, 0x0, 0x0, 0xd, 0x80, 0x8,
    0xf2, 0x6f, 0x10, 0xb, 0x80, 0x0, 0x0, 0xd,
    0x70, 0x0, 0xbd, 0xd8, 0x0, 0xb, 0x80, 0x0,
    0x0, 0xe, 0x70, 0x0, 0x1d, 0xf1, 0x0, 0xb,
    0x80, 0x0, 0x0, 0xf, 0x50, 0x0, 0x2f, 0xf7,
    0x0, 0xa, 0x90, 0x0, 0x0, 0x1f, 0x30, 0x0,
    0xdc, 0x7f, 0x30, 0xa, 0xa0, 0x0, 0x0, 0x4f,
    0x10, 0xa, 0xe1, 0xb, 0xe0, 0x9, 0xb0, 0x0,
    0x0, 0x8d, 0x0, 0xaf, 0x40, 0x1, 0xe9, 0x7,
    0xc0, 0x10, 0x0, 0xc9, 0xb, 0xf5, 0x0, 0x0,
    0x6f, 0x45, 0xe0, 0xa2, 0x3, 0xf4, 0xa, 0x40,
    0x0, 0x0, 0x7, 0x12, 0xf2, 0xb3, 0xc, 0xc0,
    0x0, 0x0, 0x0, 0x0, 0x0, 0x0, 0xdb, 0xe1,
    0xd, 0x40, 0x0, 0x0, 0x0, 0x0, 0x0, 0x0,
    0x4e, 0xa0, 0x0, 0x0, 0x0, 0x0, 0x0, 0x0,
    0x0, 0x0, 0x0, 0x0,

    /* U+9996 "首" */
    0x0, 0x1, 0xa2, 0x0, 0x0, 0x0, 0x1a, 0x30,
    0x0, 0x0, 0x0, 0xae, 0x10, 0x0, 0x0, 0xad,
    0x10, 0x0, 0x0, 0x0, 0x1e, 0x60, 0x0, 0x5,
    0xf3, 0x0, 0x0, 0xef, 0xff, 0xff, 0xff, 0xff,
    0xff, 0xff, 0xff, 0xfe, 0x34, 0x44, 0x44, 0x44,
    0xec, 0x44, 0x44, 0x44, 0x43, 0x0, 0x0, 0x0,
    0x1, 0xf5, 0x0, 0x0, 0x0, 0x0, 0x0, 0x8f,
    0xff, 0xff, 0xff, 0xff, 0xff, 0xf9, 0x0, 0x0,
    0x8d, 0x33, 0x33, 0x33, 0x33, 0x33, 0xd9, 0x0,
    0x0, 0x8c, 0x0, 0x0, 0x0, 0x0, 0x0, 0xc9,
    0x0, 0x0, 0x8d, 0x33, 0x33, 0x33, 0x33, 0x33,
    0xd9, 0x0, 0x0, 0x8f, 0xdd, 0xdd, 0xdd, 0xdd,
    0xdd, 0xf9, 0x0, 0x0, 0x8c, 0x0, 0x0, 0x0,
    0x0, 0x0, 0xc9, 0x0, 0x0, 0x8c, 0x22, 0x22,
    0x22, 0x22, 0x22, 0xc9, 0x0, 0x0, 0x8f, 0xff,
    0xff, 0xff, 0xff, 0xff, 0xf9, 0x0, 0x0, 0x8c,
    0x0, 0x0, 0x0, 0x0, 0x0, 0xc9, 0x0, 0x0,
    0x8c, 0x0, 0x0, 0x0, 0x0, 0x0, 0xc9, 0x0,
    0x0, 0x8f, 0xff, 0xff, 0xff, 0xff, 0xff, 0xf9,
    0x0, 0x0, 0x8d, 0x33, 0x33, 0x33, 0x33, 0x33,
    0xd9, 0x0, 0x0, 0x8c, 0x0, 0x0, 0x0, 0x0,
    0x0, 0xc9, 0x0,

    /* U+9AD8 "高" */
    0x0, 0x0, 0x0, 0x0, 0x0, 0x0, 0x0, 0x0,
    0x0, 0x0, 0x0, 0x0, 0x1, 0xe3, 0x0, 0x0,
    0x0, 0x0, 0x0, 0x0, 0x0, 0x0, 0xd9, 0x0,
    0x0, 0x0, 0x0, 0xcd, 0xdd, 0xdd, 0xdd, 0xff,
    0xdd, 0xdd, 0xdd, 0xd8, 0x45, 0x55, 0x55, 0x55,
    0x55, 0x55, 0x55, 0x55, 0x53, 0x0, 0x0, 0x0,
    0x0, 0x0, 0x0, 0x0, 0x0, 0x0, 0x0, 0xd,
    0xff, 0xff, 0xff, 0xff, 0xff, 0xb0, 0x0, 0x0,
    0xd, 0x80, 0x0, 0x0, 0x0, 0xa, 0xb0, 0x0,
    0x0, 0xd, 0x81, 0x11, 0x11, 0x11, 0x1b, 0xb0,
    0x0, 0x0, 0xc, 0xee, 0xee, 0xee, 0xee, 0xee,
    0xa0, 0x0, 0x2, 0x22, 0x22, 0x22, 0x22, 0x22,
    0x22, 0x22, 0x20, 0x2f, 0xff, 0xff, 0xff, 0xff,
    0xff, 0xff, 0xff, 0xe0, 0x2f, 0x20, 0x0, 0x0,
    0x0, 0x0, 0x0, 0x6, 0xe0, 0x2f, 0x20, 0x7e,
    0xee, 0xee, 0xee, 0xe0, 0x6, 0xe0, 0x2f, 0x20,
    0x7d, 0x11, 0x11, 0x14, 0xf0, 0x6, 0xe0, 0x2f,
    0x20, 0x7c, 0x0, 0x0, 0x3, 0xf0, 0x6, 0xe0,
    0x2f, 0x20, 0x7f, 0xee, 0xee, 0xee, 0xf0, 0x6,
    0xe0, 0x2f, 0x20, 0x7d, 0x11, 0x11, 0x11, 0x10,
    0x6, 0xe0, 0x2f, 0x20, 0x11, 0x0, 0x0, 0x0,
    0x1, 0x28, 0xe0, 0x2f, 0x20, 0x0, 0x0, 0x0,
    0x0, 0x7, 0xdc, 0x60,

    /* U+9B3C "鬼" */
    0x0, 0x0, 0x0, 0x0, 0x0, 0x0, 0x0, 0x0,
    0x0, 0x0, 0x0, 0x0, 0x4, 0xe2, 0x0, 0x0,
    0x0, 0x0, 0x0, 0x0, 0x0, 0xc, 0xb0, 0x0,
    0x0, 0x0, 0x0, 0x0, 0xef, 0xff, 0xff, 0xff,
    0xff, 0xff, 0xf7, 0x0, 0x0, 0xe8, 0x33, 0x33,
    0xe9, 0x33, 0x33, 0xf7, 0x0, 0x0, 0xe6, 0x0,
    0x0, 0xd7, 0x0, 0x0, 0xe7, 0x0, 0x0, 0xe7,
    0x22, 0x22, 0xd8, 0x22, 0x22, 0xe7, 0x0, 0x0,
    0xef, 0xff, 0xff, 0xff, 0xff, 0xff, 0xf7, 0x0,
    0x0, 0xe6, 0x0, 0x0, 0xf6, 0x0, 0x0, 0xe7,
    0x0, 0x0, 0xe6, 0x0, 0x1, 0xf3, 0x0, 0x0,
    0xe7, 0x0, 0x0, 0xef, 0xee, 0xee, 0xfe, 0xee,
    0xee, 0xf7, 0x0, 0x0, 0x44, 0x44, 0x4d, 0xc4,
    0x44, 0x55, 0x42, 0x0, 0x0, 0x0, 0x0, 0x3f,
    0x9e, 0x0, 0x99, 0x0, 0x0, 0x0, 0x0, 0x0,
    0xcd, 0x4f, 0x0, 0xe1, 0x93, 0x0, 0x0, 0x0,
    0x9, 0xf3, 0x4f, 0x7, 0x90, 0x6d, 0x0, 0x0,
    0x0, 0x9f, 0x60, 0x4f, 0x2f, 0xfe, 0xcd, 0x61,
    0x0, 0x1c, 0xf5, 0x0, 0x4f, 0x4, 0x10, 0x2,
    0x6e, 0x18, 0xfd, 0x30, 0x0, 0x3f, 0x52, 0x22,
    0x22, 0xac, 0xae, 0x60, 0x0, 0x0, 0xa, 0xff,
    0xff, 0xff, 0xe4, 0x0, 0x0, 0x0, 0x0, 0x0,
    0x0, 0x0, 0x0, 0x0,

    /* U+9E2D "鸭" */
    0x0, 0x0, 0x0, 0x0, 0x0, 0x0, 0x4a, 0x0,
    0x0, 0x79, 0x99, 0x99, 0x99, 0x0, 0x0, 0x98,
    0x0, 0x0, 0xcb, 0x9b, 0xf9, 0xaf, 0x4, 0xff,
    0xff, 0xff, 0xc0, 0xc5, 0x3, 0xe0, 0x1f, 0x4,
    0xf3, 0x33, 0x37, 0xc0, 0xc5, 0x3, 0xe0, 0x1f,
    0x4, 0xe0, 0xb2, 0x5, 0xc0, 0xc5, 0x4, 0xe0,
    0x1f, 0x4, 0xe0, 0x5e, 0x16, 0xb0, 0xcf, 0xff,
    0xff, 0xff, 0x4, 0xe0, 0x7, 0x67, 0xa0, 0xc7,
    0x25, 0xe2, 0x3f, 0x4, 0xe0, 0x0, 0x9, 0x80,
    0xc5, 0x3, 0xe0, 0x1f, 0x4, 0xe0, 0xa, 0xef,
    0x30, 0xc5, 0x3, 0xe0, 0x1f, 0x4, 0xe0, 0x0,
    0x10, 0x0, 0xc8, 0x47, 0xf4, 0x5f, 0x4, 0xf6,
    0x66, 0x66, 0x63, 0xcf, 0xee, 0xfe, 0xef, 0x3,
    0xcc, 0xcc, 0xcc, 0xe7, 0xa4, 0x3, 0xe0, 0x8,
    0x0, 0x0, 0x0, 0x0, 0xb7, 0x0, 0x3, 0xe0,
    0x0, 0x3e, 0xee, 0xee, 0xe2, 0xc6, 0x0, 0x3,
    0xe0, 0x0, 0x3, 0x33, 0x33, 0x30, 0xd5, 0x0,
    0x3, 0xe0, 0x0, 0x0, 0x0, 0x0, 0x0, 0xe4,
    0x0, 0x3, 0xe0, 0x0, 0x0, 0x0, 0x0, 0x0,
    0xf2, 0x0, 0x3, 0xe0, 0x0, 0x0, 0x0, 0x1,
    0x4, 0xf0, 0x0, 0x3, 0xe0, 0x0, 0x0, 0x0,
    0xa, 0xff, 0x80, 0x0, 0x0, 0x0, 0x0, 0x0,
    0x0, 0x0, 0x0, 0x0,

    /* U+9F99 "龙" */
    0x0, 0x0, 0x0, 0x9, 0x70, 0x0, 0x10, 0x0,
    0x0, 0x0, 0x0, 0x0, 0x0, 0xd, 0x90, 0x0,
    0xbc, 0x20, 0x0, 0x0, 0x0, 0x0, 0x0, 0xe,
    0x80, 0x0, 0x9, 0xf5, 0x0, 0x0, 0x0, 0x0,
    0x0, 0xe, 0x70, 0x0, 0x0, 0x6f, 0x30, 0x0,
    0x0, 0x0, 0x0, 0xf, 0x60, 0x0, 0x0, 0x2,
    0x0, 0x0, 0xe, 0xff, 0xff, 0xff, 0xff, 0xff,
    0xff, 0xff, 0xff, 0xc0, 0x4, 0x44, 0x44, 0x7f,
    0x64, 0x9e, 0x44, 0x44, 0x44, 0x40, 0x0, 0x0,
    0x0, 0x6f, 0x0, 0x7e, 0x0, 0x0, 0x50, 0x0,
    0x0, 0x0, 0x0, 0x9c, 0x0, 0x7e, 0x0, 0x7,
    0xf2, 0x0, 0x0, 0x0, 0x0, 0xc9, 0x0, 0x7e,
    0x0, 0x2f, 0x60, 0x0, 0x0, 0x0, 0x1, 0xf5,
    0x0, 0x7e, 0x0, 0xdb, 0x0, 0x0, 0x0, 0x0,
    0x7, 0xf0, 0x0, 0x7e, 0xc, 0xd1, 0x0, 0x0,
    0x0, 0x0, 0xd, 0x90, 0x0, 0x7e, 0xbd, 0x10,
    0x0, 0x0, 0x0, 0x0, 0x7f, 0x30, 0x0, 0x7f,
    0xd1, 0x0, 0x0, 0x0, 0x0, 0x3, 0xf8, 0x0,
    0x5, 0xef, 0x10, 0x0, 0x0, 0x50, 0x0, 0x3e,
    0xc0, 0x2, 0xbf, 0xde, 0x0, 0x0, 0x2, 0xf1,
    0x6, 0xfd, 0x10, 0x8f, 0xc3, 0x6f, 0x53, 0x33,
    0x39, 0xe0, 0x1e, 0xa0, 0x0, 0x25, 0x0, 0x1c,
    0xff, 0xff, 0xfe, 0x60, 0x1, 0x0, 0x0, 0x0,
    0x0, 0x0, 0x0, 0x0, 0x0, 0x0,

    /* U+9F9F "龟" */
    0x0, 0x0, 0x0, 0x66, 0x0, 0x0, 0x0, 0x0,
    0x0, 0x0, 0x0, 0x0, 0x3, 0xfa, 0x33, 0x33,
    0x41, 0x0, 0x0, 0x0, 0x0, 0x0, 0x1e, 0xff,
    0xff, 0xff, 0xfb, 0x0, 0x0, 0x0, 0x0, 0x0,
    0xcd, 0x10, 0x0, 0x9, 0xe1, 0x0, 0x0, 0x0,
    0x0, 0x1c, 0xd1, 0x0, 0x0, 0x9e, 0x20, 0x0,
    0x0, 0x0, 0x3, 0xef, 0xff, 0xff, 0xff, 0xff,
    0xff, 0xff, 0xe0, 0x0, 0xe, 0xdf, 0x73, 0x33,
    0x3f, 0x83, 0x33, 0x39, 0xe0, 0x0, 0x2, 0x1f,
    0x40, 0x0, 0xe, 0x60, 0x0, 0x7, 0xe0, 0x0,
    0x0, 0x1f, 0x40, 0x0, 0xe, 0x60, 0x0, 0x7,
    0xe0, 0x0, 0x0, 0x1f, 0xff, 0xff, 0xff, 0xff,
    0xff, 0xff, 0xe0, 0x0, 0x0, 0x1f, 0x51, 0x11,
    0x1e, 0x71, 0x11, 0x18, 0xe0, 0x0, 0x0, 0x1f,
    0x40, 0x0, 0xe, 0x60, 0x0, 0x7, 0xe0, 0x0,
    0x0, 0x1f, 0x73, 0x33, 0x3f, 0x83, 0x33, 0x39,
    0xe0, 0x0, 0x0, 0x1f, 0xff, 0xff, 0xff, 0xff,
    0xff, 0xff, 0xe0, 0x0, 0x0, 0x1f, 0x40, 0x0,
    0xe, 0x60, 0x0, 0x0, 0x1, 0xb1, 0x0, 0x0,
    0x0, 0x0, 0xe, 0x60, 0x0, 0x0, 0x3, 0xf1,
    0x0, 0x0, 0x0, 0x0, 0xd, 0xc4, 0x44, 0x44,
    0x4b, 0xd0, 0x0, 0x0, 0x0, 0x0, 0x4, 0xdf,
    0xff, 0xff, 0xfd, 0x40,

    /* U+F001 "" */
    0x0, 0x0, 0x0, 0x0, 0x0, 0x0, 0x0, 0x0,
    0x0, 0x31, 0x0, 0x0, 0x0, 0x0, 0x0, 0x0,
    0x0, 0x15, 0xae, 0xfd, 0x0, 0x0, 0x0, 0x0,
    0x0, 0x2, 0x7c, 0xff, 0xff, 0xff, 0x0, 0x0,
    0x0, 0x0, 0x49, 0xef, 0xff, 0xff, 0xff, 0xff,
    0x0, 0x0, 0x4, 0xbf, 0xff, 0xff, 0xff, 0xff,
    0xff, 0xff, 0x0, 0x0, 0xf, 0xff, 0xff, 0xff,
    0xff, 0xff, 0xff, 0xff, 0x0, 0x0, 0xf, 0xff,
    0xff, 0xff, 0xff, 0xfb, 0x69, 0xff, 0x0, 0x0,
    0xf, 0xff, 0xff, 0xfe, 0x95, 0x0, 0x8, 0xff,
    0x0, 0x0, 0xf, 0xff, 0xc7, 0x30, 0x0, 0x0,
    0x8, 0xff, 0x0, 0x0, 0xf, 0xf8, 0x0, 0x0,
    0x0, 0x0, 0x8, 0xff, 0x0, 0x0, 0xf, 0xf8,
    0x0, 0x0, 0x0, 0x0, 0x8, 0xff, 0x0, 0x0,
    0xf, 0xf8, 0x0, 0x0, 0x0, 0x0, 0x8, 0xff,
    0x0, 0x0, 0xf, 0xf8, 0x0, 0x0, 0x0, 0x0,
    0x8, 0xff, 0x0, 0x0, 0xf, 0xf8, 0x0, 0x0,
    0x1, 0x7b, 0xbd, 0xff, 0x0, 0x0, 0xf, 0xf8,
    0x0, 0x0, 0x1e, 0xff, 0xff, 0xff, 0x0, 0x13,
    0x2f, 0xf8, 0x0, 0x0, 0x7f, 0xff, 0xff, 0xff,
    0x2b, 0xff, 0xff, 0xf8, 0x0, 0x0, 0x4f, 0xff,
    0xff, 0xfc, 0xdf, 0xff, 0xff, 0xf8, 0x0, 0x0,
    0x6, 0xef, 0xff, 0xa1, 0xff, 0xff, 0xff, 0xf7,
    0x0, 0x0, 0x0, 0x2, 0x20, 0x0, 0x7f, 0xff,
    0xff, 0xd1, 0x0, 0x0, 0x0, 0x0, 0x0, 0x0,
    0x2, 0x8a, 0xa6, 0x0, 0x0, 0x0, 0x0, 0x0,
    0x0, 0x0,

    /* U+F008 "" */
    0xc4, 0x3, 0xff, 0xff, 0xff, 0xff, 0xff, 0xff,
    0x40, 0x4c, 0xfd, 0xcd, 0xff, 0xee, 0xee, 0xee,
    0xee, 0xff, 0xdc, 0xdf, 0xfa, 0x8a, 0xfa, 0x0,
    0x0, 0x0, 0x0, 0xaf, 0xb8, 0xaf, 0xf4, 0x3,
    0xfa, 0x0, 0x0, 0x0, 0x0, 0x9f, 0x40, 0x4f,
    0xf4, 0x4, 0xfa, 0x0, 0x0, 0x0, 0x0, 0x9f,
    0x50, 0x4f, 0xff, 0xff, 0xfa, 0x0, 0x0, 0x0,
    0x0, 0x9f, 0xff, 0xff, 0xf7, 0x47, 0xfd, 0x77,
    0x77, 0x77, 0x77, 0xdf, 0x84, 0x7f, 0xf4, 0x3,
    0xff, 0xff, 0xff, 0xff, 0xff, 0xff, 0x40, 0x4f,
    0xf7, 0x47, 0xfd, 0x77, 0x77, 0x77, 0x77, 0xdf,
    0x84, 0x7f, 0xff, 0xff, 0xfa, 0x0, 0x0, 0x0,
    0x0, 0x9f, 0xff, 0xff, 0xf4, 0x4, 0xfa, 0x0,
    0x0, 0x0, 0x0, 0x9f, 0x50, 0x4f, 0xf4, 0x3,
    0xfa, 0x0, 0x0, 0x0, 0x0, 0x9f, 0x40, 0x4f,
    0xfa, 0x8a, 0xfa, 0x0, 0x0, 0x0, 0x0, 0xaf,
    0xb8, 0xaf, 0xfd, 0xcd, 0xff, 0xee, 0xee, 0xee,
    0xee, 0xff, 0xdc, 0xdf, 0xc4, 0x3, 0xff, 0xff,
    0xff, 0xff, 0xff, 0xff, 0x40, 0x4c,

    /* U+F00B "" */
    0x0, 0x0, 0x0, 0x0, 0x0, 0x0, 0x0, 0x0,
    0x0, 0x0, 0xdf, 0xff, 0xfa, 0xc, 0xff, 0xff,
    0xff, 0xff, 0xff, 0xfd, 0xff, 0xff, 0xfd, 0xe,
    0xff, 0xff, 0xff, 0xff, 0xff, 0xff, 0xff, 0xff,
    0xfd, 0xe, 0xff, 0xff, 0xff, 0xff, 0xff, 0xff,
    0xff, 0xff, 0xfd, 0xe, 0xff, 0xff, 0xff, 0xff,
    0xff, 0xff, 0xcf, 0xff, 0xf9, 0xa, 0xff, 0xff,
    0xff, 0xff, 0xff, 0xfc, 0x0, 0x0, 0x0, 0x0,
    0x0, 0x0, 0x0, 0x0, 0x0, 0x0, 0xcf, 0xff,
    0xf9, 0xb, 0xff, 0xff, 0xff, 0xff, 0xff, 0xfc,
    0xff, 0xff, 0xfd, 0xe, 0xff, 0xff, 0xff, 0xff,
    0xff, 0xff, 0xff, 0xff, 0xfd, 0xe, 0xff, 0xff,
    0xff, 0xff, 0xff, 0xff, 0xff, 0xff, 0xfd, 0xe,
    0xff, 0xff, 0xff, 0xff, 0xff, 0xff, 0xcf, 0xff,
    0xfa, 0xb, 0xff, 0xff, 0xff, 0xff, 0xff, 0xfc,
    0x0, 0x0, 0x0, 0x0, 0x0, 0x0, 0x0, 0x0,
    0x0, 0x0, 0xcf, 0xff, 0xf9, 0xa, 0xff, 0xff,
    0xff, 0xff, 0xff, 0xfb, 0xff, 0xff, 0xfd, 0xe,
    0xff, 0xff, 0xff, 0xff, 0xff, 0xff, 0xff, 0xff,
    0xfd, 0xe, 0xff, 0xff, 0xff, 0xff, 0xff, 0xff,
    0xff, 0xff, 0xfd, 0xe, 0xff, 0xff, 0xff, 0xff,
    0xff, 0xff, 0xdf, 0xff, 0xfa, 0xc, 0xff, 0xff,
    0xff, 0xff, 0xff, 0xfd, 0x0, 0x0, 0x0, 0x0,
    0x0, 0x0, 0x0, 0x0, 0x0, 0x0,

    /* U+F00C "" */
    0x0, 0x0, 0x0, 0x0, 0x0, 0x0, 0x0, 0x0,
    0x4e, 0x60, 0x0, 0x0, 0x0, 0x0, 0x0, 0x0,
    0x0, 0x4, 0xff, 0xf7, 0x0, 0x0, 0x0, 0x0,
    0x0, 0x0, 0x0, 0x4f, 0xff, 0xff, 0x0, 0x0,
    0x0, 0x0, 0x0, 0x0, 0x4, 0xff, 0xff, 0xf6,
    0x0, 0x0, 0x0, 0x0, 0x0, 0x0, 0x4f, 0xff,
    0xff, 0x60, 0x6, 0xe4, 0x0, 0x0, 0x0, 0x4,
    0xff, 0xff, 0xf6, 0x0, 0x7f, 0xff, 0x40, 0x0,
    0x0, 0x4f, 0xff, 0xff, 0x60, 0x0, 0xff, 0xff,
    0xf4, 0x0, 0x4, 0xff, 0xff, 0xf6, 0x0, 0x0,
    0x6f, 0xff, 0xff, 0x40, 0x4f, 0xff, 0xff, 0x60,
    0x0, 0x0, 0x6, 0xff, 0xff, 0xf8, 0xff, 0xff,
    0xf5, 0x0, 0x0, 0x0, 0x0, 0x5f, 0xff, 0xff,
    0xff, 0xff, 0x50, 0x0, 0x0, 0x0, 0x0, 0x5,
    0xff, 0xff, 0xff, 0xf5, 0x0, 0x0, 0x0, 0x0,
    0x0, 0x0, 0x5f, 0xff, 0xff, 0x50, 0x0, 0x0,
    0x0, 0x0, 0x0, 0x0, 0x5, 0xff, 0xf5, 0x0,
    0x0, 0x0, 0x0, 0x0, 0x0, 0x0, 0x0, 0x5e,
    0x50, 0x0, 0x0, 0x0, 0x0, 0x0,

    /* U+F00D "" */
    0x6, 0x70, 0x0, 0x0, 0x0, 0x18, 0x40, 0x8f,
    0xfb, 0x0, 0x0, 0x1, 0xdf, 0xf4, 0xff, 0xff,
    0xb0, 0x0, 0x1d, 0xff, 0xfb, 0x7f, 0xff, 0xfb,
    0x1, 0xdf, 0xff, 0xf4, 0x8, 0xff, 0xff, 0xbd,
    0xff, 0xff, 0x40, 0x0, 0x8f, 0xff, 0xff, 0xff,
    0xf4, 0x0, 0x0, 0x8, 0xff, 0xff, 0xff, 0x40,
    0x0, 0x0, 0x1, 0xef, 0xff, 0xfc, 0x0, 0x0,
    0x0, 0x1d, 0xff, 0xff, 0xff, 0xb0, 0x0, 0x1,
    0xdf, 0xff, 0xff, 0xff, 0xfb, 0x0, 0x1d, 0xff,
    0xff, 0x48, 0xff, 0xff, 0xb0, 0xcf, 0xff, 0xf4,
    0x0, 0x8f, 0xff, 0xf9, 0xdf, 0xff, 0x40, 0x0,
    0x8, 0xff, 0xf9, 0x2e, 0xf4, 0x0, 0x0, 0x0,
    0x8f, 0xc0, 0x0, 0x10, 0x0, 0x0, 0x0, 0x1,
    0x0,

    /* U+F011 "" */
    0x0, 0x0, 0x0, 0x0, 0x26, 0x50, 0x0, 0x0,
    0x0, 0x0, 0x0, 0x0, 0x0, 0x0, 0xdf, 0xf3,
    0x0, 0x0, 0x0, 0x0, 0x0, 0x0, 0x64, 0x0,
    0xdf, 0xf4, 0x0, 0x72, 0x0, 0x0, 0x0, 0xb,
    0xfe, 0x10, 0xdf, 0xf4, 0x9, 0xfe, 0x30, 0x0,
    0x0, 0xaf, 0xff, 0x50, 0xdf, 0xf4, 0xe, 0xff,
    0xe1, 0x0, 0x5, 0xff, 0xfb, 0x0, 0xdf, 0xf4,
    0x5, 0xff, 0xfb, 0x0, 0xd, 0xff, 0xb0, 0x0,
    0xdf, 0xf4, 0x0, 0x5f, 0xff, 0x40, 0x4f, 0xff,
    0x20, 0x0, 0xdf, 0xf4, 0x0, 0xb, 0xff, 0xa0,
    0x8f, 0xfb, 0x0, 0x0, 0xdf, 0xf4, 0x0, 0x4,
    0xff, 0xf0, 0xbf, 0xf7, 0x0, 0x0, 0xdf, 0xf4,
    0x0, 0x1, 0xff, 0xf1, 0xbf, 0xf6, 0x0, 0x0,
    0xdf, 0xf4, 0x0, 0x0, 0xff, 0xf2, 0xbf, 0xf7,
    0x0, 0x0, 0x8d, 0xc1, 0x0, 0x0, 0xff, 0xf1,
    0x8f, 0xfa, 0x0, 0x0, 0x0, 0x0, 0x0, 0x4,
    0xff, 0xf0, 0x4f, 0xff, 0x10, 0x0, 0x0, 0x0,
    0x0, 0xa, 0xff, 0xb0, 0xe, 0xff, 0xb0, 0x0,
    0x0, 0x0, 0x0, 0x4f, 0xff, 0x50, 0x6, 0xff,
    0xf9, 0x0, 0x0, 0x0, 0x4, 0xff, 0xfc, 0x0,
    0x0, 0xaf, 0xff, 0xd5, 0x10, 0x3, 0x9f, 0xff,
    0xf2, 0x0, 0x0, 0xb, 0xff, 0xff, 0xff, 0xff,
    0xff, 0xff, 0x40, 0x0, 0x0, 0x0, 0x8f, 0xff,
    0xff, 0xff, 0xff, 0xd2, 0x0, 0x0, 0x0, 0x0,
    0x2, 0x9e, 0xff, 0xff, 0xb6, 0x0, 0x0, 0x0,
    0x0, 0x0, 0x0, 0x0, 0x12, 0x10, 0x0, 0x0,
    0x0, 0x0,

    /* U+F013 "" */
    0x0, 0x0, 0x0, 0x0, 0x2, 0x20, 0x0, 0x0,
    0x0, 0x0, 0x0, 0x0, 0x0, 0x6, 0xff, 0xff,
    0x60, 0x0, 0x0, 0x0, 0x0, 0x0, 0x0, 0x8,
    0xff, 0xff, 0x80, 0x0, 0x0, 0x0, 0x0, 0x1,
    0x0, 0x2b, 0xff, 0xff, 0xb2, 0x0, 0x10, 0x0,
    0x0, 0x8f, 0x87, 0xff, 0xff, 0xff, 0xff, 0x79,
    0xf8, 0x0, 0x4, 0xff, 0xff, 0xff, 0xff, 0xff,
    0xff, 0xff, 0xff, 0x40, 0xc, 0xff, 0xff, 0xff,
    0xff, 0xff, 0xff, 0xff, 0xff, 0xc0, 0x2f, 0xff,
    0xff, 0xff, 0xc7, 0x7c, 0xff, 0xff, 0xff, 0xf2,
    0x7, 0xff, 0xff, 0xfa, 0x0, 0x0, 0xaf, 0xff,
    0xff, 0x70, 0x0, 0x6f, 0xff, 0xf1, 0x0, 0x0,
    0x1f, 0xff, 0xf6, 0x0, 0x0, 0x7f, 0xff, 0xe0,
    0x0, 0x0, 0xe, 0xff, 0xf7, 0x0, 0x0, 0x6f,
    0xff, 0xf1, 0x0, 0x0, 0x1f, 0xff, 0xf6, 0x0,
    0x7, 0xff, 0xff, 0xfa, 0x0, 0x0, 0xaf, 0xff,
    0xff, 0x70, 0x2f, 0xff, 0xff, 0xff, 0xc7, 0x7c,
    0xff, 0xff, 0xff, 0xf2, 0xc, 0xff, 0xff, 0xff,
    0xff, 0xff, 0xff, 0xff, 0xff, 0xc0, 0x4, 0xff,
    0xff, 0xff, 0xff, 0xff, 0xff, 0xff, 0xff, 0x40,
    0x0, 0x8f, 0x97, 0xff, 0xff, 0xff, 0xff, 0x78,
    0xf8, 0x0, 0x0, 0x1, 0x0, 0x1b, 0xff, 0xff,
    0xb1, 0x0, 0x10, 0x0, 0x0, 0x0, 0x0, 0x8,
    0xff, 0xff, 0x80, 0x0, 0x0, 0x0, 0x0, 0x0,
    0x0, 0x6, 0xff, 0xff, 0x60, 0x0, 0x0, 0x0,
    0x0, 0x0, 0x0, 0x0, 0x2, 0x20, 0x0, 0x0,
    0x0, 0x0,

    /* U+F015 "" */
    0x0, 0x0, 0x0, 0x0, 0x0, 0x46, 0x10, 0x0,
    0x67, 0x60, 0x0, 0x0, 0x0, 0x0, 0x0, 0x0,
    0x9f, 0xfe, 0x20, 0xf, 0xff, 0x0, 0x0, 0x0,
    0x0, 0x0, 0x1, 0xbf, 0xff, 0xff, 0x51, 0xff,
    0xf1, 0x0, 0x0, 0x0, 0x0, 0x2, 0xdf, 0xfc,
    0x8f, 0xff, 0x8f, 0xff, 0x10, 0x0, 0x0, 0x0,
    0x4, 0xff, 0xfa, 0x0, 0x4e, 0xff, 0xff, 0xf1,
    0x0, 0x0, 0x0, 0x7, 0xff, 0xf7, 0x8, 0xd3,
    0x2d, 0xff, 0xff, 0x10, 0x0, 0x0, 0xa, 0xff,
    0xf5, 0x1b, 0xff, 0xf5, 0xb, 0xff, 0xf4, 0x0,
    0x0, 0x1c, 0xff, 0xe2, 0x2d, 0xff, 0xff, 0xf7,
    0x8, 0xff, 0xf6, 0x0, 0x3e, 0xff, 0xc1, 0x4e,
    0xff, 0xff, 0xff, 0xfa, 0x5, 0xff, 0xf9, 0xe,
    0xff, 0x90, 0x6f, 0xff, 0xff, 0xff, 0xff, 0xfc,
    0x13, 0xef, 0xf6, 0x4f, 0x70, 0x9f, 0xff, 0xff,
    0xff, 0xff, 0xff, 0xfe, 0x31, 0xcc, 0x0, 0x0,
    0x3f, 0xff, 0xff, 0xff, 0xff, 0xff, 0xff, 0xfb,
    0x0, 0x0, 0x0, 0x4, 0xff, 0xff, 0xff, 0xff,
    0xff, 0xff, 0xff, 0xc0, 0x0, 0x0, 0x0, 0x4f,
    0xff, 0xff, 0x80, 0x1, 0xef, 0xff, 0xfc, 0x0,
    0x0, 0x0, 0x4, 0xff, 0xff, 0xf6, 0x0, 0xe,
    0xff, 0xff, 0xc0, 0x0, 0x0, 0x0, 0x4f, 0xff,
    0xff, 0x60, 0x0, 0xef, 0xff, 0xfc, 0x0, 0x0,
    0x0, 0x4, 0xff, 0xff, 0xf6, 0x0, 0xe, 0xff,
    0xff, 0xc0, 0x0, 0x0, 0x0, 0x2f, 0xff, 0xff,
    0x40, 0x0, 0xcf, 0xff, 0xfa, 0x0, 0x0, 0x0,
    0x0, 0x0, 0x0, 0x0, 0x0, 0x0, 0x0, 0x0,
    0x0, 0x0, 0x0,

    /* U+F019 "" */
    0x0, 0x0, 0x0, 0x0, 0x56, 0x65, 0x0, 0x0,
    0x0, 0x0, 0x0, 0x0, 0x0, 0x7, 0xff, 0xff,
    0x70, 0x0, 0x0, 0x0, 0x0, 0x0, 0x0, 0x8,
    0xff, 0xff, 0x80, 0x0, 0x0, 0x0, 0x0, 0x0,
    0x0, 0x8, 0xff, 0xff, 0x80, 0x0, 0x0, 0x0,
    0x0, 0x0, 0x0, 0x8, 0xff, 0xff, 0x80, 0x0,
    0x0, 0x0, 0x0, 0x0, 0x0, 0x8, 0xff, 0xff,
    0x80, 0x0, 0x0, 0x0, 0x0, 0x0, 0x0, 0x8,
    0xff, 0xff, 0x80, 0x0, 0x0, 0x0, 0x0, 0x0,
    0x0, 0x8, 0xff, 0xff, 0x80, 0x0, 0x0, 0x0,
    0x0, 0x7, 0xee, 0xef, 0xff, 0xff, 0xfe, 0xee,
    0x70, 0x0, 0x0, 0x5, 0xff, 0xff, 0xff, 0xff,
    0xff, 0xff, 0x50, 0x0, 0x0, 0x0, 0x6f, 0xff,
    0xff, 0xff, 0xff, 0xf6, 0x0, 0x0, 0x0, 0x0,
    0x5, 0xff, 0xff, 0xff, 0xff, 0x50, 0x0, 0x0,
    0x0, 0x0, 0x0, 0x5f, 0xff, 0xff, 0xf5, 0x0,
    0x0, 0x0, 0x0, 0x0, 0x0, 0x5, 0xff, 0xff,
    0x50, 0x0, 0x0, 0x0, 0x7a, 0xaa, 0xaa, 0x91,
    0x4f, 0xf4, 0x19, 0xaa, 0xaa, 0xa7, 0xff, 0xff,
    0xff, 0xfd, 0x23, 0x32, 0xdf, 0xff, 0xff, 0xff,
    0xff, 0xff, 0xff, 0xff, 0xf9, 0x9f, 0xff, 0xff,
    0xff, 0xff, 0xff, 0xff, 0xff, 0xff, 0xff, 0xff,
    0xff, 0xff, 0xff, 0xff, 0xff, 0xff, 0xff, 0xff,
    0xff, 0xff, 0xfb, 0xf, 0x48, 0xff, 0xff, 0xff,
    0xff, 0xff, 0xff, 0xff, 0xff, 0xef, 0xef, 0xff,
    0x14, 0x44, 0x44, 0x44, 0x44, 0x44, 0x44, 0x44,
    0x44, 0x41,

    /* U+F01C "" */
    0x0, 0x0, 0x3d, 0xff, 0xff, 0xff, 0xff, 0xff,
    0xf9, 0x0, 0x0, 0x0, 0x0, 0x1e, 0xff, 0xff,
    0xff, 0xff, 0xff, 0xff, 0xf8, 0x0, 0x0, 0x0,
    0xa, 0xff, 0x98, 0x88, 0x88, 0x88, 0x88, 0xdf,
    0xf3, 0x0, 0x0, 0x5, 0xff, 0xa0, 0x0, 0x0,
    0x0, 0x0, 0x2, 0xff, 0xd0, 0x0, 0x1, 0xef,
    0xe1, 0x0, 0x0, 0x0, 0x0, 0x0, 0x8, 0xff,
    0x80, 0x0, 0xaf, 0xf5, 0x0, 0x0, 0x0, 0x0,
    0x0, 0x0, 0xd, 0xff, 0x30, 0x5f, 0xfa, 0x0,
    0x0, 0x0, 0x0, 0x0, 0x0, 0x0, 0x3f, 0xfd,
    0xd, 0xff, 0x98, 0x88, 0x70, 0x0, 0x0, 0x3,
    0x88, 0x88, 0xdf, 0xf5, 0xff, 0xff, 0xff, 0xff,
    0x40, 0x0, 0x0, 0xcf, 0xff, 0xff, 0xff, 0x7f,
    0xff, 0xff, 0xff, 0xfc, 0x0, 0x0, 0x5f, 0xff,
    0xff, 0xff, 0xf8, 0xff, 0xff, 0xff, 0xff, 0xff,
    0xff, 0xff, 0xff, 0xff, 0xff, 0xff, 0x8f, 0xff,
    0xff, 0xff, 0xff, 0xff, 0xff, 0xff, 0xff, 0xff,
    0xff, 0xf8, 0xff, 0xff, 0xff, 0xff, 0xff, 0xff,
    0xff, 0xff, 0xff, 0xff, 0xff, 0x8e, 0xff, 0xff,
    0xff, 0xff, 0xff, 0xff, 0xff, 0xff, 0xff, 0xff,
    0xf6, 0x5e, 0xff, 0xff, 0xff, 0xff, 0xff, 0xff,
    0xff, 0xff, 0xff, 0xfb, 0x0,

    /* U+F021 "" */
    0x0, 0x0, 0x0, 0x0, 0x1, 0x10, 0x0, 0x0,
    0x7, 0xba, 0x0, 0x0, 0x1, 0x7c, 0xff, 0xff,
    0xb5, 0x0, 0xb, 0xff, 0x0, 0x0, 0x7f, 0xff,
    0xff, 0xff, 0xff, 0xe5, 0xb, 0xff, 0x0, 0xa,
    0xff, 0xff, 0xdb, 0xbe, 0xff, 0xff, 0x9a, 0xff,
    0x0, 0x9f, 0xff, 0xa2, 0x0, 0x0, 0x3b, 0xff,
    0xff, 0xff, 0x5, 0xff, 0xf6, 0x0, 0x0, 0x0,
    0x0, 0x5f, 0xff, 0xff, 0xd, 0xff, 0x60, 0x0,
    0x0, 0x7, 0xba, 0x9c, 0xff, 0xff, 0x3f, 0xfc,
    0x0, 0x0, 0x0, 0xc, 0xff, 0xff, 0xff, 0xff,
    0x7f, 0xf6, 0x0, 0x0, 0x0, 0xb, 0xff, 0xff,
    0xff, 0xff, 0x0, 0x0, 0x0, 0x0, 0x0, 0x0,
    0x0, 0x0, 0x0, 0x0, 0x0, 0x0, 0x0, 0x0,
    0x0, 0x0, 0x0, 0x0, 0x0, 0x0, 0x0, 0x0,
    0x0, 0x0, 0x0, 0x0, 0x0, 0x0, 0x0, 0x0,
    0xff, 0xff, 0xff, 0xff, 0xb0, 0x0, 0x0, 0x0,
    0x6f, 0xf6, 0xff, 0xff, 0xff, 0xff, 0xc0, 0x0,
    0x0, 0x0, 0xcf, 0xf3, 0xff, 0xff, 0xc9, 0xaa,
    0x70, 0x0, 0x0, 0x7, 0xff, 0xd0, 0xff, 0xff,
    0xf5, 0x0, 0x0, 0x0, 0x0, 0x6f, 0xff, 0x50,
    0xff, 0xff, 0xff, 0xb3, 0x0, 0x0, 0x3b, 0xff,
    0xf9, 0x0, 0xff, 0xa9, 0xff, 0xff, 0xeb, 0xbd,
    0xff, 0xff, 0xa0, 0x0, 0xff, 0xb0, 0x5d, 0xff,
    0xff, 0xff, 0xff, 0xf7, 0x0, 0x0, 0xff, 0xb0,
    0x0, 0x5b, 0xff, 0xff, 0xc8, 0x10, 0x0, 0x0,
    0xab, 0x70, 0x0, 0x0, 0x1, 0x10, 0x0, 0x0,
    0x0, 0x0,

    /* U+F026 "" */
    0x0, 0x0, 0x0, 0x0, 0x1, 0x0, 0x0, 0x0,
    0x2, 0xee, 0x0, 0x0, 0x0, 0x2e, 0xff, 0x0,
    0x0, 0x2, 0xef, 0xff, 0x47, 0x77, 0x7e, 0xff,
    0xff, 0xff, 0xff, 0xff, 0xff, 0xff, 0xff, 0xff,
    0xff, 0xff, 0xff, 0xff, 0xff, 0xff, 0xff, 0xff,
    0xff, 0xff, 0xff, 0xff, 0xff, 0xff, 0xff, 0xff,
    0xff, 0xff, 0xff, 0xff, 0xff, 0xff, 0xff, 0xdf,
    0xff, 0xff, 0xff, 0xff, 0x0, 0x0, 0x9, 0xff,
    0xff, 0x0, 0x0, 0x0, 0x9f, 0xff, 0x0, 0x0,
    0x0, 0x9, 0xff, 0x0, 0x0, 0x0, 0x0, 0x89,

    /* U+F027 "" */
    0x0, 0x0, 0x0, 0x0, 0x89, 0x0, 0x0, 0x0,
    0x0, 0x0, 0x0, 0x9f, 0xf0, 0x0, 0x0, 0x0,
    0x0, 0x0, 0x9f, 0xff, 0x0, 0x0, 0x0, 0x0,
    0x0, 0x9f, 0xff, 0xf0, 0x0, 0x0, 0xdf, 0xff,
    0xff, 0xff, 0xff, 0x0, 0x73, 0xf, 0xff, 0xff,
    0xff, 0xff, 0xf0, 0x1f, 0xf4, 0xff, 0xff, 0xff,
    0xff, 0xff, 0x0, 0x5f, 0xcf, 0xff, 0xff, 0xff,
    0xff, 0xf0, 0x0, 0xff, 0xff, 0xff, 0xff, 0xff,
    0xff, 0x0, 0x4f, 0xdf, 0xff, 0xff, 0xff, 0xff,
    0xf0, 0x1f, 0xf5, 0xff, 0xff, 0xff, 0xff, 0xff,
    0x0, 0x85, 0x4, 0x77, 0x77, 0xef, 0xff, 0xf0,
    0x0, 0x0, 0x0, 0x0, 0x2, 0xef, 0xff, 0x0,
    0x0, 0x0, 0x0, 0x0, 0x2, 0xef, 0xf0, 0x0,
    0x0, 0x0, 0x0, 0x0, 0x2, 0xee, 0x0, 0x0,
    0x0, 0x0, 0x0, 0x0, 0x1, 0x10, 0x0, 0x0,

    /* U+F028 "" */
    0x0, 0x0, 0x0, 0x0, 0x0, 0x0, 0x0, 0x0,
    0x7b, 0x20, 0x0, 0x0, 0x0, 0x0, 0x0, 0x0,
    0x10, 0x0, 0x0, 0x9, 0xfe, 0x30, 0x0, 0x0,
    0x0, 0x0, 0x2, 0xee, 0x0, 0x0, 0x0, 0x9,
    0xff, 0x20, 0x0, 0x0, 0x0, 0x2, 0xef, 0xf0,
    0x0, 0x8, 0x70, 0x8, 0xfd, 0x0, 0x0, 0x0,
    0x2, 0xef, 0xff, 0x0, 0x0, 0xef, 0xb0, 0xc,
    0xf6, 0x4, 0x77, 0x77, 0xef, 0xff, 0xf0, 0x0,
    0x2, 0xdf, 0x80, 0x3f, 0xd0, 0xff, 0xff, 0xff,
    0xff, 0xff, 0x0, 0x74, 0x1, 0xff, 0x10, 0xcf,
    0x3f, 0xff, 0xff, 0xff, 0xff, 0xf0, 0x1f, 0xf4,
    0x8, 0xf7, 0x7, 0xf6, 0xff, 0xff, 0xff, 0xff,
    0xff, 0x0, 0x5f, 0xc0, 0x3f, 0xa0, 0x4f, 0x9f,
    0xff, 0xff, 0xff, 0xff, 0xf0, 0x0, 0xff, 0x2,
    0xfb, 0x4, 0xf9, 0xff, 0xff, 0xff, 0xff, 0xff,
    0x0, 0x5f, 0xc0, 0x3f, 0xa0, 0x5f, 0x9f, 0xff,
    0xff, 0xff, 0xff, 0xf0, 0x1f, 0xf4, 0x8, 0xf7,
    0x7, 0xf6, 0xdf, 0xff, 0xff, 0xff, 0xff, 0x0,
    0x74, 0x2, 0xff, 0x10, 0xcf, 0x30, 0x0, 0x0,
    0x9f, 0xff, 0xf0, 0x0, 0x2, 0xef, 0x80, 0x3f,
    0xd0, 0x0, 0x0, 0x0, 0x9f, 0xff, 0x0, 0x0,
    0xef, 0xb0, 0xc, 0xf6, 0x0, 0x0, 0x0, 0x0,
    0x9f, 0xf0, 0x0, 0x8, 0x70, 0x8, 0xfd, 0x0,
    0x0, 0x0, 0x0, 0x0, 0x89, 0x0, 0x0, 0x0,
    0x8, 0xff, 0x20, 0x0, 0x0, 0x0, 0x0, 0x0,
    0x0, 0x0, 0x0, 0x9, 0xff, 0x30, 0x0, 0x0,
    0x0, 0x0, 0x0, 0x0, 0x0, 0x0, 0x0, 0x7b,
    0x20, 0x0, 0x0,

    /* U+F03E "" */
    0x5e, 0xff, 0xff, 0xff, 0xff, 0xff, 0xff, 0xff,
    0xff, 0xe5, 0xef, 0xff, 0xff, 0xff, 0xff, 0xff,
    0xff, 0xff, 0xff, 0xfe, 0xff, 0xf6, 0x38, 0xff,
    0xff, 0xff, 0xff, 0xff, 0xff, 0xff, 0xff, 0x60,
    0x0, 0xaf, 0xff, 0xff, 0xff, 0xff, 0xff, 0xff,
    0xff, 0x30, 0x0, 0x7f, 0xff, 0xff, 0xfb, 0xef,
    0xff, 0xff, 0xff, 0x80, 0x0, 0xcf, 0xff, 0xff,
    0x90, 0x3e, 0xff, 0xff, 0xff, 0xfa, 0x7c, 0xff,
    0xff, 0xf9, 0x0, 0x3, 0xef, 0xff, 0xff, 0xff,
    0xfc, 0xff, 0xff, 0x90, 0x0, 0x0, 0x3e, 0xff,
    0xff, 0xff, 0x90, 0x6f, 0xf9, 0x0, 0x0, 0x0,
    0x8, 0xff, 0xff, 0xf9, 0x0, 0x6, 0x90, 0x0,
    0x0, 0x0, 0x8, 0xff, 0xff, 0xb0, 0x0, 0x0,
    0x0, 0x0, 0x0, 0x0, 0x8, 0xff, 0xff, 0x80,
    0x0, 0x0, 0x0, 0x0, 0x0, 0x0, 0x8, 0xff,
    0xff, 0xc8, 0x88, 0x88, 0x88, 0x88, 0x88, 0x88,
    0x8c, 0xff, 0xef, 0xff, 0xff, 0xff, 0xff, 0xff,
    0xff, 0xff, 0xff, 0xfe, 0x5e, 0xff, 0xff, 0xff,
    0xff, 0xff, 0xff, 0xff, 0xff, 0xe5,

    /* U+F043 "" */
    0x0, 0x0, 0x0, 0x42, 0x0, 0x0, 0x0, 0x0,
    0x0, 0x3, 0xff, 0x10, 0x0, 0x0, 0x0, 0x0,
    0xa, 0xff, 0x60, 0x0, 0x0, 0x0, 0x0, 0x1f,
    0xff, 0xc0, 0x0, 0x0, 0x0, 0x0, 0x8f, 0xff,
    0xf4, 0x0, 0x0, 0x0, 0x1, 0xff, 0xff, 0xfc,
    0x0, 0x0, 0x0, 0xa, 0xff, 0xff, 0xff, 0x60,
    0x0, 0x0, 0x4f, 0xff, 0xff, 0xff, 0xf2, 0x0,
    0x1, 0xef, 0xff, 0xff, 0xff, 0xfc, 0x0, 0xb,
    0xff, 0xff, 0xff, 0xff, 0xff, 0x70, 0x3f, 0xff,
    0xff, 0xff, 0xff, 0xff, 0xf1, 0xaf, 0xff, 0xff,
    0xff, 0xff, 0xff, 0xf6, 0xef, 0xff, 0xff, 0xff,
    0xff, 0xff, 0xfa, 0xff, 0xa6, 0xff, 0xff, 0xff,
    0xff, 0xfb, 0xef, 0x91, 0xff, 0xff, 0xff, 0xff,
    0xfa, 0xbf, 0xe0, 0x9f, 0xff, 0xff, 0xff, 0xf7,
    0x5f, 0xf9, 0x7, 0xcf, 0xff, 0xff, 0xf2, 0xc,
    0xff, 0xb3, 0x9, 0xff, 0xff, 0x80, 0x1, 0xdf,
    0xff, 0xff, 0xff, 0xfa, 0x0, 0x0, 0x9, 0xff,
    0xff, 0xff, 0x70, 0x0, 0x0, 0x0, 0x15, 0x77,
    0x40, 0x0, 0x0,

    /* U+F048 "" */
    0x47, 0x60, 0x0, 0x0, 0x0, 0x16, 0x1b, 0xff,
    0x10, 0x0, 0x0, 0x2d, 0xfb, 0xbf, 0xf1, 0x0,
    0x0, 0x2e, 0xff, 0xcb, 0xff, 0x10, 0x0, 0x3e,
    0xff, 0xfc, 0xbf, 0xf1, 0x0, 0x4f, 0xff, 0xff,
    0xcb, 0xff, 0x10, 0x5f, 0xff, 0xff, 0xfc, 0xbf,
    0xf1, 0x6f, 0xff, 0xff, 0xff, 0xcb, 0xff, 0x9f,
    0xff, 0xff, 0xff, 0xfc, 0xbf, 0xff, 0xff, 0xff,
    0xff, 0xff, 0xcb, 0xff, 0xff, 0xff, 0xff, 0xff,
    0xfc, 0xbf, 0xff, 0xff, 0xff, 0xff, 0xff, 0xcb,
    0xff, 0x4e, 0xff, 0xff, 0xff, 0xfc, 0xbf, 0xf1,
    0x2d, 0xff, 0xff, 0xff, 0xcb, 0xff, 0x10, 0x1c,
    0xff, 0xff, 0xfc, 0xbf, 0xf1, 0x0, 0xc, 0xff,
    0xff, 0xcb, 0xff, 0x10, 0x0, 0xb, 0xff, 0xfc,
    0xbf, 0xf1, 0x0, 0x0, 0xa, 0xff, 0xca, 0xff,
    0x10, 0x0, 0x0, 0x8, 0xf7, 0x0, 0x0, 0x0,
    0x0, 0x0, 0x0, 0x0,

    /* U+F04B "" */
    0x6, 0x50, 0x0, 0x0, 0x0, 0x0, 0x0, 0x0,
    0x0, 0xbf, 0xfd, 0x30, 0x0, 0x0, 0x0, 0x0,
    0x0, 0x0, 0xff, 0xff, 0xfa, 0x10, 0x0, 0x0,
    0x0, 0x0, 0x0, 0xff, 0xff, 0xff, 0xf7, 0x0,
    0x0, 0x0, 0x0, 0x0, 0xff, 0xff, 0xff, 0xff,
    0xd4, 0x0, 0x0, 0x0, 0x0, 0xff, 0xff, 0xff,
    0xff, 0xff, 0xb2, 0x0, 0x0, 0x0, 0xff, 0xff,
    0xff, 0xff, 0xff, 0xff, 0x80, 0x0, 0x0, 0xff,
    0xff, 0xff, 0xff, 0xff, 0xff, 0xfe, 0x50, 0x0,
    0xff, 0xff, 0xff, 0xff, 0xff, 0xff, 0xff, 0xfb,
    0x20, 0xff, 0xff, 0xff, 0xff, 0xff, 0xff, 0xff,
    0xff, 0xf2, 0xff, 0xff, 0xff, 0xff, 0xff, 0xff,
    0xff, 0xff, 0xf6, 0xff, 0xff, 0xff, 0xff, 0xff,
    0xff, 0xff, 0xff, 0xf2, 0xff, 0xff, 0xff, 0xff,
    0xff, 0xff, 0xff, 0xfb, 0x20, 0xff, 0xff, 0xff,
    0xff, 0xff, 0xff, 0xfd, 0x50, 0x0, 0xff, 0xff,
    0xff, 0xff, 0xff, 0xff, 0x80, 0x0, 0x0, 0xff,
    0xff, 0xff, 0xff, 0xff, 0xa2, 0x0, 0x0, 0x0,
    0xff, 0xff, 0xff, 0xff, 0xd4, 0x0, 0x0, 0x0,
    0x0, 0xff, 0xff, 0xff, 0xf7, 0x0, 0x0, 0x0,
    0x0, 0x0, 0xff, 0xff, 0xfa, 0x10, 0x0, 0x0,
    0x0, 0x0, 0x0, 0xbf, 0xfd, 0x30, 0x0, 0x0,
    0x0, 0x0, 0x0, 0x0, 0x6, 0x50, 0x0, 0x0,
    0x0, 0x0, 0x0, 0x0, 0x0,

    /* U+F04C "" */
    0x6, 0x77, 0x77, 0x30, 0x0, 0x6, 0x77, 0x77,
    0x30, 0xbf, 0xff, 0xff, 0xf3, 0x0, 0xbf, 0xff,
    0xff, 0xf3, 0xff, 0xff, 0xff, 0xf7, 0x0, 0xff,
    0xff, 0xff, 0xf7, 0xff, 0xff, 0xff, 0xf8, 0x0,
    0xff, 0xff, 0xff, 0xf8, 0xff, 0xff, 0xff, 0xf8,
    0x0, 0xff, 0xff, 0xff, 0xf8, 0xff, 0xff, 0xff,
    0xf8, 0x0, 0xff, 0xff, 0xff, 0xf8, 0xff, 0xff,
    0xff, 0xf8, 0x0, 0xff, 0xff, 0xff, 0xf8, 0xff,
    0xff, 0xff, 0xf8, 0x0, 0xff, 0xff, 0xff, 0xf8,
    0xff, 0xff, 0xff, 0xf8, 0x0, 0xff, 0xff, 0xff,
    0xf8, 0xff, 0xff, 0xff, 0xf8, 0x0, 0xff, 0xff,
    0xff, 0xf8, 0xff, 0xff, 0xff, 0xf8, 0x0, 0xff,
    0xff, 0xff, 0xf8, 0xff, 0xff, 0xff, 0xf8, 0x0,
    0xff, 0xff, 0xff, 0xf8, 0xff, 0xff, 0xff, 0xf8,
    0x0, 0xff, 0xff, 0xff, 0xf8, 0xff, 0xff, 0xff,
    0xf8, 0x0, 0xff, 0xff, 0xff, 0xf8, 0xff, 0xff,
    0xff, 0xf8, 0x0, 0xff, 0xff, 0xff, 0xf8, 0xff,
    0xff, 0xff, 0xf8, 0x0, 0xff, 0xff, 0xff, 0xf8,
    0xef, 0xff, 0xff, 0xf6, 0x0, 0xef, 0xff, 0xff,
    0xf6, 0x6f, 0xff, 0xff, 0xc1, 0x0, 0x6f, 0xff,
    0xff, 0xc1, 0x0, 0x0, 0x0, 0x0, 0x0, 0x0,
    0x0, 0x0, 0x0,

    /* U+F04D "" */
    0x5, 0x77, 0x77, 0x77, 0x77, 0x77, 0x77, 0x77,
    0x30, 0xbf, 0xff, 0xff, 0xff, 0xff, 0xff, 0xff,
    0xff, 0xf3, 0xff, 0xff, 0xff, 0xff, 0xff, 0xff,
    0xff, 0xff, 0xf7, 0xff, 0xff, 0xff, 0xff, 0xff,
    0xff, 0xff, 0xff, 0xf8, 0xff, 0xff, 0xff, 0xff,
    0xff, 0xff, 0xff, 0xff, 0xf8, 0xff, 0xff, 0xff,
    0xff, 0xff, 0xff, 0xff, 0xff, 0xf8, 0xff, 0xff,
    0xff, 0xff, 0xff, 0xff, 0xff, 0xff, 0xf8, 0xff,
    0xff, 0xff, 0xff, 0xff, 0xff, 0xff, 0xff, 0xf8,
    0xff, 0xff, 0xff, 0xff, 0xff, 0xff, 0xff, 0xff,
    0xf8, 0xff, 0xff, 0xff, 0xff, 0xff, 0xff, 0xff,
    0xff, 0xf8, 0xff, 0xff, 0xff, 0xff, 0xff, 0xff,
    0xff, 0xff, 0xf8, 0xff, 0xff, 0xff, 0xff, 0xff,
    0xff, 0xff, 0xff, 0xf8, 0xff, 0xff, 0xff, 0xff,
    0xff, 0xff, 0xff, 0xff, 0xf8, 0xff, 0xff, 0xff,
    0xff, 0xff, 0xff, 0xff, 0xff, 0xf8, 0xff, 0xff,
    0xff, 0xff, 0xff, 0xff, 0xff, 0xff, 0xf8, 0xff,
    0xff, 0xff, 0xff, 0xff, 0xff, 0xff, 0xff, 0xf8,
    0xef, 0xff, 0xff, 0xff, 0xff, 0xff, 0xff, 0xff,
    0xf6, 0x6f, 0xff, 0xff, 0xff, 0xff, 0xff, 0xff,
    0xff, 0xc1, 0x0, 0x0, 0x0, 0x0, 0x0, 0x0,
    0x0, 0x0, 0x0,

    /* U+F051 "" */
    0x5, 0x20, 0x0, 0x0, 0x0, 0x57, 0x66, 0xff,
    0x40, 0x0, 0x0, 0xc, 0xff, 0x8f, 0xff, 0x60,
    0x0, 0x0, 0xdf, 0xf8, 0xff, 0xff, 0x70, 0x0,
    0xd, 0xff, 0x8f, 0xff, 0xff, 0x80, 0x0, 0xdf,
    0xf8, 0xff, 0xff, 0xff, 0x90, 0xd, 0xff, 0x8f,
    0xff, 0xff, 0xff, 0xb0, 0xdf, 0xf8, 0xff, 0xff,
    0xff, 0xff, 0xcd, 0xff, 0x8f, 0xff, 0xff, 0xff,
    0xff, 0xff, 0xf8, 0xff, 0xff, 0xff, 0xff, 0xff,
    0xff, 0x8f, 0xff, 0xff, 0xff, 0xff, 0xff, 0xf8,
    0xff, 0xff, 0xff, 0xff, 0x5d, 0xff, 0x8f, 0xff,
    0xff, 0xff, 0x40, 0xdf, 0xf8, 0xff, 0xff, 0xfe,
    0x30, 0xd, 0xff, 0x8f, 0xff, 0xfe, 0x20, 0x0,
    0xdf, 0xf8, 0xff, 0xfd, 0x20, 0x0, 0xd, 0xff,
    0x7f, 0xfd, 0x10, 0x0, 0x0, 0xdf, 0xf3, 0xfb,
    0x10, 0x0, 0x0, 0xc, 0xff, 0x0, 0x0, 0x0,
    0x0, 0x0, 0x0, 0x0,

    /* U+F052 "" */
    0x0, 0x0, 0x0, 0x0, 0x2, 0x10, 0x0, 0x0,
    0x0, 0x0, 0x0, 0x0, 0x0, 0xa, 0xff, 0x40,
    0x0, 0x0, 0x0, 0x0, 0x0, 0x0, 0xa, 0xff,
    0xff, 0x30, 0x0, 0x0, 0x0, 0x0, 0x0, 0x8,
    0xff, 0xff, 0xfe, 0x20, 0x0, 0x0, 0x0, 0x0,
    0x7, 0xff, 0xff, 0xff, 0xfe, 0x10, 0x0, 0x0,
    0x0, 0x6, 0xff, 0xff, 0xff, 0xff, 0xfd, 0x10,
    0x0, 0x0, 0x5, 0xff, 0xff, 0xff, 0xff, 0xff,
    0xfc, 0x0, 0x0, 0x4, 0xff, 0xff, 0xff, 0xff,
    0xff, 0xff, 0xfb, 0x0, 0x3, 0xff, 0xff, 0xff,
    0xff, 0xff, 0xff, 0xff, 0xfa, 0x0, 0xdf, 0xff,
    0xff, 0xff, 0xff, 0xff, 0xff, 0xff, 0xf5, 0xe,
    0xff, 0xff, 0xff, 0xff, 0xff, 0xff, 0xff, 0xff,
    0x60, 0x5f, 0xff, 0xff, 0xff, 0xff, 0xff, 0xff,
    0xff, 0xc0, 0x0, 0x0, 0x0, 0x0, 0x0, 0x0,
    0x0, 0x0, 0x0, 0x0, 0x9f, 0xff, 0xff, 0xff,
    0xff, 0xff, 0xff, 0xff, 0xe2, 0xf, 0xff, 0xff,
    0xff, 0xff, 0xff, 0xff, 0xff, 0xff, 0x70, 0xff,
    0xff, 0xff, 0xff, 0xff, 0xff, 0xff, 0xff, 0xf8,
    0xf, 0xff, 0xff, 0xff, 0xff, 0xff, 0xff, 0xff,
    0xff, 0x70, 0xbf, 0xff, 0xff, 0xff, 0xff, 0xff,
    0xff, 0xff, 0xf3, 0x0, 0x0, 0x0, 0x0, 0x0,
    0x0, 0x0, 0x0, 0x0, 0x0,

    /* U+F053 "" */
    0x0, 0x0, 0x0, 0x0, 0x0, 0x0, 0x0, 0x0,
    0x0, 0x5f, 0x80, 0x0, 0x0, 0x0, 0x5f, 0xff,
    0x40, 0x0, 0x0, 0x5f, 0xff, 0xe2, 0x0, 0x0,
    0x5f, 0xff, 0xe2, 0x0, 0x0, 0x5f, 0xff, 0xe3,
    0x0, 0x0, 0x5f, 0xff, 0xe3, 0x0, 0x0, 0x5f,
    0xff, 0xe3, 0x0, 0x0, 0x5f, 0xff, 0xe3, 0x0,
    0x0, 0xd, 0xff, 0xf5, 0x0, 0x0, 0x0, 0x4f,
    0xff, 0xe3, 0x0, 0x0, 0x0, 0x4f, 0xff, 0xe3,
    0x0, 0x0, 0x0, 0x4f, 0xff, 0xe3, 0x0, 0x0,
    0x0, 0x4f, 0xff, 0xe3, 0x0, 0x0, 0x0, 0x5f,
    0xff, 0xe3, 0x0, 0x0, 0x0, 0x5f, 0xff, 0xe2,
    0x0, 0x0, 0x0, 0x5f, 0xff, 0x40, 0x0, 0x0,
    0x0, 0x5f, 0x80, 0x0, 0x0, 0x0, 0x0, 0x0,
    0x0,

    /* U+F054 "" */
    0x0, 0x0, 0x0, 0x0, 0x0, 0x2, 0xdb, 0x0,
    0x0, 0x0, 0x0, 0xcf, 0xfc, 0x0, 0x0, 0x0,
    0x9, 0xff, 0xfc, 0x0, 0x0, 0x0, 0x9, 0xff,
    0xfc, 0x0, 0x0, 0x0, 0x9, 0xff, 0xfc, 0x0,
    0x0, 0x0, 0x9, 0xff, 0xfc, 0x0, 0x0, 0x0,
    0x9, 0xff, 0xfc, 0x0, 0x0, 0x0, 0x9, 0xff,
    0xfc, 0x0, 0x0, 0x0, 0xd, 0xff, 0xf6, 0x0,
    0x0, 0x9, 0xff, 0xfc, 0x0, 0x0, 0x9, 0xff,
    0xfc, 0x0, 0x0, 0x9, 0xff, 0xfc, 0x0, 0x0,
    0x9, 0xff, 0xfc, 0x0, 0x0, 0x9, 0xff, 0xfc,
    0x0, 0x0, 0x9, 0xff, 0xfc, 0x0, 0x0, 0x0,
    0xcf, 0xfc, 0x0, 0x0, 0x0, 0x2, 0xdb, 0x0,
    0x0, 0x0, 0x0, 0x0, 0x0, 0x0, 0x0, 0x0,
    0x0,

    /* U+F067 "" */
    0x0, 0x0, 0x0, 0x2, 0x55, 0x0, 0x0, 0x0,
    0x0, 0x0, 0x0, 0x0, 0xf, 0xff, 0x80, 0x0,
    0x0, 0x0, 0x0, 0x0, 0x0, 0x2f, 0xff, 0xa0,
    0x0, 0x0, 0x0, 0x0, 0x0, 0x0, 0x2f, 0xff,
    0xa0, 0x0, 0x0, 0x0, 0x0, 0x0, 0x0, 0x2f,
    0xff, 0xa0, 0x0, 0x0, 0x0, 0x0, 0x0, 0x0,
    0x2f, 0xff, 0xa0, 0x0, 0x0, 0x0, 0x0, 0x0,
    0x0, 0x2f, 0xff, 0xa0, 0x0, 0x0, 0x0, 0x37,
    0x77, 0x77, 0x8f, 0xff, 0xc7, 0x77, 0x77, 0x60,
    0xef, 0xff, 0xff, 0xff, 0xff, 0xff, 0xff, 0xff,
    0xf6, 0xff, 0xff, 0xff, 0xff, 0xff, 0xff, 0xff,
    0xff, 0xf8, 0xdf, 0xff, 0xff, 0xff, 0xff, 0xff,
    0xff, 0xff, 0xf5, 0x14, 0x44, 0x44, 0x5f, 0xff,
    0xb4, 0x44, 0x44, 0x30, 0x0, 0x0, 0x0, 0x2f,
    0xff, 0xa0, 0x0, 0x0, 0x0, 0x0, 0x0, 0x0,
    0x2f, 0xff, 0xa0, 0x0, 0x0, 0x0, 0x0, 0x0,
    0x0, 0x2f, 0xff, 0xa0, 0x0, 0x0, 0x0, 0x0,
    0x0, 0x0, 0x2f, 0xff, 0xa0, 0x0, 0x0, 0x0,
    0x0, 0x0, 0x0, 0x1f, 0xff, 0x90, 0x0, 0x0,
    0x0, 0x0, 0x0, 0x0, 0xd, 0xff, 0x60, 0x0,
    0x0, 0x0, 0x0, 0x0, 0x0, 0x0, 0x21, 0x0,
    0x0, 0x0, 0x0,

    /* U+F068 "" */
    0x49, 0x99, 0x99, 0x99, 0x99, 0x99, 0x99, 0x99,
    0x80, 0xff, 0xff, 0xff, 0xff, 0xff, 0xff, 0xff,
    0xff, 0xf7, 0xff, 0xff, 0xff, 0xff, 0xff, 0xff,
    0xff, 0xff, 0xf7, 0xcf, 0xff, 0xff, 0xff, 0xff,
    0xff, 0xff, 0xff, 0xf4, 0x2, 0x22, 0x22, 0x22,
    0x22, 0x22, 0x22, 0x22, 0x10,

    /* U+F06E "" */
    0x0, 0x0, 0x0, 0x6, 0xad, 0xff, 0xec, 0x83,
    0x0, 0x0, 0x0, 0x0, 0x0, 0x0, 0x8f, 0xff,
    0xff, 0xef, 0xff, 0xfc, 0x40, 0x0, 0x0, 0x0,
    0x3, 0xdf, 0xff, 0x92, 0x0, 0x5, 0xdf, 0xff,
    0x90, 0x0, 0x0, 0x4, 0xff, 0xff, 0x50, 0x2,
    0x52, 0x1, 0xcf, 0xff, 0xb0, 0x0, 0x3, 0xff,
    0xff, 0x80, 0x0, 0x7f, 0xf9, 0x1, 0xef, 0xff,
    0xb0, 0x1, 0xef, 0xff, 0xf0, 0x0, 0x8, 0xff,
    0xf7, 0x8, 0xff, 0xff, 0x80, 0xaf, 0xff, 0xfb,
    0x2, 0x25, 0xff, 0xff, 0xe0, 0x3f, 0xff, 0xff,
    0x2f, 0xff, 0xff, 0xa0, 0x7f, 0xff, 0xff, 0xff,
    0x2, 0xff, 0xff, 0xf7, 0x9f, 0xff, 0xfb, 0x5,
    0xff, 0xff, 0xff, 0xc0, 0x3f, 0xff, 0xff, 0x21,
    0xef, 0xff, 0xf0, 0xc, 0xff, 0xff, 0xf5, 0x7,
    0xff, 0xff, 0x80, 0x3, 0xff, 0xff, 0x80, 0x1a,
    0xff, 0xe5, 0x1, 0xef, 0xff, 0xb0, 0x0, 0x4,
    0xff, 0xff, 0x50, 0x0, 0x10, 0x1, 0xcf, 0xff,
    0xb0, 0x0, 0x0, 0x3, 0xdf, 0xff, 0x92, 0x0,
    0x5, 0xdf, 0xff, 0x90, 0x0, 0x0, 0x0, 0x0,
    0x7f, 0xff, 0xff, 0xef, 0xff, 0xfc, 0x40, 0x0,
    0x0, 0x0, 0x0, 0x0, 0x5, 0xad, 0xef, 0xec,
    0x83, 0x0, 0x0, 0x0, 0x0,

    /* U+F070 "" */
    0x0, 0x60, 0x0, 0x0, 0x0, 0x0, 0x0, 0x0,
    0x0, 0x0, 0x0, 0x0, 0x0, 0xb, 0xfc, 0x10,
    0x0, 0x0, 0x0, 0x0, 0x0, 0x0, 0x0, 0x0,
    0x0, 0x0, 0xc, 0xff, 0xe4, 0x0, 0x0, 0x0,
    0x0, 0x0, 0x0, 0x0, 0x0, 0x0, 0x0, 0x0,
    0x9f, 0xff, 0x70, 0x4, 0x8c, 0xef, 0xed, 0x94,
    0x0, 0x0, 0x0, 0x0, 0x0, 0x5, 0xff, 0xfb,
    0xef, 0xff, 0xfe, 0xff, 0xff, 0xe6, 0x0, 0x0,
    0x0, 0x0, 0x0, 0x2d, 0xff, 0xff, 0xc4, 0x0,
    0x4, 0xcf, 0xff, 0xb1, 0x0, 0x0, 0x0, 0x0,
    0x0, 0xbf, 0xff, 0x60, 0x3, 0x10, 0x9, 0xff,
    0xfe, 0x20, 0x0, 0x0, 0x0, 0x0, 0x7, 0xff,
    0xf9, 0x4f, 0xfa, 0x0, 0xcf, 0xff, 0xe1, 0x0,
    0x0, 0xb, 0xb0, 0x0, 0x3e, 0xff, 0xef, 0xff,
    0xa0, 0x4f, 0xff, 0xfb, 0x0, 0x0, 0x6f, 0xfd,
    0x30, 0x1, 0xcf, 0xff, 0xff, 0xf1, 0xf, 0xff,
    0xff, 0x50, 0x0, 0xbf, 0xff, 0xf6, 0x0, 0x8,
    0xff, 0xff, 0xf3, 0xe, 0xff, 0xff, 0xa0, 0x0,
    0x6f, 0xff, 0xff, 0x0, 0x0, 0x5f, 0xff, 0xf2,
    0xf, 0xff, 0xff, 0x50, 0x0, 0xc, 0xff, 0xff,
    0x40, 0x0, 0x2, 0xdf, 0xfe, 0x8f, 0xff, 0xfa,
    0x0, 0x0, 0x1, 0xef, 0xff, 0xc0, 0x0, 0x0,
    0xa, 0xff, 0xff, 0xff, 0xd1, 0x0, 0x0, 0x0,
    0x2e, 0xff, 0xf9, 0x0, 0x0, 0x0, 0x6f, 0xff,
    0xfd, 0x10, 0x0, 0x0, 0x0, 0x1, 0xcf, 0xff,
    0xc4, 0x0, 0x0, 0x3, 0xef, 0xfd, 0x20, 0x0,
    0x0, 0x0, 0x0, 0x6, 0xef, 0xff, 0xfe, 0xe3,
    0x0, 0x1b, 0xff, 0xf5, 0x0, 0x0, 0x0, 0x0,
    0x0, 0x5, 0x9d, 0xef, 0xec, 0x20, 0x0, 0x8f,
    0xff, 0x90, 0x0, 0x0, 0x0, 0x0, 0x0, 0x0,
    0x0, 0x0, 0x0, 0x0, 0x4, 0xef, 0xfb, 0x0,
    0x0, 0x0, 0x0, 0x0, 0x0, 0x0, 0x0, 0x0,
    0x0, 0x0, 0x1c, 0xfa, 0x0, 0x0, 0x0, 0x0,
    0x0, 0x0, 0x0, 0x0, 0x0, 0x0, 0x0, 0x0,
    0x60,

    /* U+F071 "" */
    0x0, 0x0, 0x0, 0x0, 0x0, 0x7, 0xa3, 0x0,
    0x0, 0x0, 0x0, 0x0, 0x0, 0x0, 0x0, 0x0,
    0x0, 0x8f, 0xfe, 0x10, 0x0, 0x0, 0x0, 0x0,
    0x0, 0x0, 0x0, 0x0, 0x2, 0xff, 0xff, 0x90,
    0x0, 0x0, 0x0, 0x0, 0x0, 0x0, 0x0, 0x0,
    0xa, 0xff, 0xff, 0xf3, 0x0, 0x0, 0x0, 0x0,
    0x0, 0x0, 0x0, 0x0, 0x4f, 0xff, 0xff, 0xfb,
    0x0, 0x0, 0x0, 0x0, 0x0, 0x0, 0x0, 0x0,
    0xcf, 0xff, 0xff, 0xff, 0x50, 0x0, 0x0, 0x0,
    0x0, 0x0, 0x0, 0x6, 0xff, 0xff, 0xff, 0xff,
    0xd0, 0x0, 0x0, 0x0, 0x0, 0x0, 0x0, 0xe,
    0xff, 0xa2, 0x24, 0xff, 0xf7, 0x0, 0x0, 0x0,
    0x0, 0x0, 0x0, 0x8f, 0xff, 0x90, 0x1, 0xff,
    0xff, 0x10, 0x0, 0x0, 0x0, 0x0, 0x2, 0xff,
    0xff, 0xa0, 0x2, 0xff, 0xff, 0x90, 0x0, 0x0,
    0x0, 0x0, 0xa, 0xff, 0xff, 0xb0, 0x3, 0xff,
    0xff, 0xf2, 0x0, 0x0, 0x0, 0x0, 0x3f, 0xff,
    0xff, 0xc0, 0x4, 0xff, 0xff, 0xfb, 0x0, 0x0,
    0x0, 0x0, 0xcf, 0xff, 0xff, 0xd0, 0x5, 0xff,
    0xff, 0xff, 0x40, 0x0, 0x0, 0x6, 0xff, 0xff,
    0xff, 0xf9, 0x9c, 0xff, 0xff, 0xff, 0xd0, 0x0,
    0x0, 0xe, 0xff, 0xff, 0xff, 0xf5, 0x2b, 0xff,
    0xff, 0xff, 0xf7, 0x0, 0x0, 0x8f, 0xff, 0xff,
    0xff, 0x90, 0x1, 0xff, 0xff, 0xff, 0xfe, 0x10,
    0x1, 0xff, 0xff, 0xff, 0xff, 0x80, 0x0, 0xff,
    0xff, 0xff, 0xff, 0x90, 0xa, 0xff, 0xff, 0xff,
    0xff, 0xf4, 0x1a, 0xff, 0xff, 0xff, 0xff, 0xf2,
    0xf, 0xff, 0xff, 0xff, 0xff, 0xff, 0xff, 0xff,
    0xff, 0xff, 0xff, 0xf7, 0xb, 0xff, 0xff, 0xff,
    0xff, 0xff, 0xff, 0xff, 0xff, 0xff, 0xff, 0xf4,
    0x1, 0x68, 0x88, 0x88, 0x88, 0x88, 0x88, 0x88,
    0x88, 0x88, 0x88, 0x40,

    /* U+F074 "" */
    0x0, 0x0, 0x0, 0x0, 0x0, 0x0, 0x0, 0x4,
    0x30, 0x0, 0x0, 0x0, 0x0, 0x0, 0x0, 0x0,
    0x0, 0xf, 0xf5, 0x0, 0x0, 0x0, 0x0, 0x0,
    0x0, 0x0, 0x0, 0xf, 0xff, 0x50, 0xef, 0xff,
    0xf6, 0x0, 0x0, 0x1, 0xcf, 0xff, 0xff, 0xf5,
    0xff, 0xff, 0xff, 0x50, 0x0, 0xc, 0xff, 0xff,
    0xff, 0xff, 0xff, 0xff, 0xff, 0xf5, 0x0, 0xbf,
    0xff, 0xff, 0xff, 0xf7, 0x22, 0x23, 0xdf, 0xf8,
    0x9, 0xff, 0xf7, 0x2f, 0xff, 0x70, 0x0, 0x0,
    0x2e, 0xb0, 0x7f, 0xff, 0x90, 0xf, 0xf7, 0x0,
    0x0, 0x0, 0x3, 0x6, 0xff, 0xfa, 0x0, 0x7,
    0x60, 0x0, 0x0, 0x0, 0x0, 0x4f, 0xff, 0xb0,
    0x0, 0x0, 0x0, 0x0, 0x0, 0x0, 0x3, 0xff,
    0xfd, 0x3, 0x0, 0x7, 0x60, 0x0, 0x0, 0x0,
    0x2e, 0xff, 0xe1, 0x3f, 0x90, 0xf, 0xf8, 0x0,
    0x22, 0x23, 0xdf, 0xfe, 0x22, 0xef, 0xf7, 0x2f,
    0xff, 0x80, 0xff, 0xff, 0xff, 0xf3, 0x0, 0xcf,
    0xff, 0xff, 0xff, 0xf7, 0xff, 0xff, 0xff, 0x50,
    0x0, 0xc, 0xff, 0xff, 0xff, 0xfe, 0xef, 0xff,
    0xf6, 0x0, 0x0, 0x1, 0xcf, 0xff, 0xff, 0xf4,
    0x0, 0x0, 0x0, 0x0, 0x0, 0x0, 0x0, 0xf,
    0xff, 0x40, 0x0, 0x0, 0x0, 0x0, 0x0, 0x0,
    0x0, 0xf, 0xf5, 0x0, 0x0, 0x0, 0x0, 0x0,
    0x0, 0x0, 0x0, 0x4, 0x30, 0x0,

    /* U+F077 "" */
    0x0, 0x0, 0x0, 0x0, 0x94, 0x0, 0x0, 0x0,
    0x0, 0x0, 0x0, 0x0, 0xc, 0xff, 0x50, 0x0,
    0x0, 0x0, 0x0, 0x0, 0x0, 0xcf, 0xff, 0xf5,
    0x0, 0x0, 0x0, 0x0, 0x0, 0xc, 0xff, 0xff,
    0xff, 0x50, 0x0, 0x0, 0x0, 0x0, 0xcf, 0xff,
    0xae, 0xff, 0xf5, 0x0, 0x0, 0x0, 0xc, 0xff,
    0xf9, 0x3, 0xef, 0xff, 0x50, 0x0, 0x0, 0xcf,
    0xff, 0x90, 0x0, 0x3e, 0xff, 0xf5, 0x0, 0xc,
    0xff, 0xf9, 0x0, 0x0, 0x3, 0xef, 0xff, 0x50,
    0xaf, 0xff, 0x90, 0x0, 0x0, 0x0, 0x3e, 0xff,
    0xf2, 0x7f, 0xf9, 0x0, 0x0, 0x0, 0x0, 0x3,
    0xef, 0xe1, 0x6, 0x70, 0x0, 0x0, 0x0, 0x0,
    0x0, 0x29, 0x20,

    /* U+F078 "" */
    0x6, 0x70, 0x0, 0x0, 0x0, 0x0, 0x0, 0x29,
    0x20, 0x7f, 0xf9, 0x0, 0x0, 0x0, 0x0, 0x2,
    0xef, 0xe1, 0x9f, 0xff, 0x90, 0x0, 0x0, 0x0,
    0x3e, 0xff, 0xf2, 0xb, 0xff, 0xf9, 0x0, 0x0,
    0x3, 0xef, 0xff, 0x50, 0x0, 0xbf, 0xff, 0x90,
    0x0, 0x3e, 0xff, 0xf5, 0x0, 0x0, 0xb, 0xff,
    0xf9, 0x3, 0xef, 0xff, 0x50, 0x0, 0x0, 0x0,
    0xbf, 0xff, 0xae, 0xff, 0xf5, 0x0, 0x0, 0x0,
    0x0, 0xb, 0xff, 0xff, 0xff, 0x50, 0x0, 0x0,
    0x0, 0x0, 0x0, 0xbf, 0xff, 0xf5, 0x0, 0x0,
    0x0, 0x0, 0x0, 0x0, 0xb, 0xff, 0x50, 0x0,
    0x0, 0x0, 0x0, 0x0, 0x0, 0x0, 0x94, 0x0,
    0x0, 0x0, 0x0,

    /* U+F079 "" */
    0x0, 0x0, 0x9c, 0x10, 0x0, 0x0, 0x0, 0x0,
    0x0, 0x0, 0x0, 0x0, 0x0, 0x0, 0xa, 0xff,
    0xd1, 0x0, 0x58, 0x88, 0x88, 0x88, 0x88, 0x81,
    0x0, 0x0, 0x0, 0xaf, 0xff, 0xfd, 0x20, 0xef,
    0xff, 0xff, 0xff, 0xff, 0xf6, 0x0, 0x0, 0xa,
    0xff, 0xff, 0xff, 0xe2, 0x4e, 0xff, 0xff, 0xff,
    0xff, 0xf6, 0x0, 0x0, 0x8f, 0xfc, 0xff, 0xcf,
    0xfd, 0x0, 0x0, 0x0, 0x0, 0x1f, 0xf6, 0x0,
    0x0, 0x7f, 0xc2, 0xff, 0x67, 0xfc, 0x0, 0x0,
    0x0, 0x0, 0x1f, 0xf6, 0x0, 0x0, 0x3, 0x1,
    0xff, 0x60, 0x30, 0x0, 0x0, 0x0, 0x0, 0x1f,
    0xf6, 0x0, 0x0, 0x0, 0x1, 0xff, 0x60, 0x0,
    0x0, 0x0, 0x0, 0x0, 0x1f, 0xf6, 0x0, 0x0,
    0x0, 0x1, 0xff, 0x60, 0x0, 0x0, 0x0, 0x0,
    0x0, 0x1f, 0xf6, 0x0, 0x0, 0x0, 0x1, 0xff,
    0x60, 0x0, 0x0, 0x0, 0x3, 0xd7, 0x1f, 0xf6,
    0x3d, 0x70, 0x0, 0x1, 0xff, 0x60, 0x0, 0x0,
    0x0, 0xa, 0xff, 0x7f, 0xf9, 0xef, 0xf0, 0x0,
    0x1, 0xff, 0xb8, 0x88, 0x88, 0x88, 0x32, 0xef,
    0xff, 0xff, 0xff, 0x60, 0x0, 0x1, 0xff, 0xff,
    0xff, 0xff, 0xff, 0xf2, 0x2e, 0xff, 0xff, 0xf6,
    0x0, 0x0, 0x0, 0xdf, 0xff, 0xff, 0xff, 0xff,
    0xe2, 0x2, 0xef, 0xff, 0x60, 0x0, 0x0, 0x0,
    0x0, 0x0, 0x0, 0x0, 0x0, 0x0, 0x0, 0x2e,
    0xf6, 0x0, 0x0, 0x0, 0x0, 0x0, 0x0, 0x0,
    0x0, 0x0, 0x0, 0x0, 0x1, 0x30, 0x0, 0x0,

    /* U+F07B "" */
    0x5e, 0xff, 0xff, 0xff, 0x90, 0x0, 0x0, 0x0,
    0x0, 0x0, 0xef, 0xff, 0xff, 0xff, 0xf9, 0x0,
    0x0, 0x0, 0x0, 0x0, 0xff, 0xff, 0xff, 0xff,
    0xff, 0xa8, 0x88, 0x88, 0x88, 0x60, 0xff, 0xff,
    0xff, 0xff, 0xff, 0xff, 0xff, 0xff, 0xff, 0xfb,
    0xff, 0xff, 0xff, 0xff, 0xff, 0xff, 0xff, 0xff,
    0xff, 0xff, 0xff, 0xff, 0xff, 0xff, 0xff, 0xff,
    0xff, 0xff, 0xff, 0xff, 0xff, 0xff, 0xff, 0xff,
    0xff, 0xff, 0xff, 0xff, 0xff, 0xff, 0xff, 0xff,
    0xff, 0xff, 0xff, 0xff, 0xff, 0xff, 0xff, 0xff,
    0xff, 0xff, 0xff, 0xff, 0xff, 0xff, 0xff, 0xff,
    0xff, 0xff, 0xff, 0xff, 0xff, 0xff, 0xff, 0xff,
    0xff, 0xff, 0xff, 0xff, 0xff, 0xff, 0xff, 0xff,
    0xff, 0xff, 0xff, 0xff, 0xff, 0xff, 0xff, 0xff,
    0xff, 0xff, 0xff, 0xff, 0xff, 0xff, 0xff, 0xff,
    0xff, 0xff, 0xff, 0xff, 0xff, 0xff, 0xff, 0xff,
    0xff, 0xff, 0xef, 0xff, 0xff, 0xff, 0xff, 0xff,
    0xff, 0xff, 0xff, 0xfe, 0x5e, 0xff, 0xff, 0xff,
    0xff, 0xff, 0xff, 0xff, 0xff, 0xe5,

    /* U+F093 "" */
    0x0, 0x0, 0x0, 0x0, 0x3, 0x10, 0x0, 0x0,
    0x0, 0x0, 0x0, 0x0, 0x0, 0x0, 0x6f, 0xd1,
    0x0, 0x0, 0x0, 0x0, 0x0, 0x0, 0x0, 0x6,
    0xff, 0xfd, 0x10, 0x0, 0x0, 0x0, 0x0, 0x0,
    0x0, 0x6f, 0xff, 0xff, 0xd1, 0x0, 0x0, 0x0,
    0x0, 0x0, 0x6, 0xff, 0xff, 0xff, 0xfd, 0x10,
    0x0, 0x0, 0x0, 0x0, 0x6f, 0xff, 0xff, 0xff,
    0xff, 0xd1, 0x0, 0x0, 0x0, 0x6, 0xff, 0xff,
    0xff, 0xff, 0xff, 0xfd, 0x10, 0x0, 0x0, 0xd,
    0xff, 0xff, 0xff, 0xff, 0xff, 0xff, 0x60, 0x0,
    0x0, 0x0, 0x11, 0x1b, 0xff, 0xff, 0x51, 0x11,
    0x0, 0x0, 0x0, 0x0, 0x0, 0xb, 0xff, 0xff,
    0x40, 0x0, 0x0, 0x0, 0x0, 0x0, 0x0, 0xb,
    0xff, 0xff, 0x40, 0x0, 0x0, 0x0, 0x0, 0x0,
    0x0, 0xb, 0xff, 0xff, 0x40, 0x0, 0x0, 0x0,
    0x0, 0x0, 0x0, 0xb, 0xff, 0xff, 0x40, 0x0,
    0x0, 0x0, 0x0, 0x0, 0x0, 0xb, 0xff, 0xff,
    0x40, 0x0, 0x0, 0x0, 0x7a, 0xaa, 0xaa, 0x2b,
    0xff, 0xff, 0x42, 0xaa, 0xaa, 0xa7, 0xff, 0xff,
    0xff, 0x82, 0x67, 0x76, 0x8, 0xff, 0xff, 0xff,
    0xff, 0xff, 0xff, 0xfb, 0x77, 0x77, 0xbf, 0xff,
    0xff, 0xff, 0xff, 0xff, 0xff, 0xff, 0xff, 0xff,
    0xff, 0xff, 0xff, 0xff, 0xff, 0xff, 0xff, 0xff,
    0xff, 0xff, 0xfb, 0xf, 0x48, 0xff, 0xff, 0xff,
    0xff, 0xff, 0xff, 0xff, 0xff, 0xef, 0xef, 0xff,
    0x14, 0x44, 0x44, 0x44, 0x44, 0x44, 0x44, 0x44,
    0x44, 0x41,

    /* U+F095 "" */
    0x0, 0x0, 0x0, 0x0, 0x0, 0x0, 0x0, 0x4,
    0x62, 0x0, 0x0, 0x0, 0x0, 0x0, 0x0, 0x0,
    0x0, 0x1, 0xff, 0xfe, 0xb5, 0x0, 0x0, 0x0,
    0x0, 0x0, 0x0, 0x0, 0x7f, 0xff, 0xff, 0xf0,
    0x0, 0x0, 0x0, 0x0, 0x0, 0x0, 0xe, 0xff,
    0xff, 0xff, 0x0, 0x0, 0x0, 0x0, 0x0, 0x0,
    0x5, 0xff, 0xff, 0xff, 0xd0, 0x0, 0x0, 0x0,
    0x0, 0x0, 0x0, 0xbf, 0xff, 0xff, 0xfb, 0x0,
    0x0, 0x0, 0x0, 0x0, 0x0, 0x6, 0xff, 0xff,
    0xff, 0x80, 0x0, 0x0, 0x0, 0x0, 0x0, 0x0,
    0x5, 0xff, 0xff, 0xf4, 0x0, 0x0, 0x0, 0x0,
    0x0, 0x0, 0x0, 0x5, 0xff, 0xfe, 0x0, 0x0,
    0x0, 0x0, 0x0, 0x0, 0x0, 0x0, 0xbf, 0xff,
    0x90, 0x0, 0x0, 0x0, 0x0, 0x0, 0x0, 0x0,
    0x4f, 0xff, 0xf2, 0x0, 0x0, 0x0, 0x0, 0x0,
    0x0, 0x0, 0x2e, 0xff, 0xf8, 0x0, 0x0, 0x0,
    0x1, 0x30, 0x0, 0x0, 0x1d, 0xff, 0xfd, 0x0,
    0x0, 0x0, 0x29, 0xff, 0x70, 0x0, 0x3e, 0xff,
    0xff, 0x30, 0x0, 0x4, 0xbf, 0xff, 0xff, 0x40,
    0x7f, 0xff, 0xff, 0x50, 0x0, 0x0, 0xef, 0xff,
    0xff, 0xfe, 0xef, 0xff, 0xff, 0x50, 0x0, 0x0,
    0xc, 0xff, 0xff, 0xff, 0xff, 0xff, 0xfe, 0x40,
    0x0, 0x0, 0x0, 0x8f, 0xff, 0xff, 0xff, 0xff,
    0xfb, 0x10, 0x0, 0x0, 0x0, 0x4, 0xff, 0xff,
    0xff, 0xff, 0xd5, 0x0, 0x0, 0x0, 0x0, 0x0,
    0x1f, 0xff, 0xff, 0xea, 0x40, 0x0, 0x0, 0x0,
    0x0, 0x0, 0x0, 0x57, 0x64, 0x20, 0x0, 0x0,
    0x0, 0x0, 0x0, 0x0, 0x0,

    /* U+F0C4 "" */
    0x0, 0x25, 0x40, 0x0, 0x0, 0x0, 0x0, 0x0,
    0x0, 0x9, 0xff, 0xfe, 0x30, 0x0, 0x0, 0x4,
    0xaa, 0x50, 0x7f, 0xff, 0xff, 0xe0, 0x0, 0x0,
    0x8f, 0xff, 0xf5, 0xef, 0xd3, 0x7f, 0xf6, 0x0,
    0x8, 0xff, 0xff, 0xb0, 0xff, 0x80, 0xf, 0xf7,
    0x0, 0x8f, 0xff, 0xfb, 0x0, 0xdf, 0xe7, 0xaf,
    0xf5, 0x8, 0xff, 0xff, 0xb0, 0x0, 0x5f, 0xff,
    0xff, 0xfd, 0x9f, 0xff, 0xfb, 0x0, 0x0, 0x5,
    0xef, 0xff, 0xff, 0xff, 0xff, 0xb0, 0x0, 0x0,
    0x0, 0x1, 0x5f, 0xff, 0xff, 0xfb, 0x0, 0x0,
    0x0, 0x0, 0x0, 0xb, 0xff, 0xff, 0xf2, 0x0,
    0x0, 0x0, 0x0, 0x25, 0x9f, 0xff, 0xff, 0xfd,
    0x10, 0x0, 0x0, 0x9, 0xff, 0xff, 0xff, 0xff,
    0xff, 0xd1, 0x0, 0x0, 0x7f, 0xff, 0xff, 0xfb,
    0x6f, 0xff, 0xfd, 0x10, 0x0, 0xef, 0xd3, 0x7f,
    0xf5, 0x5, 0xff, 0xff, 0xd1, 0x0, 0xff, 0x80,
    0xf, 0xf7, 0x0, 0x5f, 0xff, 0xfd, 0x10, 0xdf,
    0xe7, 0xaf, 0xf5, 0x0, 0x5, 0xff, 0xff, 0xd1,
    0x5f, 0xff, 0xff, 0xc0, 0x0, 0x0, 0x4f, 0xff,
    0xf4, 0x5, 0xef, 0xfb, 0x10, 0x0, 0x0, 0x1,
    0x66, 0x20, 0x0, 0x1, 0x0, 0x0, 0x0, 0x0,
    0x0, 0x0, 0x0,

    /* U+F0C5 "" */
    0x0, 0x0, 0x8, 0xbb, 0xbb, 0xbb, 0x50, 0x90,
    0x0, 0x0, 0x0, 0xf, 0xff, 0xff, 0xff, 0x81,
    0xfb, 0x0, 0x0, 0x0, 0xf, 0xff, 0xff, 0xff,
    0x81, 0xff, 0xb0, 0x0, 0x0, 0xf, 0xff, 0xff,
    0xff, 0x81, 0xff, 0xf8, 0x8c, 0xc9, 0xf, 0xff,
    0xff, 0xff, 0x80, 0x0, 0x0, 0xff, 0xfc, 0xf,
    0xff, 0xff, 0xff, 0xd5, 0x44, 0x43, 0xff, 0xfc,
    0xf, 0xff, 0xff, 0xff, 0xff, 0xff, 0xfa, 0xff,
    0xfc, 0xf, 0xff, 0xff, 0xff, 0xff, 0xff, 0xfa,
    0xff, 0xfc, 0xf, 0xff, 0xff, 0xff, 0xff, 0xff,
    0xfa, 0xff, 0xfc, 0xf, 0xff, 0xff, 0xff, 0xff,
    0xff, 0xfa, 0xff, 0xfc, 0xf, 0xff, 0xff, 0xff,
    0xff, 0xff, 0xfa, 0xff, 0xfc, 0xf, 0xff, 0xff,
    0xff, 0xff, 0xff, 0xfa, 0xff, 0xfc, 0xf, 0xff,
    0xff, 0xff, 0xff, 0xff, 0xfa, 0xff, 0xfc, 0xf,
    0xff, 0xff, 0xff, 0xff, 0xff, 0xfa, 0xff, 0xfc,
    0xf, 0xff, 0xff, 0xff, 0xff, 0xff, 0xfa, 0xff,
    0xfc, 0xf, 0xff, 0xff, 0xff, 0xff, 0xff, 0xfa,
    0xff, 0xfe, 0xb, 0xff, 0xff, 0xff, 0xff, 0xff,
    0xf7, 0xff, 0xff, 0x91, 0x0, 0x0, 0x0, 0x0,
    0x0, 0x0, 0xff, 0xff, 0xff, 0xff, 0xff, 0xff,
    0x80, 0x0, 0x0, 0xff, 0xff, 0xff, 0xff, 0xff,
    0xff, 0x70, 0x0, 0x0, 0x58, 0x88, 0x88, 0x88,
    0x88, 0x87, 0x10, 0x0, 0x0,

    /* U+F0C7 "" */
    0x6, 0x77, 0x77, 0x77, 0x77, 0x77, 0x60, 0x0,
    0x0, 0xbf, 0xff, 0xff, 0xff, 0xff, 0xff, 0xfd,
    0x10, 0x0, 0xff, 0xff, 0xff, 0xff, 0xff, 0xff,
    0xff, 0xc1, 0x0, 0xff, 0x90, 0x0, 0x0, 0x0,
    0x1, 0xdf, 0xfc, 0x10, 0xff, 0x80, 0x0, 0x0,
    0x0, 0x0, 0xbf, 0xff, 0xc0, 0xff, 0x80, 0x0,
    0x0, 0x0, 0x0, 0xbf, 0xff, 0xf3, 0xff, 0x80,
    0x0, 0x0, 0x0, 0x0, 0xbf, 0xff, 0xf4, 0xff,
    0x80, 0x0, 0x0, 0x0, 0x0, 0xbf, 0xff, 0xf4,
    0xff, 0xd8, 0x88, 0x88, 0x88, 0x88, 0xef, 0xff,
    0xf4, 0xff, 0xff, 0xff, 0xff, 0xff, 0xff, 0xff,
    0xff, 0xf4, 0xff, 0xff, 0xff, 0xff, 0xff, 0xff,
    0xff, 0xff, 0xf4, 0xff, 0xff, 0xff, 0xe4, 0x2,
    0xcf, 0xff, 0xff, 0xf4, 0xff, 0xff, 0xff, 0x60,
    0x0, 0x2f, 0xff, 0xff, 0xf4, 0xff, 0xff, 0xff,
    0x40, 0x0, 0xf, 0xff, 0xff, 0xf4, 0xff, 0xff,
    0xff, 0xa0, 0x0, 0x6f, 0xff, 0xff, 0xf4, 0xff,
    0xff, 0xff, 0xfc, 0x8a, 0xff, 0xff, 0xff, 0xf4,
    0xef, 0xff, 0xff, 0xff, 0xff, 0xff, 0xff, 0xff,
    0xf3, 0x6f, 0xff, 0xff, 0xff, 0xff, 0xff, 0xff,
    0xff, 0xa0, 0x0, 0x0, 0x0, 0x0, 0x0, 0x0,
    0x0, 0x0, 0x0,

    /* U+F0C9 "" */
    0x0, 0x0, 0x0, 0x0, 0x0, 0x0, 0x0, 0x0,
    0x0, 0xef, 0xff, 0xff, 0xff, 0xff, 0xff, 0xff,
    0xff, 0xf6, 0xff, 0xff, 0xff, 0xff, 0xff, 0xff,
    0xff, 0xff, 0xf8, 0xac, 0xcc, 0xcc, 0xcc, 0xcc,
    0xcc, 0xcc, 0xcc, 0xc4, 0x0, 0x0, 0x0, 0x0,
    0x0, 0x0, 0x0, 0x0, 0x0, 0x0, 0x0, 0x0,
    0x0, 0x0, 0x0, 0x0, 0x0, 0x0, 0x0, 0x0,
    0x0, 0x0, 0x0, 0x0, 0x0, 0x0, 0x0, 0xcd,
    0xdd, 0xdd, 0xdd, 0xdd, 0xdd, 0xdd, 0xdd, 0xd5,
    0xff, 0xff, 0xff, 0xff, 0xff, 0xff, 0xff, 0xff,
    0xf8, 0xdf, 0xff, 0xff, 0xff, 0xff, 0xff, 0xff,
    0xff, 0xf5, 0x0, 0x0, 0x0, 0x0, 0x0, 0x0,
    0x0, 0x0, 0x0, 0x0, 0x0, 0x0, 0x0, 0x0,
    0x0, 0x0, 0x0, 0x0, 0x0, 0x0, 0x0, 0x0,
    0x0, 0x0, 0x0, 0x0, 0x0, 0xac, 0xcc, 0xcc,
    0xcc, 0xcc, 0xcc, 0xcc, 0xcc, 0xc4, 0xff, 0xff,
    0xff, 0xff, 0xff, 0xff, 0xff, 0xff, 0xf8, 0xef,
    0xff, 0xff, 0xff, 0xff, 0xff, 0xff, 0xff, 0xf6,
    0x0, 0x0, 0x0, 0x0, 0x0, 0x0, 0x0, 0x0,
    0x0,

    /* U+F0E0 "" */
    0x5e, 0xff, 0xff, 0xff, 0xff, 0xff, 0xff, 0xff,
    0xff, 0xe5, 0xef, 0xff, 0xff, 0xff, 0xff, 0xff,
    0xff, 0xff, 0xff, 0xfe, 0xff, 0xff, 0xff, 0xff,
    0xff, 0xff, 0xff, 0xff, 0xff, 0xff, 0x7f, 0xff,
    0xff, 0xff, 0xff, 0xff, 0xff, 0xff, 0xff, 0xf7,
    0x3, 0xef, 0xff, 0xff, 0xff, 0xff, 0xff, 0xff,
    0xfe, 0x30, 0xe3, 0x1b, 0xff, 0xff, 0xff, 0xff,
    0xff, 0xff, 0xb1, 0x3e, 0xff, 0x70, 0x7f, 0xff,
    0xff, 0xff, 0xff, 0xf7, 0x7, 0xff, 0xff, 0xfb,
    0x13, 0xdf, 0xff, 0xff, 0xfd, 0x31, 0xbf, 0xff,
    0xff, 0xff, 0xe4, 0xa, 0xff, 0xff, 0xa0, 0x4e,
    0xff, 0xff, 0xff, 0xff, 0xff, 0x80, 0x5d, 0xd5,
    0x8, 0xff, 0xff, 0xff, 0xff, 0xff, 0xff, 0xfc,
    0x20, 0x2, 0xcf, 0xff, 0xff, 0xff, 0xff, 0xff,
    0xff, 0xff, 0xfd, 0xdf, 0xff, 0xff, 0xff, 0xff,
    0xff, 0xff, 0xff, 0xff, 0xff, 0xff, 0xff, 0xff,
    0xff, 0xff, 0xef, 0xff, 0xff, 0xff, 0xff, 0xff,
    0xff, 0xff, 0xff, 0xfe, 0x5e, 0xff, 0xff, 0xff,
    0xff, 0xff, 0xff, 0xff, 0xff, 0xe5,

    /* U+F0E7 "" */
    0x0, 0x14, 0x44, 0x44, 0x41, 0x0, 0x0, 0x0,
    0xbf, 0xff, 0xff, 0xfa, 0x0, 0x0, 0x0, 0xef,
    0xff, 0xff, 0xf8, 0x0, 0x0, 0x0, 0xff, 0xff,
    0xff, 0xf3, 0x0, 0x0, 0x2, 0xff, 0xff, 0xff,
    0xd0, 0x0, 0x0, 0x4, 0xff, 0xff, 0xff, 0x80,
    0x0, 0x0, 0x6, 0xff, 0xff, 0xff, 0x40, 0x0,
    0x0, 0x8, 0xff, 0xff, 0xff, 0xff, 0xff, 0xf5,
    0xa, 0xff, 0xff, 0xff, 0xff, 0xff, 0xf4, 0xd,
    0xff, 0xff, 0xff, 0xff, 0xff, 0xb0, 0xf, 0xff,
    0xff, 0xff, 0xff, 0xff, 0x20, 0xb, 0xff, 0xff,
    0xff, 0xff, 0xf9, 0x0, 0x0, 0x0, 0x0, 0x8f,
    0xff, 0xe1, 0x0, 0x0, 0x0, 0x0, 0xcf, 0xff,
    0x60, 0x0, 0x0, 0x0, 0x0, 0xff, 0xfd, 0x0,
    0x0, 0x0, 0x0, 0x3, 0xff, 0xf4, 0x0, 0x0,
    0x0, 0x0, 0x7, 0xff, 0xa0, 0x0, 0x0, 0x0,
    0x0, 0xb, 0xff, 0x20, 0x0, 0x0, 0x0, 0x0,
    0xf, 0xf8, 0x0, 0x0, 0x0, 0x0, 0x0, 0x2f,
    0xe0, 0x0, 0x0, 0x0, 0x0, 0x0, 0x9, 0x40,
    0x0, 0x0, 0x0,

    /* U+F0EA "" */
    0x0, 0x0, 0x6, 0x71, 0x0, 0x0, 0x0, 0x0,
    0x0, 0x14, 0x44, 0xbf, 0xfe, 0x44, 0x43, 0x0,
    0x0, 0x0, 0xef, 0xff, 0xf9, 0x4f, 0xff, 0xff,
    0x40, 0x0, 0x0, 0xff, 0xff, 0xf8, 0x3f, 0xff,
    0xff, 0x50, 0x0, 0x0, 0xff, 0xff, 0xff, 0xff,
    0xff, 0xff, 0x50, 0x0, 0x0, 0xff, 0xff, 0xff,
    0xa8, 0x88, 0x88, 0x20, 0x0, 0x0, 0xff, 0xff,
    0xf6, 0x0, 0x0, 0x0, 0x0, 0x0, 0x0, 0xff,
    0xff, 0xf0, 0xcf, 0xff, 0xff, 0x51, 0xe2, 0x0,
    0xff, 0xff, 0xf0, 0xef, 0xff, 0xff, 0x51, 0xfe,
    0x20, 0xff, 0xff, 0xf0, 0xef, 0xff, 0xff, 0x51,
    0xff, 0xe2, 0xff, 0xff, 0xf0, 0xef, 0xff, 0xff,
    0x50, 0xbb, 0xb7, 0xff, 0xff, 0xf0, 0xef, 0xff,
    0xff, 0x80, 0x0, 0x0, 0xff, 0xff, 0xf0, 0xef,
    0xff, 0xff, 0xff, 0xff, 0xfa, 0xff, 0xff, 0xf0,
    0xef, 0xff, 0xff, 0xff, 0xff, 0xfa, 0xff, 0xff,
    0xf0, 0xef, 0xff, 0xff, 0xff, 0xff, 0xfa, 0xff,
    0xff, 0xf0, 0xef, 0xff, 0xff, 0xff, 0xff, 0xfa,
    0xcf, 0xff, 0xf0, 0xef, 0xff, 0xff, 0xff, 0xff,
    0xfa, 0x0, 0x0, 0x0, 0xef, 0xff, 0xff, 0xff,
    0xff, 0xfa, 0x0, 0x0, 0x0, 0xef, 0xff, 0xff,
    0xff, 0xff, 0xfa, 0x0, 0x0, 0x0, 0xef, 0xff,
    0xff, 0xff, 0xff, 0xfa, 0x0, 0x0, 0x0, 0x7b,
    0xbb, 0xbb, 0xbb, 0xbb, 0xb4,

    /* U+F0F3 "" */
    0x0, 0x0, 0x0, 0x0, 0x31, 0x0, 0x0, 0x0,
    0x0, 0x0, 0x0, 0x0, 0x5, 0xfd, 0x0, 0x0,
    0x0, 0x0, 0x0, 0x0, 0x0, 0x9, 0xff, 0x10,
    0x0, 0x0, 0x0, 0x0, 0x0, 0x7, 0xef, 0xff,
    0xfb, 0x20, 0x0, 0x0, 0x0, 0x0, 0xaf, 0xff,
    0xff, 0xff, 0xf3, 0x0, 0x0, 0x0, 0x8, 0xff,
    0xff, 0xff, 0xff, 0xfe, 0x10, 0x0, 0x0, 0x1f,
    0xff, 0xff, 0xff, 0xff, 0xff, 0x80, 0x0, 0x0,
    0x5f, 0xff, 0xff, 0xff, 0xff, 0xff, 0xd0, 0x0,
    0x0, 0x7f, 0xff, 0xff, 0xff, 0xff, 0xff, 0xf0,
    0x0, 0x0, 0x8f, 0xff, 0xff, 0xff, 0xff, 0xff,
    0xf0, 0x0, 0x0, 0x9f, 0xff, 0xff, 0xff, 0xff,
    0xff, 0xf1, 0x0, 0x0, 0xdf, 0xff, 0xff, 0xff,
    0xff, 0xff, 0xf5, 0x0, 0x1, 0xff, 0xff, 0xff,
    0xff, 0xff, 0xff, 0xf9, 0x0, 0x9, 0xff, 0xff,
    0xff, 0xff, 0xff, 0xff, 0xff, 0x10, 0x5f, 0xff,
    0xff, 0xff, 0xff, 0xff, 0xff, 0xff, 0xd0, 0xef,
    0xff, 0xff, 0xff, 0xff, 0xff, 0xff, 0xff, 0xf6,
    0x9f, 0xff, 0xff, 0xff, 0xff, 0xff, 0xff, 0xff,
    0xe3, 0x0, 0x0, 0x0, 0x0, 0x0, 0x0, 0x0,
    0x0, 0x0, 0x0, 0x0, 0x0, 0xaf, 0xff, 0xf2,
    0x0, 0x0, 0x0, 0x0, 0x0, 0x0, 0x3f, 0xff,
    0xa0, 0x0, 0x0, 0x0, 0x0, 0x0, 0x0, 0x2,
    0x75, 0x0, 0x0, 0x0, 0x0,

    /* U+F11C "" */
    0x5e, 0xff, 0xff, 0xff, 0xff, 0xff, 0xff, 0xff,
    0xff, 0xff, 0xfb, 0xe, 0xff, 0xff, 0xff, 0xff,
    0xff, 0xff, 0xff, 0xff, 0xff, 0xff, 0xf6, 0xff,
    0xc8, 0x8f, 0xa8, 0xaf, 0x88, 0xbf, 0x88, 0xfb,
    0x88, 0xff, 0x8f, 0xf8, 0x0, 0xf4, 0x4, 0xf0,
    0x5, 0xe0, 0xe, 0x50, 0xf, 0xf8, 0xff, 0x80,
    0xf, 0x40, 0x4f, 0x0, 0x6f, 0x0, 0xf6, 0x0,
    0xff, 0x8f, 0xff, 0xff, 0xff, 0xff, 0xff, 0xff,
    0xff, 0xff, 0xff, 0xff, 0xf8, 0xff, 0xff, 0x94,
    0x6f, 0x64, 0x8f, 0x44, 0xbb, 0x44, 0xff, 0xff,
    0x8f, 0xff, 0xf6, 0x2, 0xf2, 0x5, 0xf0, 0x8,
    0x80, 0xe, 0xff, 0xf8, 0xff, 0xff, 0x94, 0x6f,
    0x64, 0x8f, 0x44, 0xbb, 0x44, 0xff, 0xff, 0x8f,
    0xff, 0xff, 0xff, 0xff, 0xff, 0xff, 0xff, 0xff,
    0xff, 0xff, 0xf8, 0xff, 0x80, 0xf, 0x40, 0x0,
    0x0, 0x0, 0x0, 0xf6, 0x0, 0xff, 0x8f, 0xf8,
    0x0, 0xf4, 0x0, 0x0, 0x0, 0x0, 0xe, 0x50,
    0xf, 0xf8, 0xff, 0xc8, 0x8f, 0xa8, 0x88, 0x88,
    0x88, 0x88, 0xfb, 0x88, 0xff, 0x8e, 0xff, 0xff,
    0xff, 0xff, 0xff, 0xff, 0xff, 0xff, 0xff, 0xff,
    0xf6, 0x5e, 0xff, 0xff, 0xff, 0xff, 0xff, 0xff,
    0xff, 0xff, 0xff, 0xfb, 0x0,

    /* U+F124 "" */
    0x0, 0x0, 0x0, 0x0, 0x0, 0x0, 0x0, 0x0,
    0x0, 0x56, 0x0, 0x0, 0x0, 0x0, 0x0, 0x0,
    0x0, 0x0, 0x1, 0x7e, 0xff, 0xa0, 0x0, 0x0,
    0x0, 0x0, 0x0, 0x0, 0x1, 0x8f, 0xff, 0xff,
    0xf0, 0x0, 0x0, 0x0, 0x0, 0x0, 0x2, 0xaf,
    0xff, 0xff, 0xff, 0xa0, 0x0, 0x0, 0x0, 0x0,
    0x4, 0xbf, 0xff, 0xff, 0xff, 0xff, 0x30, 0x0,
    0x0, 0x0, 0x5, 0xcf, 0xff, 0xff, 0xff, 0xff,
    0xfb, 0x0, 0x0, 0x0, 0x6, 0xdf, 0xff, 0xff,
    0xff, 0xff, 0xff, 0xf4, 0x0, 0x0, 0x18, 0xef,
    0xff, 0xff, 0xff, 0xff, 0xff, 0xff, 0xd0, 0x0,
    0x5, 0xff, 0xff, 0xff, 0xff, 0xff, 0xff, 0xff,
    0xff, 0x50, 0x0, 0xe, 0xff, 0xff, 0xff, 0xff,
    0xff, 0xff, 0xff, 0xfe, 0x0, 0x0, 0xd, 0xff,
    0xff, 0xff, 0xff, 0xff, 0xff, 0xff, 0xf7, 0x0,
    0x0, 0x2, 0xac, 0xcc, 0xcc, 0xcd, 0xff, 0xff,
    0xff, 0xf0, 0x0, 0x0, 0x0, 0x0, 0x0, 0x0,
    0x4, 0xff, 0xff, 0xff, 0x80, 0x0, 0x0, 0x0,
    0x0, 0x0, 0x0, 0x4, 0xff, 0xff, 0xff, 0x10,
    0x0, 0x0, 0x0, 0x0, 0x0, 0x0, 0x4, 0xff,
    0xff, 0xf9, 0x0, 0x0, 0x0, 0x0, 0x0, 0x0,
    0x0, 0x4, 0xff, 0xff, 0xf2, 0x0, 0x0, 0x0,
    0x0, 0x0, 0x0, 0x0, 0x4, 0xff, 0xff, 0xb0,
    0x0, 0x0, 0x0, 0x0, 0x0, 0x0, 0x0, 0x4,
    0xff, 0xff, 0x30, 0x0, 0x0, 0x0, 0x0, 0x0,
    0x0, 0x0, 0x3, 0xff, 0xfc, 0x0, 0x0, 0x0,
    0x0, 0x0, 0x0, 0x0, 0x0, 0x0, 0xef, 0xf4,
    0x0, 0x0, 0x0, 0x0, 0x0, 0x0, 0x0, 0x0,
    0x0, 0x27, 0x30, 0x0, 0x0, 0x0, 0x0,

    /* U+F15B "" */
    0x24, 0x44, 0x44, 0x44, 0x30, 0x30, 0x0, 0xf,
    0xff, 0xff, 0xff, 0xfc, 0xf, 0x60, 0x0, 0xff,
    0xff, 0xff, 0xff, 0xc0, 0xff, 0x60, 0xf, 0xff,
    0xff, 0xff, 0xfc, 0xf, 0xff, 0x60, 0xff, 0xff,
    0xff, 0xff, 0xc0, 0xff, 0xff, 0x6f, 0xff, 0xff,
    0xff, 0xfc, 0xb, 0xbb, 0xbb, 0xff, 0xff, 0xff,
    0xff, 0xe1, 0x0, 0x0, 0xf, 0xff, 0xff, 0xff,
    0xff, 0xff, 0xff, 0xff, 0xff, 0xff, 0xff, 0xff,
    0xff, 0xff, 0xff, 0xff, 0xff, 0xff, 0xff, 0xff,
    0xff, 0xff, 0xff, 0xff, 0xff, 0xff, 0xff, 0xff,
    0xff, 0xff, 0xff, 0xff, 0xff, 0xff, 0xff, 0xff,
    0xff, 0xff, 0xff, 0xff, 0xff, 0xff, 0xff, 0xff,
    0xff, 0xff, 0xff, 0xff, 0xff, 0xff, 0xff, 0xff,
    0xff, 0xff, 0xff, 0xff, 0xff, 0xff, 0xff, 0xff,
    0xff, 0xff, 0xff, 0xff, 0xff, 0xff, 0xff, 0xff,
    0xff, 0xff, 0xff, 0xff, 0xff, 0xff, 0xff, 0xff,
    0xff, 0xff, 0xff, 0xff, 0xff, 0xff, 0xff, 0xff,
    0xff, 0xff, 0xff, 0xff, 0xff, 0xff, 0xff, 0xff,
    0xff, 0xff, 0xff, 0xff, 0xff, 0xff, 0x8b, 0xbb,
    0xbb, 0xbb, 0xbb, 0xbb, 0xbb, 0x80,

    /* U+F1EB "" */
    0x0, 0x0, 0x0, 0x0, 0x0, 0x23, 0x43, 0x20,
    0x0, 0x0, 0x0, 0x0, 0x0, 0x0, 0x0, 0x3,
    0x8c, 0xff, 0xff, 0xff, 0xfc, 0x83, 0x0, 0x0,
    0x0, 0x0, 0x0, 0x6d, 0xff, 0xff, 0xff, 0xff,
    0xff, 0xff, 0xfd, 0x60, 0x0, 0x0, 0x3, 0xdf,
    0xff, 0xff, 0xff, 0xfe, 0xff, 0xff, 0xff, 0xff,
    0xd3, 0x0, 0x8, 0xff, 0xff, 0xfb, 0x72, 0x0,
    0x0, 0x2, 0x7b, 0xff, 0xff, 0xf8, 0xa, 0xff,
    0xff, 0xa2, 0x0, 0x0, 0x0, 0x0, 0x0, 0x2,
    0xaf, 0xff, 0xfa, 0xbf, 0xfd, 0x30, 0x0, 0x0,
    0x0, 0x0, 0x0, 0x0, 0x0, 0x3d, 0xff, 0xb0,
    0xba, 0x10, 0x0, 0x5, 0x9d, 0xef, 0xed, 0x95,
    0x0, 0x0, 0x1a, 0xb0, 0x0, 0x0, 0x0, 0x6d,
    0xff, 0xff, 0xff, 0xff, 0xfd, 0x60, 0x0, 0x0,
    0x0, 0x0, 0x1, 0xbf, 0xff, 0xff, 0xff, 0xff,
    0xff, 0xff, 0xb1, 0x0, 0x0, 0x0, 0x0, 0x8f,
    0xff, 0xfa, 0x53, 0x23, 0x5a, 0xff, 0xff, 0x80,
    0x0, 0x0, 0x0, 0x0, 0xcf, 0xb1, 0x0, 0x0,
    0x0, 0x1, 0xbf, 0xc0, 0x0, 0x0, 0x0, 0x0,
    0x0, 0x40, 0x0, 0x0, 0x0, 0x0, 0x0, 0x40,
    0x0, 0x0, 0x0, 0x0, 0x0, 0x0, 0x0, 0x1,
    0x9d, 0x91, 0x0, 0x0, 0x0, 0x0, 0x0, 0x0,
    0x0, 0x0, 0x0, 0x0, 0xaf, 0xff, 0xa0, 0x0,
    0x0, 0x0, 0x0, 0x0, 0x0, 0x0, 0x0, 0x0,
    0xf, 0xff, 0xff, 0x0, 0x0, 0x0, 0x0, 0x0,
    0x0, 0x0, 0x0, 0x0, 0x0, 0xcf, 0xff, 0xc0,
    0x0, 0x0, 0x0, 0x0, 0x0, 0x0, 0x0, 0x0,
    0x0, 0x3, 0xef, 0xe3, 0x0, 0x0, 0x0, 0x0,
    0x0, 0x0, 0x0, 0x0, 0x0, 0x0, 0x0, 0x10,
    0x0, 0x0, 0x0, 0x0, 0x0, 0x0,

    /* U+F240 "" */
    0x17, 0x88, 0x88, 0x88, 0x88, 0x88, 0x88, 0x88,
    0x88, 0x88, 0x88, 0x60, 0xc, 0xff, 0xff, 0xff,
    0xff, 0xff, 0xff, 0xff, 0xff, 0xff, 0xff, 0xff,
    0x80, 0xff, 0xff, 0xff, 0xff, 0xff, 0xff, 0xff,
    0xff, 0xff, 0xff, 0xff, 0xfc, 0xf, 0xf8, 0x0,
    0x0, 0x0, 0x0, 0x0, 0x0, 0x0, 0x0, 0x0,
    0xcf, 0xfd, 0xff, 0x84, 0xff, 0xff, 0xff, 0xff,
    0xff, 0xff, 0xff, 0xff, 0xc, 0xff, 0xff, 0xf8,
    0x4f, 0xff, 0xff, 0xff, 0xff, 0xff, 0xff, 0xff,
    0xf0, 0x5b, 0xff, 0xff, 0x84, 0xff, 0xff, 0xff,
    0xff, 0xff, 0xff, 0xff, 0xff, 0x0, 0x8f, 0xff,
    0xf8, 0x4f, 0xff, 0xff, 0xff, 0xff, 0xff, 0xff,
    0xff, 0xf0, 0x8, 0xff, 0xff, 0x84, 0xff, 0xff,
    0xff, 0xff, 0xff, 0xff, 0xff, 0xff, 0xc, 0xff,
    0xff, 0xf8, 0x0, 0x0, 0x0, 0x0, 0x0, 0x0,
    0x0, 0x0, 0x0, 0xcf, 0xff, 0xff, 0xc8, 0x88,
    0x88, 0x88, 0x88, 0x88, 0x88, 0x88, 0x88, 0x8e,
    0xfd, 0x4e, 0xff, 0xff, 0xff, 0xff, 0xff, 0xff,
    0xff, 0xff, 0xff, 0xff, 0xff, 0xa0, 0x4e, 0xff,
    0xff, 0xff, 0xff, 0xff, 0xff, 0xff, 0xff, 0xff,
    0xff, 0xc2, 0x0,

    /* U+F241 "" */
    0x17, 0x88, 0x88, 0x88, 0x88, 0x88, 0x88, 0x88,
    0x88, 0x88, 0x88, 0x60, 0xc, 0xff, 0xff, 0xff,
    0xff, 0xff, 0xff, 0xff, 0xff, 0xff, 0xff, 0xff,
    0x80, 0xff, 0xff, 0xff, 0xff, 0xff, 0xff, 0xff,
    0xff, 0xff, 0xff, 0xff, 0xfc, 0xf, 0xf8, 0x0,
    0x0, 0x0, 0x0, 0x0, 0x0, 0x0, 0x0, 0x0,
    0xcf, 0xfd, 0xff, 0x81, 0xff, 0xff, 0xff, 0xff,
    0xff, 0xff, 0x60, 0x0, 0xc, 0xff, 0xff, 0xf8,
    0x1f, 0xff, 0xff, 0xff, 0xff, 0xff, 0xf6, 0x0,
    0x0, 0x5b, 0xff, 0xff, 0x81, 0xff, 0xff, 0xff,
    0xff, 0xff, 0xff, 0x60, 0x0, 0x0, 0x8f, 0xff,
    0xf8, 0x1f, 0xff, 0xff, 0xff, 0xff, 0xff, 0xf6,
    0x0, 0x0, 0x8, 0xff, 0xff, 0x81, 0xff, 0xff,
    0xff, 0xff, 0xff, 0xff, 0x60, 0x0, 0xc, 0xff,
    0xff, 0xf8, 0x0, 0x0, 0x0, 0x0, 0x0, 0x0,
    0x0, 0x0, 0x0, 0xcf, 0xff, 0xff, 0xc8, 0x88,
    0x88, 0x88, 0x88, 0x88, 0x88, 0x88, 0x88, 0x8e,
    0xfd, 0x4e, 0xff, 0xff, 0xff, 0xff, 0xff, 0xff,
    0xff, 0xff, 0xff, 0xff, 0xff, 0xa0, 0x4e, 0xff,
    0xff, 0xff, 0xff, 0xff, 0xff, 0xff, 0xff, 0xff,
    0xff, 0xc2, 0x0,

    /* U+F242 "" */
    0x17, 0x88, 0x88, 0x88, 0x88, 0x88, 0x88, 0x88,
    0x88, 0x88, 0x88, 0x60, 0xc, 0xff, 0xff, 0xff,
    0xff, 0xff, 0xff, 0xff, 0xff, 0xff, 0xff, 0xff,
    0x80, 0xff, 0xff, 0xff, 0xff, 0xff, 0xff, 0xff,
    0xff, 0xff, 0xff, 0xff, 0xfc, 0xf, 0xf8, 0x0,
    0x0, 0x0, 0x0, 0x0, 0x0, 0x0, 0x0, 0x0,
    0xcf, 0xfd, 0xff, 0x81, 0xff, 0xff, 0xff, 0xff,
    0xa0, 0x0, 0x0, 0x0, 0xc, 0xff, 0xff, 0xf8,
    0x1f, 0xff, 0xff, 0xff, 0xfa, 0x0, 0x0, 0x0,
    0x0, 0x5b, 0xff, 0xff, 0x81, 0xff, 0xff, 0xff,
    0xff, 0xa0, 0x0, 0x0, 0x0, 0x0, 0x8f, 0xff,
    0xf8, 0x1f, 0xff, 0xff, 0xff, 0xfa, 0x0, 0x0,
    0x0, 0x0, 0x8, 0xff, 0xff, 0x81, 0xff, 0xff,
    0xff, 0xff, 0xa0, 0x0, 0x0, 0x0, 0xc, 0xff,
    0xff, 0xf8, 0x0, 0x0, 0x0, 0x0, 0x0, 0x0,
    0x0, 0x0, 0x0, 0xcf, 0xff, 0xff, 0xc8, 0x88,
    0x88, 0x88, 0x88, 0x88, 0x88, 0x88, 0x88, 0x8e,
    0xfd, 0x4e, 0xff, 0xff, 0xff, 0xff, 0xff, 0xff,
    0xff, 0xff, 0xff, 0xff, 0xff, 0xa0, 0x4e, 0xff,
    0xff, 0xff, 0xff, 0xff, 0xff, 0xff, 0xff, 0xff,
    0xff, 0xc2, 0x0,

    /* U+F243 "" */
    0x17, 0x88, 0x88, 0x88, 0x88, 0x88, 0x88, 0x88,
    0x88, 0x88, 0x88, 0x60, 0xc, 0xff, 0xff, 0xff,
    0xff, 0xff, 0xff, 0xff, 0xff, 0xff, 0xff, 0xff,
    0x80, 0xff, 0xff, 0xff, 0xff, 0xff, 0xff, 0xff,
    0xff, 0xff, 0xff, 0xff, 0xfc, 0xf, 0xf8, 0x0,
    0x0, 0x0, 0x0, 0x0, 0x0, 0x0, 0x0, 0x0,
    0xcf, 0xfd, 0xff, 0x81, 0xff, 0xff, 0xe0, 0x0,
    0x0, 0x0, 0x0, 0x0, 0xc, 0xff, 0xff, 0xf8,
    0x1f, 0xff, 0xfe, 0x0, 0x0, 0x0, 0x0, 0x0,
    0x0, 0x5b, 0xff, 0xff, 0x81, 0xff, 0xff, 0xe0,
    0x0, 0x0, 0x0, 0x0, 0x0, 0x0, 0x8f, 0xff,
    0xf8, 0x1f, 0xff, 0xfe, 0x0, 0x0, 0x0, 0x0,
    0x0, 0x0, 0x8, 0xff, 0xff, 0x81, 0xff, 0xff,
    0xe0, 0x0, 0x0, 0x0, 0x0, 0x0, 0xc, 0xff,
    0xff, 0xf8, 0x0, 0x0, 0x0, 0x0, 0x0, 0x0,
    0x0, 0x0, 0x0, 0xcf, 0xff, 0xff, 0xc8, 0x88,
    0x88, 0x88, 0x88, 0x88, 0x88, 0x88, 0x88, 0x8e,
    0xfd, 0x4e, 0xff, 0xff, 0xff, 0xff, 0xff, 0xff,
    0xff, 0xff, 0xff, 0xff, 0xff, 0xa0, 0x4e, 0xff,
    0xff, 0xff, 0xff, 0xff, 0xff, 0xff, 0xff, 0xff,
    0xff, 0xc2, 0x0,

    /* U+F244 "" */
    0x17, 0x88, 0x88, 0x88, 0x88, 0x88, 0x88, 0x88,
    0x88, 0x88, 0x88, 0x60, 0xc, 0xff, 0xff, 0xff,
    0xff, 0xff, 0xff, 0xff, 0xff, 0xff, 0xff, 0xff,
    0x80, 0xff, 0xff, 0xff, 0xff, 0xff, 0xff, 0xff,
    0xff, 0xff, 0xff, 0xff, 0xfc, 0xf, 0xf8, 0x0,
    0x0, 0x0, 0x0, 0x0, 0x0, 0x0, 0x0, 0x0,
    0xcf, 0xfd, 0xff, 0x80, 0x0, 0x0, 0x0, 0x0,
    0x0, 0x0, 0x0, 0x0, 0xc, 0xff, 0xff, 0xf8,
    0x0, 0x0, 0x0, 0x0, 0x0, 0x0, 0x0, 0x0,
    0x0, 0x5b, 0xff, 0xff, 0x80, 0x0, 0x0, 0x0,
    0x0, 0x0, 0x0, 0x0, 0x0, 0x0, 0x8f, 0xff,
    0xf8, 0x0, 0x0, 0x0, 0x0, 0x0, 0x0, 0x0,
    0x0, 0x0, 0x8, 0xff, 0xff, 0x80, 0x0, 0x0,
    0x0, 0x0, 0x0, 0x0, 0x0, 0x0, 0xc, 0xff,
    0xff, 0xf8, 0x0, 0x0, 0x0, 0x0, 0x0, 0x0,
    0x0, 0x0, 0x0, 0xcf, 0xff, 0xff, 0xc8, 0x88,
    0x88, 0x88, 0x88, 0x88, 0x88, 0x88, 0x88, 0x8e,
    0xfd, 0x4e, 0xff, 0xff, 0xff, 0xff, 0xff, 0xff,
    0xff, 0xff, 0xff, 0xff, 0xff, 0xa0, 0x4e, 0xff,
    0xff, 0xff, 0xff, 0xff, 0xff, 0xff, 0xff, 0xff,
    0xff, 0xc2, 0x0,

    /* U+F287 "" */
    0x0, 0x0, 0x0, 0x0, 0x0, 0x0, 0x0, 0x10,
    0x0, 0x0, 0x0, 0x0, 0x0, 0x0, 0x0, 0x0,
    0x0, 0x0, 0x0, 0xc, 0xfe, 0x20, 0x0, 0x0,
    0x0, 0x0, 0x0, 0x0, 0x0, 0x0, 0x0, 0x7c,
    0xdf, 0xff, 0x90, 0x0, 0x0, 0x0, 0x0, 0x0,
    0x0, 0x0, 0x0, 0x9, 0xfb, 0xbf, 0xff, 0x90,
    0x0, 0x0, 0x0, 0x0, 0x0, 0x0, 0x0, 0x0,
    0x2f, 0x70, 0xa, 0xfc, 0x10, 0x0, 0x0, 0x0,
    0x0, 0x0, 0x32, 0x0, 0x0, 0x9e, 0x0, 0x0,
    0x0, 0x0, 0x0, 0x0, 0x0, 0x0, 0x2d, 0xff,
    0x90, 0x1, 0xf6, 0x0, 0x0, 0x0, 0x0, 0x0,
    0x1c, 0x30, 0x0, 0xcf, 0xff, 0xf6, 0x3c, 0xf3,
    0x33, 0x33, 0x33, 0x33, 0x33, 0x5f, 0xf9, 0x10,
    0xff, 0xff, 0xff, 0xff, 0xff, 0xff, 0xff, 0xff,
    0xff, 0xff, 0xff, 0xff, 0xd0, 0xcf, 0xff, 0xf6,
    0x33, 0x34, 0xed, 0x33, 0x33, 0x33, 0x33, 0x5f,
    0xfa, 0x10, 0x2d, 0xff, 0x90, 0x0, 0x0, 0x5f,
    0x30, 0x0, 0x0, 0x0, 0x1c, 0x30, 0x0, 0x0,
    0x32, 0x0, 0x0, 0x0, 0xd, 0xa0, 0x0, 0x0,
    0x0, 0x0, 0x0, 0x0, 0x0, 0x0, 0x0, 0x0,
    0x0, 0x6, 0xf3, 0xa, 0xff, 0xf7, 0x0, 0x0,
    0x0, 0x0, 0x0, 0x0, 0x0, 0x0, 0x0, 0xce,
    0xae, 0xff, 0xf8, 0x0, 0x0, 0x0, 0x0, 0x0,
    0x0, 0x0, 0x0, 0x0, 0x8, 0xbe, 0xff, 0xf8,
    0x0, 0x0, 0x0, 0x0, 0x0, 0x0, 0x0, 0x0,
    0x0, 0x0, 0xa, 0xff, 0xf7, 0x0, 0x0, 0x0,
    0x0, 0x0, 0x0, 0x0, 0x0, 0x0, 0x0, 0x1,
    0x22, 0x20, 0x0, 0x0, 0x0,

    /* U+F293 "" */
    0x0, 0x0, 0x0, 0x34, 0x31, 0x0, 0x0, 0x0,
    0x0, 0x3, 0xbf, 0xff, 0xff, 0xe7, 0x0, 0x0,
    0x0, 0x6f, 0xff, 0xfa, 0xff, 0xff, 0xb0, 0x0,
    0x4, 0xff, 0xff, 0xf1, 0x9f, 0xff, 0xf8, 0x0,
    0xd, 0xff, 0xff, 0xf1, 0xa, 0xff, 0xff, 0x10,
    0x3f, 0xff, 0xff, 0xf1, 0x0, 0xbf, 0xff, 0x60,
    0x7f, 0xfd, 0x8f, 0xf1, 0x66, 0xc, 0xff, 0xa0,
    0xaf, 0xf8, 0x7, 0xf1, 0x6f, 0x13, 0xff, 0xd0,
    0xcf, 0xff, 0x70, 0x61, 0x53, 0x1e, 0xff, 0xf0,
    0xdf, 0xff, 0xf7, 0x0, 0x1, 0xdf, 0xff, 0xf0,
    0xef, 0xff, 0xff, 0x60, 0xc, 0xff, 0xff, 0xf0,
    0xef, 0xff, 0xff, 0x30, 0x7, 0xff, 0xff, 0xf0,
    0xdf, 0xff, 0xf3, 0x0, 0x10, 0x8f, 0xff, 0xf0,
    0xcf, 0xff, 0x30, 0xb1, 0x67, 0x9, 0xff, 0xf0,
    0x9f, 0xf6, 0xb, 0xf2, 0x6e, 0x2, 0xff, 0xd0,
    0x6f, 0xff, 0xcf, 0xf2, 0x52, 0x2e, 0xff, 0xa0,
    0x1f, 0xff, 0xff, 0xf2, 0x2, 0xef, 0xff, 0x50,
    0x9, 0xff, 0xff, 0xf2, 0x2e, 0xff, 0xfe, 0x0,
    0x0, 0xdf, 0xff, 0xf4, 0xef, 0xff, 0xf5, 0x0,
    0x0, 0x1a, 0xff, 0xff, 0xff, 0xff, 0x60, 0x0,
    0x0, 0x0, 0x27, 0xab, 0xb9, 0x50, 0x0, 0x0,

    /* U+F2ED "" */
    0x0, 0x0, 0x2, 0xab, 0xbb, 0xb7, 0x0, 0x0,
    0x0, 0x57, 0x77, 0x7c, 0xff, 0xff, 0xff, 0x77,
    0x77, 0x72, 0xff, 0xff, 0xff, 0xff, 0xff, 0xff,
    0xff, 0xff, 0xf7, 0xef, 0xff, 0xff, 0xff, 0xff,
    0xff, 0xff, 0xff, 0xf6, 0x0, 0x0, 0x0, 0x0,
    0x0, 0x0, 0x0, 0x0, 0x0, 0x6, 0x88, 0x88,
    0x88, 0x88, 0x88, 0x88, 0x88, 0x20, 0xc, 0xff,
    0xff, 0xff, 0xff, 0xff, 0xff, 0xff, 0x40, 0xc,
    0xff, 0xff, 0xff, 0xff, 0xff, 0xff, 0xff, 0x40,
    0xc, 0xff, 0x77, 0xff, 0x3b, 0xfe, 0x1e, 0xff,
    0x40, 0xc, 0xff, 0x66, 0xff, 0x2a, 0xfe, 0xe,
    0xff, 0x40, 0xc, 0xff, 0x66, 0xff, 0x2a, 0xfe,
    0xe, 0xff, 0x40, 0xc, 0xff, 0x66, 0xff, 0x2a,
    0xfe, 0xe, 0xff, 0x40, 0xc, 0xff, 0x66, 0xff,
    0x2a, 0xfe, 0xe, 0xff, 0x40, 0xc, 0xff, 0x66,
    0xff, 0x2a, 0xfe, 0xe, 0xff, 0x40, 0xc, 0xff,
    0x66, 0xff, 0x2a, 0xfe, 0xe, 0xff, 0x40, 0xc,
    0xff, 0x66, 0xff, 0x2a, 0xfe, 0xe, 0xff, 0x40,
    0xc, 0xff, 0x66, 0xff, 0x2a, 0xfe, 0xe, 0xff,
    0x40, 0xc, 0xff, 0x77, 0xff, 0x3b, 0xfe, 0x1e,
    0xff, 0x40, 0xb, 0xff, 0xff, 0xff, 0xff, 0xff,
    0xff, 0xff, 0x30, 0x7, 0xff, 0xff, 0xff, 0xff,
    0xff, 0xff, 0xfe, 0x0, 0x0, 0x57, 0x88, 0x88,
    0x88, 0x88, 0x88, 0x72, 0x0,

    /* U+F304 "" */
    0x0, 0x0, 0x0, 0x0, 0x0, 0x0, 0x0, 0x1,
    0x64, 0x0, 0x0, 0x0, 0x0, 0x0, 0x0, 0x0,
    0x0, 0x1, 0xdf, 0xf8, 0x0, 0x0, 0x0, 0x0,
    0x0, 0x0, 0x0, 0x1, 0xef, 0xff, 0xf8, 0x0,
    0x0, 0x0, 0x0, 0x0, 0x0, 0x0, 0x7f, 0xff,
    0xff, 0xf8, 0x0, 0x0, 0x0, 0x0, 0x0, 0x1,
    0x90, 0x8f, 0xff, 0xff, 0xf0, 0x0, 0x0, 0x0,
    0x0, 0x1, 0xef, 0xb0, 0x8f, 0xff, 0xfc, 0x0,
    0x0, 0x0, 0x0, 0x1, 0xef, 0xff, 0xb0, 0x8f,
    0xfe, 0x20, 0x0, 0x0, 0x0, 0x1, 0xef, 0xff,
    0xff, 0xb0, 0x8e, 0x10, 0x0, 0x0, 0x0, 0x1,
    0xef, 0xff, 0xff, 0xff, 0xb0, 0x10, 0x0, 0x0,
    0x0, 0x1, 0xef, 0xff, 0xff, 0xff, 0xfe, 0x10,
    0x0, 0x0, 0x0, 0x1, 0xef, 0xff, 0xff, 0xff,
    0xfe, 0x20, 0x0, 0x0, 0x0, 0x1, 0xef, 0xff,
    0xff, 0xff, 0xfe, 0x20, 0x0, 0x0, 0x0, 0x1,
    0xef, 0xff, 0xff, 0xff, 0xfe, 0x20, 0x0, 0x0,
    0x0, 0x1, 0xef, 0xff, 0xff, 0xff, 0xfe, 0x20,
    0x0, 0x0, 0x0, 0x1, 0xef, 0xff, 0xff, 0xff,
    0xfe, 0x20, 0x0, 0x0, 0x0, 0x0, 0x8f, 0xff,
    0xff, 0xff, 0xfe, 0x20, 0x0, 0x0, 0x0, 0x0,
    0xa, 0xff, 0xff, 0xff, 0xfe, 0x20, 0x0, 0x0,
    0x0, 0x0, 0x0, 0xcf, 0xff, 0xff, 0xfe, 0x20,
    0x0, 0x0, 0x0, 0x0, 0x0, 0xe, 0xff, 0xff,
    0xfe, 0x20, 0x0, 0x0, 0x0, 0x0, 0x0, 0x0,
    0xff, 0xff, 0xfe, 0x20, 0x0, 0x0, 0x0, 0x0,
    0x0, 0x0, 0x5, 0x75, 0x31, 0x0, 0x0, 0x0,
    0x0, 0x0, 0x0, 0x0, 0x0,

    /* U+F55A "" */
    0x0, 0x0, 0x0, 0x6e, 0xff, 0xff, 0xff, 0xff,
    0xff, 0xff, 0xff, 0xfb, 0x20, 0x0, 0x0, 0x8f,
    0xff, 0xff, 0xff, 0xff, 0xff, 0xff, 0xff, 0xff,
    0xfb, 0x0, 0x0, 0x8f, 0xff, 0xff, 0xff, 0xff,
    0xff, 0xff, 0xff, 0xff, 0xff, 0xf0, 0x0, 0x8f,
    0xff, 0xff, 0xff, 0x85, 0xff, 0xff, 0x58, 0xff,
    0xff, 0xff, 0x0, 0x8f, 0xff, 0xff, 0xff, 0xb0,
    0x4, 0xff, 0x40, 0xb, 0xff, 0xff, 0xf0, 0x8f,
    0xff, 0xff, 0xff, 0xff, 0x40, 0x4, 0x40, 0x4,
    0xff, 0xff, 0xff, 0x8f, 0xff, 0xff, 0xff, 0xff,
    0xff, 0x40, 0x0, 0x4, 0xff, 0xff, 0xff, 0xff,
    0xff, 0xff, 0xff, 0xff, 0xff, 0xfe, 0x10, 0x0,
    0xef, 0xff, 0xff, 0xff, 0x8f, 0xff, 0xff, 0xff,
    0xff, 0xff, 0x40, 0x0, 0x4, 0xff, 0xff, 0xff,
    0xf0, 0x8f, 0xff, 0xff, 0xff, 0xff, 0x40, 0x4,
    0x40, 0x4, 0xff, 0xff, 0xff, 0x0, 0x8f, 0xff,
    0xff, 0xff, 0xb0, 0x4, 0xff, 0x40, 0xb, 0xff,
    0xff, 0xf0, 0x0, 0x8f, 0xff, 0xff, 0xff, 0x85,
    0xff, 0xff, 0x58, 0xff, 0xff, 0xff, 0x0, 0x0,
    0x8f, 0xff, 0xff, 0xff, 0xff, 0xff, 0xff, 0xff,
    0xff, 0xff, 0xf0, 0x0, 0x0, 0x8f, 0xff, 0xff,
    0xff, 0xff, 0xff, 0xff, 0xff, 0xff, 0xfb, 0x0,
    0x0, 0x0, 0x6e, 0xff, 0xff, 0xff, 0xff, 0xff,
    0xff, 0xff, 0xfc, 0x20,

    /* U+F7C2 "" */
    0x0, 0x0, 0x28, 0x88, 0x88, 0x88, 0x73, 0x0,
    0x0, 0x2e, 0xff, 0xff, 0xff, 0xff, 0xf6, 0x0,
    0x1d, 0xff, 0xff, 0xff, 0xff, 0xff, 0xe0, 0x1d,
    0xf6, 0xe, 0x50, 0xd6, 0x8, 0xff, 0x1d, 0xff,
    0x60, 0xe5, 0xd, 0x60, 0x8f, 0xfc, 0xff, 0xf6,
    0xe, 0x50, 0xd6, 0x8, 0xff, 0xff, 0xff, 0x60,
    0xe5, 0xd, 0x60, 0x8f, 0xff, 0xff, 0xff, 0xff,
    0xff, 0xff, 0xff, 0xff, 0xff, 0xff, 0xff, 0xff,
    0xff, 0xff, 0xff, 0xff, 0xff, 0xff, 0xff, 0xff,
    0xff, 0xff, 0xff, 0xff, 0xff, 0xff, 0xff, 0xff,
    0xff, 0xff, 0xff, 0xff, 0xff, 0xff, 0xff, 0xff,
    0xff, 0xff, 0xff, 0xff, 0xff, 0xff, 0xff, 0xff,
    0xff, 0xff, 0xff, 0xff, 0xff, 0xff, 0xff, 0xff,
    0xff, 0xff, 0xff, 0xff, 0xff, 0xff, 0xff, 0xff,
    0xff, 0xff, 0xff, 0xff, 0xff, 0xff, 0xff, 0xff,
    0xff, 0xff, 0xff, 0xff, 0xff, 0xff, 0xff, 0xff,
    0xff, 0xff, 0xff, 0xff, 0xff, 0xff, 0xff, 0xff,
    0xff, 0xff, 0xff, 0xff, 0xff, 0xff, 0xe9, 0xff,
    0xff, 0xff, 0xff, 0xff, 0xff, 0xf8, 0x7, 0xab,
    0xbb, 0xbb, 0xbb, 0xbb, 0xa6, 0x0,

    /* U+F8A2 "" */
    0x0, 0x0, 0x0, 0x0, 0x0, 0x0, 0x0, 0x0,
    0x0, 0x7, 0x0, 0x0, 0x0, 0x0, 0x0, 0x0,
    0x0, 0x0, 0x0, 0xa, 0xf1, 0x0, 0x0, 0x1,
    0x0, 0x0, 0x0, 0x0, 0x0, 0xa, 0xff, 0x10,
    0x0, 0xa, 0xf3, 0x0, 0x0, 0x0, 0x0, 0x0,
    0xff, 0xf1, 0x0, 0xb, 0xff, 0x50, 0x0, 0x0,
    0x0, 0x0, 0xf, 0xff, 0x10, 0xc, 0xff, 0xf5,
    0x0, 0x0, 0x0, 0x0, 0x0, 0xff, 0xf1, 0x1c,
    0xff, 0xff, 0xcb, 0xbb, 0xbb, 0xbb, 0xbb, 0xbf,
    0xff, 0x1c, 0xff, 0xff, 0xff, 0xff, 0xff, 0xff,
    0xff, 0xff, 0xff, 0xf1, 0x9f, 0xff, 0xff, 0xff,
    0xff, 0xff, 0xff, 0xff, 0xff, 0xff, 0x0, 0x9f,
    0xff, 0xf9, 0x66, 0x66, 0x66, 0x66, 0x66, 0x66,
    0x40, 0x0, 0x8f, 0xff, 0x50, 0x0, 0x0, 0x0,
    0x0, 0x0, 0x0, 0x0, 0x0, 0x7f, 0xf5, 0x0,
    0x0, 0x0, 0x0, 0x0, 0x0, 0x0, 0x0, 0x0,
    0x5c, 0x10, 0x0, 0x0, 0x0, 0x0, 0x0, 0x0,
    0x0,

    /* U+FF01 "！" */
    0x1f, 0xd0, 0x1f, 0xd0, 0x1f, 0xd0, 0xf, 0xc0,
    0xf, 0xb0, 0xe, 0xa0, 0xe, 0xa0, 0xd, 0x90,
    0xc, 0x80, 0xb, 0x70, 0x2, 0x10, 0x0, 0x0,
    0x4, 0x20, 0x2f, 0xe0, 0x1e, 0xc0, 0x0, 0x0,

    /* U+FF0C "，" */
    0x1, 0x96, 0x0, 0x9f, 0xf1, 0x5, 0xff, 0x50,
    0x0, 0xf3, 0x0, 0x6d, 0x0, 0x6f, 0x40, 0x3c,
    0x30, 0x0, 0x0, 0x0,

    /* U+FF1A "：" */
    0x6, 0x91, 0x1f, 0xf8, 0xd, 0xf4, 0x0, 0x0,
    0x0, 0x0, 0x0, 0x0, 0x0, 0x0, 0x0, 0x0,
    0x0, 0x0, 0x0, 0x0, 0x7, 0xa2, 0x1f, 0xf8,
    0xc, 0xe3, 0x0, 0x0,

    /* U+FF1F "？" */
    0x0, 0x0, 0x22, 0x0, 0x0, 0x0, 0x7e, 0xff,
    0xf9, 0x0, 0x1b, 0xf8, 0x43, 0x8f, 0x90, 0x9,
    0x30, 0x0, 0xa, 0xf0, 0x0, 0x0, 0x0, 0x7,
    0xf2, 0x0, 0x0, 0x0, 0xb, 0xe0, 0x0, 0x0,
    0x0, 0x7f, 0x50, 0x0, 0x0, 0x7, 0xf6, 0x0,
    0x0, 0x0, 0x4f, 0x70, 0x0, 0x0, 0x0, 0xdb,
    0x0, 0x0, 0x0, 0x0, 0xf7, 0x0, 0x0, 0x0,
    0x0, 0x31, 0x0, 0x0, 0x0, 0x0, 0x0, 0x0,
    0x0, 0x0, 0x0, 0x41, 0x0, 0x0, 0x0, 0x4,
    0xfc, 0x0, 0x0, 0x0, 0x3, 0xf9, 0x0, 0x0,
    0x0, 0x0, 0x0, 0x0, 0x0
};


/*---------------------
 *  GLYPH DESCRIPTION
 *--------------------*/

static const lv_font_fmt_txt_glyph_dsc_t glyph_dsc[] = {
    {.bitmap_index = 0, .adv_w = 0, .box_w = 0, .box_h = 0, .ofs_x = 0, .ofs_y = 0} /* id = 0 reserved */,
    {.bitmap_index = 0, .adv_w = 86, .box_w = 0, .box_h = 0, .ofs_x = 0, .ofs_y = 0},
    {.bitmap_index = 0, .adv_w = 86, .box_w = 3, .box_h = 14, .ofs_x = 1, .ofs_y = 0},
    {.bitmap_index = 21, .adv_w = 125, .box_w = 6, .box_h = 6, .ofs_x = 1, .ofs_y = 8},
    {.bitmap_index = 39, .adv_w = 225, .box_w = 14, .box_h = 14, .ofs_x = 0, .ofs_y = 0},
    {.bitmap_index = 137, .adv_w = 199, .box_w = 12, .box_h = 20, .ofs_x = 0, .ofs_y = -3},
    {.bitmap_index = 257, .adv_w = 270, .box_w = 17, .box_h = 14, .ofs_x = 0, .ofs_y = 0},
    {.bitmap_index = 376, .adv_w = 220, .box_w = 14, .box_h = 15, .ofs_x = 0, .ofs_y = -1},
    {.bitmap_index = 481, .adv_w = 67, .box_w = 2, .box_h = 6, .ofs_x = 1, .ofs_y = 8},
    {.bitmap_index = 487, .adv_w = 108, .box_w = 6, .box_h = 19, .ofs_x = 1, .ofs_y = -4},
    {.bitmap_index = 544, .adv_w = 108, .box_w = 5, .box_h = 19, .ofs_x = 0, .ofs_y = -4},
    {.bitmap_index = 592, .adv_w = 128, .box_w = 8, .box_h = 8, .ofs_x = 0, .ofs_y = 7},
    {.bitmap_index = 624, .adv_w = 186, .box_w = 10, .box_h = 10, .ofs_x = 1, .ofs_y = 3},
    {.bitmap_index = 674, .adv_w = 73, .box_w = 4, .box_h = 6, .ofs_x = 0, .ofs_y = -3},
    {.bitmap_index = 686, .adv_w = 123, .box_w = 6, .box_h = 2, .ofs_x = 1, .ofs_y = 5},
    {.bitmap_index = 692, .adv_w = 73, .box_w = 4, .box_h = 3, .ofs_x = 0, .ofs_y = 0},
    {.bitmap_index = 698, .adv_w = 113, .box_w = 9, .box_h = 20, .ofs_x = -1, .ofs_y = -2},
    {.bitmap_index = 788, .adv_w = 213, .box_w = 13, .box_h = 14, .ofs_x = 0, .ofs_y = 0},
    {.bitmap_index = 879, .adv_w = 118, .box_w = 6, .box_h = 14, .ofs_x = 0, .ofs_y = 0},
    {.bitmap_index = 921, .adv_w = 184, .box_w = 11, .box_h = 14, .ofs_x = 0, .ofs_y = 0},
    {.bitmap_index = 998, .adv_w = 183, .box_w = 11, .box_h = 14, .ofs_x = 0, .ofs_y = 0},
    {.bitmap_index = 1075, .adv_w = 214, .box_w = 14, .box_h = 14, .ofs_x = 0, .ofs_y = 0},
    {.bitmap_index = 1173, .adv_w = 184, .box_w = 11, .box_h = 14, .ofs_x = 0, .ofs_y = 0},
    {.bitmap_index = 1250, .adv_w = 197, .box_w = 12, .box_h = 14, .ofs_x = 0, .ofs_y = 0},
    {.bitmap_index = 1334, .adv_w = 191, .box_w = 12, .box_h = 14, .ofs_x = 0, .ofs_y = 0},
    {.bitmap_index = 1418, .adv_w = 206, .box_w = 12, .box_h = 14, .ofs_x = 0, .ofs_y = 0},
    {.bitmap_index = 1502, .adv_w = 197, .box_w = 12, .box_h = 14, .ofs_x = 0, .ofs_y = 0},
    {.bitmap_index = 1586, .adv_w = 73, .box_w = 4, .box_h = 11, .ofs_x = 0, .ofs_y = 0},
    {.bitmap_index = 1608, .adv_w = 73, .box_w = 4, .box_h = 14, .ofs_x = 0, .ofs_y = -3},
    {.bitmap_index = 1636, .adv_w = 186, .box_w = 10, .box_h = 10, .ofs_x = 1, .ofs_y = 2},
    {.bitmap_index = 1686, .adv_w = 186, .box_w = 10, .box_h = 7, .ofs_x = 1, .ofs_y = 4},
    {.bitmap_index = 1721, .adv_w = 186, .box_w = 10, .box_h = 10, .ofs_x = 1, .ofs_y = 2},
    {.bitmap_index = 1771, .adv_w = 183, .box_w = 11, .box_h = 14, .ofs_x = 0, .ofs_y = 0},
    {.bitmap_index = 1848, .adv_w = 331, .box_w = 20, .box_h = 18, .ofs_x = 0, .ofs_y = -4},
    {.bitmap_index = 2028, .adv_w = 234, .box_w = 16, .box_h = 14, .ofs_x = -1, .ofs_y = 0},
    {.bitmap_index = 2140, .adv_w = 242, .box_w = 13, .box_h = 14, .ofs_x = 2, .ofs_y = 0},
    {.bitmap_index = 2231, .adv_w = 231, .box_w = 14, .box_h = 14, .ofs_x = 0, .ofs_y = 0},
    {.bitmap_index = 2329, .adv_w = 264, .box_w = 14, .box_h = 14, .ofs_x = 2, .ofs_y = 0},
    {.bitmap_index = 2427, .adv_w = 214, .box_w = 11, .box_h = 14, .ofs_x = 2, .ofs_y = 0},
    {.bitmap_index = 2504, .adv_w = 203, .box_w = 10, .box_h = 14, .ofs_x = 2, .ofs_y = 0},
    {.bitmap_index = 2574, .adv_w = 247, .box_w = 14, .box_h = 14, .ofs_x = 0, .ofs_y = 0},
    {.bitmap_index = 2672, .adv_w = 260, .box_w = 13, .box_h = 14, .ofs_x = 2, .ofs_y = 0},
    {.bitmap_index = 2763, .adv_w = 99, .box_w = 3, .box_h = 14, .ofs_x = 2, .ofs_y = 0},
    {.bitmap_index = 2784, .adv_w = 164, .box_w = 10, .box_h = 14, .ofs_x = -1, .ofs_y = 0},
    {.bitmap_index = 2854, .adv_w = 230, .box_w = 13, .box_h = 14, .ofs_x = 2, .ofs_y = 0},
    {.bitmap_index = 2945, .adv_w = 190, .box_w = 10, .box_h = 14, .ofs_x = 2, .ofs_y = 0},
    {.bitmap_index = 3015, .adv_w = 306, .box_w = 15, .box_h = 14, .ofs_x = 2, .ofs_y = 0},
    {.bitmap_index = 3120, .adv_w = 260, .box_w = 13, .box_h = 14, .ofs_x = 2, .ofs_y = 0},
    {.bitmap_index = 3211, .adv_w = 269, .box_w = 16, .box_h = 14, .ofs_x = 0, .ofs_y = 0},
    {.bitmap_index = 3323, .adv_w = 231, .box_w = 12, .box_h = 14, .ofs_x = 2, .ofs_y = 0},
    {.bitmap_index = 3407, .adv_w = 269, .box_w = 17, .box_h = 17, .ofs_x = 0, .ofs_y = -3},
    {.bitmap_index = 3552, .adv_w = 233, .box_w = 12, .box_h = 14, .ofs_x = 2, .ofs_y = 0},
    {.bitmap_index = 3636, .adv_w = 199, .box_w = 12, .box_h = 14, .ofs_x = 0, .ofs_y = 0},
    {.bitmap_index = 3720, .adv_w = 188, .box_w = 12, .box_h = 14, .ofs_x = 0, .ofs_y = 0},
    {.bitmap_index = 3804, .adv_w = 253, .box_w = 13, .box_h = 14, .ofs_x = 1, .ofs_y = 0},
    {.bitmap_index = 3895, .adv_w = 228, .box_w = 16, .box_h = 14, .ofs_x = -1, .ofs_y = 0},
    {.bitmap_index = 4007, .adv_w = 360, .box_w = 22, .box_h = 14, .ofs_x = 0, .ofs_y = 0},
    {.bitmap_index = 4161, .adv_w = 215, .box_w = 14, .box_h = 14, .ofs_x = 0, .ofs_y = 0},
    {.bitmap_index = 4259, .adv_w = 207, .box_w = 15, .box_h = 14, .ofs_x = -1, .ofs_y = 0},
    {.bitmap_index = 4364, .adv_w = 210, .box_w = 13, .box_h = 14, .ofs_x = 0, .ofs_y = 0},
    {.bitmap_index = 4455, .adv_w = 107, .box_w = 5, .box_h = 19, .ofs_x = 2, .ofs_y = -4},
    {.bitmap_index = 4503, .adv_w = 113, .box_w = 9, .box_h = 20, .ofs_x = -1, .ofs_y = -2},
    {.bitmap_index = 4593, .adv_w = 107, .box_w = 5, .box_h = 19, .ofs_x = 0, .ofs_y = -4},
    {.bitmap_index = 4641, .adv_w = 187, .box_w = 10, .box_h = 9, .ofs_x = 1, .ofs_y = 3},
    {.bitmap_index = 4686, .adv_w = 160, .box_w = 10, .box_h = 3, .ofs_x = 0, .ofs_y = -2},
    {.bitmap_index = 4701, .adv_w = 192, .box_w = 6, .box_h = 3, .ofs_x = 2, .ofs_y = 12},
    {.bitmap_index = 4710, .adv_w = 191, .box_w = 10, .box_h = 11, .ofs_x = 1, .ofs_y = 0},
    {.bitmap_index = 4765, .adv_w = 218, .box_w = 12, .box_h = 15, .ofs_x = 1, .ofs_y = 0},
    {.bitmap_index = 4855, .adv_w = 183, .box_w = 11, .box_h = 11, .ofs_x = 0, .ofs_y = 0},
    {.bitmap_index = 4916, .adv_w = 218, .box_w = 12, .box_h = 15, .ofs_x = 0, .ofs_y = 0},
    {.bitmap_index = 5006, .adv_w = 196, .box_w = 12, .box_h = 11, .ofs_x = 0, .ofs_y = 0},
    {.bitmap_index = 5072, .adv_w = 113, .box_w = 8, .box_h = 15, .ofs_x = 0, .ofs_y = 0},
    {.bitmap_index = 5132, .adv_w = 221, .box_w = 12, .box_h = 15, .ofs_x = 0, .ofs_y = -4},
    {.bitmap_index = 5222, .adv_w = 218, .box_w = 11, .box_h = 15, .ofs_x = 1, .ofs_y = 0},
    {.bitmap_index = 5305, .adv_w = 89, .box_w = 4, .box_h = 15, .ofs_x = 1, .ofs_y = 0},
    {.bitmap_index = 5335, .adv_w = 91, .box_w = 7, .box_h = 19, .ofs_x = -2, .ofs_y = -4},
    {.bitmap_index = 5402, .adv_w = 197, .box_w = 12, .box_h = 15, .ofs_x = 1, .ofs_y = 0},
    {.bitmap_index = 5492, .adv_w = 89, .box_w = 3, .box_h = 15, .ofs_x = 1, .ofs_y = 0},
    {.bitmap_index = 5515, .adv_w = 338, .box_w = 19, .box_h = 11, .ofs_x = 1, .ofs_y = 0},
    {.bitmap_index = 5620, .adv_w = 218, .box_w = 11, .box_h = 11, .ofs_x = 1, .ofs_y = 0},
    {.bitmap_index = 5681, .adv_w = 203, .box_w = 12, .box_h = 11, .ofs_x = 0, .ofs_y = 0},
    {.bitmap_index = 5747, .adv_w = 218, .box_w = 12, .box_h = 15, .ofs_x = 1, .ofs_y = -4},
    {.bitmap_index = 5837, .adv_w = 218, .box_w = 12, .box_h = 15, .ofs_x = 0, .ofs_y = -4},
    {.bitmap_index = 5927, .adv_w = 131, .box_w = 7, .box_h = 11, .ofs_x = 1, .ofs_y = 0},
    {.bitmap_index = 5966, .adv_w = 160, .box_w = 10, .box_h = 11, .ofs_x = 0, .ofs_y = 0},
    {.bitmap_index = 6021, .adv_w = 132, .box_w = 8, .box_h = 14, .ofs_x = 0, .ofs_y = 0},
    {.bitmap_index = 6077, .adv_w = 217, .box_w = 11, .box_h = 11, .ofs_x = 1, .ofs_y = 0},
    {.bitmap_index = 6138, .adv_w = 179, .box_w = 13, .box_h = 11, .ofs_x = -1, .ofs_y = 0},
    {.bitmap_index = 6210, .adv_w = 288, .box_w = 18, .box_h = 11, .ofs_x = 0, .ofs_y = 0},
    {.bitmap_index = 6309, .adv_w = 177, .box_w = 11, .box_h = 11, .ofs_x = 0, .ofs_y = 0},
    {.bitmap_index = 6370, .adv_w = 179, .box_w = 13, .box_h = 15, .ofs_x = -1, .ofs_y = -4},
    {.bitmap_index = 6468, .adv_w = 167, .box_w = 10, .box_h = 11, .ofs_x = 0, .ofs_y = 0},
    {.bitmap_index = 6523, .adv_w = 112, .box_w = 6, .box_h = 19, .ofs_x = 1, .ofs_y = -4},
    {.bitmap_index = 6580, .adv_w = 96, .box_w = 2, .box_h = 19, .ofs_x = 2, .ofs_y = -4},
    {.bitmap_index = 6599, .adv_w = 112, .box_w = 6, .box_h = 19, .ofs_x = 0, .ofs_y = -4},
    {.bitmap_index = 6656, .adv_w = 186, .box_w = 10, .box_h = 4, .ofs_x = 1, .ofs_y = 5},
    {.bitmap_index = 6676, .adv_w = 134, .box_w = 8, .box_h = 8, .ofs_x = 0, .ofs_y = 7},
    {.bitmap_index = 6708, .adv_w = 196, .box_w = 12, .box_h = 15, .ofs_x = 0, .ofs_y = 0},
    {.bitmap_index = 6798, .adv_w = 320, .box_w = 8, .box_h = 6, .ofs_x = 12, .ofs_y = 11},
    {.bitmap_index = 6822, .adv_w = 320, .box_w = 8, .box_h = 6, .ofs_x = 0, .ofs_y = 11},
    {.bitmap_index = 6846, .adv_w = 100, .box_w = 4, .box_h = 4, .ofs_x = 1, .ofs_y = 4},
    {.bitmap_index = 6854, .adv_w = 320, .box_w = 16, .box_h = 3, .ofs_x = 2, .ofs_y = 6},
    {.bitmap_index = 6878, .adv_w = 320, .box_w = 7, .box_h = 6, .ofs_x = 0, .ofs_y = -1},
    {.bitmap_index = 6899, .adv_w = 320, .box_w = 20, .box_h = 2, .ofs_x = 0, .ofs_y = 7},
    {.bitmap_index = 6919, .adv_w = 320, .box_w = 18, .box_h = 16, .ofs_x = 1, .ofs_y = -1},
    {.bitmap_index = 7063, .adv_w = 320, .box_w = 18, .box_h = 16, .ofs_x = 1, .ofs_y = -1},
    {.bitmap_index = 7207, .adv_w = 320, .box_w = 18, .box_h = 18, .ofs_x = 1, .ofs_y = -1},
    {.bitmap_index = 7369, .adv_w = 320, .box_w = 18, .box_h = 18, .ofs_x = 1, .ofs_y = -2},
    {.bitmap_index = 7531, .adv_w = 320, .box_w = 19, .box_h = 18, .ofs_x = 0, .ofs_y = -2},
    {.bitmap_index = 7702, .adv_w = 320, .box_w = 17, .box_h = 19, .ofs_x = 1, .ofs_y = -2},
    {.bitmap_index = 7864, .adv_w = 320, .box_w = 18, .box_h = 17, .ofs_x = 1, .ofs_y = -1},
    {.bitmap_index = 8017, .adv_w = 320, .box_w = 18, .box_h = 18, .ofs_x = 1, .ofs_y = -2},
    {.bitmap_index = 8179, .adv_w = 320, .box_w = 20, .box_h = 19, .ofs_x = 0, .ofs_y = -2},
    {.bitmap_index = 8369, .adv_w = 320, .box_w = 17, .box_h = 19, .ofs_x = 1, .ofs_y = -2},
    {.bitmap_index = 8531, .adv_w = 320, .box_w = 18, .box_h = 19, .ofs_x = 0, .ofs_y = -2},
    {.bitmap_index = 8702, .adv_w = 320, .box_w = 18, .box_h = 19, .ofs_x = 1, .ofs_y = -2},
    {.bitmap_index = 8873, .adv_w = 320, .box_w = 20, .box_h = 19, .ofs_x = 0, .ofs_y = -2},
    {.bitmap_index = 9063, .adv_w = 320, .box_w = 19, .box_h = 18, .ofs_x = 0, .ofs_y = -1},
    {.bitmap_index = 9234, .adv_w = 320, .box_w = 16, .box_h = 18, .ofs_x = 2, .ofs_y = -2},
    {.bitmap_index = 9378, .adv_w = 320, .box_w = 18, .box_h = 17, .ofs_x = 1, .ofs_y = -1},
    {.bitmap_index = 9531, .adv_w = 320, .box_w = 20, .box_h = 18, .ofs_x = 0, .ofs_y = -1},
    {.bitmap_index = 9711, .adv_w = 320, .box_w = 18, .box_h = 19, .ofs_x = 1, .ofs_y = -2},
    {.bitmap_index = 9882, .adv_w = 320, .box_w = 18, .box_h = 20, .ofs_x = 1, .ofs_y = -2},
    {.bitmap_index = 10062, .adv_w = 320, .box_w = 18, .box_h = 19, .ofs_x = 1, .ofs_y = -2},
    {.bitmap_index = 10233, .adv_w = 320, .box_w = 20, .box_h = 19, .ofs_x = 0, .ofs_y = -2},
    {.bitmap_index = 10423, .adv_w = 320, .box_w = 20, .box_h = 20, .ofs_x = 0, .ofs_y = -3},
    {.bitmap_index = 10623, .adv_w = 320, .box_w = 20, .box_h = 19, .ofs_x = 0, .ofs_y = -2},
    {.bitmap_index = 10813, .adv_w = 320, .box_w = 19, .box_h = 19, .ofs_x = 0, .ofs_y = -2},
    {.bitmap_index = 10994, .adv_w = 320, .box_w = 20, .box_h = 19, .ofs_x = 0, .ofs_y = -2},
    {.bitmap_index = 11184, .adv_w = 320, .box_w = 19, .box_h = 19, .ofs_x = 0, .ofs_y = -2},
    {.bitmap_index = 11365, .adv_w = 320, .box_w = 20, .box_h = 19, .ofs_x = 0, .ofs_y = -2},
    {.bitmap_index = 11555, .adv_w = 320, .box_w = 19, .box_h = 18, .ofs_x = 1, .ofs_y = -2},
    {.bitmap_index = 11726, .adv_w = 320, .box_w = 19, .box_h = 19, .ofs_x = 0, .ofs_y = -2},
    {.bitmap_index = 11907, .adv_w = 320, .box_w = 20, .box_h = 19, .ofs_x = 0, .ofs_y = -2},
    {.bitmap_index = 12097, .adv_w = 320, .box_w = 20, .box_h = 20, .ofs_x = 0, .ofs_y = -3},
    {.bitmap_index = 12297, .adv_w = 320, .box_w = 20, .box_h = 20, .ofs_x = 0, .ofs_y = -3},
    {.bitmap_index = 12497, .adv_w = 320, .box_w = 20, .box_h = 19, .ofs_x = 0, .ofs_y = -2},
    {.bitmap_index = 12687, .adv_w = 320, .box_w = 20, .box_h = 19, .ofs_x = 0, .ofs_y = -2},
    {.bitmap_index = 12877, .adv_w = 320, .box_w = 20, .box_h = 19, .ofs_x = 0, .ofs_y = -2},
    {.bitmap_index = 13067, .adv_w = 320, .box_w = 19, .box_h = 19, .ofs_x = 1, .ofs_y = -2},
    {.bitmap_index = 13248, .adv_w = 320, .box_w = 20, .box_h = 19, .ofs_x = 0, .ofs_y = -2},
    {.bitmap_index = 13438, .adv_w = 320, .box_w = 20, .box_h = 20, .ofs_x = 0, .ofs_y = -3},
    {.bitmap_index = 13638, .adv_w = 320, .box_w = 20, .box_h = 19, .ofs_x = 0, .ofs_y = -2},
    {.bitmap_index = 13828, .adv_w = 320, .box_w = 20, .box_h = 19, .ofs_x = 0, .ofs_y = -2},
    {.bitmap_index = 14018, .adv_w = 320, .box_w = 20, .box_h = 21, .ofs_x = 0, .ofs_y = -3},
    {.bitmap_index = 14228, .adv_w = 320, .box_w = 20, .box_h = 19, .ofs_x = 0, .ofs_y = -2},
    {.bitmap_index = 14418, .adv_w = 320, .box_w = 19, .box_h = 20, .ofs_x = 0, .ofs_y = -3},
    {.bitmap_index = 14608, .adv_w = 320, .box_w = 20, .box_h = 19, .ofs_x = 0, .ofs_y = -2},
    {.bitmap_index = 14798, .adv_w = 320, .box_w = 20, .box_h = 19, .ofs_x = 0, .ofs_y = -2},
    {.bitmap_index = 14988, .adv_w = 320, .box_w = 20, .box_h = 20, .ofs_x = 0, .ofs_y = -3},
    {.bitmap_index = 15188, .adv_w = 320, .box_w = 20, .box_h = 19, .ofs_x = 0, .ofs_y = -2},
    {.bitmap_index = 15378, .adv_w = 320, .box_w = 20, .box_h = 20, .ofs_x = 0, .ofs_y = -3},
    {.bitmap_index = 15578, .adv_w = 320, .box_w = 19, .box_h = 21, .ofs_x = 0, .ofs_y = -3},
    {.bitmap_index = 15778, .adv_w = 320, .box_w = 20, .box_h = 20, .ofs_x = 0, .ofs_y = -3},
    {.bitmap_index = 15978, .adv_w = 320, .box_w = 20, .box_h = 19, .ofs_x = 0, .ofs_y = -2},
    {.bitmap_index = 16168, .adv_w = 320, .box_w = 20, .box_h = 19, .ofs_x = 0, .ofs_y = -2},
    {.bitmap_index = 16358, .adv_w = 320, .box_w = 19, .box_h = 19, .ofs_x = 1, .ofs_y = -2},
    {.bitmap_index = 16539, .adv_w = 320, .box_w = 19, .box_h = 19, .ofs_x = 1, .ofs_y = -2},
    {.bitmap_index = 16720, .adv_w = 320, .box_w = 20, .box_h = 20, .ofs_x = 0, .ofs_y = -3},
    {.bitmap_index = 16920, .adv_w = 320, .box_w = 20, .box_h = 19, .ofs_x = 0, .ofs_y = -2},
    {.bitmap_index = 17110, .adv_w = 320, .box_w = 20, .box_h = 18, .ofs_x = 0, .ofs_y = -1},
    {.bitmap_index = 17290, .adv_w = 320, .box_w = 20, .box_h = 19, .ofs_x = 0, .ofs_y = -2},
    {.bitmap_index = 17480, .adv_w = 320, .box_w = 19, .box_h = 19, .ofs_x = 1, .ofs_y = -2},
    {.bitmap_index = 17661, .adv_w = 320, .box_w = 19, .box_h = 19, .ofs_x = 0, .ofs_y = -2},
    {.bitmap_index = 17842, .adv_w = 320, .box_w = 19, .box_h = 19, .ofs_x = 0, .ofs_y = -2},
    {.bitmap_index = 18023, .adv_w = 320, .box_w = 20, .box_h = 20, .ofs_x = 0, .ofs_y = -3},
    {.bitmap_index = 18223, .adv_w = 320, .box_w = 17, .box_h = 19, .ofs_x = 2, .ofs_y = -2},
    {.bitmap_index = 18385, .adv_w = 320, .box_w = 20, .box_h = 18, .ofs_x = 0, .ofs_y = -2},
    {.bitmap_index = 18565, .adv_w = 320, .box_w = 20, .box_h = 18, .ofs_x = 0, .ofs_y = -2},
    {.bitmap_index = 18745, .adv_w = 320, .box_w = 16, .box_h = 18, .ofs_x = 2, .ofs_y = -2},
    {.bitmap_index = 18889, .adv_w = 320, .box_w = 19, .box_h = 19, .ofs_x = 0, .ofs_y = -2},
    {.bitmap_index = 19070, .adv_w = 320, .box_w = 16, .box_h = 19, .ofs_x = 2, .ofs_y = -2},
    {.bitmap_index = 19222, .adv_w = 320, .box_w = 18, .box_h = 19, .ofs_x = 1, .ofs_y = -2},
    {.bitmap_index = 19393, .adv_w = 320, .box_w = 20, .box_h = 19, .ofs_x = 0, .ofs_y = -2},
    {.bitmap_index = 19583, .adv_w = 320, .box_w = 19, .box_h = 18, .ofs_x = 0, .ofs_y = -2},
    {.bitmap_index = 19754, .adv_w = 320, .box_w = 19, .box_h = 19, .ofs_x = 0, .ofs_y = -2},
    {.bitmap_index = 19935, .adv_w = 320, .box_w = 18, .box_h = 19, .ofs_x = 1, .ofs_y = -2},
    {.bitmap_index = 20106, .adv_w = 320, .box_w = 19, .box_h = 19, .ofs_x = 0, .ofs_y = -2},
    {.bitmap_index = 20287, .adv_w = 320, .box_w = 18, .box_h = 20, .ofs_x = 1, .ofs_y = -3},
    {.bitmap_index = 20467, .adv_w = 320, .box_w = 19, .box_h = 20, .ofs_x = 0, .ofs_y = -3},
    {.bitmap_index = 20657, .adv_w = 320, .box_w = 18, .box_h = 19, .ofs_x = 0, .ofs_y = -2},
    {.bitmap_index = 20828, .adv_w = 320, .box_w = 19, .box_h = 19, .ofs_x = 0, .ofs_y = -2},
    {.bitmap_index = 21009, .adv_w = 320, .box_w = 18, .box_h = 19, .ofs_x = 1, .ofs_y = -2},
    {.bitmap_index = 21180, .adv_w = 320, .box_w = 19, .box_h = 19, .ofs_x = 0, .ofs_y = -2},
    {.bitmap_index = 21361, .adv_w = 320, .box_w = 17, .box_h = 19, .ofs_x = 1, .ofs_y = -2},
    {.bitmap_index = 21523, .adv_w = 320, .box_w = 20, .box_h = 18, .ofs_x = 0, .ofs_y = -1},
    {.bitmap_index = 21703, .adv_w = 320, .box_w = 20, .box_h = 19, .ofs_x = 0, .ofs_y = -2},
    {.bitmap_index = 21893, .adv_w = 320, .box_w = 19, .box_h = 19, .ofs_x = 1, .ofs_y = -2},
    {.bitmap_index = 22074, .adv_w = 320, .box_w = 19, .box_h = 20, .ofs_x = 0, .ofs_y = -3},
    {.bitmap_index = 22264, .adv_w = 320, .box_w = 18, .box_h = 19, .ofs_x = 1, .ofs_y = -2},
    {.bitmap_index = 22435, .adv_w = 320, .box_w = 18, .box_h = 19, .ofs_x = 1, .ofs_y = -2},
    {.bitmap_index = 22606, .adv_w = 320, .box_w = 18, .box_h = 18, .ofs_x = 1, .ofs_y = -2},
    {.bitmap_index = 22768, .adv_w = 320, .box_w = 19, .box_h = 18, .ofs_x = 0, .ofs_y = -2},
    {.bitmap_index = 22939, .adv_w = 320, .box_w = 19, .box_h = 18, .ofs_x = 0, .ofs_y = -2},
    {.bitmap_index = 23110, .adv_w = 320, .box_w = 18, .box_h = 19, .ofs_x = 1, .ofs_y = -2},
    {.bitmap_index = 23281, .adv_w = 320, .box_w = 20, .box_h = 18, .ofs_x = 0, .ofs_y = -2},
    {.bitmap_index = 23461, .adv_w = 320, .box_w = 20, .box_h = 19, .ofs_x = 0, .ofs_y = -2},
    {.bitmap_index = 23651, .adv_w = 320, .box_w = 20, .box_h = 19, .ofs_x = 0, .ofs_y = -2},
    {.bitmap_index = 23841, .adv_w = 320, .box_w = 19, .box_h = 19, .ofs_x = 1, .ofs_y = -2},
    {.bitmap_index = 24022, .adv_w = 320, .box_w = 19, .box_h = 20, .ofs_x = 1, .ofs_y = -2},
    {.bitmap_index = 24212, .adv_w = 320, .box_w = 19, .box_h = 18, .ofs_x = 0, .ofs_y = -2},
    {.bitmap_index = 24383, .adv_w = 320, .box_w = 18, .box_h = 18, .ofs_x = 1, .ofs_y = -2},
    {.bitmap_index = 24545, .adv_w = 320, .box_w = 20, .box_h = 19, .ofs_x = 0, .ofs_y = -2},
    {.bitmap_index = 24735, .adv_w = 320, .box_w = 18, .box_h = 18, .ofs_x = 1, .ofs_y = -2},
    {.bitmap_index = 24897, .adv_w = 320, .box_w = 20, .box_h = 20, .ofs_x = 0, .ofs_y = -3},
    {.bitmap_index = 25097, .adv_w = 320, .box_w = 17, .box_h = 19, .ofs_x = 2, .ofs_y = -2},
    {.bitmap_index = 25259, .adv_w = 320, .box_w = 18, .box_h = 18, .ofs_x = 1, .ofs_y = -2},
    {.bitmap_index = 25421, .adv_w = 320, .box_w = 19, .box_h = 17, .ofs_x = 1, .ofs_y = -1},
    {.bitmap_index = 25583, .adv_w = 320, .box_w = 19, .box_h = 19, .ofs_x = 1, .ofs_y = -2},
    {.bitmap_index = 25764, .adv_w = 320, .box_w = 18, .box_h = 20, .ofs_x = 0, .ofs_y = -3},
    {.bitmap_index = 25944, .adv_w = 320, .box_w = 19, .box_h = 18, .ofs_x = 1, .ofs_y = -2},
    {.bitmap_index = 26115, .adv_w = 320, .box_w = 18, .box_h = 19, .ofs_x = 0, .ofs_y = -3},
    {.bitmap_index = 26286, .adv_w = 320, .box_w = 19, .box_h = 19, .ofs_x = 0, .ofs_y = -2},
    {.bitmap_index = 26467, .adv_w = 320, .box_w = 19, .box_h = 19, .ofs_x = 1, .ofs_y = -2},
    {.bitmap_index = 26648, .adv_w = 320, .box_w = 19, .box_h = 19, .ofs_x = 1, .ofs_y = -3},
    {.bitmap_index = 26829, .adv_w = 320, .box_w = 19, .box_h = 20, .ofs_x = 1, .ofs_y = -2},
    {.bitmap_index = 27019, .adv_w = 320, .box_w = 18, .box_h = 19, .ofs_x = 1, .ofs_y = -2},
    {.bitmap_index = 27190, .adv_w = 320, .box_w = 19, .box_h = 19, .ofs_x = 1, .ofs_y = -2},
    {.bitmap_index = 27371, .adv_w = 320, .box_w = 19, .box_h = 19, .ofs_x = 1, .ofs_y = -2},
    {.bitmap_index = 27552, .adv_w = 320, .box_w = 18, .box_h = 17, .ofs_x = 1, .ofs_y = -1},
    {.bitmap_index = 27705, .adv_w = 320, .box_w = 18, .box_h = 18, .ofs_x = 1, .ofs_y = -2},
    {.bitmap_index = 27867, .adv_w = 320, .box_w = 18, .box_h = 18, .ofs_x = 1, .ofs_y = -2},
    {.bitmap_index = 28029, .adv_w = 320, .box_w = 18, .box_h = 18, .ofs_x = 1, .ofs_y = -2},
    {.bitmap_index = 28191, .adv_w = 320, .box_w = 18, .box_h = 19, .ofs_x = 1, .ofs_y = -2},
    {.bitmap_index = 28362, .adv_w = 320, .box_w = 20, .box_h = 18, .ofs_x = 0, .ofs_y = -1},
    {.bitmap_index = 28542, .adv_w = 320, .box_w = 19, .box_h = 19, .ofs_x = 0, .ofs_y = -2},
    {.bitmap_index = 28723, .adv_w = 320, .box_w = 20, .box_h = 19, .ofs_x = 0, .ofs_y = -2},
    {.bitmap_index = 28913, .adv_w = 320, .box_w = 19, .box_h = 19, .ofs_x = 0, .ofs_y = -2},
    {.bitmap_index = 29094, .adv_w = 320, .box_w = 20, .box_h = 19, .ofs_x = 0, .ofs_y = -2},
    {.bitmap_index = 29284, .adv_w = 320, .box_w = 20, .box_h = 19, .ofs_x = 0, .ofs_y = -2},
    {.bitmap_index = 29474, .adv_w = 320, .box_w = 20, .box_h = 19, .ofs_x = 0, .ofs_y = -2},
    {.bitmap_index = 29664, .adv_w = 320, .box_w = 19, .box_h = 19, .ofs_x = 0, .ofs_y = -2},
    {.bitmap_index = 29845, .adv_w = 320, .box_w = 20, .box_h = 19, .ofs_x = 0, .ofs_y = -2},
    {.bitmap_index = 30035, .adv_w = 320, .box_w = 18, .box_h = 19, .ofs_x = 1, .ofs_y = -2},
    {.bitmap_index = 30206, .adv_w = 320, .box_w = 20, .box_h = 20, .ofs_x = 0, .ofs_y = -3},
    {.bitmap_index = 30406, .adv_w = 320, .box_w = 20, .box_h = 19, .ofs_x = 0, .ofs_y = -2},
    {.bitmap_index = 30596, .adv_w = 320, .box_w = 19, .box_h = 18, .ofs_x = 1, .ofs_y = -2},
    {.bitmap_index = 30767, .adv_w = 320, .box_w = 20, .box_h = 19, .ofs_x = 0, .ofs_y = -2},
    {.bitmap_index = 30957, .adv_w = 320, .box_w = 20, .box_h = 19, .ofs_x = 0, .ofs_y = -2},
    {.bitmap_index = 31147, .adv_w = 320, .box_w = 18, .box_h = 19, .ofs_x = 1, .ofs_y = -2},
    {.bitmap_index = 31318, .adv_w = 320, .box_w = 18, .box_h = 19, .ofs_x = 1, .ofs_y = -2},
    {.bitmap_index = 31489, .adv_w = 320, .box_w = 20, .box_h = 19, .ofs_x = 0, .ofs_y = -2},
    {.bitmap_index = 31679, .adv_w = 320, .box_w = 20, .box_h = 20, .ofs_x = 0, .ofs_y = -3},
    {.bitmap_index = 31879, .adv_w = 320, .box_w = 20, .box_h = 19, .ofs_x = 0, .ofs_y = -2},
    {.bitmap_index = 32069, .adv_w = 320, .box_w = 20, .box_h = 19, .ofs_x = 0, .ofs_y = -2},
    {.bitmap_index = 32259, .adv_w = 320, .box_w = 20, .box_h = 20, .ofs_x = 0, .ofs_y = -2},
    {.bitmap_index = 32459, .adv_w = 320, .box_w = 19, .box_h = 18, .ofs_x = 1, .ofs_y = -2},
    {.bitmap_index = 32630, .adv_w = 320, .box_w = 20, .box_h = 19, .ofs_x = 0, .ofs_y = -2},
    {.bitmap_index = 32820, .adv_w = 320, .box_w = 18, .box_h = 18, .ofs_x = 1, .ofs_y = -1},
    {.bitmap_index = 32982, .adv_w = 320, .box_w = 18, .box_h = 19, .ofs_x = 1, .ofs_y = -2},
    {.bitmap_index = 33153, .adv_w = 320, .box_w = 20, .box_h = 19, .ofs_x = 0, .ofs_y = -2},
    {.bitmap_index = 33343, .adv_w = 320, .box_w = 20, .box_h = 19, .ofs_x = 0, .ofs_y = -2},
    {.bitmap_index = 33533, .adv_w = 320, .box_w = 19, .box_h = 18, .ofs_x = 0, .ofs_y = -1},
    {.bitmap_index = 33704, .adv_w = 320, .box_w = 18, .box_h = 20, .ofs_x = 1, .ofs_y = -2},
    {.bitmap_index = 33884, .adv_w = 320, .box_w = 20, .box_h = 19, .ofs_x = 0, .ofs_y = -2},
    {.bitmap_index = 34074, .adv_w = 320, .box_w = 20, .box_h = 20, .ofs_x = 0, .ofs_y = -3},
    {.bitmap_index = 34274, .adv_w = 320, .box_w = 19, .box_h = 17, .ofs_x = 1, .ofs_y = -1},
    {.bitmap_index = 34436, .adv_w = 320, .box_w = 19, .box_h = 19, .ofs_x = 0, .ofs_y = -2},
    {.bitmap_index = 34617, .adv_w = 320, .box_w = 19, .box_h = 19, .ofs_x = 0, .ofs_y = -2},
    {.bitmap_index = 34798, .adv_w = 320, .box_w = 20, .box_h = 20, .ofs_x = 0, .ofs_y = -3},
    {.bitmap_index = 34998, .adv_w = 320, .box_w = 16, .box_h = 19, .ofs_x = 2, .ofs_y = -2},
    {.bitmap_index = 35150, .adv_w = 320, .box_w = 18, .box_h = 19, .ofs_x = 1, .ofs_y = -2},
    {.bitmap_index = 35321, .adv_w = 320, .box_w = 19, .box_h = 19, .ofs_x = 1, .ofs_y = -2},
    {.bitmap_index = 35502, .adv_w = 320, .box_w = 18, .box_h = 18, .ofs_x = 1, .ofs_y = -2},
    {.bitmap_index = 35664, .adv_w = 320, .box_w = 19, .box_h = 18, .ofs_x = 0, .ofs_y = -2},
    {.bitmap_index = 35835, .adv_w = 320, .box_w = 19, .box_h = 19, .ofs_x = 0, .ofs_y = -3},
    {.bitmap_index = 36016, .adv_w = 320, .box_w = 18, .box_h = 19, .ofs_x = 0, .ofs_y = -3},
    {.bitmap_index = 36187, .adv_w = 320, .box_w = 19, .box_h = 19, .ofs_x = 0, .ofs_y = -2},
    {.bitmap_index = 36368, .adv_w = 320, .box_w = 18, .box_h = 17, .ofs_x = 2, .ofs_y = -1},
    {.bitmap_index = 36521, .adv_w = 320, .box_w = 18, .box_h = 17, .ofs_x = 1, .ofs_y = -1},
    {.bitmap_index = 36674, .adv_w = 320, .box_w = 17, .box_h = 17, .ofs_x = 2, .ofs_y = -1},
    {.bitmap_index = 36819, .adv_w = 320, .box_w = 19, .box_h = 19, .ofs_x = 0, .ofs_y = -2},
    {.bitmap_index = 37000, .adv_w = 320, .box_w = 18, .box_h = 19, .ofs_x = 1, .ofs_y = -2},
    {.bitmap_index = 37171, .adv_w = 320, .box_w = 18, .box_h = 19, .ofs_x = 1, .ofs_y = -2},
    {.bitmap_index = 37342, .adv_w = 320, .box_w = 20, .box_h = 19, .ofs_x = 0, .ofs_y = -2},
    {.bitmap_index = 37532, .adv_w = 320, .box_w = 18, .box_h = 20, .ofs_x = 1, .ofs_y = -3},
    {.bitmap_index = 37712, .adv_w = 320, .box_w = 18, .box_h = 18, .ofs_x = 1, .ofs_y = -1},
    {.bitmap_index = 37874, .adv_w = 320, .box_w = 20, .box_h = 19, .ofs_x = 0, .ofs_y = -2},
    {.bitmap_index = 38064, .adv_w = 320, .box_w = 20, .box_h = 20, .ofs_x = 0, .ofs_y = -2},
    {.bitmap_index = 38264, .adv_w = 320, .box_w = 18, .box_h = 19, .ofs_x = 1, .ofs_y = -3},
    {.bitmap_index = 38435, .adv_w = 320, .box_w = 19, .box_h = 20, .ofs_x = 0, .ofs_y = -3},
    {.bitmap_index = 38625, .adv_w = 320, .box_w = 19, .box_h = 19, .ofs_x = 1, .ofs_y = -2},
    {.bitmap_index = 38806, .adv_w = 320, .box_w = 19, .box_h = 19, .ofs_x = 0, .ofs_y = -2},
    {.bitmap_index = 38987, .adv_w = 320, .box_w = 20, .box_h = 18, .ofs_x = 0, .ofs_y = -2},
    {.bitmap_index = 39167, .adv_w = 320, .box_w = 16, .box_h = 19, .ofs_x = 2, .ofs_y = -2},
    {.bitmap_index = 39319, .adv_w = 320, .box_w = 19, .box_h = 18, .ofs_x = 1, .ofs_y = -2},
    {.bitmap_index = 39490, .adv_w = 320, .box_w = 20, .box_h = 20, .ofs_x = 0, .ofs_y = -3},
    {.bitmap_index = 39690, .adv_w = 320, .box_w = 20, .box_h = 19, .ofs_x = 0, .ofs_y = -2},
    {.bitmap_index = 39880, .adv_w = 320, .box_w = 20, .box_h = 20, .ofs_x = 0, .ofs_y = -3},
    {.bitmap_index = 40080, .adv_w = 320, .box_w = 20, .box_h = 19, .ofs_x = 0, .ofs_y = -2},
    {.bitmap_index = 40270, .adv_w = 320, .box_w = 20, .box_h = 19, .ofs_x = 0, .ofs_y = -2},
    {.bitmap_index = 40460, .adv_w = 320, .box_w = 19, .box_h = 19, .ofs_x = 0, .ofs_y = -2},
    {.bitmap_index = 40641, .adv_w = 320, .box_w = 20, .box_h = 18, .ofs_x = 0, .ofs_y = -1},
    {.bitmap_index = 40821, .adv_w = 320, .box_w = 19, .box_h = 19, .ofs_x = 0, .ofs_y = -2},
    {.bitmap_index = 41002, .adv_w = 320, .box_w = 20, .box_h = 20, .ofs_x = 0, .ofs_y = -3},
    {.bitmap_index = 41202, .adv_w = 320, .box_w = 20, .box_h = 18, .ofs_x = 0, .ofs_y = -1},
    {.bitmap_index = 41382, .adv_w = 320, .box_w = 19, .box_h = 18, .ofs_x = 0, .ofs_y = -1},
    {.bitmap_index = 41553, .adv_w = 320, .box_w = 19, .box_h = 19, .ofs_x = 0, .ofs_y = -2},
    {.bitmap_index = 41734, .adv_w = 320, .box_w = 20, .box_h = 17, .ofs_x = 0, .ofs_y = -1},
    {.bitmap_index = 41904, .adv_w = 320, .box_w = 20, .box_h = 20, .ofs_x = 0, .ofs_y = -3},
    {.bitmap_index = 42104, .adv_w = 320, .box_w = 19, .box_h = 18, .ofs_x = 0, .ofs_y = -1},
    {.bitmap_index = 42275, .adv_w = 320, .box_w = 20, .box_h = 18, .ofs_x = 0, .ofs_y = -1},
    {.bitmap_index = 42455, .adv_w = 320, .box_w = 20, .box_h = 19, .ofs_x = 0, .ofs_y = -2},
    {.bitmap_index = 42645, .adv_w = 320, .box_w = 19, .box_h = 18, .ofs_x = 0, .ofs_y = -1},
    {.bitmap_index = 42816, .adv_w = 320, .box_w = 18, .box_h = 18, .ofs_x = 1, .ofs_y = -1},
    {.bitmap_index = 42978, .adv_w = 320, .box_w = 20, .box_h = 19, .ofs_x = 0, .ofs_y = -1},
    {.bitmap_index = 43168, .adv_w = 320, .box_w = 20, .box_h = 20, .ofs_x = 0, .ofs_y = -3},
    {.bitmap_index = 43368, .adv_w = 320, .box_w = 20, .box_h = 19, .ofs_x = 0, .ofs_y = -2},
    {.bitmap_index = 43558, .adv_w = 320, .box_w = 20, .box_h = 19, .ofs_x = 0, .ofs_y = -2},
    {.bitmap_index = 43748, .adv_w = 320, .box_w = 20, .box_h = 20, .ofs_x = 0, .ofs_y = -3},
    {.bitmap_index = 43948, .adv_w = 320, .box_w = 19, .box_h = 19, .ofs_x = 0, .ofs_y = -2},
    {.bitmap_index = 44129, .adv_w = 320, .box_w = 20, .box_h = 19, .ofs_x = 0, .ofs_y = -2},
    {.bitmap_index = 44319, .adv_w = 320, .box_w = 19, .box_h = 20, .ofs_x = 0, .ofs_y = -2},
    {.bitmap_index = 44509, .adv_w = 320, .box_w = 20, .box_h = 20, .ofs_x = 0, .ofs_y = -2},
    {.bitmap_index = 44709, .adv_w = 320, .box_w = 20, .box_h = 20, .ofs_x = 0, .ofs_y = -3},
    {.bitmap_index = 44909, .adv_w = 320, .box_w = 20, .box_h = 19, .ofs_x = 0, .ofs_y = -1},
    {.bitmap_index = 45099, .adv_w = 320, .box_w = 20, .box_h = 20, .ofs_x = 0, .ofs_y = -2},
    {.bitmap_index = 45299, .adv_w = 320, .box_w = 19, .box_h = 20, .ofs_x = 0, .ofs_y = -3},
    {.bitmap_index = 45489, .adv_w = 320, .box_w = 20, .box_h = 19, .ofs_x = 0, .ofs_y = -2},
    {.bitmap_index = 45679, .adv_w = 320, .box_w = 20, .box_h = 19, .ofs_x = 0, .ofs_y = -2},
    {.bitmap_index = 45869, .adv_w = 320, .box_w = 20, .box_h = 20, .ofs_x = 0, .ofs_y = -3},
    {.bitmap_index = 46069, .adv_w = 320, .box_w = 19, .box_h = 20, .ofs_x = 0, .ofs_y = -3},
    {.bitmap_index = 46259, .adv_w = 320, .box_w = 20, .box_h = 19, .ofs_x = 0, .ofs_y = -2},
    {.bitmap_index = 46449, .adv_w = 320, .box_w = 20, .box_h = 19, .ofs_x = 0, .ofs_y = -1},
    {.bitmap_index = 46639, .adv_w = 320, .box_w = 20, .box_h = 20, .ofs_x = 0, .ofs_y = -3},
    {.bitmap_index = 46839, .adv_w = 320, .box_w = 20, .box_h = 19, .ofs_x = 0, .ofs_y = -2},
    {.bitmap_index = 47029, .adv_w = 320, .box_w = 20, .box_h = 20, .ofs_x = 0, .ofs_y = -2},
    {.bitmap_index = 47229, .adv_w = 320, .box_w = 20, .box_h = 20, .ofs_x = 0, .ofs_y = -2},
    {.bitmap_index = 47429, .adv_w = 320, .box_w = 19, .box_h = 19, .ofs_x = 1, .ofs_y = -2},
    {.bitmap_index = 47610, .adv_w = 320, .box_w = 20, .box_h = 19, .ofs_x = 0, .ofs_y = -2},
    {.bitmap_index = 47800, .adv_w = 320, .box_w = 20, .box_h = 19, .ofs_x = 0, .ofs_y = -2},
    {.bitmap_index = 47990, .adv_w = 320, .box_w = 20, .box_h = 19, .ofs_x = 0, .ofs_y = -2},
    {.bitmap_index = 48180, .adv_w = 320, .box_w = 20, .box_h = 20, .ofs_x = 0, .ofs_y = -3},
    {.bitmap_index = 48380, .adv_w = 320, .box_w = 20, .box_h = 20, .ofs_x = 0, .ofs_y = -3},
    {.bitmap_index = 48580, .adv_w = 320, .box_w = 20, .box_h = 19, .ofs_x = 0, .ofs_y = -2},
    {.bitmap_index = 48770, .adv_w = 320, .box_w = 20, .box_h = 19, .ofs_x = 0, .ofs_y = -2},
    {.bitmap_index = 48960, .adv_w = 320, .box_w = 20, .box_h = 20, .ofs_x = 0, .ofs_y = -3},
    {.bitmap_index = 49160, .adv_w = 320, .box_w = 20, .box_h = 20, .ofs_x = 0, .ofs_y = -2},
    {.bitmap_index = 49360, .adv_w = 320, .box_w = 18, .box_h = 19, .ofs_x = 1, .ofs_y = -2},
    {.bitmap_index = 49531, .adv_w = 320, .box_w = 20, .box_h = 18, .ofs_x = 0, .ofs_y = -2},
    {.bitmap_index = 49711, .adv_w = 320, .box_w = 16, .box_h = 18, .ofs_x = 2, .ofs_y = -2},
    {.bitmap_index = 49855, .adv_w = 320, .box_w = 20, .box_h = 18, .ofs_x = 0, .ofs_y = -2},
    {.bitmap_index = 50035, .adv_w = 320, .box_w = 19, .box_h = 18, .ofs_x = 1, .ofs_y = -1},
    {.bitmap_index = 50206, .adv_w = 320, .box_w = 20, .box_h = 18, .ofs_x = 0, .ofs_y = -2},
    {.bitmap_index = 50386, .adv_w = 320, .box_w = 19, .box_h = 19, .ofs_x = 1, .ofs_y = -2},
    {.bitmap_index = 50567, .adv_w = 320, .box_w = 19, .box_h = 18, .ofs_x = 0, .ofs_y = -2},
    {.bitmap_index = 50738, .adv_w = 320, .box_w = 19, .box_h = 19, .ofs_x = 1, .ofs_y = -2},
    {.bitmap_index = 50919, .adv_w = 320, .box_w = 19, .box_h = 19, .ofs_x = 1, .ofs_y = -2},
    {.bitmap_index = 51100, .adv_w = 320, .box_w = 20, .box_h = 18, .ofs_x = 0, .ofs_y = -2},
    {.bitmap_index = 51280, .adv_w = 320, .box_w = 20, .box_h = 19, .ofs_x = 0, .ofs_y = -2},
    {.bitmap_index = 51470, .adv_w = 320, .box_w = 18, .box_h = 19, .ofs_x = 1, .ofs_y = -2},
    {.bitmap_index = 51641, .adv_w = 320, .box_w = 20, .box_h = 20, .ofs_x = 0, .ofs_y = -3},
    {.bitmap_index = 51841, .adv_w = 320, .box_w = 20, .box_h = 19, .ofs_x = 0, .ofs_y = -2},
    {.bitmap_index = 52031, .adv_w = 320, .box_w = 19, .box_h = 19, .ofs_x = 1, .ofs_y = -2},
    {.bitmap_index = 52212, .adv_w = 320, .box_w = 20, .box_h = 20, .ofs_x = 0, .ofs_y = -3},
    {.bitmap_index = 52412, .adv_w = 320, .box_w = 20, .box_h = 19, .ofs_x = 0, .ofs_y = -2},
    {.bitmap_index = 52602, .adv_w = 320, .box_w = 20, .box_h = 19, .ofs_x = 0, .ofs_y = -2},
    {.bitmap_index = 52792, .adv_w = 320, .box_w = 19, .box_h = 19, .ofs_x = 0, .ofs_y = -2},
    {.bitmap_index = 52973, .adv_w = 320, .box_w = 20, .box_h = 19, .ofs_x = 0, .ofs_y = -2},
    {.bitmap_index = 53163, .adv_w = 320, .box_w = 19, .box_h = 20, .ofs_x = 0, .ofs_y = -3},
    {.bitmap_index = 53353, .adv_w = 320, .box_w = 20, .box_h = 19, .ofs_x = 0, .ofs_y = -2},
    {.bitmap_index = 53543, .adv_w = 320, .box_w = 20, .box_h = 18, .ofs_x = 0, .ofs_y = -1},
    {.bitmap_index = 53723, .adv_w = 320, .box_w = 20, .box_h = 19, .ofs_x = 0, .ofs_y = -2},
    {.bitmap_index = 53913, .adv_w = 320, .box_w = 19, .box_h = 19, .ofs_x = 0, .ofs_y = -2},
    {.bitmap_index = 54094, .adv_w = 320, .box_w = 20, .box_h = 20, .ofs_x = 0, .ofs_y = -3},
    {.bitmap_index = 54294, .adv_w = 320, .box_w = 20, .box_h = 19, .ofs_x = 0, .ofs_y = -2},
    {.bitmap_index = 54484, .adv_w = 320, .box_w = 20, .box_h = 19, .ofs_x = 0, .ofs_y = -2},
    {.bitmap_index = 54674, .adv_w = 320, .box_w = 20, .box_h = 20, .ofs_x = 0, .ofs_y = -3},
    {.bitmap_index = 54874, .adv_w = 320, .box_w = 18, .box_h = 18, .ofs_x = 1, .ofs_y = -1},
    {.bitmap_index = 55036, .adv_w = 320, .box_w = 18, .box_h = 17, .ofs_x = 1, .ofs_y = -1},
    {.bitmap_index = 55189, .adv_w = 320, .box_w = 20, .box_h = 19, .ofs_x = 0, .ofs_y = -2},
    {.bitmap_index = 55379, .adv_w = 320, .box_w = 19, .box_h = 19, .ofs_x = 0, .ofs_y = -2},
    {.bitmap_index = 55560, .adv_w = 320, .box_w = 20, .box_h = 19, .ofs_x = 0, .ofs_y = -2},
    {.bitmap_index = 55750, .adv_w = 320, .box_w = 20, .box_h = 21, .ofs_x = 0, .ofs_y = -3},
    {.bitmap_index = 55960, .adv_w = 320, .box_w = 20, .box_h = 19, .ofs_x = 0, .ofs_y = -2},
    {.bitmap_index = 56150, .adv_w = 320, .box_w = 20, .box_h = 19, .ofs_x = 0, .ofs_y = -2},
    {.bitmap_index = 56340, .adv_w = 320, .box_w = 19, .box_h = 20, .ofs_x = 1, .ofs_y = -3},
    {.bitmap_index = 56530, .adv_w = 320, .box_w = 20, .box_h = 19, .ofs_x = 0, .ofs_y = -2},
    {.bitmap_index = 56720, .adv_w = 320, .box_w = 20, .box_h = 19, .ofs_x = 0, .ofs_y = -2},
    {.bitmap_index = 56910, .adv_w = 320, .box_w = 20, .box_h = 19, .ofs_x = 0, .ofs_y = -2},
    {.bitmap_index = 57100, .adv_w = 320, .box_w = 18, .box_h = 19, .ofs_x = 1, .ofs_y = -2},
    {.bitmap_index = 57271, .adv_w = 320, .box_w = 20, .box_h = 18, .ofs_x = 0, .ofs_y = -1},
    {.bitmap_index = 57451, .adv_w = 320, .box_w = 20, .box_h = 19, .ofs_x = 0, .ofs_y = -2},
    {.bitmap_index = 57641, .adv_w = 320, .box_w = 20, .box_h = 19, .ofs_x = 0, .ofs_y = -2},
    {.bitmap_index = 57831, .adv_w = 320, .box_w = 20, .box_h = 19, .ofs_x = 0, .ofs_y = -2},
    {.bitmap_index = 58021, .adv_w = 320, .box_w = 19, .box_h = 19, .ofs_x = 0, .ofs_y = -2},
    {.bitmap_index = 58202, .adv_w = 320, .box_w = 19, .box_h = 19, .ofs_x = 0, .ofs_y = -2},
    {.bitmap_index = 58383, .adv_w = 320, .box_w = 20, .box_h = 20, .ofs_x = 0, .ofs_y = -3},
    {.bitmap_index = 58583, .adv_w = 320, .box_w = 20, .box_h = 19, .ofs_x = 0, .ofs_y = -2},
    {.bitmap_index = 58773, .adv_w = 320, .box_w = 19, .box_h = 19, .ofs_x = 0, .ofs_y = -2},
    {.bitmap_index = 58954, .adv_w = 320, .box_w = 19, .box_h = 19, .ofs_x = 1, .ofs_y = -2},
    {.bitmap_index = 59135, .adv_w = 320, .box_w = 19, .box_h = 18, .ofs_x = 1, .ofs_y = -2},
    {.bitmap_index = 59306, .adv_w = 320, .box_w = 19, .box_h = 19, .ofs_x = 0, .ofs_y = -2},
    {.bitmap_index = 59487, .adv_w = 320, .box_w = 19, .box_h = 19, .ofs_x = 0, .ofs_y = -2},
    {.bitmap_index = 59668, .adv_w = 320, .box_w = 20, .box_h = 19, .ofs_x = 0, .ofs_y = -2},
    {.bitmap_index = 59858, .adv_w = 320, .box_w = 19, .box_h = 20, .ofs_x = 0, .ofs_y = -3},
    {.bitmap_index = 60048, .adv_w = 320, .box_w = 20, .box_h = 19, .ofs_x = 0, .ofs_y = -2},
    {.bitmap_index = 60238, .adv_w = 320, .box_w = 19, .box_h = 19, .ofs_x = 1, .ofs_y = -2},
    {.bitmap_index = 60419, .adv_w = 320, .box_w = 20, .box_h = 19, .ofs_x = 0, .ofs_y = -2},
    {.bitmap_index = 60609, .adv_w = 320, .box_w = 19, .box_h = 20, .ofs_x = 0, .ofs_y = -3},
    {.bitmap_index = 60799, .adv_w = 320, .box_w = 20, .box_h = 20, .ofs_x = 0, .ofs_y = -3},
    {.bitmap_index = 60999, .adv_w = 320, .box_w = 20, .box_h = 18, .ofs_x = 0, .ofs_y = -2},
    {.bitmap_index = 61179, .adv_w = 320, .box_w = 19, .box_h = 18, .ofs_x = 0, .ofs_y = -2},
    {.bitmap_index = 61350, .adv_w = 320, .box_w = 19, .box_h = 18, .ofs_x = 0, .ofs_y = -2},
    {.bitmap_index = 61521, .adv_w = 320, .box_w = 20, .box_h = 20, .ofs_x = 0, .ofs_y = -3},
    {.bitmap_index = 61721, .adv_w = 320, .box_w = 18, .box_h = 18, .ofs_x = 1, .ofs_y = -1},
    {.bitmap_index = 61883, .adv_w = 320, .box_w = 18, .box_h = 18, .ofs_x = 0, .ofs_y = -2},
    {.bitmap_index = 62045, .adv_w = 320, .box_w = 16, .box_h = 19, .ofs_x = 2, .ofs_y = -2},
    {.bitmap_index = 62197, .adv_w = 320, .box_w = 16, .box_h = 18, .ofs_x = 2, .ofs_y = -2},
    {.bitmap_index = 62341, .adv_w = 320, .box_w = 18, .box_h = 18, .ofs_x = 2, .ofs_y = -1},
    {.bitmap_index = 62503, .adv_w = 320, .box_w = 17, .box_h = 19, .ofs_x = 1, .ofs_y = -2},
    {.bitmap_index = 62665, .adv_w = 320, .box_w = 19, .box_h = 20, .ofs_x = 0, .ofs_y = -2},
    {.bitmap_index = 62855, .adv_w = 320, .box_w = 16, .box_h = 19, .ofs_x = 2, .ofs_y = -2},
    {.bitmap_index = 63007, .adv_w = 320, .box_w = 18, .box_h = 19, .ofs_x = 1, .ofs_y = -2},
    {.bitmap_index = 63178, .adv_w = 320, .box_w = 20, .box_h = 19, .ofs_x = 0, .ofs_y = -2},
    {.bitmap_index = 63368, .adv_w = 320, .box_w = 20, .box_h = 18, .ofs_x = 0, .ofs_y = -1},
    {.bitmap_index = 63548, .adv_w = 320, .box_w = 20, .box_h = 18, .ofs_x = 0, .ofs_y = -1},
    {.bitmap_index = 63728, .adv_w = 320, .box_w = 19, .box_h = 20, .ofs_x = 0, .ofs_y = -2},
    {.bitmap_index = 63918, .adv_w = 320, .box_w = 19, .box_h = 19, .ofs_x = 0, .ofs_y = -2},
    {.bitmap_index = 64099, .adv_w = 320, .box_w = 18, .box_h = 19, .ofs_x = 1, .ofs_y = -2},
    {.bitmap_index = 64270, .adv_w = 320, .box_w = 19, .box_h = 19, .ofs_x = 0, .ofs_y = -2},
    {.bitmap_index = 64451, .adv_w = 320, .box_w = 19, .box_h = 18, .ofs_x = 1, .ofs_y = -1},
    {.bitmap_index = 64622, .adv_w = 320, .box_w = 19, .box_h = 18, .ofs_x = 0, .ofs_y = -2},
    {.bitmap_index = 64793, .adv_w = 320, .box_w = 20, .box_h = 18, .ofs_x = 0, .ofs_y = -2},
    {.bitmap_index = 64973, .adv_w = 320, .box_w = 19, .box_h = 19, .ofs_x = 0, .ofs_y = -2},
    {.bitmap_index = 65154, .adv_w = 320, .box_w = 19, .box_h = 18, .ofs_x = 0, .ofs_y = -2},
    {.bitmap_index = 65325, .adv_w = 320, .box_w = 19, .box_h = 20, .ofs_x = 0, .ofs_y = -3},
    {.bitmap_index = 65515, .adv_w = 320, .box_w = 18, .box_h = 20, .ofs_x = 1, .ofs_y = -3},
    {.bitmap_index = 65695, .adv_w = 320, .box_w = 19, .box_h = 19, .ofs_x = 0, .ofs_y = -2},
    {.bitmap_index = 65876, .adv_w = 320, .box_w = 20, .box_h = 19, .ofs_x = 0, .ofs_y = -2},
    {.bitmap_index = 66066, .adv_w = 320, .box_w = 20, .box_h = 20, .ofs_x = 0, .ofs_y = -3},
    {.bitmap_index = 66266, .adv_w = 320, .box_w = 19, .box_h = 19, .ofs_x = 0, .ofs_y = -2},
    {.bitmap_index = 66447, .adv_w = 320, .box_w = 19, .box_h = 19, .ofs_x = 0, .ofs_y = -2},
    {.bitmap_index = 66628, .adv_w = 320, .box_w = 18, .box_h = 18, .ofs_x = 1, .ofs_y = -1},
    {.bitmap_index = 66790, .adv_w = 320, .box_w = 18, .box_h = 18, .ofs_x = 1, .ofs_y = -1},
    {.bitmap_index = 66952, .adv_w = 320, .box_w = 20, .box_h = 20, .ofs_x = 0, .ofs_y = -2},
    {.bitmap_index = 67152, .adv_w = 320, .box_w = 19, .box_h = 20, .ofs_x = 0, .ofs_y = -3},
    {.bitmap_index = 67342, .adv_w = 320, .box_w = 20, .box_h = 19, .ofs_x = 0, .ofs_y = -2},
    {.bitmap_index = 67532, .adv_w = 320, .box_w = 19, .box_h = 19, .ofs_x = 0, .ofs_y = -2},
    {.bitmap_index = 67713, .adv_w = 320, .box_w = 20, .box_h = 19, .ofs_x = 0, .ofs_y = -2},
    {.bitmap_index = 67903, .adv_w = 320, .box_w = 18, .box_h = 18, .ofs_x = 1, .ofs_y = -1},
    {.bitmap_index = 68065, .adv_w = 320, .box_w = 20, .box_h = 19, .ofs_x = 0, .ofs_y = -2},
    {.bitmap_index = 68255, .adv_w = 320, .box_w = 19, .box_h = 19, .ofs_x = 0, .ofs_y = -1},
    {.bitmap_index = 68436, .adv_w = 320, .box_w = 20, .box_h = 19, .ofs_x = 0, .ofs_y = -2},
    {.bitmap_index = 68626, .adv_w = 320, .box_w = 20, .box_h = 18, .ofs_x = 0, .ofs_y = -1},
    {.bitmap_index = 68806, .adv_w = 320, .box_w = 19, .box_h = 18, .ofs_x = 0, .ofs_y = -1},
    {.bitmap_index = 68977, .adv_w = 320, .box_w = 20, .box_h = 19, .ofs_x = 0, .ofs_y = -2},
    {.bitmap_index = 69167, .adv_w = 320, .box_w = 18, .box_h = 17, .ofs_x = 1, .ofs_y = -1},
    {.bitmap_index = 69320, .adv_w = 320, .box_w = 19, .box_h = 18, .ofs_x = 0, .ofs_y = -2},
    {.bitmap_index = 69491, .adv_w = 320, .box_w = 19, .box_h = 19, .ofs_x = 0, .ofs_y = -2},
    {.bitmap_index = 69672, .adv_w = 320, .box_w = 19, .box_h = 18, .ofs_x = 0, .ofs_y = -1},
    {.bitmap_index = 69843, .adv_w = 320, .box_w = 19, .box_h = 19, .ofs_x = 0, .ofs_y = -2},
    {.bitmap_index = 70024, .adv_w = 320, .box_w = 20, .box_h = 19, .ofs_x = 0, .ofs_y = -2},
    {.bitmap_index = 70214, .adv_w = 320, .box_w = 18, .box_h = 20, .ofs_x = 0, .ofs_y = -2},
    {.bitmap_index = 70394, .adv_w = 320, .box_w = 18, .box_h = 20, .ofs_x = 1, .ofs_y = -3},
    {.bitmap_index = 70574, .adv_w = 320, .box_w = 19, .box_h = 20, .ofs_x = 0, .ofs_y = -3},
    {.bitmap_index = 70764, .adv_w = 320, .box_w = 19, .box_h = 19, .ofs_x = 1, .ofs_y = -2},
    {.bitmap_index = 70945, .adv_w = 320, .box_w = 20, .box_h = 19, .ofs_x = 0, .ofs_y = -2},
    {.bitmap_index = 71135, .adv_w = 320, .box_w = 14, .box_h = 19, .ofs_x = 3, .ofs_y = -2},
    {.bitmap_index = 71268, .adv_w = 320, .box_w = 20, .box_h = 19, .ofs_x = 0, .ofs_y = -2},
    {.bitmap_index = 71458, .adv_w = 320, .box_w = 20, .box_h = 19, .ofs_x = 0, .ofs_y = -2},
    {.bitmap_index = 71648, .adv_w = 320, .box_w = 18, .box_h = 19, .ofs_x = 1, .ofs_y = -2},
    {.bitmap_index = 71819, .adv_w = 320, .box_w = 20, .box_h = 19, .ofs_x = 0, .ofs_y = -2},
    {.bitmap_index = 72009, .adv_w = 320, .box_w = 20, .box_h = 18, .ofs_x = 0, .ofs_y = -1},
    {.bitmap_index = 72189, .adv_w = 320, .box_w = 18, .box_h = 19, .ofs_x = 1, .ofs_y = -2},
    {.bitmap_index = 72360, .adv_w = 320, .box_w = 20, .box_h = 19, .ofs_x = 0, .ofs_y = -2},
    {.bitmap_index = 72550, .adv_w = 320, .box_w = 18, .box_h = 19, .ofs_x = 1, .ofs_y = -2},
    {.bitmap_index = 72721, .adv_w = 320, .box_w = 18, .box_h = 19, .ofs_x = 1, .ofs_y = -2},
    {.bitmap_index = 72892, .adv_w = 320, .box_w = 20, .box_h = 19, .ofs_x = 0, .ofs_y = -2},
    {.bitmap_index = 73082, .adv_w = 320, .box_w = 18, .box_h = 19, .ofs_x = 1, .ofs_y = -2},
    {.bitmap_index = 73253, .adv_w = 320, .box_w = 19, .box_h = 18, .ofs_x = 1, .ofs_y = -1},
    {.bitmap_index = 73424, .adv_w = 320, .box_w = 20, .box_h = 20, .ofs_x = 0, .ofs_y = -3},
    {.bitmap_index = 73624, .adv_w = 320, .box_w = 20, .box_h = 19, .ofs_x = 0, .ofs_y = -2},
    {.bitmap_index = 73814, .adv_w = 320, .box_w = 18, .box_h = 18, .ofs_x = 1, .ofs_y = -2},
    {.bitmap_index = 73976, .adv_w = 320, .box_w = 20, .box_h = 19, .ofs_x = 0, .ofs_y = -3},
    {.bitmap_index = 74166, .adv_w = 320, .box_w = 19, .box_h = 18, .ofs_x = 0, .ofs_y = -2},
    {.bitmap_index = 74337, .adv_w = 320, .box_w = 18, .box_h = 19, .ofs_x = 1, .ofs_y = -2},
    {.bitmap_index = 74508, .adv_w = 320, .box_w = 19, .box_h = 19, .ofs_x = 1, .ofs_y = -2},
    {.bitmap_index = 74689, .adv_w = 320, .box_w = 20, .box_h = 19, .ofs_x = 0, .ofs_y = -2},
    {.bitmap_index = 74879, .adv_w = 320, .box_w = 19, .box_h = 18, .ofs_x = 0, .ofs_y = -1},
    {.bitmap_index = 75050, .adv_w = 320, .box_w = 20, .box_h = 19, .ofs_x = 0, .ofs_y = -2},
    {.bitmap_index = 75240, .adv_w = 320, .box_w = 19, .box_h = 19, .ofs_x = 0, .ofs_y = -2},
    {.bitmap_index = 75421, .adv_w = 320, .box_w = 18, .box_h = 19, .ofs_x = 1, .ofs_y = -2},
    {.bitmap_index = 75592, .adv_w = 320, .box_w = 19, .box_h = 20, .ofs_x = 1, .ofs_y = -3},
    {.bitmap_index = 75782, .adv_w = 320, .box_w = 19, .box_h = 19, .ofs_x = 0, .ofs_y = -2},
    {.bitmap_index = 75963, .adv_w = 320, .box_w = 20, .box_h = 19, .ofs_x = 0, .ofs_y = -2},
    {.bitmap_index = 76153, .adv_w = 320, .box_w = 20, .box_h = 19, .ofs_x = 0, .ofs_y = -2},
    {.bitmap_index = 76343, .adv_w = 320, .box_w = 19, .box_h = 20, .ofs_x = 0, .ofs_y = -3},
    {.bitmap_index = 76533, .adv_w = 320, .box_w = 20, .box_h = 19, .ofs_x = 0, .ofs_y = -2},
    {.bitmap_index = 76723, .adv_w = 320, .box_w = 19, .box_h = 19, .ofs_x = 0, .ofs_y = -2},
    {.bitmap_index = 76904, .adv_w = 320, .box_w = 20, .box_h = 19, .ofs_x = 0, .ofs_y = -2},
    {.bitmap_index = 77094, .adv_w = 320, .box_w = 20, .box_h = 20, .ofs_x = 0, .ofs_y = -2},
    {.bitmap_index = 77294, .adv_w = 320, .box_w = 20, .box_h = 19, .ofs_x = 0, .ofs_y = -2},
    {.bitmap_index = 77484, .adv_w = 320, .box_w = 20, .box_h = 19, .ofs_x = 0, .ofs_y = -2},
    {.bitmap_index = 77674, .adv_w = 320, .box_w = 20, .box_h = 19, .ofs_x = 0, .ofs_y = -2},
    {.bitmap_index = 77864, .adv_w = 320, .box_w = 19, .box_h = 18, .ofs_x = 1, .ofs_y = -2},
    {.bitmap_index = 78035, .adv_w = 320, .box_w = 20, .box_h = 18, .ofs_x = 0, .ofs_y = -1},
    {.bitmap_index = 78215, .adv_w = 320, .box_w = 20, .box_h = 19, .ofs_x = 0, .ofs_y = -2},
    {.bitmap_index = 78405, .adv_w = 320, .box_w = 19, .box_h = 19, .ofs_x = 0, .ofs_y = -2},
    {.bitmap_index = 78586, .adv_w = 320, .box_w = 20, .box_h = 20, .ofs_x = 0, .ofs_y = -3},
    {.bitmap_index = 78786, .adv_w = 320, .box_w = 19, .box_h = 18, .ofs_x = 0, .ofs_y = -1},
    {.bitmap_index = 78957, .adv_w = 320, .box_w = 20, .box_h = 19, .ofs_x = 0, .ofs_y = -2},
    {.bitmap_index = 79147, .adv_w = 320, .box_w = 20, .box_h = 19, .ofs_x = 0, .ofs_y = -2},
    {.bitmap_index = 79337, .adv_w = 320, .box_w = 20, .box_h = 19, .ofs_x = 0, .ofs_y = -2},
    {.bitmap_index = 79527, .adv_w = 320, .box_w = 20, .box_h = 18, .ofs_x = 0, .ofs_y = -2},
    {.bitmap_index = 79707, .adv_w = 320, .box_w = 20, .box_h = 19, .ofs_x = 0, .ofs_y = -2},
    {.bitmap_index = 79897, .adv_w = 320, .box_w = 20, .box_h = 19, .ofs_x = 0, .ofs_y = -2},
    {.bitmap_index = 80087, .adv_w = 320, .box_w = 20, .box_h = 19, .ofs_x = 0, .ofs_y = -2},
    {.bitmap_index = 80277, .adv_w = 320, .box_w = 20, .box_h = 19, .ofs_x = 0, .ofs_y = -2},
    {.bitmap_index = 80467, .adv_w = 320, .box_w = 20, .box_h = 19, .ofs_x = 0, .ofs_y = -2},
    {.bitmap_index = 80657, .adv_w = 320, .box_w = 20, .box_h = 19, .ofs_x = 0, .ofs_y = -2},
    {.bitmap_index = 80847, .adv_w = 320, .box_w = 20, .box_h = 19, .ofs_x = 0, .ofs_y = -2},
    {.bitmap_index = 81037, .adv_w = 320, .box_w = 20, .box_h = 19, .ofs_x = 0, .ofs_y = -2},
    {.bitmap_index = 81227, .adv_w = 320, .box_w = 19, .box_h = 18, .ofs_x = 0, .ofs_y = -2},
    {.bitmap_index = 81398, .adv_w = 320, .box_w = 19, .box_h = 19, .ofs_x = 1, .ofs_y = -2},
    {.bitmap_index = 81579, .adv_w = 320, .box_w = 20, .box_h = 19, .ofs_x = 0, .ofs_y = -2},
    {.bitmap_index = 81769, .adv_w = 320, .box_w = 19, .box_h = 19, .ofs_x = 1, .ofs_y = -2},
    {.bitmap_index = 81950, .adv_w = 320, .box_w = 20, .box_h = 20, .ofs_x = 0, .ofs_y = -3},
    {.bitmap_index = 82150, .adv_w = 320, .box_w = 18, .box_h = 17, .ofs_x = 1, .ofs_y = -1},
    {.bitmap_index = 82303, .adv_w = 320, .box_w = 18, .box_h = 18, .ofs_x = 1, .ofs_y = -1},
    {.bitmap_index = 82465, .adv_w = 320, .box_w = 20, .box_h = 18, .ofs_x = 0, .ofs_y = -2},
    {.bitmap_index = 82645, .adv_w = 320, .box_w = 20, .box_h = 17, .ofs_x = 0, .ofs_y = -1},
    {.bitmap_index = 82815, .adv_w = 320, .box_w = 19, .box_h = 19, .ofs_x = 0, .ofs_y = -2},
    {.bitmap_index = 82996, .adv_w = 320, .box_w = 20, .box_h = 19, .ofs_x = 0, .ofs_y = -2},
    {.bitmap_index = 83186, .adv_w = 320, .box_w = 19, .box_h = 19, .ofs_x = 1, .ofs_y = -2},
    {.bitmap_index = 83367, .adv_w = 320, .box_w = 18, .box_h = 19, .ofs_x = 1, .ofs_y = -2},
    {.bitmap_index = 83538, .adv_w = 320, .box_w = 18, .box_h = 19, .ofs_x = 1, .ofs_y = -2},
    {.bitmap_index = 83709, .adv_w = 320, .box_w = 18, .box_h = 19, .ofs_x = 1, .ofs_y = -2},
    {.bitmap_index = 83880, .adv_w = 320, .box_w = 19, .box_h = 20, .ofs_x = 1, .ofs_y = -3},
    {.bitmap_index = 84070, .adv_w = 320, .box_w = 18, .box_h = 18, .ofs_x = 1, .ofs_y = -2},
    {.bitmap_index = 84232, .adv_w = 320, .box_w = 19, .box_h = 19, .ofs_x = 1, .ofs_y = -2},
    {.bitmap_index = 84413, .adv_w = 320, .box_w = 19, .box_h = 20, .ofs_x = 1, .ofs_y = -3},
    {.bitmap_index = 84603, .adv_w = 320, .box_w = 19, .box_h = 19, .ofs_x = 1, .ofs_y = -2},
    {.bitmap_index = 84784, .adv_w = 320, .box_w = 18, .box_h = 19, .ofs_x = 1, .ofs_y = -3},
    {.bitmap_index = 84955, .adv_w = 320, .box_w = 20, .box_h = 20, .ofs_x = 0, .ofs_y = -3},
    {.bitmap_index = 85155, .adv_w = 320, .box_w = 18, .box_h = 18, .ofs_x = 1, .ofs_y = -2},
    {.bitmap_index = 85317, .adv_w = 320, .box_w = 18, .box_h = 19, .ofs_x = 1, .ofs_y = -2},
    {.bitmap_index = 85488, .adv_w = 320, .box_w = 18, .box_h = 18, .ofs_x = 1, .ofs_y = -2},
    {.bitmap_index = 85650, .adv_w = 320, .box_w = 20, .box_h = 18, .ofs_x = 0, .ofs_y = -2},
    {.bitmap_index = 85830, .adv_w = 320, .box_w = 20, .box_h = 19, .ofs_x = 0, .ofs_y = -2},
    {.bitmap_index = 86020, .adv_w = 320, .box_w = 20, .box_h = 18, .ofs_x = 0, .ofs_y = -2},
    {.bitmap_index = 86200, .adv_w = 320, .box_w = 18, .box_h = 19, .ofs_x = 1, .ofs_y = -2},
    {.bitmap_index = 86371, .adv_w = 320, .box_w = 18, .box_h = 20, .ofs_x = 1, .ofs_y = -2},
    {.bitmap_index = 86551, .adv_w = 320, .box_w = 18, .box_h = 20, .ofs_x = 1, .ofs_y = -2},
    {.bitmap_index = 86731, .adv_w = 320, .box_w = 18, .box_h = 20, .ofs_x = 1, .ofs_y = -3},
    {.bitmap_index = 86911, .adv_w = 320, .box_w = 20, .box_h = 19, .ofs_x = 0, .ofs_y = -2},
    {.bitmap_index = 87101, .adv_w = 320, .box_w = 20, .box_h = 18, .ofs_x = 0, .ofs_y = -1},
    {.bitmap_index = 87281, .adv_w = 320, .box_w = 20, .box_h = 21, .ofs_x = 0, .ofs_y = -3},
    {.bitmap_index = 87491, .adv_w = 320, .box_w = 20, .box_h = 15, .ofs_x = 0, .ofs_y = 0},
    {.bitmap_index = 87641, .adv_w = 320, .box_w = 20, .box_h = 19, .ofs_x = 0, .ofs_y = -2},
    {.bitmap_index = 87831, .adv_w = 320, .box_w = 20, .box_h = 15, .ofs_x = 0, .ofs_y = 0},
    {.bitmap_index = 87981, .adv_w = 220, .box_w = 14, .box_h = 15, .ofs_x = 0, .ofs_y = 0},
    {.bitmap_index = 88086, .adv_w = 320, .box_w = 20, .box_h = 21, .ofs_x = 0, .ofs_y = -3},
    {.bitmap_index = 88296, .adv_w = 320, .box_w = 20, .box_h = 21, .ofs_x = 0, .ofs_y = -3},
    {.bitmap_index = 88506, .adv_w = 360, .box_w = 23, .box_h = 19, .ofs_x = 0, .ofs_y = -2},
    {.bitmap_index = 88725, .adv_w = 320, .box_w = 20, .box_h = 21, .ofs_x = 0, .ofs_y = -3},
    {.bitmap_index = 88935, .adv_w = 360, .box_w = 23, .box_h = 15, .ofs_x = 0, .ofs_y = 0},
    {.bitmap_index = 89108, .adv_w = 320, .box_w = 20, .box_h = 21, .ofs_x = 0, .ofs_y = -3},
    {.bitmap_index = 89318, .adv_w = 160, .box_w = 10, .box_h = 16, .ofs_x = 0, .ofs_y = 0},
    {.bitmap_index = 89398, .adv_w = 240, .box_w = 15, .box_h = 16, .ofs_x = 0, .ofs_y = -1},
    {.bitmap_index = 89518, .adv_w = 360, .box_w = 23, .box_h = 19, .ofs_x = 0, .ofs_y = -2},
    {.bitmap_index = 89737, .adv_w = 320, .box_w = 20, .box_h = 15, .ofs_x = 0, .ofs_y = 0},
    {.bitmap_index = 89887, .adv_w = 220, .box_w = 14, .box_h = 21, .ofs_x = 0, .ofs_y = -3},
    {.bitmap_index = 90034, .adv_w = 280, .box_w = 13, .box_h = 19, .ofs_x = 2, .ofs_y = -2},
    {.bitmap_index = 90158, .adv_w = 280, .box_w = 18, .box_h = 21, .ofs_x = 0, .ofs_y = -3},
    {.bitmap_index = 90347, .adv_w = 280, .box_w = 18, .box_h = 19, .ofs_x = 0, .ofs_y = -2},
    {.bitmap_index = 90518, .adv_w = 280, .box_w = 18, .box_h = 19, .ofs_x = 0, .ofs_y = -2},
    {.bitmap_index = 90689, .adv_w = 280, .box_w = 13, .box_h = 19, .ofs_x = 2, .ofs_y = -2},
    {.bitmap_index = 90813, .adv_w = 280, .box_w = 19, .box_h = 19, .ofs_x = -1, .ofs_y = -2},
    {.bitmap_index = 90994, .adv_w = 200, .box_w = 11, .box_h = 19, .ofs_x = 1, .ofs_y = -2},
    {.bitmap_index = 91099, .adv_w = 200, .box_w = 11, .box_h = 19, .ofs_x = 1, .ofs_y = -2},
    {.bitmap_index = 91204, .adv_w = 280, .box_w = 18, .box_h = 19, .ofs_x = 0, .ofs_y = -2},
    {.bitmap_index = 91375, .adv_w = 280, .box_w = 18, .box_h = 5, .ofs_x = 0, .ofs_y = 5},
    {.bitmap_index = 91420, .adv_w = 360, .box_w = 23, .box_h = 15, .ofs_x = 0, .ofs_y = 0},
    {.bitmap_index = 91593, .adv_w = 400, .box_w = 26, .box_h = 21, .ofs_x = -1, .ofs_y = -3},
    {.bitmap_index = 91866, .adv_w = 360, .box_w = 24, .box_h = 21, .ofs_x = -1, .ofs_y = -3},
    {.bitmap_index = 92118, .adv_w = 320, .box_w = 20, .box_h = 19, .ofs_x = 0, .ofs_y = -2},
    {.bitmap_index = 92308, .adv_w = 280, .box_w = 18, .box_h = 11, .ofs_x = 0, .ofs_y = 2},
    {.bitmap_index = 92407, .adv_w = 280, .box_w = 18, .box_h = 11, .ofs_x = 0, .ofs_y = 2},
    {.bitmap_index = 92506, .adv_w = 400, .box_w = 26, .box_h = 16, .ofs_x = 0, .ofs_y = -1},
    {.bitmap_index = 92714, .adv_w = 320, .box_w = 20, .box_h = 15, .ofs_x = 0, .ofs_y = 0},
    {.bitmap_index = 92864, .adv_w = 320, .box_w = 20, .box_h = 21, .ofs_x = 0, .ofs_y = -3},
    {.bitmap_index = 93074, .adv_w = 320, .box_w = 21, .box_h = 21, .ofs_x = -1, .ofs_y = -3},
    {.bitmap_index = 93295, .adv_w = 280, .box_w = 18, .box_h = 19, .ofs_x = 0, .ofs_y = -2},
    {.bitmap_index = 93466, .adv_w = 280, .box_w = 18, .box_h = 21, .ofs_x = 0, .ofs_y = -3},
    {.bitmap_index = 93655, .adv_w = 280, .box_w = 18, .box_h = 19, .ofs_x = 0, .ofs_y = -2},
    {.bitmap_index = 93826, .adv_w = 280, .box_w = 18, .box_h = 17, .ofs_x = 0, .ofs_y = -1},
    {.bitmap_index = 93979, .adv_w = 320, .box_w = 20, .box_h = 15, .ofs_x = 0, .ofs_y = 0},
    {.bitmap_index = 94129, .adv_w = 200, .box_w = 14, .box_h = 21, .ofs_x = -1, .ofs_y = -3},
    {.bitmap_index = 94276, .adv_w = 280, .box_w = 18, .box_h = 21, .ofs_x = 0, .ofs_y = -3},
    {.bitmap_index = 94465, .adv_w = 280, .box_w = 18, .box_h = 21, .ofs_x = 0, .ofs_y = -3},
    {.bitmap_index = 94654, .adv_w = 360, .box_w = 23, .box_h = 15, .ofs_x = 0, .ofs_y = 0},
    {.bitmap_index = 94827, .adv_w = 320, .box_w = 22, .box_h = 21, .ofs_x = -1, .ofs_y = -3},
    {.bitmap_index = 95058, .adv_w = 240, .box_w = 15, .box_h = 21, .ofs_x = 0, .ofs_y = -3},
    {.bitmap_index = 95216, .adv_w = 400, .box_w = 25, .box_h = 19, .ofs_x = 0, .ofs_y = -2},
    {.bitmap_index = 95454, .adv_w = 400, .box_w = 25, .box_h = 13, .ofs_x = 0, .ofs_y = 1},
    {.bitmap_index = 95617, .adv_w = 400, .box_w = 25, .box_h = 13, .ofs_x = 0, .ofs_y = 1},
    {.bitmap_index = 95780, .adv_w = 400, .box_w = 25, .box_h = 13, .ofs_x = 0, .ofs_y = 1},
    {.bitmap_index = 95943, .adv_w = 400, .box_w = 25, .box_h = 13, .ofs_x = 0, .ofs_y = 1},
    {.bitmap_index = 96106, .adv_w = 400, .box_w = 25, .box_h = 13, .ofs_x = 0, .ofs_y = 1},
    {.bitmap_index = 96269, .adv_w = 400, .box_w = 26, .box_h = 17, .ofs_x = 0, .ofs_y = -1},
    {.bitmap_index = 96490, .adv_w = 280, .box_w = 16, .box_h = 21, .ofs_x = 1, .ofs_y = -3},
    {.bitmap_index = 96658, .adv_w = 280, .box_w = 18, .box_h = 21, .ofs_x = 0, .ofs_y = -3},
    {.bitmap_index = 96847, .adv_w = 320, .box_w = 21, .box_h = 21, .ofs_x = -1, .ofs_y = -3},
    {.bitmap_index = 97068, .adv_w = 400, .box_w = 25, .box_h = 15, .ofs_x = 0, .ofs_y = 0},
    {.bitmap_index = 97256, .adv_w = 240, .box_w = 15, .box_h = 21, .ofs_x = 0, .ofs_y = -3},
    {.bitmap_index = 97414, .adv_w = 322, .box_w = 21, .box_h = 13, .ofs_x = 0, .ofs_y = 1},
    {.bitmap_index = 97551, .adv_w = 320, .box_w = 4, .box_h = 16, .ofs_x = 3, .ofs_y = -1},
    {.bitmap_index = 97583, .adv_w = 320, .box_w = 5, .box_h = 8, .ofs_x = 2, .ofs_y = -3},
    {.bitmap_index = 97603, .adv_w = 320, .box_w = 4, .box_h = 14, .ofs_x = 3, .ofs_y = -1},
    {.bitmap_index = 97631, .adv_w = 320, .box_w = 10, .box_h = 17, .ofs_x = 0, .ofs_y = -1}
};

/*---------------------
 *  CHARACTER MAPPING
 *--------------------*/

static const uint16_t unicode_list_1[] = {
    0x0, 0x39, 0x1f6c, 0x1f6d, 0x1f72, 0x1f76, 0x2f52, 0x4d50,
    0x4d51, 0x4d59, 0x4d5a, 0x4d5b, 0x4d5d, 0x4d5e, 0x4d68, 0x4d74,
    0x4d7a, 0x4d7d, 0x4d8a, 0x4d98, 0x4da0, 0x4daf, 0x4dd6, 0x4dde,
    0x4deb, 0x4dfb, 0x4dfe, 0x4e02, 0x4e0a, 0x4e10, 0x4e1a, 0x4e1d,
    0x4e1e, 0x4e24, 0x4e26, 0x4e35, 0x4e3c, 0x4e46, 0x4e4d, 0x4e5a,
    0x4e61, 0x4e67, 0x4e69, 0x4e6a, 0x4e84, 0x4e9e, 0x4e9f, 0x4ea3,
    0x4ea9, 0x4eac, 0x4eb0, 0x4ecf, 0x4f2d, 0x4f31, 0x4f69, 0x4faa,
    0x4fac, 0x4ff8, 0x501f, 0x508f, 0x5095, 0x5098, 0x5099, 0x50b5,
    0x50b8, 0x50c1, 0x50c3, 0x50c4, 0x50c6, 0x50cb, 0x50d5, 0x50dc,
    0x50dd, 0x50e2, 0x5116, 0x514a, 0x514b, 0x5156, 0x5157, 0x516d,
    0x5180, 0x5186, 0x519d, 0x51b9, 0x51eb, 0x51ef, 0x51f8, 0x51f9,
    0x5217, 0x5255, 0x5266, 0x5291, 0x5297, 0x52b1, 0x52c0, 0x52c3,
    0x52d9, 0x52ef, 0x530b, 0x5318, 0x531b, 0x5321, 0x5327, 0x5328,
    0x533a, 0x533f, 0x5358, 0x535c, 0x535e, 0x5361, 0x5367, 0x5377,
    0x537c, 0x537f, 0x53b2, 0x53b8, 0x53dc, 0x53fa, 0x543a, 0x54b6,
    0x54ec, 0x5505, 0x5507, 0x562b, 0x562e, 0x563d, 0x5644, 0x5678,
    0x5680, 0x5749, 0x57d3, 0x5840, 0x5843, 0x5854, 0x5857, 0x585d,
    0x5866, 0x586a, 0x586c, 0x5877, 0x5879, 0x587a, 0x5881, 0x5884,
    0x5897, 0x589f, 0x58cd, 0x58e6, 0x58e9, 0x591b, 0x5aa0, 0x5aa8,
    0x5ad3, 0x5ad9, 0x5adc, 0x5aea, 0x5af0, 0x5b03, 0x5b16, 0x5b49,
    0x5b4b, 0x5b4f, 0x5b56, 0x5b5f, 0x5b6a, 0x5b6d, 0x5b81, 0x5b8c,
    0x5b8e, 0x5b9f, 0x5bae, 0x5bf9, 0x5d41, 0x5d42, 0x5d44, 0x5d53,
    0x5d76, 0x5d7e, 0x5da5, 0x5dc6, 0x5dcd, 0x5de4, 0x5df6, 0x5e50,
    0x5e53, 0x5e5f, 0x5e81, 0x5e8a, 0x5ea3, 0x5ea5, 0x5eb2, 0x5ed1,
    0x5ed5, 0x5ed8, 0x5ee7, 0x5ef1, 0x5f13, 0x5f16, 0x5f3b, 0x5f51,
    0x5f75, 0x5f77, 0x5fa0, 0x5fb2, 0x5fbf, 0x5fd9, 0x6015, 0x6043,
    0x605f, 0x606f, 0x60b2, 0x6112, 0x6160, 0x6161, 0x619d, 0x61a3,
    0x61bb, 0x61ce, 0x61da, 0x61e3, 0x61e5, 0x6235, 0x6239, 0x6243,
    0x6259, 0x62a5, 0x62be, 0x62f2, 0x62f5, 0x631f, 0x6320, 0x641d,
    0x6489, 0x648b, 0x648e, 0x6498, 0x64b2, 0x64b3, 0x64c0, 0x64d7,
    0x64ff, 0x6500, 0x6509, 0x6530, 0x6537, 0x6539, 0x6546, 0x657f,
    0x65aa, 0x65bf, 0x65e6, 0x65e7, 0x6644, 0x6650, 0x6659, 0x665d,
    0x667a, 0x667c, 0x668a, 0x66b1, 0x66b5, 0x66c0, 0x66ce, 0x66d4,
    0x6724, 0x6735, 0x6789, 0x67b3, 0x6971, 0x6a71, 0x6a72, 0x6a9c,
    0x6ab2, 0x6ab3, 0x6ab4, 0x6ab5, 0x6b05, 0x6b1f, 0x6b22, 0x6b64,
    0x6b84, 0x6bd9, 0x6bf1, 0x6bfb, 0x6c25, 0x6c31, 0x6c38, 0x6c4c,
    0x6c8b, 0x6cd8, 0x6d55, 0x6d60, 0x6d79, 0x6e31, 0x6fbb, 0x6fc5,
    0x7009, 0x700d, 0x703d, 0x7080, 0x7086, 0x70ef, 0x71b9, 0x7227,
    0x723c, 0x72f9, 0x72ff, 0x7300, 0x7353, 0x746f, 0x7478, 0x7481,
    0x7482, 0x7485, 0x74a9, 0x752b, 0x75cd, 0x75d4, 0x75fe, 0x7626,
    0x7628, 0x7648, 0x765b, 0x766f, 0x7690, 0x76b1, 0x7743, 0x77bc,
    0x77be, 0x788a, 0x78ae, 0x790b, 0x791d, 0x7922, 0x794b, 0x795d,
    0x7983, 0x79ca, 0x7a1b, 0x7a30, 0x7a7c, 0x7a99, 0x7ad0, 0x7c0e,
    0x7c72, 0x7e0f, 0x7e16, 0x7e1a, 0x7e1f, 0x7e37, 0x7e3d, 0x7ebe,
    0x7ed1, 0x7f4b, 0x7f51, 0x7f55, 0x7f67, 0x7ff9, 0x801c, 0x8026,
    0x804d, 0x8088, 0x813a, 0x8162, 0x817c, 0x81d2, 0x8201, 0x822e,
    0x8299, 0x8307, 0x8375, 0x83d2, 0x843c, 0x85aa, 0x8629, 0x879c,
    0x87fb, 0x88d1, 0x88d6, 0x8911, 0x8950, 0x8af4, 0x8af9, 0x8b00,
    0x8b0e, 0x8b0f, 0x8b16, 0x8b25, 0x8b35, 0x8b3d, 0x8b47, 0x8b53,
    0x8b72, 0x8bb1, 0x8c75, 0x8cc0, 0x8cc7, 0x8cd5, 0x8cf3, 0x8d03,
    0x8d2d, 0x8d3f, 0x8dfb, 0x8ebc, 0x8ecb, 0x8f09, 0x8f0e, 0x8f17,
    0x8f18, 0x8f24, 0x8f28, 0x8f29, 0x8f2b, 0x8f52, 0x8f53, 0x8f59,
    0x8f6a, 0x8ff3, 0x9038, 0x904d, 0x909d, 0x911a, 0x911c, 0x911d,
    0x911e, 0x911f, 0x93ef, 0x9469, 0x94cf, 0x9538, 0x953d, 0x9544,
    0x9582, 0x9583, 0x95a0, 0x95b4, 0x95b9, 0x9650, 0x96a9, 0x96b2,
    0x9743, 0x97c5, 0x97c9, 0x97da, 0x981e, 0x98e6, 0x9a28, 0x9a8c,
    0x9d7d, 0x9ee9, 0x9eef, 0xef51, 0xef58, 0xef5b, 0xef5c, 0xef5d,
    0xef61, 0xef63, 0xef65, 0xef69, 0xef6c, 0xef71, 0xef76, 0xef77,
    0xef78, 0xef8e, 0xef93, 0xef98, 0xef9b, 0xef9c, 0xef9d, 0xefa1,
    0xefa2, 0xefa3, 0xefa4, 0xefb7, 0xefb8, 0xefbe, 0xefc0, 0xefc1,
    0xefc4, 0xefc7, 0xefc8, 0xefc9, 0xefcb, 0xefe3, 0xefe5, 0xf014,
    0xf015, 0xf017, 0xf019, 0xf030, 0xf037, 0xf03a, 0xf043, 0xf06c,
    0xf074, 0xf0ab, 0xf13b, 0xf190, 0xf191, 0xf192, 0xf193, 0xf194,
    0xf1d7, 0xf1e3, 0xf23d, 0xf254, 0xf4aa, 0xf712, 0xf7f2, 0xfe51,
    0xfe5c, 0xfe6a, 0xfe6f
};

/*Collect the unicode lists and glyph_id offsets*/
static const lv_font_fmt_txt_cmap_t cmaps[] =
{
    {
        .range_start = 32, .range_length = 95, .glyph_id_start = 1,
        .unicode_list = NULL, .glyph_id_ofs_list = NULL, .list_length = 0, .type = LV_FONT_FMT_TXT_CMAP_FORMAT0_TINY
    },
    {
        .range_start = 176, .range_length = 65136, .glyph_id_start = 96,
        .unicode_list = unicode_list_1, .glyph_id_ofs_list = NULL, .list_length = 515, .type = LV_FONT_FMT_TXT_CMAP_SPARSE_TINY
    }
};

/*-----------------
 *    KERNING
 *----------------*/


/*Map glyph_ids to kern left classes*/
static const uint8_t kern_left_class_mapping[] =
{
    0, 0, 1, 2, 0, 3, 4, 5,
    2, 6, 7, 8, 9, 10, 9, 10,
    11, 12, 0, 13, 14, 15, 16, 17,
    18, 19, 12, 20, 20, 0, 0, 0,
    21, 22, 23, 24, 25, 22, 26, 27,
    28, 29, 29, 30, 31, 32, 29, 29,
    22, 33, 34, 35, 3, 36, 30, 37,
    37, 38, 39, 40, 41, 42, 43, 0,
    44, 0, 45, 46, 47, 48, 49, 50,
    51, 45, 52, 52, 53, 48, 45, 45,
    46, 46, 54, 55, 56, 57, 51, 58,
    58, 59, 58, 60, 41, 0, 0, 9,
    61, 49, 0, 0, 9, 0, 0, 0,
    0, 0, 0, 0, 0, 0, 0, 0,
    0, 0, 0, 0, 0, 0, 0, 0,
    0, 0, 0, 0, 0, 0, 0, 0,
    0, 0, 0, 0, 0, 0, 0, 0,
    0, 0, 0, 0, 0, 0, 0, 0,
    0, 0, 0, 0, 0, 0, 0, 0,
    0, 0, 0, 0, 0, 0, 0, 0,
    0, 0, 0, 0, 0, 0, 0, 0,
    0, 0, 0, 0, 0, 0, 0, 0,
    0, 0, 0, 0, 0, 0, 0, 0,
    0, 0, 0, 0, 0, 0, 0, 0,
    0, 0, 0, 0, 0, 0, 0, 0,
    0, 0, 0, 0, 0, 0, 0, 0,
    0, 0, 0, 0, 0, 0, 0, 0,
    0, 0, 0, 0, 0, 0, 0, 0,
    0, 0, 0, 0, 0, 0, 0, 0,
    0, 0, 0, 0, 0, 0, 0, 0,
    0, 0, 0, 0, 0, 0, 0, 0,
    0, 0, 0, 0, 0, 0, 0, 0,
    0, 0, 0, 0, 0, 0, 0, 0,
    0, 0, 0, 0, 0, 0, 0, 0,
    0, 0, 0, 0, 0, 0, 0, 0,
    0, 0, 0, 0, 0, 0, 0, 0,
    0, 0, 0, 0, 0, 0, 0, 0,
    0, 0, 0, 0, 0, 0, 0, 0,
    0, 0, 0, 0, 0, 0, 0, 0,
    0, 0, 0, 0, 0, 0, 0, 0,
    0, 0, 0, 0, 0, 0, 0, 0,
    0, 0, 0, 0, 0, 0, 0, 0,
    0, 0, 0, 0, 0, 0, 0, 0,
    0, 0, 0, 0, 0, 0, 0, 0,
    0, 0, 0, 0, 0, 0, 0, 0,
    0, 0, 0, 0, 0, 0, 0, 0,
    0, 0, 0, 0, 0, 0, 0, 0,
    0, 0, 0, 0, 0, 0, 0, 0,
    0, 0, 0, 0, 0, 0, 0, 0,
    0, 0, 0, 0, 0, 0, 0, 0,
    0, 0, 0, 0, 0, 0, 0, 0,
    0, 0, 0, 0, 0, 0, 0, 0,
    0, 0, 0, 0, 0, 0, 0, 0,
    0, 0, 0, 0, 0, 0, 0, 0,
    0, 0, 0, 0, 0, 0, 0, 0,
    0, 0, 0, 0, 0, 0, 0, 0,
    0, 0, 0, 0, 0, 0, 0, 0,
    0, 0, 0, 0, 0, 0, 0, 0,
    0, 0, 0, 0, 0, 0, 0, 0,
    0, 0, 0, 0, 0, 0, 0, 0,
    0, 0, 0, 0, 0, 0, 0, 0,
    0, 0, 0, 0, 0, 0, 0, 0,
    0, 0, 0, 0, 0, 0, 0, 0,
    0, 0, 0, 0, 0, 0, 0, 0,
    0, 0, 0, 0, 0, 0, 0, 0,
    0, 0, 0, 0, 0, 0, 0, 0,
    0, 0, 0, 0, 0, 0, 0, 0,
    0, 0, 0, 0, 0, 0, 0, 0,
    0, 0, 0, 0, 0, 0, 0, 0,
    0, 0, 0, 0, 0, 0, 0, 0,
    0, 0, 0, 0, 0, 0, 0, 0,
    0, 0, 0, 0, 0, 0, 0, 0,
    0, 0, 0, 0, 0, 0, 0, 0,
    0, 0, 0, 0, 0, 0, 0, 0,
    0, 0, 0, 0, 0, 0, 0, 0,
    0, 0, 0, 0, 0, 0, 0, 0,
    0, 0, 0
};

/*Map glyph_ids to kern right classes*/
static const uint8_t kern_right_class_mapping[] =
{
    0, 0, 1, 2, 0, 3, 4, 5,
    2, 6, 7, 8, 9, 10, 9, 10,
    11, 12, 13, 14, 15, 16, 17, 12,
    18, 19, 20, 21, 21, 0, 0, 0,
    22, 23, 24, 25, 23, 25, 25, 25,
    23, 25, 25, 26, 25, 25, 25, 25,
    23, 25, 23, 25, 3, 27, 28, 29,
    29, 30, 31, 32, 33, 34, 35, 0,
    36, 0, 37, 38, 39, 39, 39, 0,
    39, 38, 40, 41, 38, 38, 42, 42,
    39, 42, 39, 42, 43, 44, 45, 46,
    46, 47, 46, 48, 0, 0, 35, 9,
    49, 39, 0, 0, 9, 0, 0, 0,
    0, 0, 0, 0, 0, 0, 0, 0,
    0, 0, 0, 0, 0, 0, 0, 0,
    0, 0, 0, 0, 0, 0, 0, 0,
    0, 0, 0, 0, 0, 0, 0, 0,
    0, 0, 0, 0, 0, 0, 0, 0,
    0, 0, 0, 0, 0, 0, 0, 0,
    0, 0, 0, 0, 0, 0, 0, 0,
    0, 0, 0, 0, 0, 0, 0, 0,
    0, 0, 0, 0, 0, 0, 0, 0,
    0, 0, 0, 0, 0, 0, 0, 0,
    0, 0, 0, 0, 0, 0, 0, 0,
    0, 0, 0, 0, 0, 0, 0, 0,
    0, 0, 0, 0, 0, 0, 0, 0,
    0, 0, 0, 0, 0, 0, 0, 0,
    0, 0, 0, 0, 0, 0, 0, 0,
    0, 0, 0, 0, 0, 0, 0, 0,
    0, 0, 0, 0, 0, 0, 0, 0,
    0, 0, 0, 0, 0, 0, 0, 0,
    0, 0, 0, 0, 0, 0, 0, 0,
    0, 0, 0, 0, 0, 0, 0, 0,
    0, 0, 0, 0, 0, 0, 0, 0,
    0, 0, 0, 0, 0, 0, 0, 0,
    0, 0, 0, 0, 0, 0, 0, 0,
    0, 0, 0, 0, 0, 0, 0, 0,
    0, 0, 0, 0, 0, 0, 0, 0,
    0, 0, 0, 0, 0, 0, 0, 0,
    0, 0, 0, 0, 0, 0, 0, 0,
    0, 0, 0, 0, 0, 0, 0, 0,
    0, 0, 0, 0, 0, 0, 0, 0,
    0, 0, 0, 0, 0, 0, 0, 0,
    0, 0, 0, 0, 0, 0, 0, 0,
    0, 0, 0, 0, 0, 0, 0, 0,
    0, 0, 0, 0, 0, 0, 0, 0,
    0, 0, 0, 0, 0, 0, 0, 0,
    0, 0, 0, 0, 0, 0, 0, 0,
    0, 0, 0, 0, 0, 0, 0, 0,
    0, 0, 0, 0, 0, 0, 0, 0,
    0, 0, 0, 0, 0, 0, 0, 0,
    0, 0, 0, 0, 0, 0, 0, 0,
    0, 0, 0, 0, 0, 0, 0, 0,
    0, 0, 0, 0, 0, 0, 0, 0,
    0, 0, 0, 0, 0, 0, 0, 0,
    0, 0, 0, 0, 0, 0, 0, 0,
    0, 0, 0, 0, 0, 0, 0, 0,
    0, 0, 0, 0, 0, 0, 0, 0,
    0, 0, 0, 0, 0, 0, 0, 0,
    0, 0, 0, 0, 0, 0, 0, 0,
    0, 0, 0, 0, 0, 0, 0, 0,
    0, 0, 0, 0, 0, 0, 0, 0,
    0, 0, 0, 0, 0, 0, 0, 0,
    0, 0, 0, 0, 0, 0, 0, 0,
    0, 0, 0, 0, 0, 0, 0, 0,
    0, 0, 0, 0, 0, 0, 0, 0,
    0, 0, 0, 0, 0, 0, 0, 0,
    0, 0, 0, 0, 0, 0, 0, 0,
    0, 0, 0, 0, 0, 0, 0, 0,
    0, 0, 0, 0, 0, 0, 0, 0,
    0, 0, 0, 0, 0, 0, 0, 0,
    0, 0, 0, 0, 0, 0, 0, 0,
    0, 0, 0, 0, 0, 0, 0, 0,
    0, 0, 0, 0, 0, 0, 0, 0,
    0, 0, 0, 0, 0, 0, 0, 0,
    0, 0, 0, 0, 0, 0, 0, 0,
    0, 0, 0
};

/*Kern values between classes*/
static const int8_t kern_class_values[] =
{
    0, 1, 0, 0, 0, 0, 0, 0,
    0, 1, 0, 0, 3, 0, 0, 0,
    0, 2, 0, 0, 0, 0, 0, 0,
    0, 0, 0, 0, 0, 0, 0, 0,
    0, 0, 1, 0, 0, 0, 0, 0,
    0, 0, 0, 0, 0, 0, 0, 0,
    0, 1, 14, 0, 9, -7, 0, 0,
    0, 0, -18, -19, 2, 15, 7, 5,
    -13, 2, 16, 1, 13, 3, 10, 0,
    0, 0, 0, 0, 0, 0, 0, 0,
    0, 0, 19, 3, -2, 0, 0, 0,
    0, 0, 0, 0, 0, 0, 0, 0,
    0, 6, 0, -10, 0, 0, 0, 0,
    0, -6, 5, 6, 0, 0, -3, 0,
    -2, 3, 0, -3, 0, -3, -2, -6,
    0, 0, 0, 0, -3, 0, 0, -4,
    -5, 0, 0, -3, 0, -6, 0, 0,
    0, 0, 0, 0, 0, 0, 0, -3,
    -3, 0, -5, 0, -9, 0, -39, 0,
    0, -6, 0, 6, 10, 0, 0, -6,
    3, 3, 11, 6, -5, 6, 0, 0,
    -18, 0, 0, 0, 0, 0, 0, 0,
    0, 0, 0, 0, -12, 0, 0, 0,
    0, 0, 0, 0, 0, 0, 0, 0,
    0, 0, 0, -9, -4, -16, 0, -13,
    -2, 0, 0, 0, 0, 1, 12, 0,
    -10, -3, -1, 1, 0, -5, 0, 0,
    -2, -24, 0, 0, 0, 0, 0, 0,
    0, 0, 0, 0, 0, -26, -3, 12,
    0, 0, 0, 0, 0, 0, 0, 0,
    0, 0, 0, 0, -13, 0, 0, 0,
    0, 0, 0, 0, 0, 0, 0, 11,
    0, 3, 0, 0, -6, 0, 0, 0,
    0, 0, 0, 0, 0, 0, 0, 0,
    0, 0, 0, 0, 0, 0, 12, 3,
    1, 0, 0, 0, 0, 0, 0, 0,
    0, 0, 0, 0, 0, 0, 0, 0,
    0, 0, 0, 0, 0, 0, 0, 0,
    0, 0, 0, 0, 0, 0, 0, 0,
    0, 0, 0, 0, 0, 0, 0, 0,
    -12, 0, 0, 0, 0, 0, 0, 0,
    0, 0, 0, 0, 0, 0, 0, 0,
    0, 0, 0, 0, 0, 0, 0, 2,
    6, 3, 10, -3, 0, 0, 6, -3,
    -11, -44, 2, 9, 6, 1, -4, 0,
    12, 0, 10, 0, 10, 0, -30, 0,
    -4, 10, 0, 11, -3, 6, 3, 0,
    0, 1, -3, 0, 0, -5, 26, 0,
    26, 0, 10, 0, 13, 4, 5, 10,
    0, 0, 0, -12, 0, 0, 0, 0,
    1, -2, 0, 2, -6, -4, -6, 2,
    0, -3, 0, 0, 0, -13, 0, 0,
    0, 0, 0, 0, 0, 0, 0, 0,
    0, -21, 0, 0, 0, 0, 0, 0,
    0, 0, 0, 0, 0, 0, 0, 0,
    0, 1, -18, 0, -20, 0, 0, 0,
    0, -2, 0, 32, -4, -4, 3, 3,
    -3, 0, -4, 3, 0, 0, -17, 0,
    0, 0, 0, 0, 0, 0, 0, 0,
    0, 0, -31, 0, 3, 0, 0, 0,
    0, 0, 0, 0, 0, 0, 0, 0,
    0, -20, 0, 19, 0, 0, -12, 0,
    11, 0, -22, -31, -22, -6, 10, 0,
    0, -21, 0, 4, -7, 0, -5, 0,
    0, 0, 0, 0, 0, 0, 0, 0,
    0, 0, 0, 8, 10, -39, 0, 0,
    0, 0, 0, 0, 0, 0, 0, 0,
    0, 0, 15, 0, 2, 0, 0, 0,
    0, 0, 2, 2, -4, -6, 0, -1,
    -1, -3, 0, 0, -2, 0, 0, 0,
    -6, 0, -3, 0, -7, -6, 0, -8,
    -11, -11, -6, 0, -6, 0, -6, 0,
    0, 0, 0, -3, 0, 0, 3, 0,
    2, -3, 0, 1, 0, 0, 0, 3,
    -2, 0, 0, 0, -2, 3, 3, -1,
    0, 0, 0, -6, 0, -1, 0, 0,
    0, 0, 0, 1, 0, 4, -2, 0,
    -4, 0, -5, 0, 0, -2, 0, 10,
    0, 0, -3, 0, 0, 0, 0, 0,
    -1, 1, -2, -2, 0, 0, -3, 0,
    -3, 0, 0, 0, 0, 0, 0, 0,
    0, 0, -2, -2, 0, -3, -4, 0,
    0, 0, 0, 0, 1, 0, 0, -2,
    0, -3, -3, -3, 0, 0, 0, 0,
    0, 0, 0, 0, 0, -2, 0, 0,
    0, 0, -2, -4, 0, -5, 0, -10,
    -2, -10, 6, 0, 0, -6, 3, 6,
    9, 0, -8, -1, -4, 0, -1, -15,
    3, -2, 2, -17, 3, 0, 0, 1,
    -17, 0, -17, -3, -28, -2, 0, -16,
    0, 6, 9, 0, 4, 0, 0, 0,
    0, 1, 0, -6, -4, 0, -10, 0,
    0, 0, -3, 0, 0, 0, -3, 0,
    0, 0, 0, 0, -2, -2, 0, -2,
    -4, 0, 0, 0, 0, 0, 0, 0,
    -3, -3, 0, -2, -4, -3, 0, 0,
    -3, 0, 0, 0, 0, 0, 0, 0,
    0, 0, 0, 0, -3, -3, 0, -4,
    0, -2, 0, -6, 3, 0, 0, -4,
    2, 3, 3, 0, 0, 0, 0, 0,
    0, -2, 0, 0, 0, 0, 0, 2,
    0, 0, -3, 0, -3, -2, -4, 0,
    0, 0, 0, 0, 0, 0, 3, 0,
    -3, 0, 0, 0, 0, -4, -5, 0,
    -6, 0, 10, -2, 1, -10, 0, 0,
    9, -16, -17, -13, -6, 3, 0, -3,
    -21, -6, 0, -6, 0, -6, 5, -6,
    -20, 0, -9, 0, 0, 2, -1, 3,
    -2, 0, 3, 0, -10, -12, 0, -16,
    -8, -7, -8, -10, -4, -9, -1, -6,
    -9, 2, 0, 1, 0, -3, 0, 0,
    0, 2, 0, 3, 0, 0, 0, 0,
    0, 0, 0, 0, 0, 0, 0, -3,
    0, -2, 0, -1, -3, 0, -5, -7,
    -7, -1, 0, -10, 0, 0, 0, 0,
    0, 0, -3, 0, 0, 0, 0, 1,
    -2, 0, 0, 0, 3, 0, 0, 0,
    0, 0, 0, 0, 0, 15, 0, 0,
    0, 0, 0, 0, 2, 0, 0, 0,
    -3, 0, 0, 0, 0, 0, 0, 0,
    0, 0, 0, 0, -6, 0, 3, 0,
    0, 0, 0, 0, 0, 0, 0, 0,
    0, 0, 0, 0, -2, 0, 0, 0,
    -6, 0, 0, 0, 0, -16, -10, 0,
    0, 0, -5, -16, 0, 0, -3, 3,
    0, -9, 0, 0, 0, 0, 0, 0,
    0, 0, 0, 0, -5, 0, 0, -6,
    0, 0, 0, 0, 0, 0, 0, 0,
    0, 0, 0, 0, 3, 0, -6, 0,
    0, 0, 0, 4, 0, 2, -6, -6,
    0, -3, -3, -4, 0, 0, 0, 0,
    0, 0, -10, 0, -3, 0, -5, -3,
    0, -7, -8, -10, -3, 0, -6, 0,
    -10, 0, 0, 0, 0, 26, 0, 0,
    2, 0, 0, -4, 0, 3, 0, -14,
    0, 0, 0, 0, 0, -30, -6, 11,
    10, -3, -13, 0, 3, -5, 0, -16,
    -2, -4, 3, -22, -3, 4, 0, 5,
    -11, -5, -12, -11, -13, 0, 0, -19,
    0, 18, 0, 0, -2, 0, 0, 0,
    -2, -2, -3, -9, -11, -1, -30, 0,
    0, 0, 0, 0, 0, 0, 0, 0,
    1, 0, 0, 0, 0, 0, 0, 0,
    0, 0, 0, 0, 0, 0, 0, 0,
    0, -3, 0, -2, -3, -5, 0, 0,
    -6, 0, -3, 0, 0, 0, 0, 0,
    0, 0, 0, 0, 0, 0, 0, 0,
    0, 0, -1, 0, -6, 0, 0, 6,
    -1, 4, 0, -7, 3, -2, -1, -8,
    -3, 0, -4, -3, -2, 0, -5, -5,
    0, 0, -3, -1, -2, -5, -4, 0,
    0, -3, 0, 3, -2, 0, -7, 0,
    0, 0, -6, 0, -5, 0, -5, -5,
    3, 0, 0, 0, 0, 0, 0, 0,
    0, -6, 3, 0, -4, 0, -2, -4,
    -10, -2, -2, -2, -1, -2, -4, -1,
    0, 0, 0, 0, 0, -3, -3, -3,
    0, 0, 0, 0, 4, -2, 0, -2,
    0, 0, 0, -2, -4, -2, -3, -4,
    -3, 0, 3, 13, -1, 0, -9, 0,
    -2, 6, 0, -3, -13, -4, 5, 0,
    0, -15, -5, 3, -5, 2, 0, -2,
    -3, -10, 0, -5, 2, 0, 0, -5,
    0, 0, 0, 3, 3, -6, -6, 0,
    -5, -3, -5, -3, -3, 0, -5, 2,
    -6, -5, 10, 0, 0, 0, 0, 0,
    0, 0, 0, 0, 3, 0, 0, 0,
    0, 0, 0, 0, 0, 0, 0, 0,
    0, 0, 0, 0, 0, 0, 0, 0,
    0, 0, 0, 0, -5, 0, 0, 0,
    0, 0, 0, 0, 0, 0, 0, 0,
    0, 0, 0, 0, 0, 0, 0, 0,
    0, 0, 0, 0, 0, 0, 0, 0,
    0, 0, 0, 0, 0, 0, 0, 0,
    0, 0, 0, 0, 0, 0, 0, 0,
    -2, 0, 0, 0, 0, 0, 0, 0,
    0, 0, 0, 0, 0, 0, 0, 0,
    0, 0, 0, 0, 0, 0, 0, 0,
    0, 0, 0, 0, 0, 0, -3, -3,
    0, 0, 0, 0, 0, 0, 0, 0,
    0, 0, 0, 0, -5, 0, 0, -4,
    0, 0, -3, -3, 0, 0, 0, 0,
    -3, 0, 0, 0, 0, -2, 0, 0,
    0, 0, 0, -2, 0, 0, 0, 0,
    -5, 0, -6, 0, 0, 0, -11, 0,
    2, -7, 6, 1, -2, -15, 0, 0,
    -7, -3, 0, -13, -8, -9, 0, 0,
    -14, -3, -13, -12, -15, 0, -8, 0,
    3, 21, -4, 0, -7, -3, -1, -3,
    -5, -9, -6, -12, -13, -7, -3, 0,
    0, -2, 0, 1, 0, 0, -22, -3,
    10, 7, -7, -12, 0, 1, -10, 0,
    -16, -2, -3, 6, -29, -4, 1, 0,
    0, -21, -4, -17, -3, -23, 0, 0,
    -22, 0, 19, 1, 0, -2, 0, 0,
    0, 0, -2, -2, -12, -2, 0, -21,
    0, 0, 0, 0, -10, 0, -3, 0,
    -1, -9, -15, 0, 0, -2, -5, -10,
    -3, 0, -2, 0, 0, 0, 0, -14,
    -3, -11, -10, -3, -5, -8, -3, -5,
    0, -6, -3, -11, -5, 0, -4, -6,
    -3, -6, 0, 2, 0, -2, -11, 0,
    6, 0, -6, 0, 0, 0, 0, 4,
    0, 2, -6, 13, 0, -3, -3, -4,
    0, 0, 0, 0, 0, 0, -10, 0,
    -3, 0, -5, -3, 0, -7, -8, -10,
    -3, 0, -6, 3, 13, 0, 0, 0,
    0, 26, 0, 0, 2, 0, 0, -4,
    0, 3, 0, 0, 0, 0, 0, 0,
    0, 0, -1, 0, 0, 0, 0, 0,
    -2, -6, 0, 0, 0, 0, 0, -2,
    0, 0, 0, -3, -3, 0, 0, -6,
    -3, 0, 0, -6, 0, 5, -2, 0,
    0, 0, 0, 0, 0, 2, 0, 0,
    0, 0, 5, 6, 3, -3, 0, -10,
    -5, 0, 10, -11, -10, -6, -6, 13,
    6, 3, -28, -2, 6, -3, 0, -3,
    4, -3, -11, 0, -3, 3, -4, -3,
    -10, -3, 0, 0, 10, 6, 0, -9,
    0, -18, -4, 9, -4, -12, 1, -4,
    -11, -11, -3, 13, 3, 0, -5, 0,
    -9, 0, 3, 11, -7, -12, -13, -8,
    10, 0, 1, -23, -3, 3, -5, -2,
    -7, 0, -7, -12, -5, -5, -3, 0,
    0, -7, -7, -3, 0, 10, 7, -3,
    -18, 0, -18, -4, 0, -11, -19, -1,
    -10, -5, -11, -9, 9, 0, 0, -4,
    0, -6, -3, 0, -3, -6, 0, 5,
    -11, 3, 0, 0, -17, 0, -3, -7,
    -5, -2, -10, -8, -11, -7, 0, -10,
    -3, -7, -6, -10, -3, 0, 0, 1,
    15, -5, 0, -10, -3, 0, -3, -6,
    -7, -9, -9, -12, -4, -6, 6, 0,
    -5, 0, -16, -4, 2, 6, -10, -12,
    -6, -11, 11, -3, 2, -30, -6, 6,
    -7, -5, -12, 0, -10, -13, -4, -3,
    -3, -3, -7, -10, -1, 0, 0, 10,
    9, -2, -21, 0, -19, -7, 8, -12,
    -22, -6, -11, -13, -16, -11, 6, 0,
    0, 0, 0, -4, 0, 0, 3, -4,
    6, 2, -6, 6, 0, 0, -10, -1,
    0, -1, 0, 1, 1, -3, 0, 0,
    0, 0, 0, 0, -3, 0, 0, 0,
    0, 3, 10, 1, 0, -4, 0, 0,
    0, 0, -2, -2, -4, 0, 0, 0,
    1, 3, 0, 0, 0, 0, 3, 0,
    -3, 0, 12, 0, 6, 1, 1, -4,
    0, 6, 0, 0, 0, 3, 0, 0,
    0, 0, 0, 0, 0, 0, 0, 0,
    0, 10, 0, 9, 0, 0, 0, 0,
    0, 0, 0, 0, 0, 0, 0, 0,
    0, 0, -19, 0, -3, 5, 0, 10,
    0, 0, 32, 4, -6, -6, 3, 3,
    -2, 1, -16, 0, 0, 15, -19, 0,
    0, 0, 0, 0, 0, 0, 0, 0,
    0, 0, -22, 12, 45, 0, 0, 0,
    0, 0, 0, 0, 0, 0, 0, 0,
    0, -19, 0, 0, 0, 0, 0, 0,
    0, 0, 0, 0, 0, 0, 0, 0,
    0, 0, 0, 0, 0, 0, 0, 0,
    0, 0, 0, 0, -5, 0, 0, -6,
    -3, 0, 0, 0, 0, 0, 0, 0,
    0, 0, 0, 0, 0, 0, 0, 0,
    0, 0, 0, 0, -2, 0, -9, 0,
    0, 1, 0, 0, 3, 41, -6, -3,
    10, 9, -9, 3, 0, 0, 3, 3,
    -4, 0, 0, 0, 0, 0, 0, 0,
    0, 0, 0, 0, -42, 9, 0, 0,
    0, 0, 0, 0, 0, 0, 0, 0,
    0, 0, 0, 0, 0, 0, 0, -9,
    0, 0, 0, -9, 0, 0, 0, 0,
    -7, -2, 0, 0, 0, -7, 0, -4,
    0, -15, 0, 0, 0, 0, 0, 0,
    0, 0, 0, 0, 0, -21, 0, 0,
    0, 0, 1, 0, 0, 0, 0, 0,
    0, -3, 0, 0, -6, 0, -5, 0,
    -9, 0, 0, 0, -5, 3, -4, 0,
    0, -9, -3, -7, 0, 0, -9, 0,
    -3, 0, -15, 0, -4, 0, 0, -26,
    -6, -13, -4, -12, 0, 0, -21, 0,
    -9, -2, 0, 0, 0, 0, 0, 0,
    0, 0, -5, -6, -3, -5, 0, 0,
    0, 0, -7, 0, -7, 4, -4, 6,
    0, -2, -7, -2, -5, -6, 0, -4,
    -2, -2, 2, -9, -1, 0, 0, 0,
    -28, -3, -4, 0, -7, 0, -2, -15,
    -3, 0, 0, -2, -3, 0, 0, 0,
    0, 2, 0, -2, -5, -2, 5, 0,
    0, 0, 0, 0, 0, 0, 0, 0,
    0, 0, 0, 0, 0, 0, 0, 0,
    0, 0, 0, 0, 0, 0, 0, 0,
    0, 0, 0, 0, 0, 0, 0, 0,
    0, 0, 0, 0, 0, 0, 0, 0,
    0, 0, 4, 0, 0, 0, 0, 0,
    0, -7, 0, -2, 0, 0, 0, -6,
    3, 0, 0, 0, -9, -3, -6, 0,
    0, -9, 0, -3, 0, -15, 0, 0,
    0, 0, -31, 0, -6, -12, -16, 0,
    0, -21, 0, -2, -5, 0, 0, 0,
    0, 0, 0, 0, 0, -3, -5, -2,
    -5, 1, 0, 0, 5, -4, 0, 10,
    16, -3, -3, -10, 4, 16, 5, 7,
    -9, 4, 13, 4, 9, 7, 9, 0,
    0, 0, 0, 0, 0, 0, 0, 0,
    0, 0, 20, 15, -6, -3, 0, -3,
    26, 14, 26, 0, 0, 0, 3, 0,
    0, 12, 0, 0, -5, 0, 0, 0,
    0, 0, 0, 0, 0, 0, -2, 0,
    0, 0, 0, 0, 0, 0, 0, 4,
    0, 0, 0, 0, -27, -4, -3, -13,
    -16, 0, 0, -21, 0, 0, 0, 0,
    0, 0, 0, 0, 0, 0, 0, 0,
    0, 0, 0, 0, 0, -5, 0, 0,
    0, 0, 0, 0, 0, 0, 0, -2,
    0, 0, 0, 0, 0, 0, 0, 0,
    4, 0, 0, 0, 0, -27, -4, -3,
    -13, -16, 0, 0, -13, 0, 0, 0,
    0, 0, 0, 0, 0, 0, 0, 0,
    0, 0, 0, 0, 0, 0, 0, 0,
    -3, 0, 0, 0, -7, 3, 0, -3,
    3, 6, 3, -10, 0, -1, -3, 3,
    0, 3, 0, 0, 0, 0, -8, 0,
    -3, -2, -6, 0, -3, -13, 0, 20,
    -3, 0, -7, -2, 0, -2, -5, 0,
    -3, -9, -6, -4, 0, 0, 0, -5,
    0, 0, 0, 0, 0, 0, 0, 0,
    0, -2, 0, 0, 0, 0, 0, 0,
    0, 0, 4, 0, 0, 0, 0, -27,
    -4, -3, -13, -16, 0, 0, -21, 0,
    0, 0, 0, 0, 0, 16, 0, 0,
    0, 0, 0, 0, 0, 0, 0, 0,
    -5, 0, -10, -4, -3, 10, -3, -3,
    -13, 1, -2, 1, -2, -9, 1, 7,
    1, 3, 1, 3, -8, -13, -4, 0,
    -12, -6, -9, -13, -12, 0, -5, -6,
    -4, -4, -3, -2, -4, -2, 0, -2,
    -1, 5, 0, 5, -2, 0, 10, 0,
    0, 0, 0, 0, 0, 0, 0, 0,
    0, 0, 0, -2, -3, -3, 0, 0,
    -9, 0, -2, 0, -5, 0, 0, 0,
    0, 0, 0, 0, 0, 0, 0, 0,
    -19, 0, 0, 0, 0, 0, 0, 0,
    0, 0, 0, 0, -3, -3, 0, -4,
    0, 0, 0, 0, -3, 0, 0, -5,
    -3, 3, 0, -5, -6, -2, 0, -9,
    -2, -7, -2, -4, 0, -5, 0, 0,
    0, 0, 0, 0, 0, 0, 0, 0,
    0, -21, 0, 10, 0, 0, -6, 0,
    0, 0, 0, -4, 0, -3, 0, 0,
    -2, 0, 0, -2, 0, -7, 0, 0,
    13, -4, -11, -10, 2, 4, 4, -1,
    -9, 2, 5, 2, 10, 2, 11, -2,
    -9, 0, 0, -13, 0, 0, -10, -9,
    0, 0, -6, 0, -4, -5, 0, -5,
    0, -5, 0, -2, 5, 0, -3, -10,
    -3, 12, 0, 0, -3, 0, -6, 0,
    0, 4, -7, 0, 3, -3, 3, 0,
    0, -11, 0, -2, -1, 0, -3, 4,
    -3, 0, 0, 0, -13, -4, -7, 0,
    -10, 0, 0, -15, 0, 12, -3, 0,
    -6, 0, 2, 0, -3, 0, -3, -10,
    0, -3, 3, 0, 0, 0, 0, -2,
    0, 0, 3, -4, 1, 0, 0, -4,
    -2, 0, -4, 0, 0, 0, 0, 0,
    0, 0, 0, 0, 0, 0, 0, 0,
    0, 0, 0, 0, -20, 0, 7, 0,
    0, -3, 0, 0, 0, 0, 1, 0,
    -3, -3, 0, 0, 0, 6, 0, 7,
    0, 0, 0, 0, 0, -20, -18, 1,
    14, 10, 5, -13, 2, 13, 0, 12,
    0, 6, 0, 0, 0, 0, 0, 0,
    0, 0, 0, 0, 0, 17, 0, 0,
    0, 0, 0, 0, 0, 0, 0, 0,
    0, 0, 0, 0, 0
};


/*Collect the kern class' data in one place*/
static const lv_font_fmt_txt_kern_classes_t kern_classes =
{
    .class_pair_values   = kern_class_values,
    .left_class_mapping  = kern_left_class_mapping,
    .right_class_mapping = kern_right_class_mapping,
    .left_class_cnt      = 61,
    .right_class_cnt     = 49,
};

/*--------------------
 *  ALL CUSTOM DATA
 *--------------------*/

#if LVGL_VERSION_MAJOR == 8
/*Store all the custom data of the font*/
static  lv_font_fmt_txt_glyph_cache_t cache;
#endif

#if LVGL_VERSION_MAJOR >= 8
static const lv_font_fmt_txt_dsc_t font_dsc = {
#else
static lv_font_fmt_txt_dsc_t font_dsc = {
#endif
    .glyph_bitmap = glyph_bitmap,
    .glyph_dsc = glyph_dsc,
    .cmaps = cmaps,
    .kern_dsc = &kern_classes,
    .kern_scale = 16,
    .cmap_num = 2,
    .bpp = 4,
    .kern_classes = 1,
    .bitmap_format = 0,
#if LVGL_VERSION_MAJOR == 8
    .cache = &cache
#endif
};



/*-----------------
 *  PUBLIC FONT
 *----------------*/

/*Initialize a public general font descriptor*/
#if LVGL_VERSION_MAJOR >= 8
const lv_font_t city_font_20 = {
#else
lv_font_t city_font_20 = {
#endif
    .get_glyph_dsc = lv_font_get_glyph_dsc_fmt_txt,    /*Function pointer to get glyph's data*/
    .get_glyph_bitmap = lv_font_get_bitmap_fmt_txt,    /*Function pointer to get glyph's bitmap*/
    .line_height = 22,          /*The maximum line height required by the font*/
    .base_line = 4,             /*Baseline measured from the bottom of the line*/
#if !(LVGL_VERSION_MAJOR == 6 && LVGL_VERSION_MINOR == 0)
    .subpx = LV_FONT_SUBPX_NONE,
#endif
#if LV_VERSION_CHECK(7, 4, 0) || LVGL_VERSION_MAJOR >= 8
    .underline_position = -1,
    .underline_thickness = 1,
#endif
    .dsc = &font_dsc,          /*The custom font data. Will be accessed by `get_glyph_bitmap/dsc` */
#if LV_VERSION_CHECK(8, 2, 0) || LVGL_VERSION_MAJOR >= 9
    .fallback = NULL,
#endif
    .user_data = NULL,
};



#endif /*#if CITY_FONT_20*/

