// Generated by tools/gen_starter_lvgl.py.
// RGB565 pixels are followed by one A8 plane.

#include "starter_sprites.h"

// Source: https://www.pokemon.com/static-assets/content-assets/cms2/img/pokedex/full/001.png
static LV_ATTRIBUTE_MEM_ALIGN LV_ATTRIBUTE_LARGE_CONST const uint8_t bulbasaur_large_map[] = {
    0x00, 0x00, 0x00, 0x00, 0x00, 0x00, 0x00, 0x00, 0x00, 0x00, 0x00, 0x00, 0x00, 0x00, 0x00, 0x00,
    0x00, 0x00, 0x00, 0x00, 0x00, 0x00, 0x00, 0x00, 0x00, 0x00, 0x00, 0x00, 0x00, 0x00, 0x00, 0x00,
    0x00, 0x00, 0x00, 0x00, 0x00, 0x00, 0x00, 0x00, 0x00, 0x00, 0x00, 0x00, 0x00, 0x00, 0x00, 0x00,
    0x00, 0x00, 0x00, 0x00, 0x00, 0x00, 0x00, 0x00, 0x00, 0x00, 0x00, 0x00, 0x00, 0x00, 0x00, 0x00,
    0x00, 0x00, 0x00, 0x00, 0x00, 0x00, 0x00, 0x00, 0x00, 0x00, 0x00, 0x00, 0x00, 0x00, 0x00, 0x00,
    0x00, 0x00, 0x00, 0x00, 0x00, 0x00, 0x00, 0x00, 0x00, 0x00, 0x00, 0x00, 0x00, 0x00, 0x00, 0x00,
    0x00, 0x00, 0x00, 0x00, 0x00, 0x00, 0x00, 0x00, 0x00, 0x00, 0x00, 0x00, 0x00, 0x00, 0x00, 0x00,
    0x00, 0x00, 0x00, 0x00, 0x00, 0x00, 0x00, 0x00, 0x00, 0x00, 0x00, 0x00, 0x00, 0x00, 0x00, 0x00,
    0x00, 0x00, 0x00, 0x00, 0x00, 0x00, 0x00, 0x00, 0x00, 0x00, 0x00, 0x00, 0x00, 0x00, 0x00, 0x00,
    0x00, 0x00, 0x00, 0x00, 0x00, 0x00, 0x00, 0x00, 0x00, 0x00, 0x00, 0x00, 0x00, 0x00, 0x00, 0x00,
    0x00, 0x00, 0x00, 0x00, 0x00, 0x00, 0x00, 0x00, 0x00, 0x00, 0x00, 0x00, 0x00, 0x00, 0x00, 0x00,
    0x00, 0x00, 0x00, 0x00, 0x00, 0x00, 0x00, 0x00, 0x00, 0x00, 0x00, 0x00, 0x00, 0x00, 0x00, 0x00,
    0x00, 0x00, 0x00, 0x00, 0x00, 0x00, 0x00, 0x00, 0x00, 0x00, 0x00, 0x00, 0x00, 0x00, 0x00, 0x00,
    0x00, 0x00, 0x00, 0x00, 0x00, 0x00, 0x00, 0x00, 0x00, 0x00, 0x00, 0x00, 0x00, 0x00, 0x00, 0x00,
    0x00, 0x00, 0x00, 0x00, 0x00, 0x00, 0x00, 0x00, 0x00, 0x00, 0x00, 0x00, 0x00, 0x00, 0x00, 0x00,
    0x00, 0x00, 0x00, 0x00, 0x00, 0x00, 0x00, 0x00, 0x00, 0x00, 0x00, 0x00, 0x00, 0x00, 0x00, 0x00,
    0x00, 0x00, 0x00, 0x00, 0x00, 0x00, 0x00, 0x00, 0x00, 0x00, 0x00, 0x00, 0x00, 0x00, 0x00, 0x00,
    0x00, 0x00, 0x00, 0x00, 0x00, 0x00, 0x00, 0x00, 0x00, 0x00, 0x00, 0x00, 0x00, 0x00, 0x00, 0x00,
    0x00, 0x00, 0x00, 0x00, 0x00, 0x00, 0x00, 0x00, 0x00, 0x00, 0x00, 0x00, 0x00, 0x00, 0x00, 0x00,
    0x00, 0x00, 0x00, 0x00, 0x00, 0x00, 0x00, 0x00, 0x00, 0x00, 0x00, 0x00, 0x00, 0x00, 0x00, 0x00,
    0x00, 0x00, 0x00, 0x00, 0x00, 0x00, 0x00, 0x00, 0x00, 0x00, 0x00, 0x00, 0x00, 0x00, 0x00, 0x00,
    0x00, 0x00, 0x00, 0x00, 0x00, 0x00, 0x00, 0x00, 0x00, 0x00, 0x00, 0x00, 0x00, 0x00, 0x00, 0x00,
    0x00, 0x00, 0x00, 0x00, 0x00, 0x00, 0x00, 0x00, 0x00, 0x00, 0x00, 0x00, 0x00, 0x00, 0x00, 0x00,
    0x00, 0x00, 0x00, 0x00, 0x00, 0x00, 0x00, 0x00, 0x00, 0x00, 0x00, 0x00, 0x00, 0x00, 0x00, 0x00,
    0x00, 0x00, 0x00, 0x00, 0x00, 0x00, 0x00, 0x00, 0x00, 0x00, 0x00, 0x00, 0x00, 0x00, 0x00, 0x00,
    0x00, 0x00, 0x00, 0x00, 0x00, 0x00, 0x00, 0x00, 0x00, 0x00, 0x00, 0x00, 0x00, 0x00, 0x00, 0x00,
    0x00, 0x00, 0x00, 0x00, 0x00, 0x00, 0x00, 0x00, 0x00, 0x00, 0x00, 0x00, 0x00, 0x00, 0x00, 0x00,
    0x00, 0x00, 0x00, 0x00, 0x00, 0x00, 0x00, 0x00, 0x00, 0x00, 0x00, 0x00, 0x00, 0x00, 0x00, 0x00,
    0x00, 0x00, 0x00, 0x00, 0x00, 0x00, 0x00, 0x00, 0x00, 0x00, 0x00, 0x00, 0x00, 0x00, 0x00, 0x00,
    0x00, 0x00, 0x00, 0x00, 0x00, 0x00, 0x00, 0x00, 0x00, 0x00, 0x00, 0x00, 0x00, 0x00, 0x00, 0x00,
    0x00, 0x00, 0x00, 0x00, 0x00, 0x00, 0x00, 0x00, 0x00, 0x00, 0x00, 0x00, 0x00, 0x00, 0x00, 0x00,
    0x00, 0x00, 0x00, 0x00, 0x00, 0x00, 0x00, 0x00, 0x00, 0x00, 0x00, 0x00, 0x00, 0x00, 0x00, 0x00,
    0x00, 0x00, 0x00, 0x00, 0x00, 0x00, 0x00, 0x00, 0x00, 0x00, 0x00, 0x00, 0x00, 0x00, 0x00, 0x00,
    0x00, 0x00, 0x00, 0x00, 0x00, 0x00, 0x00, 0x00, 0x00, 0x00, 0x00, 0x00, 0x00, 0x00, 0x00, 0x00,
    0x00, 0x00, 0x00, 0x00, 0x00, 0x00, 0x00, 0x00, 0x00, 0x00, 0x00, 0x00, 0x00, 0x00, 0x00, 0x00,
    0x00, 0x00, 0x00, 0x00, 0x00, 0x00, 0x00, 0x00, 0x00, 0x00, 0x00, 0x00, 0x00, 0x00, 0x00, 0x00,
    0x00, 0x00, 0x00, 0x00, 0x00, 0x00, 0x00, 0x00, 0x00, 0x00, 0x00, 0x00, 0x00, 0x00, 0x00, 0x00,
    0x00, 0x00, 0x00, 0x00, 0x00, 0x00, 0x00, 0x00, 0x00, 0x00, 0x00, 0x00, 0x00, 0x00, 0x00, 0x00,
    0x00, 0x00, 0x00, 0x00, 0x00, 0x00, 0x00, 0x00, 0x00, 0x00, 0x00, 0x00, 0x00, 0x00, 0x00, 0x00,
    0x00, 0x00, 0x00, 0x00, 0x00, 0x00, 0x00, 0x00, 0x00, 0x00, 0x00, 0x00, 0x00, 0x00, 0x00, 0x00,
    0x00, 0x00, 0x00, 0x00, 0x00, 0x00, 0x00, 0x00, 0x00, 0x00, 0x00, 0x00, 0x00, 0x00, 0x00, 0x00,
    0x00, 0x00, 0x00, 0x00, 0x00, 0x00, 0x00, 0x00, 0x00, 0x00, 0x00, 0x00, 0x00, 0x00, 0x00, 0x00,
    0x00, 0x00, 0x00, 0x00, 0x00, 0x00, 0x00, 0x00, 0x00, 0x00, 0x00, 0x00, 0x00, 0x00, 0x00, 0x00,
    0x00, 0x00, 0x00, 0x00, 0x00, 0x00, 0x00, 0x00, 0x00, 0x00, 0x00, 0x00, 0x00, 0x00, 0x00, 0x00,
    0x00, 0x00, 0x00, 0x00, 0x00, 0x00, 0x00, 0x00, 0x00, 0x00, 0x00, 0x00, 0x00, 0x00, 0x00, 0x00,
    0x00, 0x00, 0x00, 0x00, 0x00, 0x00, 0x00, 0x00, 0x00, 0x00, 0x00, 0x00, 0x00, 0x00, 0x00, 0x00,
    0x00, 0x00, 0x00, 0x00, 0x00, 0x00, 0x00, 0x00, 0x00, 0x00, 0x00, 0x00, 0x00, 0x00, 0x00, 0x00,
    0x00, 0x00, 0x00, 0x00, 0x00, 0x00, 0x00, 0x00, 0x00, 0x00, 0x00, 0x00, 0x00, 0x00, 0x00, 0x00,
    0x00, 0x00, 0x00, 0x00, 0x00, 0x00, 0x00, 0x00, 0x00, 0x00, 0x00, 0x00, 0x00, 0x00, 0x00, 0x00,
    0x00, 0x00, 0x00, 0x00, 0x00, 0x00, 0x00, 0x00, 0x00, 0x00, 0x00, 0x00, 0x00, 0x00, 0x00, 0x00,
    0x00, 0x00, 0x00, 0x00, 0x00, 0x00, 0x00, 0x00, 0x00, 0x00, 0x00, 0x00, 0x00, 0x00, 0x00, 0x00,
    0x00, 0x00, 0x00, 0x00, 0x00, 0x00, 0x00, 0x00, 0x00, 0x00, 0x00, 0x00, 0x00, 0x00, 0x00, 0x00,
    0x00, 0x00, 0x00, 0x00, 0x00, 0x00, 0x00, 0x00, 0x00, 0x00, 0x00, 0x00, 0x00, 0x00, 0x00, 0x00,
    0x00, 0x00, 0x00, 0x00, 0x00, 0x00, 0x00, 0x00, 0x00, 0x00, 0x00, 0x00, 0x00, 0x00, 0x00, 0x00,
    0x00, 0x00, 0x00, 0x00, 0x00, 0x00, 0x00, 0x00, 0x00, 0x00, 0x00, 0x00, 0x00, 0x00, 0x00, 0x00,
    0x00, 0x00, 0x00, 0x00, 0x00, 0x00, 0x00, 0x00, 0x00, 0x00, 0x00, 0x00, 0x00, 0x00, 0x00, 0x00,
    0x00, 0x00, 0x00, 0x00, 0x00, 0x00, 0x00, 0x00, 0x00, 0x00, 0x00, 0x00, 0x00, 0x00, 0x00, 0x00,
    0x00, 0x00, 0x00, 0x00, 0x00, 0x00, 0x00, 0x00, 0x00, 0x00, 0x00, 0x00, 0x00, 0x00, 0x00, 0x00,
    0x00, 0x00, 0x00, 0x00, 0x00, 0x00, 0x00, 0x00, 0x00, 0x00, 0x00, 0x00, 0x00, 0x00, 0x00, 0x00,
    0x00, 0x00, 0x00, 0x00, 0x00, 0x00, 0x00, 0x00, 0x00, 0x00, 0x00, 0x00, 0x00, 0x00, 0x00, 0x00,
    0x00, 0x00, 0x00, 0x00, 0x00, 0x00, 0x00, 0x00, 0x00, 0x00, 0x00, 0x00, 0x00, 0x00, 0x00, 0x00,
    0x00, 0x00, 0x00, 0x00, 0x00, 0x00, 0x00, 0x00, 0x00, 0x00, 0x00, 0x00, 0x00, 0x00, 0x00, 0x00,
    0x00, 0x00, 0x00, 0x00, 0x00, 0x00, 0x00, 0x00, 0x00, 0x00, 0x00, 0x00, 0x00, 0x00, 0x00, 0x00,
    0x00, 0x00, 0x00, 0x00, 0x00, 0x00, 0x00, 0x00, 0x00, 0x00, 0x00, 0x00, 0x00, 0x00, 0x00, 0x00,
    0x00, 0x00, 0x00, 0x00, 0x00, 0x00, 0x00, 0x00, 0x00, 0x00, 0x00, 0x00, 0x00, 0x00, 0x00, 0x00,
    0x00, 0x00, 0x00, 0x00, 0x00, 0x00, 0x00, 0x00, 0x00, 0x00, 0x00, 0x00, 0x00, 0x00, 0x00, 0x00,
    0x00, 0x00, 0x00, 0x00, 0x00, 0x00, 0x00, 0x00, 0x00, 0x00, 0x00, 0x00, 0x00, 0x00, 0x00, 0x00,
    0x00, 0x00, 0x00, 0x00, 0x00, 0x00, 0x00, 0x00, 0x00, 0x00, 0x00, 0x00, 0x00, 0x00, 0x00, 0x00,
    0x00, 0x00, 0x00, 0x00, 0x00, 0x00, 0x00, 0x00, 0x00, 0x00, 0x00, 0x00, 0x00, 0x00, 0x00, 0x00,
    0x00, 0x00, 0x00, 0x00, 0x00, 0x00, 0x00, 0x00, 0x00, 0x00, 0x00, 0x00, 0x00, 0x00, 0x00, 0x00,
    0x00, 0x00, 0x00, 0x00, 0x00, 0x00, 0x00, 0x00, 0x00, 0x00, 0x00, 0x00, 0x00, 0x00, 0x00, 0x00,
    0x00, 0x00, 0x00, 0x00, 0x00, 0x00, 0x00, 0x00, 0x00, 0x00, 0x00, 0x00, 0x00, 0x00, 0x00, 0x00,
    0x00, 0x00, 0x00, 0x00, 0x00, 0x00, 0x00, 0x00, 0x00, 0x00, 0x00, 0x00, 0x00, 0x00, 0x00, 0x00,
    0x00, 0x00, 0x00, 0x00, 0x00, 0x00, 0x00, 0x00, 0x00, 0x00, 0x00, 0x00, 0x00, 0x00, 0x00, 0x00,
    0x00, 0x00, 0x00, 0x00, 0x00, 0x00, 0x00, 0x00, 0x00, 0x00, 0x00, 0x00, 0x00, 0x00, 0x00, 0x00,
    0x00, 0x00, 0x00, 0x00, 0x00, 0x00, 0x00, 0x00, 0x00, 0x00, 0x00, 0x00, 0x00, 0x00, 0x00, 0x00,
    0x00, 0x00, 0x00, 0x00, 0x00, 0x00, 0x00, 0x00, 0x00, 0x00, 0x00, 0x00, 0x00, 0x00, 0x00, 0x00,
    0x00, 0x00, 0x00, 0x00, 0x00, 0x00, 0x00, 0x00, 0x00, 0x00, 0x00, 0x00, 0x00, 0x00, 0x00, 0x00,
    0x00, 0x00, 0x00, 0x00, 0x00, 0x00, 0x00, 0x00, 0x00, 0x00, 0x00, 0x00, 0x00, 0x00, 0x00, 0x00,
    0x00, 0x00, 0x00, 0x00, 0x00, 0x00, 0x00, 0x00, 0x00, 0x00, 0x00, 0x00, 0x00, 0x00, 0x00, 0x00,
    0x00, 0x00, 0x00, 0x00, 0x00, 0x00, 0x00, 0x00, 0x00, 0x00, 0x00, 0x00, 0x00, 0x00, 0x00, 0x00,
    0x00, 0x00, 0x00, 0x00, 0x00, 0x00, 0x00, 0x00, 0x00, 0x00, 0x00, 0x00, 0x00, 0x00, 0x00, 0x00,
    0x00, 0x00, 0x00, 0x00, 0x00, 0x00, 0x00, 0x00, 0x00, 0x00, 0x00, 0x00, 0x00, 0x00, 0x00, 0x00,
    0x00, 0x00, 0x00, 0x00, 0x00, 0x00, 0x00, 0x00, 0x00, 0x00, 0x00, 0x00, 0x00, 0x00, 0x00, 0x00,
    0x00, 0x00, 0x00, 0x00, 0x00, 0x00, 0x00, 0x00, 0x00, 0x00, 0x00, 0x00, 0x00, 0x00, 0x00, 0x00,
    0x00, 0x00, 0x00, 0x00, 0x00, 0x00, 0x00, 0x00, 0x00, 0x00, 0x00, 0x00, 0x00, 0x00, 0x00, 0x00,
    0x00, 0x00, 0x00, 0x00, 0x00, 0x00, 0x00, 0x00, 0x00, 0x00, 0x00, 0x00, 0x00, 0x00, 0x00, 0x00,
    0x00, 0x00, 0x00, 0x00, 0x00, 0x00, 0x00, 0x00, 0x00, 0x00, 0x00, 0x00, 0x00, 0x00, 0x00, 0x00,
    0x00, 0x00, 0x00, 0x00, 0x00, 0x00, 0x00, 0x00, 0x00, 0x00, 0x00, 0x00, 0x00, 0x00, 0x00, 0x00,
    0x00, 0x00, 0x00, 0x00, 0x00, 0x00, 0x00, 0x00, 0x00, 0x00, 0x00, 0x00, 0x00, 0x00, 0x00, 0x00,
    0x00, 0x00, 0x00, 0x00, 0x00, 0x00, 0x00, 0x00, 0x00, 0x00, 0x00, 0x00, 0x00, 0x00, 0x00, 0x00,
    0x00, 0x00, 0x00, 0x00, 0x00, 0x00, 0x00, 0x00, 0x00, 0x00, 0x00, 0x00, 0x00, 0x00, 0x00, 0x00,
    0x00, 0x00, 0x00, 0x00, 0x00, 0x00, 0x00, 0x00, 0x00, 0x00, 0x00, 0x00, 0x00, 0x00, 0x00, 0x00,
    0x00, 0x00, 0x00, 0x00, 0x00, 0x00, 0x00, 0x00, 0x00, 0x00, 0x00, 0x00, 0x00, 0x00, 0x00, 0x00,
    0x00, 0x00, 0x00, 0x00, 0x00, 0x00, 0x00, 0x00, 0x00, 0x00, 0x00, 0x00, 0x00, 0x00, 0x00, 0x00,
    0x00, 0x00, 0x00, 0x00, 0x00, 0x00, 0x00, 0x00, 0x00, 0x00, 0x00, 0x00, 0x00, 0x00, 0x00, 0x00,
    0x00, 0x00, 0x00, 0x00, 0x00, 0x00, 0x00, 0x00, 0x00, 0x00, 0x00, 0x00, 0x00, 0x00, 0x00, 0x00,
    0x00, 0x00, 0x00, 0x00, 0x00, 0x00, 0x00, 0x00, 0x00, 0x00, 0x00, 0x00, 0x00, 0x00, 0x00, 0x00,
    0x00, 0x00, 0x00, 0x00, 0x00, 0x00, 0x00, 0x00, 0x00, 0x00, 0x00, 0x00, 0x00, 0x00, 0x00, 0x00,
    0x00, 0x00, 0x00, 0x00, 0x00, 0x00, 0x00, 0x00, 0x00, 0x00, 0x00, 0x00, 0x00, 0x00, 0x00, 0x00,
    0x00, 0x00, 0x00, 0x00, 0x00, 0x00, 0x00, 0x00, 0x00, 0x00, 0x00, 0x00, 0x00, 0x00, 0x00, 0x00,
    0x00, 0x00, 0x00, 0x00, 0x00, 0x00, 0x00, 0x00, 0x00, 0x00, 0x00, 0x00, 0x00, 0x00, 0x00, 0x00,
    0x00, 0x00, 0x00, 0x00, 0x00, 0x00, 0x00, 0x00, 0x00, 0x00, 0x00, 0x00, 0x00, 0x00, 0x00, 0x00,
    0x00, 0x00, 0x00, 0x00, 0x00, 0x00, 0x00, 0x00, 0x00, 0x00, 0x00, 0x00, 0x00, 0x00, 0x00, 0x00,
    0x00, 0x00, 0x00, 0x00, 0x00, 0x00, 0x00, 0x00, 0x00, 0x00, 0x00, 0x00, 0x00, 0x00, 0x00, 0x00,
    0x00, 0x00, 0x00, 0x00, 0x00, 0x00, 0x00, 0x00, 0x00, 0x00, 0x00, 0x00, 0x00, 0x00, 0x00, 0x00,
    0x00, 0x00, 0x00, 0x00, 0x00, 0x00, 0x00, 0x00, 0x00, 0x00, 0x00, 0x00, 0x00, 0x00, 0x00, 0x00,
    0x00, 0x00, 0x00, 0x00, 0x00, 0x00, 0x00, 0x00, 0x00, 0x00, 0x00, 0x00, 0x00, 0x00, 0x00, 0x00,
    0x00, 0x00, 0x00, 0x00, 0x00, 0x00, 0x00, 0x00, 0x00, 0x00, 0x00, 0x00, 0x00, 0x00, 0x00, 0x00,
    0x00, 0x00, 0x00, 0x00, 0x00, 0x00, 0x00, 0x00, 0x00, 0x00, 0x00, 0x00, 0x00, 0x00, 0x00, 0x00,
    0x00, 0x00, 0x00, 0x00, 0x00, 0x00, 0x00, 0x00, 0x00, 0x00, 0x00, 0x00, 0x00, 0x00, 0x00, 0x00,
    0x00, 0x00, 0x00, 0x00, 0x00, 0x00, 0x00, 0x00, 0x00, 0x00, 0x00, 0x00, 0x00, 0x00, 0x00, 0x00,
    0x00, 0x00, 0x00, 0x00, 0x00, 0x00, 0x00, 0x00, 0x00, 0x00, 0x00, 0x00, 0x00, 0x00, 0x00, 0x00,
    0x00, 0x00, 0x00, 0x00, 0x00, 0x00, 0x00, 0x00, 0x00, 0x00, 0x00, 0x00, 0x00, 0x00, 0x00, 0x00,
    0x00, 0x00, 0x00, 0x00, 0x00, 0x00, 0x00, 0x00, 0x00, 0x00, 0x00, 0x00, 0x00, 0x00, 0x00, 0x00,
    0x00, 0x00, 0x00, 0x00, 0x00, 0x00, 0x00, 0x00, 0x00, 0x00, 0x00, 0x00, 0x00, 0x00, 0x00, 0x00,
    0x00, 0x00, 0x00, 0x00, 0x00, 0x00, 0x00, 0x00, 0x00, 0x00, 0x00, 0x00, 0x00, 0x00, 0x00, 0x00,
    0x00, 0x00, 0x00, 0x00, 0x00, 0x00, 0x00, 0x00, 0x00, 0x00, 0x00, 0x00, 0x00, 0x00, 0x00, 0x00,
    0x00, 0x00, 0x00, 0x00, 0x00, 0x00, 0x00, 0x00, 0x00, 0x00, 0x00, 0x00, 0x00, 0x00, 0x00, 0x00,
    0x00, 0x00, 0x00, 0x00, 0x00, 0x00, 0x00, 0x00, 0x00, 0x00, 0x00, 0x00, 0x00, 0x00, 0x00, 0x00,
    0x00, 0x00, 0x00, 0x00, 0x00, 0x00, 0x00, 0x00, 0x00, 0x00, 0x00, 0x00, 0x00, 0x00, 0x00, 0x00,
    0x00, 0x00, 0x00, 0x00, 0xFF, 0xFF, 0x00, 0x00, 0x00, 0x00, 0x00, 0x00, 0x00, 0x00, 0x00, 0x00,
    0x00, 0x00, 0x00, 0x00, 0x00, 0x00, 0x00, 0x00, 0x00, 0x00, 0x00, 0x00, 0x00, 0x00, 0x00, 0x00,
    0x00, 0x00, 0x00, 0x00, 0x00, 0x00, 0x00, 0x00, 0x00, 0x00, 0x00, 0x00, 0x00, 0x00, 0x00, 0x00,
    0x00, 0x00, 0x00, 0x00, 0x00, 0x00, 0x00, 0x00, 0x00, 0x00, 0x00, 0x00, 0x00, 0x00, 0x00, 0x00,
    0x00, 0x00, 0x00, 0x00, 0x00, 0x00, 0x00, 0x00, 0x00, 0x00, 0x00, 0x00, 0x00, 0x00, 0x00, 0x00,
    0x00, 0x00, 0x00, 0x00, 0x00, 0x00, 0x00, 0x00, 0x00, 0x00, 0x00, 0x00, 0x00, 0x00, 0x00, 0x00,
    0x00, 0x00, 0x00, 0x00, 0x00, 0x00, 0x00, 0x00, 0x00, 0x00, 0x00, 0x00, 0x00, 0x00, 0x00, 0x00,
    0x00, 0x00, 0x00, 0x00, 0x00, 0x00, 0x00, 0x00, 0x00, 0x00, 0x00, 0x00, 0x00, 0x00, 0x00, 0x00,
    0x00, 0x00, 0x00, 0x00, 0x00, 0x00, 0x00, 0x00, 0x00, 0x00, 0x00, 0x00, 0x00, 0x00, 0x00, 0x00,
    0x00, 0x00, 0x00, 0x00, 0x00, 0x00, 0x00, 0x00, 0x00, 0x00, 0x00, 0x00, 0x00, 0x00, 0x00, 0x00,
    0x00, 0x00, 0x00, 0x00, 0x00, 0x00, 0x00, 0x00, 0x00, 0x00, 0x00, 0x00, 0x00, 0x00, 0x00, 0x00,
    0x00, 0x00, 0x00, 0x00, 0x00, 0x00, 0x00, 0x00, 0x00, 0x00, 0x00, 0x00, 0x00, 0x00, 0x00, 0x00,
    0x00, 0x00, 0x00, 0x00, 0x00, 0x00, 0x00, 0x00, 0x00, 0x00, 0x00, 0x00, 0x00, 0x00, 0x4A, 0x55,
    0x00, 0x00, 0xA4, 0x21, 0x29, 0x43, 0x00, 0x00, 0x00, 0x00, 0x00, 0x00, 0xEF, 0x7B, 0x00, 0x00,
    0x00, 0x00, 0x00, 0x00, 0x00, 0x00, 0x00, 0x00, 0x00, 0x00, 0x00, 0x00, 0x00, 0x00, 0x00, 0x00,
    0x00, 0x00, 0x00, 0x00, 0x00, 0x00, 0x00, 0x00, 0x00, 0x00, 0x00, 0x00, 0x00, 0x00, 0x00, 0x00,
    0x00, 0x00, 0x00, 0x00, 0x00, 0x00, 0x00, 0x00, 0x00, 0x00, 0x00, 0x00, 0x00, 0x00, 0x00, 0x00,
    0x00, 0x00, 0x00, 0x00, 0x00, 0x00, 0x00, 0x00, 0x00, 0x00, 0x00, 0x00, 0x00, 0x00, 0x00, 0x00,
    0x00, 0x00, 0x00, 0x00, 0x00, 0x00, 0x00, 0x00, 0x00, 0x00, 0x00, 0x00, 0x00, 0x00, 0x00, 0x00,
    0x00, 0x00, 0x00, 0x00, 0x00, 0x00, 0x00, 0x00, 0x00, 0x00, 0x00, 0x00, 0x00, 0x00, 0x00, 0x00,
    0x00, 0x00, 0x00, 0x00, 0x00, 0x00, 0x00, 0x00, 0x00, 0x00, 0x00, 0x00, 0x00, 0x00, 0x00, 0x00,
    0x00, 0x00, 0x00, 0x00, 0x00, 0x00, 0x00, 0x00, 0x00, 0x00, 0x00, 0x00, 0x00, 0x00, 0x00, 0x00,
    0x00, 0x00, 0x00, 0x00, 0x00, 0x00, 0x00, 0x00, 0x00, 0x00, 0x00, 0x00, 0x00, 0x00, 0x00, 0x00,
    0x00, 0x00, 0x00, 0x00, 0x00, 0x00, 0x00, 0x00, 0x00, 0x00, 0x00, 0x00, 0x00, 0x00, 0x00, 0x00,
    0x00, 0x00, 0x00, 0x00, 0x00, 0x00, 0x00, 0x00, 0x00, 0x00, 0x00, 0x00, 0x00, 0x00, 0x00, 0x00,
    0x00, 0x00, 0x00, 0x00, 0x00, 0x00, 0x00, 0x00, 0x00, 0x00, 0x00, 0x00, 0x00, 0x00, 0x00, 0x00,
    0x00, 0x00, 0x00, 0x00, 0x00, 0x00, 0x00, 0x00, 0x00, 0x00, 0x20, 0x00, 0x00, 0x00, 0x8B, 0x5B,
    0xB3, 0x96, 0x86, 0x2A, 0x00, 0x00, 0x00, 0x00, 0x00, 0x00, 0x00, 0x00, 0xC8, 0x42, 0x6C, 0x64,
    0x43, 0x19, 0x00, 0x00, 0x00, 0x00, 0x00, 0x00, 0x00, 0x00, 0x00, 0x00, 0x00, 0x00, 0x00, 0x00,
    0x00, 0x00, 0x00, 0x00, 0x00, 0x00, 0x00, 0x00, 0x00, 0x00, 0x00, 0x00, 0x00, 0x00, 0x00, 0x00,
    0x00, 0x00, 0x00, 0x00, 0x00, 0x00, 0x00, 0x00, 0x00, 0x00, 0x00, 0x00, 0x00, 0x00, 0x00, 0x00,
    0x00, 0x00, 0x00, 0x00, 0x00, 0x00, 0x00, 0x00, 0x00, 0x00, 0x00, 0x00, 0x00, 0x00, 0x00, 0x00,
    0x00, 0x00, 0x00, 0x00, 0x00, 0x00, 0x00, 0x00, 0x00, 0x00, 0x00, 0x00, 0x00, 0x00, 0x00, 0x00,
    0x00, 0x00, 0x00, 0x00, 0x00, 0x00, 0x00, 0x00, 0x00, 0x00, 0x00, 0x00, 0x00, 0x00, 0x00, 0x00,
    0x00, 0x00, 0x00, 0x00, 0x00, 0x00, 0x00, 0x00, 0x00, 0x00, 0x00, 0x00, 0x00, 0x00, 0x00, 0x00,
    0x00, 0x00, 0x00, 0x00, 0x00, 0x00, 0x00, 0x00, 0x00, 0x00, 0x00, 0x00, 0x00, 0x00, 0x00, 0x00,
    0x00, 0x00, 0x00, 0x00, 0x00, 0x00, 0x00, 0x00, 0x00, 0x00, 0x00, 0x00, 0x00, 0x00, 0x00, 0x00,
    0x00, 0x00, 0x00, 0x00, 0x00, 0x00, 0x00, 0x00, 0x00, 0x00, 0x00, 0x00, 0x00, 0x00, 0x00, 0x00,
    0x00, 0x00, 0x00, 0x00, 0x00, 0x00, 0x00, 0x00, 0x00, 0x00, 0x00, 0x00, 0x00, 0x00, 0x00, 0x00,
    0x00, 0x00, 0x00, 0x00, 0x00, 0x00, 0x00, 0x00, 0x00, 0x00, 0x00, 0x00, 0x00, 0x00, 0x00, 0x00,
    0x00, 0x00, 0x00, 0x00, 0xFF, 0xFF, 0x00, 0x00, 0x64, 0x19, 0x12, 0x96, 0xD0, 0x85, 0xEC, 0x5C,
    0xC1, 0x08, 0x00, 0x00, 0xE2, 0x10, 0x2D, 0x64, 0x52, 0x96, 0x4E, 0x6D, 0xC1, 0x08, 0x00, 0x00,
    0xAA, 0x02, 0x00, 0x00, 0x00, 0x00, 0x00, 0x00, 0x00, 0x00, 0x00, 0x00, 0x00, 0x00, 0x00, 0x00,
    0x00, 0x00, 0x00, 0x00, 0x00, 0x00, 0x00, 0x00, 0x00, 0x00, 0x00, 0x00, 0x00, 0x00, 0x00, 0x00,
    0x00, 0x00, 0x00, 0x00, 0x00, 0x00, 0x00, 0x00, 0x00, 0x00, 0x00, 0x00, 0x00, 0x00, 0x00, 0x00,
    0x00, 0x00, 0x00, 0x00, 0x00, 0x00, 0x00, 0x00, 0x00, 0x00, 0x00, 0x00, 0x00, 0x00, 0x00, 0x00,
    0x00, 0x00, 0x00, 0x00, 0x00, 0x00, 0x00, 0x00, 0x00, 0x00, 0x00, 0x00, 0x00, 0x00, 0x00, 0x00,
    0x00, 0x00, 0x00, 0x00, 0x00, 0x00, 0x00, 0x00, 0x00, 0x00, 0x00, 0x00, 0x00, 0x00, 0x00, 0x00,
    0x00, 0x00, 0x00, 0x00, 0x00, 0x00, 0x00, 0x00, 0x00, 0x00, 0x00, 0x00, 0x00, 0x00, 0x00, 0x00,
    0x00, 0x00, 0x00, 0x00, 0x00, 0x00, 0x00, 0x00, 0x00, 0x00, 0x00, 0x00, 0x00, 0x00, 0x00, 0x00,
    0x00, 0x00, 0x00, 0x00, 0x00, 0x00, 0x00, 0x00, 0x00, 0x00, 0x00, 0x00, 0x00, 0x00, 0x00, 0x00,
    0x00, 0x00, 0x00, 0x00, 0x00, 0x00, 0x00, 0x00, 0x00, 0x00, 0x00, 0x00, 0x00, 0x00, 0x00, 0x00,
    0x00, 0x00, 0x00, 0x00, 0x00, 0x00, 0x00, 0x00, 0x00, 0x00, 0x00, 0x00, 0x00, 0x00, 0x00, 0x00,
    0x00, 0x00, 0x00, 0x00, 0x00, 0x00, 0x00, 0x00, 0x00, 0x00, 0x00, 0x00, 0xE7, 0x39, 0x20, 0x00,
    0x00, 0x00, 0xC2, 0x10, 0x4F, 0x7D, 0x11, 0x8E, 0x8F, 0x7D, 0x8E, 0x6D, 0xC4, 0x19, 0x03, 0x19,
    0xB1, 0x8D, 0xB4, 0xA6, 0xF0, 0x85, 0x28, 0x3B, 0x00, 0x00, 0xEF, 0x7D, 0xAA, 0x2A, 0xEF, 0x7F,
    0x00, 0x00, 0x00, 0x00, 0x00, 0x00, 0x00, 0x00, 0x00, 0x00, 0x00, 0x00, 0x00, 0x00, 0x00, 0x00,
    0x00, 0x00, 0x00, 0x00, 0x00, 0x00, 0x00, 0x00, 0x00, 0x00, 0x00, 0x00, 0x00, 0x00, 0x00, 0x00,
    0x00, 0x00, 0x00, 0x00, 0x00, 0x00, 0x00, 0x00, 0x00, 0x00, 0x00, 0x00, 0x00, 0x00, 0x00, 0x00,
    0x00, 0x00, 0x00, 0x00, 0x00, 0x00, 0x00, 0x00, 0x00, 0x00, 0x00, 0x00, 0x00, 0x00, 0x00, 0x00,
    0x00, 0x00, 0x00, 0x00, 0x00, 0x00, 0x00, 0x00, 0x00, 0x00, 0x00, 0x00, 0x00, 0x00, 0x00, 0x00,
    0x00, 0x00, 0x00, 0x00, 0x00, 0x00, 0x00, 0x00, 0x00, 0x00, 0x00, 0x00, 0x00, 0x00, 0x00, 0x00,
    0x00, 0x00, 0x00, 0x00, 0x00, 0x00, 0x00, 0x00, 0x00, 0x00, 0x00, 0x00, 0x00, 0x00, 0x00, 0x00,
    0x00, 0x00, 0x00, 0x00, 0x00, 0x00, 0x00, 0x00, 0x00, 0x00, 0x00, 0x00, 0x00, 0x00, 0x00, 0x00,
    0x00, 0x00, 0x00, 0x00, 0x00, 0x00, 0x00, 0x00, 0x00, 0x00, 0x00, 0x00, 0x00, 0x00, 0x00, 0x00,
    0x00, 0x00, 0x00, 0x00, 0x00, 0x00, 0x00, 0x00, 0x00, 0x00, 0x00, 0x00, 0x00, 0x00, 0x00, 0x00,
    0x00, 0x00, 0x00, 0x00, 0x00, 0x00, 0x00, 0x00, 0x00, 0x00, 0x00, 0x00, 0x00, 0x00, 0x00, 0x00,
    0xAA, 0x52, 0xFF, 0xFF, 0x00, 0x00, 0x00, 0x00, 0x00, 0x00, 0x00, 0x00, 0xE2, 0x10, 0xCE, 0x74,
    0x32, 0x96, 0xD1, 0x8D, 0xAF, 0x7D, 0x8E, 0x6D, 0x07, 0x33, 0x8A, 0x53, 0x16, 0xAF, 0xD0, 0x85,
    0x8F, 0x75, 0x25, 0x22, 0x00, 0x00, 0x00, 0x00, 0x00, 0x00, 0x00, 0x00, 0x00, 0x00, 0x00, 0x00,
    0x00, 0x00, 0x00, 0x00, 0x00, 0x00, 0x00, 0x00, 0x00, 0x00, 0x00, 0x00, 0x00, 0x00, 0x00, 0x00,
    0x00, 0x00, 0x00, 0x00, 0x00, 0x00, 0x00, 0x00, 0x00, 0x00, 0x00, 0x00, 0x00, 0x00, 0x00, 0x00,
    0x00, 0x00, 0x00, 0x00, 0x00, 0x00, 0x00, 0x00, 0x00, 0x00, 0x00, 0x00, 0x00, 0x00, 0x00, 0x00,
    0x00, 0x00, 0x00, 0x00, 0x00, 0x00, 0x00, 0x00, 0x00, 0x00, 0x00, 0x00, 0x00, 0x00, 0x00, 0x00,
    0x00, 0x00, 0x00, 0x00, 0x00, 0x00, 0x00, 0x00, 0x00, 0x00, 0x00, 0x00, 0x00, 0x00, 0x00, 0x00,
    0x00, 0x00, 0x00, 0x00, 0x00, 0x00, 0x00, 0x00, 0x00, 0x00, 0x00, 0x00, 0x00, 0x00, 0x00, 0x00,
    0x00, 0x00, 0x00, 0x00, 0x00, 0x00, 0x00, 0x00, 0x00, 0x00, 0x00, 0x00, 0x00, 0x00, 0x00, 0x00,
    0x00, 0x00, 0x00, 0x00, 0x00, 0x00, 0x00, 0x00, 0x00, 0x00, 0x00, 0x00, 0x00, 0x00, 0x00, 0x00,
    0x00, 0x00, 0x00, 0x00, 0x00, 0x00, 0xE7, 0x39, 0x00, 0x00, 0x00, 0x00, 0x00, 0x00, 0x00, 0x00,
    0x00, 0x00, 0x00, 0x00, 0x00, 0x00, 0x00, 0x00, 0x00, 0x00, 0x00, 0x00, 0x00, 0x00, 0x00, 0x00,
    0x00, 0x00, 0x00, 0x00, 0x00, 0x00, 0x00, 0x00, 0x00, 0x00, 0x00, 0x00, 0x00, 0x00, 0x00, 0x00,
    0x00, 0x00, 0x00, 0x00, 0xC2, 0x10, 0xE8, 0x42, 0x70, 0x85, 0x12, 0x96, 0xB0, 0x85, 0x11, 0x8E,
    0xAF, 0x7D, 0x4D, 0x65, 0x86, 0x32, 0xB0, 0x85, 0x32, 0x96, 0xD0, 0x85, 0x2D, 0x65, 0xC2, 0x08,
    0xE2, 0x10, 0xC4, 0x21, 0xA7, 0x32, 0xC4, 0x21, 0x00, 0x00, 0x00, 0x00, 0x00, 0x00, 0x00, 0x00,
    0x00, 0x00, 0x00, 0x00, 0x00, 0x00, 0x00, 0x00, 0x00, 0x00, 0x00, 0x00, 0x00, 0x00, 0x00, 0x00,
    0x00, 0x00, 0x00, 0x00, 0x00, 0x00, 0x00, 0x00, 0x00, 0x00, 0x00, 0x00, 0x00, 0x00, 0x00, 0x00,
    0x00, 0x00, 0x00, 0x00, 0x00, 0x00, 0x00, 0x00, 0x00, 0x00, 0x00, 0x00, 0x00, 0x00, 0x00, 0x00,
    0x00, 0x00, 0x00, 0x00, 0x00, 0x00, 0x00, 0x00, 0x00, 0x00, 0x00, 0x00, 0x00, 0x00, 0x00, 0x00,
    0x00, 0x00, 0x00, 0x00, 0x00, 0x00, 0x00, 0x00, 0x00, 0x00, 0x00, 0x00, 0x00, 0x00, 0x00, 0x00,
    0x00, 0x00, 0x00, 0x00, 0x00, 0x00, 0x00, 0x00, 0x00, 0x00, 0x00, 0x00, 0x00, 0x00, 0x00, 0x00,
    0x00, 0x00, 0x00, 0x00, 0x00, 0x00, 0x00, 0x00, 0x00, 0x00, 0x00, 0x00, 0x00, 0x00, 0x00, 0x00,
    0x00, 0x00, 0x00, 0x00, 0x00, 0x00, 0x00, 0x00, 0x00, 0x00, 0x00, 0x00, 0xE7, 0x39, 0x00, 0x00,
    0x00, 0x00, 0x00, 0x00, 0x00, 0x00, 0x00, 0x00, 0x00, 0x00, 0x00, 0x00, 0x00, 0x00, 0x00, 0x00,
    0x00, 0x00, 0x00, 0x00, 0x00, 0x00, 0x00, 0x00, 0x00, 0x00, 0x00, 0x00, 0x00, 0x00, 0x00, 0x00,
    0x00, 0x00, 0x00, 0x00, 0x00, 0x00, 0x00, 0x00, 0xA1, 0x08, 0x06, 0x2A, 0x08, 0x43, 0x0B, 0x5C,
    0x70, 0x85, 0x32, 0x96, 0xF1, 0x8D, 0xB1, 0x85, 0xF1, 0x8D, 0x11, 0x8E, 0xF0, 0x7D, 0xE7, 0x32,
    0x4C, 0x64, 0x72, 0x96, 0xF0, 0x85, 0xF0, 0x7D, 0xC9, 0x43, 0x43, 0x19, 0x8D, 0x5C, 0x8C, 0x5C,
    0x2E, 0x6D, 0xE8, 0x3A, 0x00, 0x00, 0x00, 0x00, 0x00, 0x00, 0x00, 0x00, 0x00, 0x00, 0x00, 0x00,
    0x00, 0x00, 0x00, 0x00, 0x00, 0x00, 0x00, 0x00, 0x00, 0x00, 0x00, 0x00, 0x00, 0x00, 0x00, 0x00,
    0x00, 0x00, 0x00, 0x00, 0x00, 0x00, 0x00, 0x00, 0x00, 0x00, 0x00, 0x00, 0x00, 0x00, 0x00, 0x00,
    0x00, 0x00, 0x00, 0x00, 0x00, 0x00, 0x00, 0x00, 0x00, 0x00, 0x00, 0x00, 0x00, 0x00, 0x00, 0x00,
    0x00, 0x00, 0x00, 0x00, 0x00, 0x00, 0x00, 0x00, 0x00, 0x00, 0x00, 0x00, 0x00, 0x00, 0x00, 0x00,
    0x00, 0x00, 0x00, 0x00, 0x00, 0x00, 0x00, 0x00, 0x00, 0x00, 0x00, 0x00, 0x00, 0x00, 0x00, 0x00,
    0x00, 0x00, 0x00, 0x00, 0x00, 0x00, 0x00, 0x00, 0x00, 0x00, 0x00, 0x00, 0x00, 0x00, 0x00, 0x00,
    0x00, 0x00, 0x00, 0x00, 0x00, 0x00, 0x00, 0x00, 0x00, 0x00, 0x00, 0x00, 0x00, 0x00, 0x00, 0x00,
    0x00, 0x00, 0x00, 0x00, 0x00, 0x00, 0x00, 0x00, 0x00, 0x00, 0x00, 0x00, 0x00, 0x00, 0x23, 0x19,
    0xA5, 0x29, 0x47, 0x3A, 0x6A, 0x53, 0xCB, 0x5B, 0xEC, 0x63, 0x0C, 0x64, 0x2C, 0x64, 0x4C, 0x64,
    0x4C, 0x64, 0x0C, 0x64, 0x0B, 0x5C, 0x8A, 0x53, 0x09, 0x43, 0x49, 0x4B, 0xAA, 0x5B, 0x0B, 0x5C,
    0x4C, 0x64, 0xCE, 0x74, 0x6F, 0x7D, 0x12, 0x8E, 0x52, 0x96, 0x32, 0x96, 0xF1, 0x8D, 0xB0, 0x85,
    0xB1, 0x85, 0xF1, 0x8D, 0x52, 0x96, 0x11, 0x8E, 0x48, 0x43, 0x0B, 0x5C, 0x72, 0x96, 0xF1, 0x8D,
    0xF1, 0x8D, 0xAF, 0x7D, 0xCA, 0x4B, 0x29, 0x43, 0xED, 0x64, 0x8D, 0x64, 0x4C, 0x5C, 0xC2, 0x10,
    0x00, 0x00, 0xAA, 0x02, 0x00, 0x00, 0x00, 0x00, 0x00, 0x00, 0x00, 0x00, 0x00, 0x00, 0x00, 0x00,
    0x00, 0x00, 0x00, 0x00, 0x00, 0x00, 0x00, 0x00, 0x00, 0x00, 0x00, 0x00, 0x00, 0x00, 0x00, 0x00,
    0x00, 0x00, 0x00, 0x00, 0x00, 0x00, 0x00, 0x00, 0x00, 0x00, 0x00, 0x00, 0x00, 0x00, 0x00, 0x00,
    0x00, 0x00, 0x00, 0x00, 0x00, 0x00, 0x00, 0x00, 0x00, 0x00, 0x00, 0x00, 0x00, 0x00, 0x00, 0x00,
    0x00, 0x00, 0x00, 0x00, 0x00, 0x00, 0x00, 0x00, 0x00, 0x00, 0x00, 0x00, 0x00, 0x00, 0x00, 0x00,
    0x00, 0x00, 0x00, 0x00, 0x00, 0x00, 0x00, 0x00, 0x00, 0x00, 0x00, 0x00, 0x00, 0x00, 0x00, 0x00,
    0x00, 0x00, 0x00, 0x00, 0x00, 0x00, 0x00, 0x00, 0x00, 0x00, 0x00, 0x00, 0x00, 0x00, 0x00, 0x00,
    0x00, 0x00, 0x00, 0x00, 0x00, 0x00, 0x00, 0x00, 0x00, 0x00, 0x00, 0x00, 0x00, 0x00, 0x00, 0x00,
    0x00, 0x00, 0x00, 0x00, 0x03, 0x19, 0xE9, 0x4A, 0xEF, 0x7C, 0x33, 0x9E, 0x94, 0xA6, 0xD5, 0xAE,
    0xD5, 0xAE, 0xB5, 0xAE, 0x95, 0xA6, 0x94, 0xA6, 0x54, 0x9E, 0x73, 0x9E, 0x32, 0x96, 0x32, 0x96,
    0x32, 0x96, 0x32, 0x96, 0x52, 0x96, 0x52, 0x96, 0x52, 0x96, 0x52, 0x96, 0x52, 0x96, 0x32, 0x96,
    0x11, 0x8E, 0xD1, 0x8D, 0xB0, 0x85, 0xB0, 0x85, 0xD1, 0x8D, 0xF1, 0x8D, 0x32, 0x8E, 0x31, 0x8E,
    0x2E, 0x75, 0x89, 0x4B, 0xCD, 0x6C, 0x72, 0x96, 0xF1, 0x8D, 0x11, 0x8E, 0xF0, 0x85, 0x6F, 0x75,
    0xAA, 0x4B, 0xEB, 0x53, 0x8D, 0x64, 0xCD, 0x64, 0xA7, 0x32, 0x00, 0x00, 0xFF, 0xFF, 0x00, 0x00,
    0x00, 0x00, 0x00, 0x00, 0x00, 0x00, 0x00, 0x00, 0x00, 0x00, 0x00, 0x00, 0x00, 0x00, 0x00, 0x00,
    0x00, 0x00, 0x00, 0x00, 0x00, 0x00, 0x00, 0x00, 0x00, 0x00, 0x00, 0x00, 0x00, 0x00, 0x00, 0x00,
    0x00, 0x00, 0x00, 0x00, 0x00, 0x00, 0x00, 0x00, 0x00, 0x00, 0x00, 0x00, 0x00, 0x00, 0x00, 0x00,
    0x00, 0x00, 0x00, 0x00, 0x00, 0x00, 0x00, 0x00, 0x00, 0x00, 0x00, 0x00, 0x00, 0x00, 0x00, 0x00,
    0x00, 0x00, 0x00, 0x00, 0x00, 0x00, 0x00, 0x00, 0x00, 0x00, 0x00, 0x00, 0x00, 0x00, 0x00, 0x00,
    0x00, 0x00, 0x00, 0x00, 0x00, 0x00, 0x00, 0x00, 0x00, 0x00, 0x00, 0x00, 0x00, 0x00, 0x00, 0x00,
    0x00, 0x00, 0x00, 0x00, 0x00, 0x00, 0x00, 0x00, 0x00, 0x00, 0x00, 0x00, 0x00, 0x00, 0x00, 0x00,
    0x00, 0x00, 0x00, 0x00, 0xFF, 0xFF, 0x00, 0x00, 0x00, 0x00, 0x00, 0x00, 0x46, 0x32, 0x2C, 0x64,
    0x12, 0x9E, 0xD5, 0xAE, 0xD5, 0xAE, 0x94, 0xA6, 0x74, 0xA6, 0x53, 0xA6, 0x33, 0x9E, 0x13, 0x9E,
    0x13, 0x9E, 0xF2, 0x95, 0xD1, 0x8D, 0xD1, 0x8D, 0xB0, 0x85, 0xD1, 0x8D, 0xB0, 0x85, 0xB1, 0x85,
    0xB0, 0x85, 0xB0, 0x85, 0xB0, 0x85, 0xB0, 0x85, 0xB0, 0x85, 0xD1, 0x85, 0xD1, 0x8D, 0xD1, 0x8D,
    0xF1, 0x8D, 0xD1, 0x8D, 0xD1, 0x8D, 0x6F, 0x7D, 0xAD, 0x6C, 0xEB, 0x5B, 0x0B, 0x5C, 0xD0, 0x85,
    0x72, 0x96, 0xF1, 0x8D, 0x11, 0x8E, 0x11, 0x8E, 0xD0, 0x85, 0x4E, 0x75, 0x28, 0x3B, 0x6C, 0x5C,
    0xAD, 0x64, 0x4C, 0x5C, 0x81, 0x08, 0x00, 0x00, 0xAA, 0x52, 0x00, 0x00, 0x00, 0x00, 0x00, 0x00,
    0x00, 0x00, 0x00, 0x00, 0x00, 0x00, 0x00, 0x00, 0x00, 0x00, 0x00, 0x00, 0x00, 0x00, 0x00, 0x00,
    0x00, 0x00, 0x00, 0x00, 0x00, 0x00, 0x00, 0x00, 0x00, 0x00, 0x00, 0x00, 0x00, 0x00, 0x00, 0x00,
    0x00, 0x00, 0x00, 0x00, 0x00, 0x00, 0x00, 0x00, 0x00, 0x00, 0x00, 0x00, 0x00, 0x00, 0x00, 0x00,
    0x00, 0x00, 0x00, 0x00, 0x00, 0x00, 0x00, 0x00, 0x00, 0x00, 0x00, 0x00, 0x00, 0x00, 0x00, 0x00,
    0x00, 0x00, 0x00, 0x00, 0x00, 0x00, 0x00, 0x00, 0x00, 0x00, 0x00, 0x00, 0x00, 0x00, 0x00, 0x00,
    0x00, 0x00, 0x00, 0x00, 0x00, 0x00, 0x00, 0x00, 0x00, 0x00, 0x00, 0x00, 0x00, 0x00, 0x00, 0x00,
    0x00, 0x00, 0x00, 0x00, 0x00, 0x00, 0x00, 0x00, 0x00, 0x00, 0x00, 0x00, 0x00, 0x00, 0x00, 0x00,
    0x00, 0x00, 0x00, 0x00, 0x26, 0x32, 0xCE, 0x74, 0x72, 0x9E, 0xB4, 0xAE, 0x94, 0xAE, 0x53, 0xA6,
    0x53, 0xA6, 0x74, 0xA6, 0x74, 0xA6, 0x54, 0xA6, 0x13, 0x9E, 0x13, 0x96, 0xF2, 0x8D, 0xD1, 0x8D,
    0x11, 0x8E, 0xD1, 0x8D, 0xD1, 0x8D, 0xD1, 0x8D, 0xB1, 0x8D, 0xB1, 0x8D, 0xF1, 0x8D, 0x11, 0x8E,
    0x12, 0x8E, 0x12, 0x8E, 0xF1, 0x8D, 0xD1, 0x8D, 0xD1, 0x8D, 0xD1, 0x8D, 0xF1, 0x8D, 0xF1, 0x8D,
    0x4F, 0x7D, 0x6C, 0x64, 0xEE, 0x74, 0xD0, 0x85, 0x72, 0x96, 0x31, 0x96, 0x11, 0x8E, 0x11, 0x8E,
    0x11, 0x8E, 0xF1, 0x8D, 0xD1, 0x85, 0xEE, 0x6C, 0x08, 0x3B, 0x8D, 0x5C, 0xED, 0x64, 0x28, 0x43,
    0x00, 0x00, 0xFF, 0xFF, 0x00, 0x00, 0x00, 0x00, 0x00, 0x00, 0x00, 0x00, 0x00, 0x00, 0x00, 0x00,
    0x00, 0x00, 0x00, 0x00, 0x00, 0x00, 0x00, 0x00, 0x00, 0x00, 0x00, 0x00, 0x00, 0x00, 0x00, 0x00,
    0x00, 0x00, 0x00, 0x00, 0x00, 0x00, 0x00, 0x00, 0x00, 0x00, 0x00, 0x00, 0x00, 0x00, 0x00, 0x00,
    0x00, 0x00, 0x00, 0x00, 0x00, 0x00, 0x00, 0x00, 0x00, 0x00, 0x00, 0x00, 0x00, 0x00, 0x00, 0x00,
    0x00, 0x00, 0x00, 0x00, 0x00, 0x00, 0x00, 0x00, 0x00, 0x00, 0x00, 0x00, 0x00, 0x00, 0x00, 0x00,
    0x00, 0x00, 0x00, 0x00, 0x00, 0x00, 0x00, 0x00, 0x00, 0x00, 0x00, 0x00, 0x00, 0x00, 0x00, 0x00,
    0x00, 0x00, 0x00, 0x00, 0x00, 0x00, 0x00, 0x00, 0x00, 0x00, 0x00, 0x00, 0x00, 0x00, 0x00, 0x00,
    0x00, 0x00, 0x00, 0x00, 0x00, 0x00, 0x00, 0x00, 0x00, 0x00, 0x00, 0x00, 0x23, 0x19, 0x4C, 0x6C,
    0x72, 0x9E, 0x72, 0x9E, 0x53, 0xA6, 0x53, 0xA6, 0x53, 0xA6, 0x54, 0xA6, 0x54, 0xA6, 0x54, 0xA6,
    0x33, 0x9E, 0xF3, 0x95, 0xF2, 0x8D, 0xD1, 0x8D, 0xB1, 0x85, 0xF1, 0x8D, 0xF1, 0x8D, 0xB0, 0x85,
    0xD1, 0x8D, 0x32, 0x8E, 0x32, 0x96, 0xF1, 0x8D, 0x90, 0x85, 0xEE, 0x74, 0xAD, 0x6C, 0x6C, 0x64,
    0x2F, 0x7D, 0x0E, 0x75, 0x4F, 0x7D, 0x11, 0x8E, 0x11, 0x8E, 0x11, 0x8E, 0xF1, 0x8D, 0x31, 0x8E,
    0x52, 0x96, 0x11, 0x8E, 0xF1, 0x8D, 0x11, 0x8E, 0x11, 0x8E, 0x11, 0x8E, 0x11, 0x8E, 0xD1, 0x8D,
    0xD1, 0x8D, 0x4C, 0x5C, 0x29, 0x43, 0xAD, 0x64, 0xED, 0x6C, 0x66, 0x32, 0x00, 0x00, 0x00, 0x00,
    0x00, 0x00, 0x00, 0x00, 0x00, 0x00, 0x00, 0x00, 0x00, 0x00, 0x00, 0x00, 0x00, 0x00, 0x00, 0x00,
    0x00, 0x00, 0x00, 0x00, 0x00, 0x00, 0x00, 0x00, 0x00, 0x00, 0x00, 0x00, 0x00, 0x00, 0x00, 0x00,
    0x00, 0x00, 0x00, 0x00, 0x00, 0x00, 0x00, 0x00, 0x00, 0x00, 0x00, 0x00, 0x00, 0x00, 0x00, 0x00,
    0x00, 0x00, 0x00, 0x00, 0x00, 0x00, 0x00, 0x00, 0x00, 0x00, 0x00, 0x00, 0x00, 0x00, 0x00, 0x00,
    0x00, 0x00, 0x00, 0x00, 0x00, 0x00, 0x00, 0x00, 0x00, 0x00, 0x00, 0x00, 0x00, 0x00, 0x00, 0x00,
    0x00, 0x00, 0x00, 0x00, 0x00, 0x00, 0x00, 0x00, 0x00, 0x00, 0x00, 0x00, 0x00, 0x00, 0x00, 0x00,
    0x00, 0x00, 0x00, 0x00, 0x00, 0x00, 0x00, 0x00, 0x00, 0x00, 0x00, 0x00, 0x00, 0x00, 0x00, 0x00,
    0x00, 0x00, 0x00, 0x00, 0x00, 0x00, 0xC5, 0x29, 0xB0, 0x85, 0x93, 0x9E, 0xF1, 0x8D, 0x12, 0x96,
    0x32, 0x96, 0x12, 0x96, 0x13, 0x9E, 0x13, 0x9E, 0x13, 0x9E, 0x13, 0x96, 0xF2, 0x95, 0xD1, 0x8D,
    0xD1, 0x8D, 0xD1, 0x8D, 0xF1, 0x8D, 0x11, 0x8E, 0xF1, 0x8D, 0x52, 0x96, 0xD1, 0x8D, 0xAD, 0x6C,
    0xCB, 0x53, 0x49, 0x4B, 0xAB, 0x53, 0xEC, 0x63, 0x6E, 0x6C, 0x30, 0x7D, 0xD1, 0x8D, 0x12, 0x96,
    0xF2, 0x8D, 0xF1, 0x8D, 0xD1, 0x8D, 0xF1, 0x8D, 0x11, 0x8E, 0xF1, 0x8D, 0xF1, 0x8D, 0x11, 0x8E,
    0x11, 0x8E, 0x11, 0x8E, 0x11, 0x8E, 0x11, 0x8E, 0xF1, 0x8D, 0xD1, 0x8D, 0xF1, 0x8D, 0xCB, 0x53,
    0x69, 0x43, 0xCD, 0x64, 0xCD, 0x64, 0x26, 0x2A, 0x00, 0x00, 0x00, 0x00, 0x00, 0x00, 0x00, 0x00,
    0x00, 0x00, 0x00, 0x00, 0x00, 0x00, 0x00, 0x00, 0x00, 0x00, 0x00, 0x00, 0x00, 0x00, 0x00, 0x00,
    0x00, 0x00, 0x00, 0x00, 0x00, 0x00, 0x00, 0x00, 0x00, 0x00, 0x00, 0x00, 0x00, 0x00, 0x00, 0x00,
    0x00, 0x00, 0x00, 0x00, 0x00, 0x00, 0x00, 0x00, 0x00, 0x00, 0x00, 0x00, 0x00, 0x00, 0x00, 0x00,
    0x00, 0x00, 0x00, 0x00, 0x00, 0x00, 0x00, 0x00, 0x00, 0x00, 0x00, 0x00, 0x00, 0x00, 0x00, 0x00,
    0x00, 0x00, 0x00, 0x00, 0x00, 0x00, 0x00, 0x00, 0x00, 0x00, 0x00, 0x00, 0x00, 0x00, 0x00, 0x00,
    0x00, 0x00, 0x00, 0x00, 0x00, 0x00, 0x00, 0x00, 0x00, 0x00, 0x00, 0x00, 0x00, 0x00, 0x00, 0x00,
    0x00, 0x00, 0x00, 0x00, 0x00, 0x00, 0x00, 0x00, 0x00, 0x00, 0x00, 0x00, 0x00, 0x00, 0x00, 0x00,
    0xE5, 0x29, 0xD0, 0x85, 0xF1, 0x8D, 0xB0, 0x85, 0xD1, 0x8D, 0xD1, 0x8D, 0xD1, 0x8D, 0xD1, 0x8D,
    0xF2, 0x95, 0xF2, 0x95, 0xF1, 0x8D, 0xD1, 0x8D, 0xD1, 0x8D, 0xB1, 0x8D, 0xD1, 0x8D, 0x11, 0x8E,
    0x11, 0x8E, 0x52, 0x96, 0x52, 0x96, 0xCB, 0x53, 0xE8, 0x42, 0x8A, 0x53, 0xEF, 0x7C, 0xD2, 0x95,
    0x54, 0x9E, 0x74, 0xA6, 0x74, 0xA6, 0x54, 0x9E, 0x33, 0x9E, 0x13, 0x9E, 0xF1, 0x8D, 0xD1, 0x8D,
    0xD1, 0x8D, 0xD1, 0x8D, 0xD1, 0x8D, 0x11, 0x8E, 0x11, 0x8E, 0x11, 0x8E, 0x11, 0x8E, 0x11, 0x8E,
    0x11, 0x8E, 0x11, 0x8E, 0xF1, 0x8D, 0xB1, 0x85, 0xD0, 0x85, 0x8A, 0x4B, 0xCA, 0x4B, 0xAD, 0x64,
    0xCD, 0x64, 0x05, 0x2A, 0x00, 0x00, 0x00, 0x00, 0x00, 0x00, 0x00, 0x00, 0x00, 0x00, 0x00, 0x00,
    0x00, 0x00, 0x00, 0x00, 0x00, 0x00, 0x00, 0x00, 0x00, 0x00, 0x00, 0x00, 0x00, 0x00, 0x00, 0x00,
    0x00, 0x00, 0x00, 0x00, 0x00, 0x00, 0x00, 0x00, 0x00, 0x00, 0x00, 0x00, 0x00, 0x00, 0x00, 0x00,
    0x00, 0x00, 0x00, 0x00, 0x00, 0x00, 0x00, 0x00, 0x00, 0x00, 0x00, 0x00, 0x00, 0x00, 0x00, 0x00,
    0x00, 0x00, 0x00, 0x00, 0x00, 0x00, 0x00, 0x00, 0x00, 0x00, 0x00, 0x00, 0x00, 0x00, 0x00, 0x00,
    0x00, 0x00, 0x00, 0x00, 0x00, 0x00, 0x00, 0x00, 0x00, 0x00, 0x00, 0x00, 0x00, 0x00, 0x00, 0x00,
    0x00, 0x00, 0x00, 0x00, 0x00, 0x00, 0x00, 0x00, 0x00, 0x00, 0x00, 0x00, 0x00, 0x00, 0x00, 0x00,
    0x00, 0x00, 0x00, 0x00, 0x00, 0x00, 0x00, 0x00, 0x00, 0x00, 0x64, 0x19, 0xEE, 0x6C, 0x90, 0x7D,
    0xD1, 0x8D, 0xD1, 0x8D, 0xD1, 0x8D, 0xD1, 0x8D, 0xD1, 0x8D, 0xD1, 0x8D, 0xD1, 0x8D, 0xD1, 0x8D,
    0xD1, 0x8D, 0xD1, 0x8D, 0xD1, 0x8D, 0xF1, 0x8D, 0x11, 0x8E, 0x11, 0x8E, 0x52, 0x96, 0x6F, 0x7D,
    0x46, 0x32, 0x69, 0x4B, 0xF1, 0x8D, 0x74, 0x9E, 0x74, 0xA6, 0x33, 0x9E, 0x13, 0x9E, 0x13, 0x96,
    0x13, 0x96, 0x13, 0x9E, 0x13, 0x96, 0xF1, 0x8D, 0xD1, 0x85, 0xD1, 0x8D, 0xD1, 0x8D, 0xD1, 0x8D,
    0xD1, 0x8D, 0xD1, 0x8D, 0xF1, 0x8D, 0x11, 0x8E, 0x11, 0x8E, 0x11, 0x8E, 0x11, 0x8E, 0xF1, 0x8D,
    0xF1, 0x8D, 0xD1, 0x8D, 0xB0, 0x85, 0x49, 0x43, 0x2B, 0x5C, 0x8C, 0x64, 0xCD, 0x64, 0xA7, 0x32,
    0x00, 0x00, 0x00, 0x00, 0x00, 0x00, 0x00, 0x00, 0x00, 0x00, 0x00, 0x00, 0x00, 0x00, 0x00, 0x00,
    0x00, 0x00, 0x00, 0x00, 0x00, 0x00, 0x00, 0x00, 0x00, 0x00, 0x00, 0x00, 0x00, 0x00, 0x00, 0x00,
    0x00, 0x00, 0x00, 0x00, 0x00, 0x00, 0x00, 0x00, 0x00, 0x00, 0x00, 0x00, 0x00, 0x00, 0x00, 0x00,
    0x00, 0x00, 0x00, 0x00, 0x00, 0x00, 0x00, 0x00, 0x00, 0x00, 0x00, 0x00, 0x00, 0x00, 0x00, 0x00,
    0x00, 0x00, 0x00, 0x00, 0x00, 0x00, 0x00, 0x00, 0x00, 0x00, 0x00, 0x00, 0x00, 0x00, 0xFF, 0xFF,
    0xE7, 0x39, 0x00, 0x00, 0x00, 0x00, 0x00, 0x00, 0x00, 0x00, 0x00, 0x00, 0x00, 0x00, 0x00, 0x00,
    0x00, 0x00, 0x00, 0x00, 0x00, 0x00, 0x00, 0x00, 0x00, 0x00, 0x00, 0x00, 0x00, 0x00, 0x00, 0x00,
    0xEF, 0x7B, 0x00, 0x00, 0xA1, 0x08, 0x8C, 0x5C, 0xCD, 0x64, 0x6F, 0x7D, 0xD1, 0x8D, 0xD1, 0x8D,
    0xD1, 0x8D, 0xF1, 0x8D, 0xF1, 0x8D, 0xF1, 0x8D, 0xF1, 0x8D, 0x11, 0x8E, 0x11, 0x8E, 0x11, 0x8E,
    0x11, 0x8E, 0x11, 0x8E, 0x11, 0x8E, 0xF1, 0x8D, 0x4E, 0x75, 0xA4, 0x21, 0xCD, 0x6C, 0xB3, 0x9E,
    0x52, 0x9E, 0x33, 0x9E, 0x13, 0x9E, 0x13, 0x9E, 0x13, 0x9E, 0x13, 0x9E, 0x33, 0x9E, 0x13, 0x96,
    0xF1, 0x8D, 0xD1, 0x8D, 0xD1, 0x8D, 0xD1, 0x8D, 0xD1, 0x85, 0xD1, 0x8D, 0xD1, 0x8D, 0xD1, 0x8D,
    0xD1, 0x8D, 0xF1, 0x8D, 0xF1, 0x8D, 0xD1, 0x8D, 0xD1, 0x8D, 0xD1, 0x8D, 0xD1, 0x8D, 0xD1, 0x8D,
    0x90, 0x7D, 0x08, 0x43, 0x4C, 0x5C, 0x8C, 0x5C, 0xCD, 0x64, 0x49, 0x43, 0x00, 0x00, 0x00, 0x00,
    0x00, 0x00, 0x00, 0x00, 0x00, 0x00, 0x00, 0x00, 0x00, 0x00, 0x00, 0x00, 0x00, 0x00, 0x00, 0x00,
    0x00, 0x00, 0x00, 0x00, 0x00, 0x00, 0x00, 0x00, 0x00, 0x00, 0x00, 0x00, 0x00, 0x00, 0x00, 0x00,
    0x00, 0x00, 0x00, 0x00, 0x00, 0x00, 0x00, 0x00, 0x00, 0x00, 0x00, 0x00, 0x00, 0x00, 0x00, 0x00,
    0x00, 0x00, 0x00, 0x00, 0x00, 0x00, 0x00, 0x00, 0x00, 0x00, 0x00, 0x00, 0x00, 0x00, 0x00, 0x00,
    0x00, 0x00, 0x00, 0x00, 0x00, 0x00, 0x00, 0x00, 0x00, 0x00, 0x00, 0x00, 0x00, 0x00, 0x00, 0x00,
    0x55, 0x55, 0x00, 0x00, 0x00, 0x00, 0x00, 0x00, 0x00, 0x00, 0x00, 0x00, 0x00, 0x00, 0x00, 0x00,
    0x00, 0x00, 0x00, 0x00, 0x00, 0x00, 0x00, 0x00, 0x00, 0x00, 0x00, 0x00, 0x00, 0x00, 0x00, 0x00,
    0x49, 0x43, 0xED, 0x64, 0x8C, 0x5C, 0x4F, 0x75, 0xD1, 0x8D, 0xD1, 0x8D, 0xD1, 0x8D, 0xF1, 0x8D,
    0xF1, 0x8D, 0x11, 0x8E, 0x11, 0x8E, 0x11, 0x8E, 0x11, 0x8E, 0x11, 0x8E, 0x11, 0x8E, 0x11, 0x8E,
    0xD0, 0x85, 0x6F, 0x75, 0x46, 0x32, 0xEE, 0x74, 0x93, 0x96, 0xD0, 0x85, 0x32, 0x96, 0x53, 0x9E,
    0x13, 0x96, 0x13, 0x9E, 0x13, 0x9E, 0x13, 0x9E, 0x12, 0x96, 0xF1, 0x8D, 0xF1, 0x8D, 0xF1, 0x8D,
    0xF1, 0x8D, 0xF1, 0x8D, 0xF1, 0x8D, 0xD1, 0x8D, 0xD1, 0x8D, 0xD1, 0x8D, 0xD1, 0x8D, 0xD1, 0x8D,
    0xD1, 0x8D, 0xD1, 0x8D, 0xD1, 0x8D, 0xD1, 0x8D, 0xD1, 0x8D, 0xD0, 0x85, 0x90, 0x7D, 0x49, 0x43,
    0x0B, 0x54, 0xAD, 0x64, 0xAD, 0x64, 0x2B, 0x54, 0x61, 0x00, 0x00, 0x00, 0xA0, 0x02, 0x00, 0x00,
    0x00, 0x00, 0x00, 0x00, 0x00, 0x00, 0x00, 0x00, 0x00, 0x00, 0x00, 0x00, 0x00, 0x00, 0x00, 0x00,
    0x00, 0x00, 0x00, 0x00, 0x00, 0x00, 0x00, 0x00, 0x00, 0x00, 0x00, 0x00, 0x00, 0x00, 0x00, 0x00,
    0x00, 0x00, 0x00, 0x00, 0x00, 0x00, 0x00, 0x00, 0x00, 0x00, 0x00, 0x00, 0x00, 0x00, 0x00, 0x00,
    0x00, 0x00, 0x00, 0x00, 0x00, 0x00, 0x00, 0x00, 0xEF, 0x7B, 0x00, 0x00, 0xCA, 0x42, 0xF2, 0x7C,
    0x90, 0x6C, 0x6F, 0x6C, 0x6C, 0x53, 0x48, 0x32, 0xA2, 0x08, 0x00, 0x00, 0x00, 0x00, 0x00, 0x00,
    0x00, 0x00, 0xE7, 0x01, 0xE7, 0x3B, 0x55, 0x55, 0xFF, 0xFF, 0x00, 0x00, 0x00, 0x00, 0x00, 0x00,
    0x00, 0x00, 0x00, 0x00, 0xFF, 0xFF, 0xFF, 0xFF, 0xA2, 0x08, 0x23, 0x19, 0xAD, 0x64, 0x4C, 0x5C,
    0x6C, 0x5C, 0x0E, 0x6D, 0xB0, 0x85, 0xD1, 0x8D, 0xD1, 0x8D, 0xB1, 0x8D, 0xD1, 0x8D, 0xD1, 0x8D,
    0xD1, 0x8D, 0xD1, 0x8D, 0xF1, 0x8D, 0x11, 0x8E, 0x52, 0x96, 0x51, 0x8E, 0xF0, 0x7D, 0xE8, 0x3A,
    0xAA, 0x53, 0x2F, 0x7D, 0xCD, 0x74, 0xF1, 0x8D, 0xF1, 0x8D, 0x11, 0x8E, 0xF1, 0x8D, 0xF1, 0x8D,
    0xF2, 0x8D, 0xD1, 0x8D, 0xD1, 0x8D, 0xF1, 0x8D, 0xF1, 0x8D, 0xF1, 0x8D, 0xF1, 0x8D, 0xF1, 0x8D,
    0xD1, 0x8D, 0xD1, 0x8D, 0xD1, 0x8D, 0xD1, 0x8D, 0xD1, 0x8D, 0xD1, 0x8D, 0xD1, 0x8D, 0xF1, 0x8D,
    0xF1, 0x8D, 0x11, 0x8E, 0x11, 0x8E, 0xD0, 0x8D, 0x8F, 0x7D, 0x69, 0x43, 0xEB, 0x4B, 0xCD, 0x64,
    0x6C, 0x5C, 0xCD, 0x64, 0x84, 0x21, 0x00, 0x00, 0x00, 0x00, 0x00, 0x00, 0x00, 0x00, 0x00, 0x00,
    0x00, 0x00, 0x00, 0x00, 0x00, 0x00, 0x00, 0x00, 0x00, 0x00, 0x00, 0x00, 0x00, 0x00, 0x00, 0x00,
    0x00, 0x00, 0x00, 0x00, 0x00, 0x00, 0x00, 0x00, 0x00, 0x00, 0x00, 0x00, 0x00, 0x00, 0x00, 0x00,
    0x00, 0x00, 0x00, 0x00, 0x00, 0x00, 0x00, 0x00, 0x00, 0x00, 0x00, 0x00, 0x00, 0x00, 0x00, 0x00,
    0x00, 0x00, 0x55, 0x55, 0x00, 0x00, 0xC6, 0x29, 0xD8, 0xAE, 0x19, 0xB7, 0xD8, 0xA6, 0xD7, 0x9E,
    0xD7, 0x9E, 0x96, 0x96, 0xB3, 0x7D, 0xAC, 0x53, 0xC6, 0x21, 0x20, 0x00, 0x00, 0x00, 0x00, 0x00,
    0x00, 0x00, 0x00, 0x00, 0x00, 0x00, 0x00, 0x00, 0x00, 0x00, 0x00, 0x00, 0x00, 0x00, 0x00, 0x00,
    0x00, 0x00, 0x00, 0x00, 0x00, 0x00, 0x29, 0x43, 0x0E, 0x6D, 0xCD, 0x64, 0xED, 0x6C, 0x2E, 0x6D,
    0xF0, 0x85, 0xF1, 0x8D, 0xD1, 0x8D, 0xB1, 0x85, 0xB1, 0x8D, 0xD1, 0x8D, 0xD0, 0x8D, 0xD1, 0x8D,
    0x32, 0x96, 0x31, 0x96, 0x6F, 0x7D, 0xCA, 0x53, 0x87, 0x32, 0x85, 0x21, 0x2B, 0x4B, 0x4F, 0x6C,
    0xAC, 0x53, 0x87, 0x3A, 0xF1, 0x8D, 0x11, 0x8E, 0xF1, 0x8D, 0xD1, 0x8D, 0xD1, 0x8D, 0xD1, 0x85,
    0xF1, 0x8D, 0xF1, 0x8D, 0xF1, 0x8D, 0xF1, 0x8D, 0x11, 0x8E, 0xD1, 0x8D, 0xD1, 0x8D, 0xD1, 0x8D,
    0xD1, 0x8D, 0xD1, 0x8D, 0xD1, 0x8D, 0xD1, 0x8D, 0xF1, 0x8D, 0x11, 0x8E, 0x11, 0x96, 0x11, 0x96,
    0x11, 0x8E, 0xB0, 0x85, 0x6F, 0x75, 0xAA, 0x4B, 0x89, 0x43, 0xED, 0x64, 0x4C, 0x5C, 0xEE, 0x64,
    0x49, 0x43, 0x00, 0x00, 0x00, 0x00, 0x00, 0x00, 0x00, 0x00, 0x00, 0x00, 0x00, 0x00, 0x00, 0x00,
    0x00, 0x00, 0x00, 0x00, 0x00, 0x00, 0x00, 0x00, 0x00, 0x00, 0x00, 0x00, 0x00, 0x00, 0x00, 0x00,
    0x00, 0x00, 0x00, 0x00, 0x00, 0x00, 0x00, 0x00, 0x00, 0x00, 0x00, 0x00, 0x00, 0x00, 0x00, 0x00,
    0x00, 0x00, 0x00, 0x00, 0x00, 0x00, 0x00, 0x00, 0x00, 0x00, 0x00, 0x00, 0x00, 0x00, 0x00, 0x00,
    0x00, 0x00, 0x90, 0x6C, 0xF8, 0xA6, 0x36, 0x96, 0x56, 0x96, 0x35, 0x8E, 0x15, 0x86, 0x35, 0x86,
    0xB7, 0x96, 0x18, 0x9F, 0x96, 0x96, 0xE9, 0x3A, 0x00, 0x00, 0xA2, 0x08, 0xA5, 0x29, 0xC6, 0x29,
    0xE6, 0x31, 0x89, 0x42, 0x89, 0x3A, 0xEA, 0x42, 0xEA, 0x42, 0x88, 0x3A, 0x27, 0x32, 0x06, 0x2A,
    0xC6, 0x21, 0xC8, 0x3A, 0x29, 0x43, 0x49, 0x43, 0x89, 0x4B, 0xEA, 0x53, 0xED, 0x6C, 0xD0, 0x8D,
    0x31, 0x96, 0x52, 0x96, 0x12, 0x96, 0x12, 0x96, 0x52, 0x96, 0xB0, 0x8D, 0x2C, 0x64, 0x09, 0x4B,
    0x2B, 0x4B, 0x70, 0x74, 0x74, 0x8D, 0x97, 0xAE, 0xF9, 0xB6, 0xD8, 0xA6, 0xF8, 0x9E, 0x4B, 0x43,
    0xAA, 0x53, 0x92, 0x9E, 0xD1, 0x8D, 0xD1, 0x8D, 0xD1, 0x8D, 0xD1, 0x8D, 0xD1, 0x8D, 0xF1, 0x8D,
    0xF1, 0x8D, 0x11, 0x8E, 0xD1, 0x8D, 0xD1, 0x8D, 0xD1, 0x8D, 0xF1, 0x8D, 0xD1, 0x8D, 0xD1, 0x8D,
    0xD1, 0x8D, 0xD1, 0x8D, 0x11, 0x8E, 0x11, 0x96, 0x11, 0x96, 0x11, 0x8E, 0xD1, 0x8D, 0x6F, 0x7D,
    0x2E, 0x6D, 0x2B, 0x54, 0x28, 0x43, 0xED, 0x64, 0x8C, 0x5C, 0x8D, 0x5C, 0x6C, 0x5C, 0xC2, 0x08,
    0x00, 0x00, 0xEF, 0x7B, 0x00, 0x00, 0x00, 0x00, 0x00, 0x00, 0x00, 0x00, 0x00, 0x00, 0x00, 0x00,
    0x00, 0x00, 0x00, 0x00, 0x00, 0x00, 0x00, 0x00, 0x00, 0x00, 0x00, 0x00, 0x00, 0x00, 0x00, 0x00,
    0x00, 0x00, 0x00, 0x00, 0x00, 0x00, 0x00, 0x00, 0x00, 0x00, 0x00, 0x00, 0x00, 0x00, 0x00, 0x00,
    0x00, 0x00, 0x00, 0x00, 0x00, 0x00, 0x00, 0x00, 0xFF, 0xFF, 0x00, 0x00, 0x0A, 0x43, 0xF8, 0xA6,
    0x56, 0x96, 0x56, 0x96, 0x56, 0x96, 0x35, 0x8E, 0x55, 0x8E, 0x96, 0x96, 0x72, 0x7D, 0x4B, 0x43,
    0xEA, 0x42, 0x2E, 0x64, 0x12, 0x7D, 0xF5, 0x95, 0xB7, 0xAE, 0xB8, 0xAE, 0xD8, 0xAE, 0xF8, 0xB6,
    0x18, 0xB7, 0x18, 0xB7, 0x18, 0xB7, 0xF8, 0xAE, 0xD7, 0xA6, 0x97, 0x9E, 0x96, 0x96, 0x15, 0x8E,
    0x93, 0x85, 0x32, 0x7D, 0xB0, 0x6C, 0x2E, 0x64, 0xCC, 0x53, 0x6B, 0x4B, 0x6A, 0x4B, 0x0B, 0x5C,
    0x0F, 0x7D, 0xEF, 0x7C, 0xAB, 0x5B, 0x0A, 0x4B, 0x70, 0x74, 0x16, 0x9E, 0xD9, 0xAE, 0x19, 0xB7,
    0xF8, 0xB6, 0xB7, 0xAE, 0x56, 0x96, 0x35, 0x8E, 0x55, 0x8E, 0xB3, 0x7D, 0x87, 0x3A, 0x11, 0x8E,
    0xD1, 0x8D, 0xD1, 0x8D, 0xD1, 0x8D, 0xD1, 0x8D, 0xD1, 0x8D, 0xF1, 0x8D, 0xF1, 0x8D, 0xD1, 0x8D,
    0xD1, 0x8D, 0xD1, 0x8D, 0xD1, 0x8D, 0xD1, 0x8D, 0xD1, 0x8D, 0xD1, 0x8D, 0xD1, 0x8D, 0x11, 0x8E,
    0x11, 0x96, 0x11, 0x96, 0x11, 0x8E, 0xF1, 0x8D, 0x90, 0x85, 0x4F, 0x75, 0xCD, 0x64, 0x8D, 0x64,
    0x69, 0x43, 0x8C, 0x5C, 0xCD, 0x64, 0x8C, 0x5C, 0xEE, 0x64, 0xA7, 0x32, 0x00, 0x00, 0xFF, 0xFF,
    0x00, 0x00, 0x00, 0x00, 0x00, 0x00, 0x00, 0x00, 0x00, 0x00, 0x00, 0x00, 0x00, 0x00, 0x00, 0x00,
    0x00, 0x00, 0x00, 0x00, 0x00, 0x00, 0x00, 0x00, 0x00, 0x00, 0x00, 0x00, 0x00, 0x00, 0x00, 0x00,
    0x00, 0x00, 0x00, 0x00, 0x00, 0x00, 0x00, 0x00, 0x00, 0x00, 0x00, 0x00, 0x00, 0x00, 0x00, 0x00,
    0x00, 0x00, 0x00, 0x00, 0x00, 0x00, 0x00, 0x00, 0x32, 0x7D, 0x97, 0x96, 0x35, 0x8E, 0x35, 0x8E,
    0x35, 0x8E, 0x35, 0x8E, 0x35, 0x8E, 0x6F, 0x64, 0xEA, 0x42, 0x6F, 0x74, 0x56, 0xA6, 0x19, 0xB7,
    0x19, 0xBF, 0x19, 0xBF, 0xF9, 0xB6, 0xD8, 0xB6, 0x97, 0xA6, 0x97, 0xA6, 0x97, 0xA6, 0x97, 0xA6,
    0x97, 0xA6, 0x97, 0xA6, 0x97, 0xA6, 0x76, 0x9E, 0x56, 0x96, 0x76, 0x96, 0x96, 0x9E, 0xB6, 0x9E,
    0xB7, 0x9E, 0xB7, 0x9E, 0x96, 0x96, 0x56, 0x8E, 0xD4, 0x85, 0x32, 0x75, 0xC6, 0x21, 0x89, 0x42,
    0x12, 0x7D, 0xB8, 0xA6, 0x19, 0xB7, 0xD8, 0xAE, 0xB7, 0xAE, 0x97, 0xAE, 0x76, 0x9E, 0x56, 0x96,
    0x55, 0x8E, 0x55, 0x8E, 0x35, 0x8E, 0x35, 0x86, 0x0A, 0x43, 0x0E, 0x75, 0x12, 0x8E, 0xD1, 0x8D,
    0xD1, 0x8D, 0xD1, 0x8D, 0xD1, 0x8D, 0xD1, 0x8D, 0xD1, 0x8D, 0xD1, 0x8D, 0xD1, 0x8D, 0xF1, 0x8D,
    0xD1, 0x8D, 0xD1, 0x8D, 0xD1, 0x8D, 0xD1, 0x8D, 0xF1, 0x8D, 0x11, 0x96, 0x11, 0x96, 0x11, 0x8E,
    0xF1, 0x8D, 0xB0, 0x85, 0x4F, 0x75, 0x2E, 0x6D, 0x8C, 0x5C, 0xCD, 0x64, 0xCA, 0x4B, 0xEA, 0x53,
    0xED, 0x6C, 0xAC, 0x64, 0xCD, 0x64, 0x6C, 0x5C, 0xA2, 0x08, 0x00, 0x00, 0xAA, 0x52, 0x00, 0x00,
    0x00, 0x00, 0x00, 0x00, 0x00, 0x00, 0x00, 0x00, 0x00, 0x00, 0x00, 0x00, 0x00, 0x00, 0x00, 0x00,
    0x00, 0x00, 0x00, 0x00, 0x00, 0x00, 0x00, 0x00, 0x00, 0x00, 0x00, 0x00, 0x00, 0x00, 0x00, 0x00,
    0x00, 0x00, 0x00, 0x00, 0x00, 0x00, 0x00, 0x00, 0x00, 0x00, 0x00, 0x00, 0x00, 0x00, 0xFF, 0xFF,
    0x00, 0x00, 0x07, 0x2A, 0x96, 0x96, 0x35, 0x8E, 0x35, 0x8E, 0x35, 0x8E, 0x35, 0x8E, 0x76, 0x96,
    0xF4, 0x95, 0xD4, 0x95, 0x19, 0xBF, 0x3A, 0xBF, 0xD8, 0xAE, 0x98, 0xAE, 0x98, 0xAE, 0xB8, 0xAE,
    0xB8, 0xB6, 0xB8, 0xB6, 0x97, 0xA6, 0x97, 0xA6, 0x97, 0xA6, 0x97, 0xA6, 0x97, 0xA6, 0x97, 0xA6,
    0x76, 0xA6, 0x56, 0x9E, 0x55, 0x96, 0x35, 0x96, 0x35, 0x96, 0x55, 0x96, 0x55, 0x96, 0x35, 0x8E,
    0x35, 0x8E, 0x35, 0x8E, 0x76, 0x8E, 0xF4, 0x85, 0x73, 0x8D, 0xF9, 0xB6, 0xF9, 0xB6, 0x97, 0xAE,
    0x97, 0xAE, 0xB7, 0xAE, 0x97, 0xA6, 0x76, 0x9E, 0x55, 0x8E, 0x35, 0x8E, 0x35, 0x8E, 0x55, 0x8E,
    0x35, 0x8E, 0x15, 0x86, 0xCD, 0x53, 0xAA, 0x53, 0x32, 0x96, 0xD1, 0x8D, 0xD1, 0x8D, 0xD1, 0x8D,
    0xD1, 0x8D, 0xD1, 0x8D, 0xD1, 0x8D, 0xD1, 0x8D, 0xF1, 0x8D, 0xD1, 0x8D, 0xD1, 0x8D, 0xD1, 0x8D,
    0xD1, 0x8D, 0xF1, 0x8D, 0x11, 0x96, 0x11, 0x96, 0x11, 0x96, 0x11, 0x8E, 0xB0, 0x85, 0x6F, 0x75,
    0x4E, 0x75, 0xED, 0x64, 0x8C, 0x5C, 0xED, 0x64, 0x2B, 0x54, 0x69, 0x43, 0xED, 0x6C, 0xAC, 0x64,
    0xAC, 0x64, 0x2E, 0x6D, 0xC7, 0x3A, 0x00, 0x00, 0x00, 0x00, 0x00, 0x00, 0x00, 0x00, 0x00, 0x00,
    0x00, 0x00, 0x00, 0x00, 0x00, 0x00, 0x00, 0x00, 0x00, 0x00, 0x00, 0x00, 0x00, 0x00, 0x00, 0x00,
    0x00, 0x00, 0x00, 0x00, 0x00, 0x00, 0x00, 0x00, 0x00, 0x00, 0x00, 0x00, 0x00, 0x00, 0x00, 0x00,
    0x00, 0x00, 0x00, 0x00, 0x00, 0x00, 0x00, 0x00, 0x00, 0x00, 0x00, 0x00, 0x00, 0x00, 0x4F, 0x5C,
    0x97, 0x96, 0x35, 0x8E, 0x35, 0x8E, 0x35, 0x8E, 0x76, 0x9E, 0x97, 0xA6, 0xD8, 0xB6, 0xF9, 0xBE,
    0xB8, 0xB6, 0x98, 0xAE, 0xB8, 0xAE, 0xB8, 0xAE, 0xB8, 0xAE, 0xB8, 0xAE, 0xB8, 0xAE, 0xB8, 0xAE,
    0x97, 0xA6, 0x77, 0xA6, 0x97, 0xA6, 0x97, 0xAE, 0xD8, 0xAE, 0xF8, 0xAE, 0xF8, 0xAE, 0xF8, 0xAE,
    0xF8, 0xAE, 0xD8, 0xA6, 0xB7, 0x9E, 0x76, 0x96, 0x55, 0x96, 0x55, 0x8E, 0x35, 0x8E, 0x35, 0x8E,
    0x55, 0x8E, 0x97, 0xA6, 0xD8, 0xAE, 0x97, 0xA6, 0x97, 0xA6, 0x97, 0xA6, 0x96, 0xA6, 0x76, 0x9E,
    0x55, 0x96, 0x35, 0x8E, 0x35, 0x8E, 0x35, 0x8E, 0x35, 0x8E, 0x35, 0x8E, 0x35, 0x8E, 0xF4, 0x7D,
    0xB1, 0x6C, 0x29, 0x4B, 0x11, 0x8E, 0xD1, 0x8D, 0xD1, 0x8D, 0xD1, 0x8D, 0xD1, 0x8D, 0xD1, 0x8D,
    0xD1, 0x8D, 0xD1, 0x8D, 0xD1, 0x8D, 0xD1, 0x8D, 0xD1, 0x8D, 0xD1, 0x8D, 0xF1, 0x8D, 0x11, 0x96,
    0x11, 0x8E, 0x11, 0x96, 0x11, 0x8E, 0xB0, 0x85, 0x4F, 0x75, 0x4F, 0x75, 0x2E, 0x6D, 0xAD, 0x5C,
    0xAC, 0x64, 0xAD, 0x64, 0x4C, 0x5C, 0x08, 0x3B, 0xCD, 0x64, 0xAC, 0x64, 0xCD, 0x64, 0xED, 0x6C,
    0xEE, 0x6C, 0xC2, 0x10, 0x00, 0x00, 0xEF, 0x7B, 0x00, 0x00, 0x00, 0x00, 0x00, 0x00, 0x00, 0x00,
    0x00, 0x00, 0x00, 0x00, 0x00, 0x00, 0x00, 0x00, 0x00, 0x00, 0x00, 0x00, 0x00, 0x00, 0x00, 0x00,
    0x00, 0x00, 0x00, 0x00, 0x00, 0x00, 0x00, 0x00, 0x00, 0x00, 0x00, 0x00, 0x00, 0x00, 0x00, 0x00,
    0x00, 0x00, 0x00, 0x00, 0x4A, 0x55, 0x00, 0x00, 0xA5, 0x21, 0x35, 0x8E, 0x76, 0x96, 0x55, 0x8E,
    0x15, 0x8E, 0x96, 0xA6, 0xB7, 0xAE, 0xB8, 0xB6, 0xD8, 0xB6, 0xD8, 0xB6, 0xB8, 0xAE, 0xB8, 0xAE,
    0xB8, 0xAE, 0xB8, 0xAE, 0xB8, 0xAE, 0xB8, 0xAE, 0xB8, 0xAE, 0x97, 0xAE, 0xB7, 0xAE, 0xF8, 0xB6,
    0xF8, 0xB6, 0x97, 0xAE, 0xD4, 0x95, 0x32, 0x7D, 0x6F, 0x6C, 0x0E, 0x5C, 0xED, 0x5B, 0x8C, 0x53,
    0x8B, 0x4B, 0xD4, 0x8D, 0x76, 0x96, 0x55, 0x8E, 0x35, 0x8E, 0x35, 0x8E, 0x76, 0x9E, 0x76, 0x9E,
    0x56, 0x96, 0x76, 0x9E, 0x76, 0x9E, 0x76, 0x9E, 0x55, 0x96, 0x55, 0x96, 0x55, 0x8E, 0x35, 0x8E,
    0x35, 0x8E, 0x35, 0x8E, 0x35, 0x8E, 0x35, 0x8E, 0x35, 0x86, 0xD3, 0x75, 0x32, 0x75, 0x2A, 0x4B,
    0xB0, 0x85, 0xF1, 0x8D, 0xD1, 0x8D, 0xD1, 0x8D, 0xD1, 0x8D, 0xD1, 0x8D, 0xD1, 0x8D, 0xD1, 0x8D,
    0xD1, 0x8D, 0xD1, 0x8D, 0xD1, 0x8D, 0xF1, 0x8D, 0x11, 0x96, 0x11, 0x8E, 0x11, 0x8E, 0xF0, 0x8D,
    0x8F, 0x7D, 0x6F, 0x75, 0x4E, 0x75, 0x0E, 0x6D, 0xCD, 0x5C, 0xAC, 0x64, 0xAC, 0x64, 0x6C, 0x5C,
    0xAD, 0x64, 0xE8, 0x3A, 0x0B, 0x54, 0xAD, 0x64, 0xAD, 0x64, 0xEE, 0x6C, 0x4F, 0x75, 0xEB, 0x5B,
    0x41, 0x00, 0x00, 0x00, 0x00, 0x00, 0x00, 0x00, 0x00, 0x00, 0x00, 0x00, 0x00, 0x00, 0x00, 0x00,
    0x00, 0x00, 0x00, 0x00, 0x00, 0x00, 0x00, 0x00, 0x00, 0x00, 0x00, 0x00, 0x00, 0x00, 0x00, 0x00,
    0x00, 0x00, 0x00, 0x00, 0x00, 0x00, 0x00, 0x00, 0x00, 0x00, 0x00, 0x00, 0x00, 0x00, 0x00, 0x00,
    0x00, 0x00, 0x00, 0x00, 0xC9, 0x3A, 0xD7, 0x9E, 0x15, 0x86, 0x2E, 0x5C, 0x35, 0x9E, 0xB7, 0xAE,
    0xB8, 0xAE, 0xD8, 0xBE, 0xD8, 0xB6, 0xD8, 0xB6, 0xB8, 0xAE, 0xB8, 0xAE, 0xB8, 0xAE, 0xB8, 0xAE,
    0xB8, 0xAE, 0xB8, 0xAE, 0xF9, 0xB6, 0x3A, 0xBF, 0x97, 0xAE, 0x73, 0x8D, 0x6F, 0x6C, 0x6B, 0x53,
    0x0A, 0x43, 0x09, 0x3B, 0x4A, 0x3B, 0x6A, 0x3B, 0x6A, 0x3B, 0x2C, 0x4C, 0x47, 0x2A, 0x11, 0x75,
    0x96, 0x9E, 0x35, 0x8E, 0x35, 0x8E, 0x35, 0x8E, 0x35, 0x8E, 0x35, 0x8E, 0x55, 0x96, 0x75, 0x96,
    0x55, 0x96, 0x55, 0x96, 0x55, 0x96, 0x35, 0x8E, 0x35, 0x8E, 0x35, 0x8E, 0x35, 0x8E, 0x35, 0x8E,
    0x35, 0x8E, 0x55, 0x8E, 0x35, 0x86, 0xB3, 0x75, 0x73, 0x7D, 0x8C, 0x53, 0xEE, 0x74, 0x11, 0x96,
    0xD1, 0x8D, 0xD1, 0x8D, 0xD1, 0x8D, 0xD1, 0x8D, 0xF1, 0x8D, 0xD1, 0x8D, 0xD1, 0x8D, 0xD1, 0x8D,
    0xF1, 0x8D, 0x11, 0x8E, 0x11, 0x8E, 0xD0, 0x85, 0xAF, 0x7D, 0x8F, 0x7D, 0x6F, 0x75, 0x2E, 0x6D,
    0xED, 0x64, 0xCD, 0x5C, 0x8C, 0x5C, 0xAC, 0x64, 0x8C, 0x5C, 0x8C, 0x5C, 0xAD, 0x64, 0xCA, 0x53,
    0x29, 0x43, 0xAD, 0x64, 0x6C, 0x5C, 0xCE, 0x6C, 0xEE, 0x6C, 0x6F, 0x7D, 0x66, 0x32, 0x00, 0x00,
    0xFF, 0xFF, 0x00, 0x00, 0x00, 0x00, 0x00, 0x00, 0x00, 0x00, 0x00, 0x00, 0x00, 0x00, 0x00, 0x00,
    0x00, 0x00, 0x00, 0x00, 0x00, 0x00, 0x00, 0x00, 0x00, 0x00, 0x00, 0x00, 0x00, 0x00, 0x00, 0x00,
    0x00, 0x00, 0x00, 0x00, 0x00, 0x00, 0x00, 0x00, 0x00, 0x00, 0x00, 0x00, 0x00, 0x00, 0x00, 0x00,
    0x8C, 0x53, 0x55, 0x86, 0x4B, 0x4B, 0xD4, 0x95, 0xD8, 0xAE, 0x97, 0xAE, 0xD8, 0xB6, 0xD8, 0xB6,
    0xD8, 0xB6, 0xD8, 0xB6, 0xB8, 0xB6, 0xB8, 0xAE, 0xB8, 0xAE, 0x97, 0xAE, 0xD8, 0xB6, 0xF9, 0xB6,
    0xF5, 0x9D, 0x0E, 0x6C, 0x6B, 0x4B, 0xCC, 0x53, 0x0D, 0x5C, 0x4E, 0x5C, 0x4E, 0x54, 0x4D, 0x4C,
    0x2D, 0x4C, 0x0D, 0x4C, 0x8E, 0x5C, 0xCB, 0x4B, 0xAC, 0x53, 0xB6, 0x9E, 0x35, 0x8E, 0x35, 0x8E,
    0x35, 0x8E, 0x35, 0x8E, 0x35, 0x8E, 0x55, 0x96, 0x76, 0x9E, 0x75, 0x9E, 0x55, 0x96, 0x55, 0x96,
    0x35, 0x8E, 0x35, 0x8E, 0x35, 0x8E, 0x35, 0x8E, 0x35, 0x8E, 0x35, 0x8E, 0x35, 0x8E, 0x35, 0x8E,
    0x15, 0x86, 0xB3, 0x75, 0x73, 0x7D, 0xAD, 0x53, 0x0C, 0x64, 0x32, 0x96, 0xB1, 0x8D, 0xD1, 0x8D,
    0xF1, 0x8D, 0xF1, 0x8D, 0xD1, 0x8D, 0xD1, 0x8D, 0xD1, 0x8D, 0xB0, 0x85, 0xB0, 0x85, 0xB0, 0x85,
    0x8F, 0x7D, 0x8F, 0x7D, 0x8F, 0x7D, 0x4E, 0x75, 0x0D, 0x65, 0xED, 0x5C, 0xAC, 0x5C, 0x8C, 0x5C,
    0x8C, 0x64, 0x8C, 0x5C, 0x8C, 0x64, 0x8C, 0x64, 0x6C, 0x5C, 0xAD, 0x64, 0x08, 0x3B, 0x4C, 0x5C,
    0x8D, 0x64, 0xAD, 0x64, 0xCE, 0x6C, 0xEE, 0x6C, 0xCE, 0x6C, 0xE2, 0x10, 0x00, 0x00, 0xEF, 0x7B,
    0x00, 0x00, 0x00, 0x00, 0x00, 0x00, 0x00, 0x00, 0x00, 0x00, 0x00, 0x00, 0x00, 0x00, 0x00, 0x00,
    0x00, 0x00, 0x00, 0x00, 0x00, 0x00, 0x00, 0x00, 0x00, 0x00, 0x00, 0x00, 0x00, 0x00, 0x00, 0x00,
    0x00, 0x00, 0x00, 0x00, 0x00, 0x00, 0x00, 0x00, 0x00, 0x00, 0x61, 0x00, 0xAD, 0x53, 0xA9, 0x3A,
    0xB3, 0x8D, 0xD8, 0xAE, 0x97, 0xA6, 0xD8, 0xB6, 0xD8, 0xB6, 0xD8, 0xB6, 0xD8, 0xB6, 0xD8, 0xB6,
    0xD8, 0xB6, 0xB8, 0xB6, 0xB8, 0xAE, 0x19, 0xB7, 0x36, 0x9E, 0xCD, 0x5B, 0x2A, 0x43, 0xCC, 0x53,
    0xAF, 0x64, 0xAF, 0x64, 0x4E, 0x5C, 0x0D, 0x54, 0xEC, 0x4B, 0xEC, 0x4B, 0xEC, 0x4B, 0x6D, 0x5C,
    0xEB, 0x4B, 0x4A, 0x43, 0x75, 0x96, 0x55, 0x96, 0x35, 0x8E, 0x35, 0x8E, 0x35, 0x8E, 0x35, 0x8E,
    0x55, 0x96, 0x55, 0x96, 0x55, 0x96, 0x55, 0x96, 0x55, 0x96, 0x35, 0x8E, 0x35, 0x8E, 0x35, 0x8E,
    0x35, 0x8E, 0x35, 0x8E, 0x35, 0x8E, 0x55, 0x8E, 0x35, 0x8E, 0x35, 0x8E, 0x14, 0x86, 0xB3, 0x75,
    0x52, 0x75, 0x0E, 0x5C, 0x29, 0x4B, 0x52, 0x96, 0xD0, 0x85, 0xD1, 0x8D, 0xF0, 0x8D, 0xF0, 0x85,
    0x90, 0x85, 0x90, 0x7D, 0x6F, 0x7D, 0x4F, 0x75, 0x4F, 0x75, 0x2E, 0x6D, 0x2E, 0x6D, 0x2E, 0x6D,
    0x2D, 0x65, 0x0D, 0x65, 0xCC, 0x5C, 0xAC, 0x5C, 0x8C, 0x64, 0x8C, 0x5C, 0x8C, 0x5C, 0x8C, 0x64,
    0x8C, 0x64, 0x8C, 0x5C, 0x6C, 0x5C, 0xCD, 0x64, 0x8A, 0x43, 0xAA, 0x4B, 0xAD, 0x64, 0xAD, 0x64,
    0xEE, 0x74, 0xCE, 0x6C, 0x2F, 0x75, 0xC8, 0x42, 0x00, 0x00, 0x00, 0x00, 0x00, 0x00, 0x00, 0x00,
    0x00, 0x00, 0x00, 0x00, 0x00, 0x00, 0x00, 0x00, 0x00, 0x00, 0x00, 0x00, 0x00, 0x00, 0x00, 0x00,
    0x00, 0x00, 0x00, 0x00, 0x00, 0x00, 0x00, 0x00, 0x00, 0x00, 0x00, 0x00, 0x00, 0x00, 0x00, 0x00,
    0x00, 0x00, 0x00, 0x00, 0xFF, 0x7F, 0x00, 0x00, 0x44, 0x19, 0xB3, 0x85, 0xB7, 0xA6, 0x97, 0xA6,
    0xB7, 0xAE, 0xB7, 0xAE, 0xD8, 0xB6, 0xD8, 0xB6, 0xD8, 0xB6, 0xD8, 0xB6, 0xB8, 0xB6, 0xF8, 0xB6,
    0xB7, 0xAE, 0x6F, 0x6C, 0x2A, 0x43, 0x0D, 0x54, 0xCF, 0x6C, 0xAF, 0x64, 0x4E, 0x5C, 0x2D, 0x54,
    0x0D, 0x4C, 0x0C, 0x4C, 0xEC, 0x4B, 0xEC, 0x4B, 0x8D, 0x5C, 0xEB, 0x4B, 0x2A, 0x43, 0x35, 0x96,
    0x76, 0x96, 0x35, 0x8E, 0x35, 0x8E, 0x35, 0x8E, 0x35, 0x8E, 0x55, 0x96, 0x55, 0x96, 0x55, 0x96,
    0x55, 0x96, 0x55, 0x96, 0x35, 0x8E, 0x35, 0x8E, 0x35, 0x8E, 0x35, 0x8E, 0x35, 0x8E, 0x35, 0x8E,
    0x55, 0x8E, 0x55, 0x8E, 0x55, 0x8E, 0x55, 0x96, 0x14, 0x86, 0xB3, 0x7D, 0x32, 0x75, 0xB1, 0x6C,
    0xA8, 0x3A, 0x90, 0x7D, 0x6F, 0x7D, 0x4F, 0x7D, 0x6F, 0x75, 0x8F, 0x7D, 0x6F, 0x75, 0x4E, 0x75,
    0x2E, 0x75, 0x2E, 0x6D, 0x0D, 0x65, 0xED, 0x64, 0xED, 0x5C, 0xCD, 0x5C, 0xCD, 0x5C, 0xAD, 0x5C,
    0x8C, 0x5C, 0x8C, 0x64, 0x8C, 0x5C, 0x6C, 0x5C, 0x8C, 0x64, 0x8C, 0x64, 0x6C, 0x5C, 0x8C, 0x5C,
    0x8C, 0x64, 0xAD, 0x64, 0x2B, 0x54, 0xE8, 0x3A, 0xAD, 0x64, 0x8D, 0x64, 0xCE, 0x6C, 0xCE, 0x6C,
    0xEE, 0x6C, 0xCE, 0x6C, 0xE2, 0x10, 0x00, 0x00, 0xFF, 0xFF, 0x00, 0x00, 0x00, 0x00, 0x00, 0x00,
    0x00, 0x00, 0x00, 0x00, 0x00, 0x00, 0x00, 0x00, 0x00, 0x00, 0x00, 0x00, 0x00, 0x00, 0x00, 0x00,
    0x00, 0x00, 0x00, 0x00, 0x00, 0x00, 0x00, 0x00, 0x00, 0x00, 0x00, 0x00, 0x00, 0x00, 0xE7, 0x39,
    0x00, 0x00, 0x03, 0x11, 0xB3, 0x85, 0xD7, 0xA6, 0x56, 0x9E, 0xB7, 0xAE, 0xB7, 0xAE, 0xB7, 0xAE,
    0xB8, 0xB6, 0xD8, 0xB6, 0xB8, 0xB6, 0xB7, 0xAE, 0xD8, 0xAE, 0xF5, 0x95, 0xE9, 0x42, 0xCC, 0x4B,
    0xAF, 0x64, 0xAF, 0x64, 0x4E, 0x5C, 0x2D, 0x54, 0x0D, 0x4C, 0x0C, 0x4C, 0x0C, 0x4C, 0xEC, 0x4B,
    0x0C, 0x4C, 0x6D, 0x5C, 0x8A, 0x43, 0x2A, 0x43, 0x35, 0x96, 0x76, 0x96, 0x35, 0x8E, 0x35, 0x8E,
    0x35, 0x8E, 0x55, 0x8E, 0x55, 0x96, 0x55, 0x9E, 0x55, 0x96, 0x55, 0x96, 0x55, 0x96, 0x35, 0x8E,
    0x35, 0x8E, 0x35, 0x8E, 0x35, 0x8E, 0x55, 0x8E, 0x55, 0x8E, 0x55, 0x96, 0x55, 0x96, 0x55, 0x96,
    0x55, 0x96, 0x55, 0x96, 0x14, 0x86, 0xB3, 0x7D, 0xF1, 0x74, 0x32, 0x75, 0xC9, 0x3A, 0xCD, 0x6C,
    0x6F, 0x75, 0x2E, 0x6D, 0x4E, 0x6D, 0x6E, 0x6D, 0x4E, 0x6D, 0x2D, 0x65, 0xED, 0x5C, 0xCD, 0x5C,
    0xCC, 0x5C, 0xAD, 0x5C, 0xAD, 0x5C, 0x8C, 0x5C, 0x8C, 0x5C, 0x6C, 0x5C, 0x8C, 0x64, 0x8C, 0x5C,
    0x6C, 0x5C, 0x8C, 0x5C, 0x8C, 0x64, 0x8C, 0x5C, 0x8C, 0x5C, 0x8D, 0x64, 0xAD, 0x64, 0x8C, 0x64,
    0xCD, 0x64, 0xE8, 0x3A, 0x2B, 0x54, 0xCD, 0x64, 0xCE, 0x6C, 0xCE, 0x6C, 0xAE, 0x6C, 0x4F, 0x75,
    0x09, 0x43, 0x00, 0x00, 0xFF, 0xFF, 0x00, 0x00, 0x00, 0x00, 0x00, 0x00, 0x00, 0x00, 0x00, 0x00,
    0x00, 0x00, 0x00, 0x00, 0x00, 0x00, 0x00, 0x00, 0x00, 0x00, 0x00, 0x00, 0x00, 0x00, 0x00, 0x00,
    0x00, 0x00, 0x00, 0x00, 0x00, 0x00, 0x00, 0x00, 0xA0, 0x02, 0x00, 0x00, 0x20, 0x00, 0xF1, 0x74,
    0xD7, 0xA6, 0x35, 0x96, 0x76, 0x9E, 0x97, 0xA6, 0xB7, 0xAE, 0xB7, 0xAE, 0xB7, 0xAE, 0xB7, 0xAE,
    0xB7, 0xAE, 0x97, 0xAE, 0xB7, 0xAE, 0xF5, 0x95, 0x68, 0x32, 0x8E, 0x64, 0x8E, 0x64, 0x2D, 0x54,
    0x0D, 0x54, 0x0C, 0x4C, 0x2C, 0x4C, 0x0C, 0x4C, 0xEC, 0x4B, 0x2D, 0x4C, 0x2C, 0x54, 0x09, 0x3B,
    0x0D, 0x5C, 0x76, 0x9E, 0x76, 0x96, 0x35, 0x8E, 0x35, 0x8E, 0x35, 0x8E, 0x35, 0x8E, 0x55, 0x96,
    0x55, 0x9E, 0x55, 0x96, 0x55, 0x96, 0x55, 0x96, 0x35, 0x8E, 0x35, 0x8E, 0x35, 0x8E, 0x35, 0x8E,
    0x55, 0x96, 0x55, 0x96, 0x55, 0x96, 0x55, 0x96, 0x55, 0x96, 0x55, 0x96, 0x55, 0x96, 0x55, 0x96,
    0x14, 0x86, 0xB3, 0x7D, 0xF1, 0x74, 0x33, 0x75, 0x2B, 0x4B, 0x0A, 0x4C, 0x2E, 0x65, 0xCD, 0x5C,
    0xED, 0x5C, 0xED, 0x5C, 0xED, 0x64, 0xED, 0x64, 0xCC, 0x64, 0xAC, 0x5C, 0x8C, 0x5C, 0x8C, 0x5C,
    0x6C, 0x5C, 0x8C, 0x5C, 0x8C, 0x64, 0x8C, 0x64, 0x6C, 0x5C, 0x8C, 0x64, 0x8C, 0x5C, 0x8C, 0x64,
    0x8C, 0x5C, 0x8D, 0x5C, 0x8D, 0x5C, 0xAD, 0x64, 0xCD, 0x64, 0xAD, 0x64, 0xED, 0x64, 0xCA, 0x4B,
    0x49, 0x43, 0xEE, 0x6C, 0xCE, 0x6C, 0xCE, 0x6C, 0xCE, 0x6C, 0xEE, 0x74, 0x8D, 0x64, 0x61, 0x00,
    0x00, 0x00, 0xA0, 0x02, 0x00, 0x00, 0x00, 0x00, 0x00, 0x00, 0x00, 0x00, 0x00, 0x00, 0x00, 0x00,
    0x00, 0x00, 0x00, 0x00, 0x00, 0x00, 0x00, 0x00, 0x00, 0x00, 0x00, 0x00, 0x00, 0x00, 0x00, 0x00,
    0x00, 0x00, 0x00, 0x00, 0xFF, 0xFF, 0x00, 0x00, 0x4B, 0x4B, 0xF7, 0xA6, 0x55, 0x96, 0x75, 0x96,
    0x75, 0x9E, 0x97, 0xA6, 0xB7, 0xAE, 0xB7, 0xAE, 0xB7, 0xAE, 0xB7, 0xAE, 0xB7, 0xAE, 0x97, 0xAE,
    0x77, 0xA6, 0xD8, 0xAE, 0x73, 0x85, 0x06, 0x2A, 0x4D, 0x54, 0x2D, 0x54, 0xEC, 0x4B, 0x0C, 0x4C,
    0x0C, 0x4C, 0x0D, 0x4C, 0x4D, 0x4C, 0x8B, 0x43, 0x09, 0x43, 0x31, 0x75, 0xB7, 0x9E, 0x35, 0x8E,
    0x35, 0x8E, 0x35, 0x8E, 0x35, 0x8E, 0x35, 0x8E, 0x55, 0x96, 0x55, 0x96, 0x55, 0x96, 0x75, 0x9E,
    0x55, 0x96, 0x35, 0x8E, 0x35, 0x8E, 0x35, 0x8E, 0x35, 0x8E, 0x55, 0x96, 0x55, 0x96, 0x55, 0x96,
    0x55, 0x96, 0x55, 0x96, 0x55, 0x96, 0x55, 0x96, 0x55, 0x96, 0x55, 0x96, 0x14, 0x86, 0x93, 0x7D,
    0xF1, 0x74, 0x53, 0x7D, 0xCD, 0x53, 0x08, 0x3B, 0xED, 0x64, 0x6C, 0x5C, 0xAC, 0x5C, 0xAC, 0x64,
    0xAC, 0x64, 0xAC, 0x64, 0xCC, 0x64, 0xAC, 0x64, 0xAC, 0x64, 0xAC, 0x64, 0xAC, 0x64, 0x8C, 0x5C,
    0x8C, 0x5C, 0x6C, 0x5C, 0x8C, 0x64, 0x8C, 0x64, 0x8C, 0x5C, 0x8C, 0x5C, 0x8D, 0x5C, 0x8C, 0x5C,
    0xAD, 0x64, 0xAD, 0x64, 0xAD, 0x64, 0xAD, 0x64, 0xCD, 0x64, 0x8C, 0x64, 0xC7, 0x3A, 0xCE, 0x6C,
    0xCE, 0x6C, 0xEE, 0x6C, 0xCE, 0x6C, 0xCE, 0x6C, 0x2F, 0x75, 0xC5, 0x29, 0x00, 0x00, 0x00, 0x00,
    0x00, 0x00, 0x00, 0x00, 0x00, 0x00, 0x00, 0x00, 0x00, 0x00, 0x00, 0x00, 0x00, 0x00, 0x00, 0x00,
    0x00, 0x00, 0x00, 0x00, 0x00, 0x00, 0x00, 0x00, 0x00, 0x00, 0x00, 0x00, 0x00, 0x00, 0x55, 0x55,
    0x00, 0x00, 0x85, 0x21, 0x76, 0x9E, 0x75, 0x9E, 0x55, 0x96, 0x55, 0x96, 0x76, 0x9E, 0x97, 0xAE,
    0xB7, 0xAE, 0xB7, 0xAE, 0xB7, 0xAE, 0x97, 0xAE, 0xB7, 0xAE, 0xD8, 0xAE, 0x77, 0x9E, 0x56, 0x96,
    0xB7, 0x9E, 0x11, 0x75, 0x67, 0x2A, 0xCB, 0x43, 0x4D, 0x4C, 0x2D, 0x4C, 0x2D, 0x54, 0xCB, 0x43,
    0x09, 0x33, 0xCD, 0x53, 0x35, 0x8E, 0x96, 0x96, 0x15, 0x86, 0x35, 0x8E, 0x35, 0x8E, 0x35, 0x8E,
    0x35, 0x8E, 0x55, 0x8E, 0x55, 0x96, 0x55, 0x96, 0x55, 0x96, 0x55, 0x96, 0x55, 0x96, 0x35, 0x8E,
    0x35, 0x8E, 0x55, 0x96, 0x55, 0x96, 0x55, 0x96, 0x55, 0x96, 0x55, 0x96, 0x55, 0x96, 0x55, 0x96,
    0x55, 0x96, 0x55, 0x96, 0x55, 0x96, 0x35, 0x8E, 0xF4, 0x85, 0x72, 0x7D, 0x12, 0x75, 0x52, 0x7D,
    0x90, 0x6C, 0x87, 0x32, 0xCD, 0x64, 0x6C, 0x5C, 0xAC, 0x5C, 0xAC, 0x64, 0xCC, 0x64, 0xCC, 0x64,
    0xAC, 0x64, 0xAC, 0x64, 0xCC, 0x64, 0xAC, 0x64, 0xAC, 0x64, 0xAC, 0x64, 0xAC, 0x64, 0xAC, 0x64,
    0xAC, 0x64, 0x8C, 0x5C, 0x8C, 0x64, 0x8C, 0x5C, 0x8C, 0x5C, 0x8C, 0x5C, 0xAC, 0x64, 0x8C, 0x5C,
    0x8D, 0x5C, 0x8D, 0x64, 0x8C, 0x64, 0xED, 0x6C, 0x08, 0x3B, 0x4C, 0x5C, 0x2E, 0x75, 0xEE, 0x74,
    0xEE, 0x6C, 0xCE, 0x6C, 0x0F, 0x75, 0xCB, 0x53, 0x00, 0x00, 0x00, 0x00, 0x00, 0x00, 0x00, 0x00,
    0x00, 0x00, 0x00, 0x00, 0x00, 0x00, 0x00, 0x00, 0x00, 0x00, 0x00, 0x00, 0x00, 0x00, 0x00, 0x00,
    0x00, 0x00, 0x00, 0x00, 0x00, 0x00, 0x00, 0x00, 0x00, 0x00, 0x00, 0x00, 0x00, 0x00, 0xB0, 0x6C,
    0xB7, 0xA6, 0x76, 0x9E, 0x96, 0x9E, 0x55, 0x96, 0x75, 0x96, 0x76, 0x9E, 0x97, 0xA6, 0xB7, 0xAE,
    0xB7, 0xAE, 0xF8, 0xB6, 0x56, 0x9E, 0x52, 0x7D, 0x55, 0x8E, 0x35, 0x8E, 0x15, 0x86, 0x96, 0x96,
    0x93, 0x7D, 0x2A, 0x43, 0x09, 0x3B, 0x8B, 0x43, 0x09, 0x3B, 0xCC, 0x4B, 0x72, 0x7D, 0x96, 0x96,
    0x55, 0x8E, 0x15, 0x86, 0x35, 0x8E, 0x35, 0x8E, 0x35, 0x8E, 0x35, 0x8E, 0x55, 0x8E, 0x55, 0x96,
    0x55, 0x96, 0x55, 0x96, 0x55, 0x96, 0x55, 0x96, 0x55, 0x96, 0x55, 0x8E, 0x55, 0x8E, 0x55, 0x96,
    0x55, 0x96, 0x55, 0x96, 0x55, 0x96, 0x55, 0x96, 0x55, 0x96, 0x55, 0x96, 0x55, 0x96, 0x55, 0x96,
    0x55, 0x96, 0x34, 0x8E, 0xD3, 0x85, 0x52, 0x7D, 0x32, 0x7D, 0x32, 0x7D, 0x52, 0x7D, 0xE6, 0x29,
    0x2B, 0x54, 0xAD, 0x64, 0xAC, 0x5C, 0xAC, 0x64, 0xCC, 0x64, 0xAC, 0x64, 0xAC, 0x5C, 0x8C, 0x5C,
    0x8C, 0x5C, 0x8C, 0x5C, 0x8C, 0x5C, 0x8C, 0x5C, 0x8C, 0x5C, 0x8C, 0x64, 0xAC, 0x64, 0x8C, 0x5C,
    0x8C, 0x64, 0x8C, 0x5C, 0x8C, 0x5C, 0x8C, 0x5C, 0x8C, 0x5C, 0x8C, 0x5C, 0x8C, 0x5C, 0x8C, 0x5C,
    0x6C, 0x5C, 0xED, 0x64, 0x69, 0x43, 0x69, 0x43, 0x4F, 0x75, 0x0E, 0x75, 0x0E, 0x75, 0x0E, 0x75,
    0xEE, 0x6C, 0xEF, 0x6C, 0xA4, 0x21, 0x00, 0x00, 0x00, 0x00, 0x00, 0x00, 0x00, 0x00, 0x00, 0x00,
    0x00, 0x00, 0x00, 0x00, 0x00, 0x00, 0x00, 0x00, 0x00, 0x00, 0x00, 0x00, 0x00, 0x00, 0x00, 0x00,
    0x00, 0x00, 0x00, 0x00, 0xFF, 0xFF, 0x00, 0x00, 0x68, 0x32, 0xD7, 0xA6, 0xF8, 0xB6, 0x56, 0xA6,
    0x15, 0x96, 0x76, 0x9E, 0x55, 0x96, 0x55, 0x96, 0x55, 0x96, 0x76, 0x9E, 0x96, 0x9E, 0x8F, 0x6C,
    0x2A, 0x3B, 0x88, 0x32, 0x35, 0x8E, 0x35, 0x8E, 0x35, 0x8E, 0x35, 0x8E, 0x76, 0x96, 0x76, 0x96,
    0x6F, 0x64, 0x2A, 0x43, 0x52, 0x7D, 0x96, 0x96, 0x76, 0x96, 0x35, 0x8E, 0x35, 0x8E, 0x35, 0x8E,
    0x35, 0x8E, 0x35, 0x8E, 0x35, 0x8E, 0x35, 0x8E, 0x35, 0x8E, 0x55, 0x96, 0x55, 0x96, 0x55, 0x96,
    0x55, 0x96, 0x55, 0x96, 0x55, 0x8E, 0x35, 0x8E, 0x35, 0x8E, 0x55, 0x96, 0x55, 0x96, 0x35, 0x96,
    0x55, 0x96, 0x55, 0x96, 0x55, 0x96, 0x55, 0x96, 0x55, 0x96, 0x55, 0x96, 0x55, 0x96, 0x34, 0x86,
    0xB3, 0x85, 0x32, 0x7D, 0x32, 0x7D, 0x32, 0x7D, 0x93, 0x85, 0xC6, 0x29, 0x84, 0x21, 0xED, 0x64,
    0xAC, 0x64, 0xAC, 0x64, 0xAC, 0x64, 0xAC, 0x64, 0x8C, 0x5C, 0x8C, 0x5C, 0x8C, 0x5C, 0x8C, 0x64,
    0x8C, 0x64, 0x8C, 0x64, 0x8C, 0x64, 0x8C, 0x5C, 0xAC, 0x64, 0x6C, 0x5C, 0x8C, 0x64, 0x8C, 0x64,
    0x8C, 0x64, 0x8C, 0x5C, 0x8C, 0x64, 0x8C, 0x5C, 0x8C, 0x5C, 0x8C, 0x5C, 0x8C, 0x5C, 0xCD, 0x64,
    0x0B, 0x54, 0xC7, 0x3A, 0x2E, 0x75, 0x0E, 0x75, 0x0E, 0x75, 0x0E, 0x75, 0xCE, 0x6C, 0x2F, 0x75,
    0xE8, 0x3A, 0x00, 0x00, 0x00, 0x00, 0x00, 0x00, 0x00, 0x00, 0x00, 0x00, 0x00, 0x00, 0x00, 0x00,
    0x00, 0x00, 0x00, 0x00, 0x00, 0x00, 0x00, 0x00, 0x00, 0x00, 0x00, 0x00, 0x00, 0x00, 0x00, 0x00,
    0x00, 0x00, 0x00, 0x00, 0x8F, 0x6C, 0x39, 0xB7, 0x73, 0x8D, 0x6D, 0x63, 0xEB, 0x4A, 0x75, 0x9E,
    0x55, 0x96, 0x55, 0x96, 0x55, 0x96, 0x96, 0x9E, 0x72, 0x7D, 0x47, 0x2A, 0x4D, 0x4C, 0x6B, 0x43,
    0x35, 0x8E, 0x35, 0x8E, 0x55, 0x96, 0x35, 0x8E, 0x35, 0x8E, 0x35, 0x8E, 0x96, 0x96, 0x96, 0x96,
    0x76, 0x96, 0x35, 0x8E, 0x35, 0x8E, 0x35, 0x8E, 0x35, 0x8E, 0x55, 0x8E, 0x35, 0x8E, 0x35, 0x8E,
    0x35, 0x8E, 0x35, 0x8E, 0x76, 0x96, 0x55, 0x96, 0x55, 0x96, 0x55, 0x96, 0x55, 0x96, 0x35, 0x8E,
    0x35, 0x8E, 0x35, 0x8E, 0x96, 0x96, 0x96, 0x96, 0x96, 0x96, 0xB7, 0x9E, 0x55, 0x96, 0x35, 0x96,
    0x55, 0x96, 0x55, 0x96, 0x55, 0x96, 0x55, 0x96, 0x55, 0x8E, 0x14, 0x86, 0x93, 0x85, 0x32, 0x7D,
    0x32, 0x7D, 0x32, 0x7D, 0x73, 0x85, 0x4B, 0x4B, 0x0A, 0x43, 0xC7, 0x32, 0x0D, 0x6D, 0xAC, 0x64,
    0x8C, 0x5C, 0x8C, 0x5C, 0x8C, 0x5C, 0x8C, 0x64, 0x8C, 0x5C, 0x8C, 0x5C, 0x8C, 0x5C, 0x8C, 0x5C,
    0x8C, 0x5C, 0x8C, 0x64, 0x8C, 0x5C, 0x8C, 0x64, 0x8C, 0x5C, 0x8C, 0x5C, 0x8C, 0x5C, 0x8C, 0x5C,
    0x8C, 0x5C, 0x8C, 0x64, 0x8C, 0x5C, 0x8C, 0x5C, 0x8C, 0x5C, 0xAD, 0x64, 0x6C, 0x5C, 0x26, 0x2A,
    0xCD, 0x6C, 0xEE, 0x74, 0x0E, 0x75, 0xEE, 0x6C, 0xCE, 0x6C, 0x2E, 0x75, 0x2C, 0x5C, 0x20, 0x00,
    0x00, 0x00, 0x00, 0x00, 0x00, 0x00, 0x00, 0x00, 0x00, 0x00, 0x00, 0x00, 0x00, 0x00, 0x00, 0x00,
    0x00, 0x00, 0x00, 0x00, 0x00, 0x00, 0x00, 0x00, 0x00, 0x00, 0xF5, 0xAF, 0x00, 0x00, 0x47, 0x32,
    0xF8, 0xA6, 0x53, 0x85, 0x52, 0x84, 0xBF, 0xF7, 0x93, 0x84, 0xAF, 0x6C, 0xD7, 0xA6, 0xD3, 0x8D,
    0x31, 0x75, 0xD7, 0xA6, 0x72, 0x7D, 0xA8, 0x32, 0x4D, 0x4C, 0x8B, 0x43, 0x35, 0x8E, 0x55, 0x96,
    0x35, 0x8E, 0x35, 0x8E, 0x35, 0x8E, 0x35, 0x8E, 0x35, 0x8E, 0x35, 0x8E, 0x55, 0x96, 0x55, 0x8E,
    0x35, 0x8E, 0x35, 0x8E, 0x35, 0x8E, 0x55, 0x96, 0x55, 0x96, 0x35, 0x8E, 0x15, 0x86, 0x76, 0x96,
    0x92, 0x85, 0x11, 0x75, 0x96, 0x9E, 0x55, 0x96, 0x35, 0x8E, 0x15, 0x86, 0x56, 0x96, 0x55, 0x8E,
    0xD0, 0x64, 0x48, 0x32, 0xC6, 0x31, 0xAC, 0x53, 0x55, 0x8E, 0x96, 0x9E, 0x35, 0x96, 0x55, 0x96,
    0x55, 0x96, 0x55, 0x96, 0x35, 0x8E, 0x14, 0x86, 0x72, 0x7D, 0x32, 0x7D, 0x32, 0x7D, 0x32, 0x7D,
    0x93, 0x85, 0x6C, 0x4B, 0xD0, 0x6C, 0x0E, 0x5C, 0xA7, 0x32, 0xED, 0x64, 0x6C, 0x5C, 0x8C, 0x5C,
    0x8C, 0x5C, 0x8C, 0x5C, 0x8C, 0x5C, 0x8D, 0x64, 0x8C, 0x5C, 0x8C, 0x5C, 0x8C, 0x5C, 0x8C, 0x64,
    0x8C, 0x5C, 0xAC, 0x5C, 0x8C, 0x64, 0xAC, 0x5C, 0x8C, 0x5C, 0x8C, 0x64, 0x8C, 0x5C, 0x6C, 0x5C,
    0x8C, 0x5C, 0x8C, 0x5C, 0x8C, 0x64, 0xAD, 0x64, 0xCD, 0x64, 0x05, 0x2A, 0x8C, 0x64, 0xEE, 0x6C,
    0x0E, 0x75, 0xEE, 0x6C, 0xCD, 0x64, 0xCD, 0x6C, 0xEE, 0x6C, 0x64, 0x21, 0x00, 0x00, 0xEF, 0x7F,
    0x00, 0x00, 0x00, 0x00, 0x00, 0x00, 0x00, 0x00, 0x00, 0x00, 0x00, 0x00, 0x00, 0x00, 0x00, 0x00,
    0x00, 0x00, 0x00, 0x00, 0x00, 0x00, 0x00, 0x00, 0x00, 0x00, 0x11, 0x75, 0xF4, 0x8D, 0x31, 0x7C,
    0xBF, 0xEF, 0x19, 0xBE, 0x04, 0x41, 0x0D, 0x5C, 0x17, 0xA7, 0x72, 0x85, 0x6F, 0x64, 0xD7, 0x9E,
    0xF4, 0x8D, 0xC9, 0x32, 0xEC, 0x4B, 0x6B, 0x43, 0x76, 0x96, 0x35, 0x8E, 0x35, 0x8E, 0x35, 0x8E,
    0x35, 0x8E, 0x35, 0x8E, 0x55, 0x96, 0x55, 0x96, 0x76, 0x9E, 0x55, 0x96, 0x55, 0x96, 0x35, 0x8E,
    0x35, 0x8E, 0x55, 0x8E, 0x55, 0x8E, 0x35, 0x8E, 0x55, 0x8E, 0x55, 0x96, 0x4E, 0x64, 0x56, 0x9E,
    0x96, 0xA6, 0x55, 0x96, 0x15, 0x86, 0x76, 0x96, 0x14, 0x86, 0x4C, 0x4B, 0x31, 0x7C, 0x05, 0x39,
    0x46, 0x91, 0x46, 0x81, 0xA6, 0x39, 0x93, 0x7D, 0xB6, 0x9E, 0x55, 0x96, 0x55, 0x96, 0x55, 0x96,
    0x34, 0x8E, 0xF3, 0x85, 0x52, 0x7D, 0x32, 0x7D, 0x32, 0x7D, 0x12, 0x75, 0x53, 0x7D, 0xEE, 0x5B,
    0x6C, 0x53, 0x55, 0x96, 0xCD, 0x53, 0xA7, 0x3A, 0xCD, 0x64, 0x8C, 0x64, 0x8C, 0x5C, 0x8C, 0x5C,
    0xAD, 0x64, 0xAD, 0x64, 0x8C, 0x5C, 0x8C, 0x5C, 0x8C, 0x5C, 0x8C, 0x5C, 0x6C, 0x5C, 0x8C, 0x64,
    0x8C, 0x5C, 0x8C, 0x5C, 0x8C, 0x64, 0x8C, 0x5C, 0x8C, 0x5C, 0x8C, 0x5C, 0xAD, 0x64, 0xAD, 0x64,
    0xCD, 0x64, 0xCD, 0x6C, 0xCD, 0x6C, 0x05, 0x2A, 0x8C, 0x64, 0xCD, 0x6C, 0x0E, 0x75, 0xEE, 0x6C,
    0xCD, 0x64, 0xAD, 0x64, 0x2F, 0x75, 0x26, 0x32, 0x00, 0x00, 0x00, 0x00, 0x00, 0x00, 0x00, 0x00,
    0x00, 0x00, 0x00, 0x00, 0x00, 0x00, 0x00, 0x00, 0x00, 0x00, 0x00, 0x00, 0x00, 0x00, 0x00, 0x00,
    0x4A, 0x55, 0x00, 0x00, 0x85, 0x21, 0x55, 0x8E, 0xCE, 0x63, 0xDD, 0xDE, 0x7E, 0xE7, 0x6A, 0x72,
    0x05, 0x99, 0x8C, 0x63, 0x18, 0xA7, 0x52, 0x7D, 0x6F, 0x64, 0xB6, 0x9E, 0x55, 0x8E, 0x6B, 0x4B,
    0xA9, 0x3A, 0x52, 0x75, 0x56, 0x8E, 0x35, 0x86, 0x35, 0x8E, 0x35, 0x8E, 0x35, 0x8E, 0x55, 0x96,
    0x55, 0x96, 0xB6, 0x9E, 0x14, 0x96, 0x75, 0x9E, 0x55, 0x96, 0x35, 0x8E, 0x35, 0x8E, 0x35, 0x8E,
    0x35, 0x8E, 0x35, 0x8E, 0xB6, 0x9E, 0x8F, 0x6C, 0x93, 0x8D, 0xF8, 0xB6, 0x96, 0xA6, 0x35, 0x8E,
    0x76, 0x96, 0xF4, 0x85, 0x6D, 0x5B, 0x7B, 0xCE, 0xAF, 0x7B, 0x46, 0x89, 0x4A, 0xB2, 0x29, 0xB2,
    0xA8, 0xA1, 0xA2, 0x28, 0x11, 0x6D, 0xB6, 0x9E, 0x55, 0x96, 0x55, 0x96, 0x34, 0x86, 0xB3, 0x85,
    0x32, 0x7D, 0x12, 0x7D, 0x12, 0x75, 0xF1, 0x74, 0x32, 0x7D, 0x8F, 0x6C, 0xEA, 0x42, 0x73, 0x85,
    0xD4, 0x85, 0x0D, 0x5C, 0x87, 0x32, 0xAD, 0x64, 0x8C, 0x5C, 0x8C, 0x5C, 0x8C, 0x5C, 0x8C, 0x5C,
    0x8C, 0x5C, 0x8C, 0x5C, 0x8C, 0x5C, 0x8C, 0x5C, 0x8C, 0x64, 0x8C, 0x5C, 0x8C, 0x5C, 0x8C, 0x5C,
    0x8C, 0x5C, 0x8C, 0x5C, 0x8D, 0x64, 0xAD, 0x64, 0xCD, 0x64, 0xCD, 0x6C, 0xCD, 0x6C, 0xCD, 0x6C,
    0xCD, 0x6C, 0x25, 0x2A, 0x8C, 0x64, 0xCD, 0x6C, 0xCD, 0x6C, 0xCD, 0x6C, 0xCD, 0x64, 0xAD, 0x64,
    0x2E, 0x75, 0xE8, 0x42, 0x00, 0x00, 0x00, 0x00, 0x00, 0x00, 0x00, 0x00, 0x00, 0x00, 0x00, 0x00,
    0x00, 0x00, 0x00, 0x00, 0x00, 0x00, 0x00, 0x00, 0x00, 0x00, 0x00, 0x00, 0x00, 0x00, 0x00, 0x00,
    0xAC, 0x53, 0x31, 0x75, 0x15, 0x9D, 0xFF, 0xFF, 0xB6, 0xB5, 0xC8, 0x91, 0x09, 0xAA, 0x4B, 0x63,
    0x18, 0xA7, 0x31, 0x7D, 0x6F, 0x64, 0x96, 0x9E, 0x35, 0x8E, 0x55, 0x8E, 0x55, 0x8E, 0x56, 0x8E,
    0x35, 0x8E, 0x35, 0x8E, 0x35, 0x8E, 0x55, 0x8E, 0x55, 0x96, 0x76, 0x9E, 0xB6, 0x9E, 0xCC, 0x53,
    0x26, 0x2A, 0xAC, 0x53, 0x96, 0x96, 0x15, 0x86, 0x35, 0x8E, 0x35, 0x86, 0x55, 0x8E, 0x76, 0x9E,
    0xF4, 0x8D, 0x4E, 0x64, 0xF8, 0xB6, 0x97, 0xAE, 0x76, 0xA6, 0x76, 0x96, 0x93, 0x75, 0x2C, 0x53,
    0xDD, 0xDE, 0x9B, 0xC6, 0x45, 0x51, 0xEC, 0xBA, 0xCC, 0xAA, 0x29, 0xA2, 0x4A, 0xB2, 0x87, 0x99,
    0x65, 0x29, 0x76, 0x96, 0x55, 0x9E, 0x35, 0x8E, 0x14, 0x86, 0x72, 0x7D, 0x12, 0x75, 0xF2, 0x74,
    0xF2, 0x74, 0xF2, 0x74, 0x32, 0x7D, 0xF1, 0x74, 0xA9, 0x3A, 0x52, 0x7D, 0x11, 0x7D, 0xD4, 0x85,
    0xEE, 0x5B, 0x67, 0x32, 0xCD, 0x64, 0x8D, 0x5C, 0x8C, 0x5C, 0x8C, 0x5C, 0x8C, 0x5C, 0x8C, 0x5C,
    0x8C, 0x5C, 0x8C, 0x64, 0x8C, 0x5C, 0x8C, 0x5C, 0x8C, 0x5C, 0x8C, 0x64, 0x8C, 0x64, 0xAD, 0x64,
    0xAD, 0x64, 0xCD, 0x64, 0xCD, 0x6C, 0xCD, 0x6C, 0xCD, 0x6C, 0xCD, 0x6C, 0xCD, 0x6C, 0x08, 0x43,
    0xAC, 0x64, 0xCD, 0x6C, 0xCD, 0x64, 0xCD, 0x64, 0xCD, 0x64, 0xCD, 0x64, 0x0E, 0x6D, 0x2C, 0x5C,
    0x00, 0x00, 0x00, 0x00, 0x00, 0x00, 0x00, 0x00, 0x00, 0x00, 0x00, 0x00, 0x00, 0x00, 0x00, 0x00,
    0x00, 0x00, 0x00, 0x00, 0x00, 0x00, 0x00, 0x00, 0x00, 0x00, 0x20, 0x00, 0x31, 0x75, 0x50, 0x6C,
    0x5E, 0xEF, 0xFF, 0xFF, 0x4D, 0x83, 0x2D, 0xAB, 0xCC, 0xAA, 0xA9, 0x5A, 0xD7, 0x9E, 0x52, 0x7D,
    0xB0, 0x64, 0x76, 0x96, 0x35, 0x8E, 0x35, 0x8E, 0x35, 0x8E, 0x35, 0x8E, 0x55, 0x8E, 0x55, 0x8E,
    0x55, 0x96, 0x35, 0x96, 0x96, 0x9E, 0x35, 0x96, 0xC9, 0x3A, 0xE8, 0x3A, 0xCB, 0x4B, 0xA9, 0x3A,
    0x76, 0x96, 0x35, 0x8E, 0x35, 0x8E, 0x55, 0x96, 0x55, 0x96, 0xD7, 0xA6, 0x2E, 0x64, 0x93, 0x8D,
    0xF8, 0xB6, 0x97, 0xAE, 0x76, 0x9E, 0x55, 0x96, 0xCE, 0x5B, 0x5B, 0xCE, 0xFF, 0xFF, 0xEF, 0x8B,
    0x29, 0x92, 0xAF, 0xBB, 0x6E, 0xB3, 0x09, 0xA2, 0x87, 0x99, 0x4A, 0xB2, 0x25, 0x71, 0x4E, 0x64,
    0xB6, 0x9E, 0x14, 0x86, 0xD3, 0x85, 0x12, 0x75, 0xD2, 0x6C, 0xF2, 0x74, 0xF2, 0x74, 0x12, 0x75,
    0x32, 0x7D, 0x32, 0x7D, 0xEA, 0x42, 0x11, 0x7D, 0x32, 0x7D, 0xF1, 0x74, 0x93, 0x7D, 0x6C, 0x4B,
    0xE5, 0x21, 0x8D, 0x64, 0xAD, 0x64, 0x6C, 0x5C, 0x8C, 0x5C, 0x8C, 0x5C, 0x8C, 0x5C, 0x8C, 0x64,
    0x8C, 0x5C, 0x8C, 0x64, 0xAD, 0x64, 0xAD, 0x64, 0xAD, 0x64, 0xCD, 0x64, 0xCD, 0x6C, 0xCD, 0x6C,
    0xCD, 0x6C, 0xCD, 0x6C, 0xCD, 0x6C, 0xCD, 0x6C, 0xAC, 0x64, 0x2B, 0x5C, 0xCD, 0x6C, 0xAD, 0x6C,
    0xCD, 0x6C, 0xCD, 0x6C, 0xCD, 0x6C, 0xCD, 0x64, 0xED, 0x6C, 0xEE, 0x6C, 0x23, 0x19, 0x00, 0x00,
    0xE7, 0x39, 0x00, 0x00, 0x00, 0x00, 0x00, 0x00, 0x00, 0x00, 0x00, 0x00, 0x00, 0x00, 0x00, 0x00,
    0x00, 0x00, 0xAA, 0x52, 0x00, 0x00, 0x85, 0x21, 0x8F, 0x64, 0x92, 0x8C, 0xFF, 0xFF, 0x1C, 0xDF,
    0xCB, 0x8A, 0x4E, 0xB3, 0xD0, 0xBB, 0xAE, 0x73, 0x75, 0x96, 0x72, 0x7D, 0xF1, 0x6C, 0x76, 0x96,
    0x35, 0x8E, 0x35, 0x8E, 0x35, 0x8E, 0x55, 0x8E, 0x55, 0x96, 0x55, 0x96, 0x55, 0x96, 0x76, 0x9E,
    0x55, 0x96, 0xE9, 0x42, 0x49, 0x43, 0x6D, 0x5C, 0x4A, 0x43, 0x0A, 0x43, 0x96, 0x96, 0x35, 0x8E,
    0x55, 0x8E, 0x55, 0x96, 0x75, 0x9E, 0x35, 0x96, 0xE9, 0x42, 0x97, 0xA6, 0xB7, 0xAE, 0x76, 0x9E,
    0xF7, 0xA6, 0x4E, 0x64, 0x98, 0xAD, 0xFF, 0xFF, 0xDE, 0xF7, 0x8A, 0x7A, 0x2D, 0xB3, 0x6E, 0xB3,
    0x2D, 0xAB, 0x72, 0xC4, 0x52, 0xCC, 0xC8, 0xA1, 0xC8, 0xA9, 0x28, 0x5A, 0x96, 0x8E, 0xF4, 0x85,
    0x53, 0x7D, 0xF2, 0x74, 0xF2, 0x74, 0xD2, 0x74, 0xF2, 0x74, 0x32, 0x7D, 0x32, 0x7D, 0x73, 0x85,
    0x0A, 0x43, 0xD0, 0x74, 0x32, 0x7D, 0x12, 0x75, 0xF1, 0x74, 0x53, 0x7D, 0x6C, 0x4B, 0xC5, 0x21,
    0x8C, 0x5C, 0xAD, 0x64, 0x8C, 0x5C, 0x8C, 0x5C, 0x8C, 0x64, 0x6C, 0x5C, 0x8C, 0x5C, 0xAD, 0x64,
    0xCD, 0x6C, 0xCD, 0x6C, 0xCD, 0x6C, 0xCD, 0x6C, 0xCD, 0x6C, 0xCD, 0x6C, 0xCD, 0x6C, 0xCD, 0x6C,
    0xCD, 0x6C, 0xCD, 0x6C, 0xAC, 0x64, 0x8C, 0x64, 0xCD, 0x6C, 0xCD, 0x6C, 0xCD, 0x6C, 0xCD, 0x6C,
    0xCD, 0x6C, 0xCD, 0x6C, 0xCD, 0x64, 0x0E, 0x6D, 0x84, 0x21, 0x00, 0x00, 0xEF, 0x7F, 0x00, 0x00,
    0x00, 0x00, 0x00, 0x00, 0x00, 0x00, 0x00, 0x00, 0x00, 0x00, 0x00, 0x00, 0x00, 0x00, 0x00, 0x00,
    0x00, 0x00, 0x4B, 0x4B, 0x8C, 0x53, 0xB7, 0xBD, 0xFF, 0xFF, 0xF3, 0xA4, 0x6A, 0x8A, 0x2E, 0xB3,
    0x18, 0xE6, 0x13, 0x8D, 0x14, 0x86, 0xD4, 0x7D, 0x93, 0x75, 0x55, 0x8E, 0x35, 0x8E, 0x35, 0x8E,
    0x55, 0x96, 0x55, 0x96, 0x55, 0x96, 0x55, 0x96, 0x76, 0x96, 0x96, 0x9E, 0x0A, 0x43, 0x8A, 0x43,
    0x2D, 0x54, 0xEC, 0x4B, 0x09, 0x3B, 0x6B, 0x4B, 0xB6, 0x96, 0x35, 0x8E, 0x55, 0x96, 0x55, 0x96,
    0x96, 0x9E, 0xB3, 0x85, 0xED, 0x5B, 0xF8, 0xB6, 0x76, 0xA6, 0xB7, 0xA6, 0x10, 0x75, 0x8E, 0x6B,
    0xDF, 0xFF, 0xFF, 0xFF, 0xDB, 0xD6, 0xE8, 0x79, 0x6F, 0xBB, 0x4E, 0xAB, 0xAF, 0xB3, 0xFF, 0xFF,
    0xFF, 0xFF, 0xEC, 0xB2, 0xE8, 0xA9, 0x86, 0x81, 0xAF, 0x64, 0xD4, 0x85, 0x12, 0x75, 0xF2, 0x74,
    0xF2, 0x74, 0xF2, 0x74, 0x32, 0x7D, 0x32, 0x7D, 0x32, 0x7D, 0x93, 0x85, 0x4B, 0x4B, 0x6F, 0x64,
    0x52, 0x7D, 0xF1, 0x74, 0xF1, 0x6C, 0x12, 0x75, 0x94, 0x7D, 0x6C, 0x4B, 0x23, 0x19, 0x6C, 0x5C,
    0xCD, 0x64, 0x6C, 0x5C, 0x8C, 0x5C, 0x8C, 0x5C, 0x8C, 0x64, 0xAD, 0x64, 0xCD, 0x6C, 0xCD, 0x6C,
    0xCD, 0x64, 0xCD, 0x64, 0xCD, 0x64, 0xCD, 0x6C, 0xCD, 0x6C, 0xAD, 0x64, 0xAD, 0x64, 0xAD, 0x64,
    0xAD, 0x64, 0xCD, 0x6C, 0xCD, 0x6C, 0xCD, 0x6C, 0xCD, 0x6C, 0xCD, 0x6C, 0xCD, 0x6C, 0xCD, 0x6C,
    0xCD, 0x6C, 0xEE, 0x6C, 0x43, 0x19, 0x00, 0x00, 0xFF, 0xFF, 0x00, 0x00, 0x00, 0x00, 0x00, 0x00,
    0x00, 0x00, 0x00, 0x00, 0x00, 0x00, 0x00, 0x00, 0x00, 0x00, 0x00, 0x00, 0x00, 0x00, 0x4E, 0x5C,
    0x0E, 0x6C, 0x9E, 0xF7, 0xFF, 0xFF, 0xAE, 0x83, 0x4A, 0x92, 0x4E, 0xB3, 0x3D, 0xFF, 0x33, 0x95,
    0xD3, 0x7D, 0x35, 0x8E, 0x15, 0x86, 0x35, 0x8E, 0x35, 0x8E, 0x55, 0x96, 0x55, 0x96, 0x55, 0x96,
    0x55, 0x96, 0x55, 0x96, 0x75, 0x96, 0x0A, 0x43, 0xAB, 0x4B, 0x4D, 0x54, 0xEC, 0x4B, 0x0D, 0x4C,
    0x09, 0x33, 0xED, 0x53, 0xB7, 0x9E, 0x35, 0x96, 0x55, 0x96, 0x55, 0x96, 0x76, 0x9E, 0xF4, 0x8D,
    0xB3, 0x85, 0xD8, 0xAE, 0x55, 0x9E, 0xB6, 0x9E, 0x0B, 0x4B, 0xDB, 0xDE, 0xFF, 0xFF, 0xFF, 0xFF,
    0xF7, 0xBD, 0xC8, 0x89, 0x8F, 0xBB, 0x2D, 0xAB, 0xD3, 0xCC, 0xFF, 0xFF, 0xFF, 0xFF, 0xF4, 0xD4,
    0xA7, 0xA1, 0xC8, 0xA1, 0x48, 0x4A, 0xB4, 0x7D, 0xF2, 0x74, 0xD2, 0x74, 0xF2, 0x74, 0x32, 0x7D,
    0x32, 0x7D, 0x32, 0x7D, 0x32, 0x7D, 0x93, 0x85, 0x8C, 0x53, 0x0E, 0x5C, 0x52, 0x7D, 0xD1, 0x6C,
    0x32, 0x75, 0x2F, 0x64, 0xEA, 0x42, 0xE9, 0x3A, 0xC9, 0x32, 0x43, 0x19, 0x69, 0x43, 0xEE, 0x64,
    0x6C, 0x5C, 0x8C, 0x5C, 0x8C, 0x5C, 0xAD, 0x64, 0xCD, 0x64, 0xCD, 0x6C, 0xCD, 0x64, 0xCD, 0x64,
    0xCD, 0x64, 0xCD, 0x64, 0xAD, 0x64, 0x8C, 0x5C, 0x8D, 0x5C, 0xAD, 0x64, 0xAD, 0x64, 0xCD, 0x64,
    0xCD, 0x6C, 0xCD, 0x6C, 0xCD, 0x6C, 0xCD, 0x6C, 0xCD, 0x6C, 0xCD, 0x6C, 0xCD, 0x64, 0xED, 0x6C,
    0x23, 0x19, 0x00, 0x00, 0x00, 0x00, 0x00, 0x00, 0x00, 0x00, 0x00, 0x00, 0x00, 0x00, 0x00, 0x00,
    0x00, 0x00, 0x00, 0x00, 0xE0, 0x01, 0x00, 0x00, 0xA2, 0x10, 0x11, 0x6D, 0xD2, 0x8C, 0xFF, 0xFF,
    0xFF, 0xFF, 0xAE, 0x8B, 0x87, 0x99, 0xAB, 0xAA, 0xDF, 0xFF, 0xB2, 0x84, 0x92, 0x75, 0x76, 0x96,
    0x35, 0x8E, 0x55, 0x8E, 0x55, 0x96, 0x55, 0x96, 0x55, 0x96, 0x55, 0x96, 0x55, 0x96, 0x55, 0x96,
    0x96, 0x9E, 0x68, 0x32, 0x49, 0x3B, 0x8D, 0x5C, 0x0C, 0x4C, 0x4D, 0x54, 0xE9, 0x32, 0x6F, 0x64,
    0xB7, 0x9E, 0x35, 0x96, 0x55, 0x96, 0x55, 0x96, 0x55, 0x96, 0x55, 0x96, 0x96, 0xA6, 0x76, 0xA6,
    0xB6, 0x9E, 0xF0, 0x74, 0x71, 0x8C, 0xFF, 0xFF, 0xDF, 0xFF, 0xFF, 0xFF, 0x96, 0xB5, 0x87, 0x81,
    0x6E, 0xBB, 0xCC, 0xAA, 0x35, 0xD5, 0xFF, 0xFF, 0xFF, 0xFF, 0xD7, 0xE5, 0x87, 0x99, 0x09, 0xB2,
    0xA6, 0x61, 0xF1, 0x64, 0xF2, 0x74, 0xF2, 0x74, 0x32, 0x7D, 0x32, 0x7D, 0x32, 0x7D, 0x32, 0x7D,
    0x32, 0x7D, 0x73, 0x7D, 0x0E, 0x5C, 0xAD, 0x53, 0x32, 0x75, 0x12, 0x75, 0xCD, 0x53, 0x67, 0x2A,
    0x6A, 0x43, 0xAB, 0x4B, 0xEC, 0x4B, 0x8B, 0x43, 0x85, 0x19, 0xC7, 0x3A, 0xCD, 0x64, 0xAD, 0x64,
    0x6C, 0x5C, 0xAD, 0x64, 0xCD, 0x64, 0xCD, 0x6C, 0xCD, 0x6C, 0xCD, 0x6C, 0xAD, 0x64, 0x8D, 0x64,
    0x6C, 0x5C, 0xAD, 0x64, 0x6C, 0x5C, 0x0B, 0x54, 0xAD, 0x64, 0xCD, 0x64, 0xCD, 0x6C, 0xCD, 0x6C,
    0xCD, 0x6C, 0xCD, 0x6C, 0xCD, 0x6C, 0xCD, 0x6C, 0xCD, 0x6C, 0xCD, 0x6C, 0x03, 0x11, 0x00, 0x00,
    0xEF, 0x7B, 0x00, 0x00, 0x00, 0x00, 0x00, 0x00, 0x00, 0x00, 0x00, 0x00, 0x00, 0x00, 0x00, 0x00,
    0xFF, 0xFF, 0x00, 0x00, 0x89, 0x3A, 0xB3, 0x7D, 0x95, 0xAD, 0xFF, 0xFF, 0xFF, 0xFF, 0xCB, 0x72,
    0x66, 0x99, 0xEC, 0xB2, 0xFF, 0xFF, 0xB2, 0x8C, 0xB3, 0x7D, 0x76, 0x96, 0x35, 0x8E, 0x55, 0x96,
    0x55, 0x96, 0x55, 0x96, 0x76, 0x9E, 0x55, 0x96, 0x55, 0x96, 0x55, 0x96, 0x76, 0x9E, 0x35, 0x96,
    0x2A, 0x4B, 0x29, 0x3B, 0x6D, 0x54, 0xAE, 0x5C, 0x09, 0x3B, 0x31, 0x7D, 0x96, 0x9E, 0x55, 0x96,
    0x55, 0x96, 0x55, 0x96, 0x55, 0x96, 0x55, 0x96, 0x76, 0x9E, 0x55, 0x96, 0xD7, 0xA6, 0x6B, 0x53,
    0x18, 0xC6, 0xFF, 0xFF, 0xDF, 0xFF, 0xFF, 0xFF, 0xD3, 0xA4, 0x66, 0x89, 0xAB, 0xB2, 0x09, 0xA2,
    0x35, 0xD5, 0xFF, 0xFF, 0xFF, 0xFF, 0x18, 0xE6, 0x87, 0xA1, 0x29, 0xB2, 0x66, 0x71, 0x2F, 0x54,
    0x32, 0x7D, 0x32, 0x7D, 0x32, 0x7D, 0x32, 0x7D, 0x32, 0x7D, 0x32, 0x7D, 0x32, 0x7D, 0x52, 0x7D,
    0x6F, 0x64, 0x6C, 0x4B, 0x32, 0x75, 0x33, 0x75, 0x2B, 0x4B, 0xC8, 0x32, 0xEC, 0x4B, 0xAB, 0x43,
    0xAB, 0x43, 0xCB, 0x4B, 0xCC, 0x4B, 0x06, 0x2A, 0xC5, 0x21, 0x0B, 0x54, 0xEE, 0x64, 0xAC, 0x64,
    0xAD, 0x64, 0xCD, 0x6C, 0xCD, 0x64, 0x8D, 0x64, 0x6C, 0x5C, 0x6C, 0x5C, 0xCD, 0x64, 0x4C, 0x5C,
    0x69, 0x43, 0x6C, 0x5C, 0xAD, 0x64, 0xCD, 0x64, 0xCD, 0x6C, 0xCD, 0x6C, 0xCD, 0x6C, 0xCD, 0x6C,
    0xCD, 0x6C, 0xCD, 0x64, 0xCD, 0x64, 0x4C, 0x5C, 0x81, 0x08, 0x00, 0x00, 0xAA, 0x02, 0x00, 0x00,
    0x00, 0x00, 0x00, 0x00, 0x00, 0x00, 0x00, 0x00, 0x00, 0x00, 0x00, 0x00, 0x00, 0x00, 0x00, 0x00,
    0xAC, 0x53, 0xD3, 0x85, 0xD7, 0xB5, 0xFF, 0xFF, 0xFF, 0xFF, 0xCB, 0x7A, 0x66, 0x99, 0x0D, 0xB3,
    0xFF, 0xFF, 0x13, 0x8D, 0xF4, 0x85, 0x55, 0x96, 0x55, 0x96, 0x55, 0x96, 0x55, 0x96, 0x55, 0x96,
    0x76, 0x9E, 0x55, 0x96, 0x55, 0x96, 0x55, 0x96, 0x55, 0x96, 0x76, 0x9E, 0xB6, 0x9E, 0x4E, 0x64,
    0xA8, 0x32, 0xCB, 0x4B, 0xC8, 0x3A, 0xB3, 0x85, 0x96, 0x9E, 0x55, 0x96, 0x55, 0x96, 0x55, 0x96,
    0x55, 0x96, 0x55, 0x96, 0x56, 0x96, 0x55, 0x8E, 0x35, 0x8E, 0xEA, 0x4A, 0xBF, 0xFF, 0xFF, 0xFF,
    0xDF, 0xFF, 0xFF, 0xFF, 0xCF, 0x83, 0x66, 0x91, 0x29, 0xAA, 0x87, 0xA1, 0xF4, 0xD4, 0xFF, 0xFF,
    0xFF, 0xFF, 0xB7, 0xDD, 0x87, 0xA1, 0x2A, 0xB2, 0x66, 0x81, 0x8C, 0x53, 0x73, 0x85, 0x12, 0x75,
    0x32, 0x7D, 0x32, 0x7D, 0x32, 0x7D, 0x32, 0x7D, 0x32, 0x75, 0x32, 0x7D, 0xD0, 0x6C, 0x8C, 0x53,
    0x32, 0x75, 0xF2, 0x74, 0xD1, 0x6C, 0x68, 0x32, 0xAB, 0x43, 0xAB, 0x4B, 0xAB, 0x43, 0x8B, 0x43,
    0x8B, 0x43, 0x0C, 0x4C, 0x29, 0x3B, 0xA5, 0x21, 0xC7, 0x3A, 0xED, 0x6C, 0xED, 0x6C, 0xAC, 0x64,
    0x8C, 0x5C, 0x8C, 0x5C, 0xAD, 0x64, 0xCD, 0x64, 0xCB, 0x53, 0xE8, 0x3A, 0x4C, 0x5C, 0xAD, 0x64,
    0xAC, 0x64, 0xCD, 0x6C, 0xCD, 0x6C, 0xCD, 0x6C, 0xCD, 0x6C, 0xCD, 0x6C, 0xCD, 0x6C, 0xAD, 0x64,
    0xCD, 0x64, 0xEB, 0x53, 0x00, 0x00, 0x00, 0x00, 0x00, 0x00, 0x00, 0x00, 0x00, 0x00, 0x00, 0x00,
    0x00, 0x00, 0x00, 0x00, 0x00, 0x00, 0x00, 0x00, 0x00, 0x00, 0x00, 0x00, 0x8F, 0x6C, 0x72, 0x7D,
    0x75, 0xAD, 0xFF, 0xFF, 0xFF, 0xFF, 0x0C, 0x7B, 0x87, 0xA1, 0xEC, 0xBA, 0xFF, 0xFF, 0xD2, 0x8C,
    0xF4, 0x85, 0x55, 0x96, 0x55, 0x96, 0x56, 0x96, 0x76, 0x9E, 0x76, 0x9E, 0x76, 0x9E, 0x55, 0x96,
    0x55, 0x96, 0x55, 0x96, 0x55, 0x96, 0x55, 0x96, 0x55, 0x96, 0xD7, 0xA6, 0xB3, 0x85, 0x4B, 0x4B,
    0xC9, 0x42, 0x55, 0x96, 0x55, 0x96, 0x55, 0x96, 0x55, 0x96, 0x55, 0x96, 0x35, 0x8E, 0x35, 0x8E,
    0x35, 0x8E, 0x76, 0x8E, 0x72, 0x75, 0xEF, 0x73, 0xFF, 0xFF, 0xFF, 0xFF, 0xDF, 0xFF, 0xFF, 0xFF,
    0x10, 0x8C, 0x66, 0x91, 0x29, 0xAA, 0xA7, 0xA1, 0xF0, 0xC3, 0xFF, 0xFF, 0xFF, 0xFF, 0xF4, 0xD4,
    0x87, 0xA1, 0x29, 0xAA, 0x87, 0x99, 0x2B, 0x53, 0x73, 0x7D, 0x12, 0x7D, 0x32, 0x7D, 0x32, 0x7D,
    0x32, 0x7D, 0x32, 0x7D, 0x32, 0x7D, 0x32, 0x7D, 0x11, 0x75, 0x0E, 0x5C, 0x12, 0x75, 0xD1, 0x6C,
    0x53, 0x7D, 0x8C, 0x4B, 0xC8, 0x32, 0xCC, 0x4B, 0x8B, 0x4B, 0xAB, 0x43, 0xAB, 0x43, 0xAB, 0x43,
    0xEC, 0x4B, 0x0D, 0x54, 0x48, 0x32, 0xE5, 0x21, 0x4B, 0x5C, 0x0E, 0x6D, 0xAD, 0x64, 0x8C, 0x5C,
    0xCA, 0x53, 0xC7, 0x3A, 0xE8, 0x3A, 0x8C, 0x64, 0x8D, 0x64, 0x8C, 0x5C, 0xCD, 0x64, 0xCD, 0x64,
    0xCD, 0x64, 0xCD, 0x6C, 0xCD, 0x6C, 0xCD, 0x64, 0xAD, 0x64, 0x8C, 0x64, 0xCD, 0x64, 0x49, 0x43,
    0x00, 0x00, 0x00, 0x00, 0x00, 0x00, 0x00, 0x00, 0x00, 0x00, 0x00, 0x00, 0x00, 0x00, 0x00, 0x00,
    0x00, 0x00, 0x00, 0x00, 0x00, 0x00, 0x00, 0x00, 0xF1, 0x74, 0x14, 0x86, 0x59, 0xBE, 0xFF, 0xFF,
    0xFF, 0xFF, 0xAE, 0x8B, 0x09, 0xAA, 0xCB, 0xBA, 0x5D, 0xFF, 0xB1, 0x7C, 0x14, 0x86, 0x55, 0x96,
    0x56, 0x96, 0x76, 0x9E, 0x76, 0x9E, 0x76, 0x9E, 0x76, 0x9E, 0x55, 0x96, 0x55, 0x96, 0x55, 0x96,
    0x55, 0x96, 0x55, 0x96, 0x55, 0x96, 0x55, 0x96, 0x96, 0x9E, 0xB7, 0xA6, 0x96, 0x9E, 0x55, 0x8E,
    0x55, 0x8E, 0x55, 0x96, 0x55, 0x96, 0x35, 0x8E, 0x35, 0x8E, 0x35, 0x8E, 0x35, 0x8E, 0x96, 0x96,
    0xF0, 0x64, 0x55, 0xA5, 0xFF, 0xFF, 0xFF, 0xFF, 0xDF, 0xFF, 0xFF, 0xFF, 0x51, 0x8C, 0x25, 0x81,
    0x29, 0xB2, 0xE8, 0xA1, 0x29, 0xAA, 0x7D, 0xF7, 0xFF, 0xFF, 0x2D, 0xBB, 0xC8, 0xA1, 0x29, 0xAA,
    0xA8, 0xA1, 0x2B, 0x63, 0x73, 0x7D, 0x32, 0x7D, 0x32, 0x7D, 0x32, 0x7D, 0x32, 0x7D, 0x32, 0x7D,
    0x32, 0x7D, 0x32, 0x7D, 0x32, 0x7D, 0x90, 0x6C, 0xF2, 0x74, 0xF2, 0x74, 0xF2, 0x74, 0xD1, 0x6C,
    0x88, 0x32, 0xAB, 0x4B, 0x8B, 0x4B, 0xAB, 0x43, 0xAB, 0x43, 0xAB, 0x43, 0xAB, 0x4B, 0xCB, 0x4B,
    0x6E, 0x54, 0x6B, 0x4B, 0x64, 0x19, 0x67, 0x32, 0x49, 0x43, 0x08, 0x3B, 0xE8, 0x3A, 0x0B, 0x54,
    0xCD, 0x64, 0x8C, 0x64, 0x6C, 0x5C, 0x8D, 0x64, 0xCD, 0x6C, 0xCD, 0x64, 0xCD, 0x64, 0xCD, 0x64,
    0xCD, 0x6C, 0xCD, 0x64, 0xAD, 0x64, 0x6C, 0x5C, 0xCD, 0x64, 0x46, 0x32, 0x00, 0x00, 0x00, 0x00,
    0x00, 0x00, 0x00, 0x00, 0x00, 0x00, 0x00, 0x00, 0x00, 0x00, 0x00, 0x00, 0x00, 0x00, 0x00, 0x00,
    0x00, 0x00, 0x00, 0x00, 0x32, 0x75, 0x76, 0x8E, 0x58, 0xAE, 0xFF, 0xFF, 0xFF, 0xFF, 0x30, 0x8C,
    0x29, 0xA2, 0xCC, 0xC2, 0x52, 0xD4, 0x50, 0x74, 0x55, 0x8E, 0x55, 0x96, 0x76, 0x9E, 0x97, 0xA6,
    0x97, 0xA6, 0x76, 0x9E, 0x76, 0x96, 0x55, 0x96, 0x55, 0x96, 0x55, 0x96, 0x55, 0x96, 0x55, 0x96,
    0x55, 0x96, 0x55, 0x96, 0x55, 0x96, 0x35, 0x8E, 0x35, 0x8E, 0x35, 0x8E, 0x35, 0x8E, 0x55, 0x8E,
    0x35, 0x8E, 0x35, 0x8E, 0x35, 0x8E, 0x55, 0x8E, 0x35, 0x8E, 0xB6, 0x9E, 0x8F, 0x64, 0xD7, 0xBD,
    0xFF, 0xFF, 0xFF, 0xFF, 0xFF, 0xFF, 0xFF, 0xFF, 0x55, 0xAD, 0x45, 0x79, 0x29, 0xB2, 0x09, 0xA2,
    0xC8, 0xA1, 0xCF, 0xC3, 0x76, 0xDD, 0x4A, 0xB2, 0x6B, 0xBA, 0x8B, 0xB2, 0x09, 0xB2, 0x2B, 0x6B,
    0x72, 0x7D, 0x32, 0x7D, 0x32, 0x7D, 0x32, 0x7D, 0x32, 0x75, 0x32, 0x75, 0x32, 0x75, 0x32, 0x7D,
    0xF2, 0x74, 0xF2, 0x74, 0xF2, 0x74, 0x12, 0x75, 0xF1, 0x74, 0x33, 0x75, 0xCD, 0x53, 0xC8, 0x3A,
    0xCC, 0x4B, 0x8B, 0x43, 0x8B, 0x4B, 0x8B, 0x43, 0xAB, 0x43, 0xCB, 0x43, 0xAB, 0x43, 0x2D, 0x54,
    0x4E, 0x5C, 0xA2, 0x08, 0x03, 0x11, 0x6C, 0x5C, 0x0E, 0x6D, 0x8D, 0x64, 0x6C, 0x5C, 0x8C, 0x5C,
    0x8C, 0x5C, 0xAD, 0x64, 0xCD, 0x64, 0xCD, 0x64, 0xCD, 0x64, 0xCD, 0x64, 0xCD, 0x6C, 0xCD, 0x6C,
    0xAD, 0x64, 0x8C, 0x5C, 0xAD, 0x64, 0x43, 0x19, 0x00, 0x00, 0x00, 0x00, 0x00, 0x00, 0x00, 0x00,
    0x00, 0x00, 0x00, 0x00, 0x00, 0x00, 0x00, 0x00, 0x00, 0x00, 0xAA, 0x02, 0x00, 0x00, 0x82, 0x08,
    0xB3, 0x7D, 0x96, 0x96, 0xD0, 0x6C, 0x96, 0xB5, 0x7E, 0xF7, 0x75, 0xAD, 0xE8, 0x91, 0x4D, 0xD3,
    0x4A, 0xBA, 0xAD, 0x73, 0xB7, 0x96, 0x35, 0x96, 0x76, 0x9E, 0x97, 0xA6, 0x97, 0xA6, 0x76, 0x9E,
    0x55, 0x96, 0x55, 0x96, 0x55, 0x96, 0x55, 0x96, 0x55, 0x96, 0x55, 0x96, 0x55, 0x96, 0x55, 0x96,
    0x55, 0x8E, 0x35, 0x8E, 0x35, 0x8E, 0x35, 0x8E, 0x35, 0x8E, 0x55, 0x8E, 0x35, 0x8E, 0x35, 0x8E,
    0x35, 0x8E, 0x35, 0x8E, 0x35, 0x8E, 0x96, 0x96, 0x6F, 0x64, 0x79, 0xCE, 0xFF, 0xFF, 0xFF, 0xFF,
    0xFF, 0xFF, 0xFF, 0xFF, 0x17, 0xBE, 0x45, 0x71, 0x2A, 0xB2, 0x4A, 0xB2, 0xAB, 0xBA, 0x8B, 0xBA,
    0x6B, 0xBA, 0xEC, 0xC2, 0xCC, 0xC2, 0xEC, 0xC2, 0xAC, 0xC2, 0xCD, 0x73, 0x72, 0x7D, 0x32, 0x7D,
    0x32, 0x7D, 0x12, 0x75, 0xF2, 0x74, 0xF2, 0x74, 0x12, 0x75, 0xF2, 0x74, 0xF2, 0x74, 0xF2, 0x74,
    0xF2, 0x74, 0xF2, 0x74, 0xF2, 0x74, 0xF1, 0x6C, 0x12, 0x75, 0xA9, 0x3A, 0x8A, 0x43, 0xAB, 0x4B,
    0x8B, 0x43, 0xAB, 0x43, 0xAB, 0x43, 0xAB, 0x43, 0xAB, 0x4B, 0xAB, 0x4B, 0x0C, 0x54, 0xAB, 0x53,
    0xE6, 0x29, 0x68, 0x32, 0xCA, 0x4B, 0xCD, 0x64, 0x6C, 0x5C, 0x8C, 0x5C, 0x8D, 0x64, 0xCD, 0x6C,
    0xCD, 0x6C, 0xCD, 0x6C, 0xCD, 0x6C, 0xCD, 0x6C, 0xCD, 0x6C, 0xCD, 0x6C, 0xAD, 0x64, 0xAD, 0x64,
    0x4C, 0x5C, 0x81, 0x08, 0x00, 0x00, 0xE0, 0x7B, 0x00, 0x00, 0x00, 0x00, 0x00, 0x00, 0x00, 0x00,
    0x00, 0x00, 0x00, 0x00, 0x00, 0x00, 0x55, 0x55, 0x00, 0x00, 0xE6, 0x21, 0x76, 0x8E, 0x55, 0x8E,
    0x35, 0x8E, 0x93, 0x85, 0xEE, 0x6B, 0x6D, 0x6B, 0x45, 0x61, 0x0D, 0xDB, 0x6A, 0xB2, 0x4F, 0x74,
    0xD7, 0xA6, 0x56, 0x9E, 0x97, 0xA6, 0x97, 0xA6, 0x97, 0xA6, 0x76, 0x9E, 0x55, 0x96, 0x55, 0x96,
    0x55, 0x8E, 0x55, 0x8E, 0x55, 0x96, 0x55, 0x96, 0x55, 0x96, 0x55, 0x8E, 0x35, 0x8E, 0x55, 0x8E,
    0x35, 0x8E, 0x35, 0x8E, 0x55, 0x96, 0x55, 0x96, 0x55, 0x96, 0x35, 0x8E, 0x35, 0x8E, 0x35, 0x8E,
    0x35, 0x8E, 0xB6, 0x96, 0x4F, 0x64, 0x59, 0xCE, 0xFF, 0xFF, 0xFF, 0xFF, 0xFF, 0xFF, 0xFF, 0xFF,
    0xFB, 0xD6, 0x66, 0x59, 0x8B, 0xC2, 0xCC, 0xBA, 0xEC, 0xC2, 0xEC, 0xC2, 0x0C, 0xC3, 0xEC, 0xC2,
    0x0D, 0xCB, 0x2D, 0xD3, 0xE9, 0xA1, 0x2B, 0x53, 0x93, 0x85, 0x12, 0x7D, 0xF2, 0x74, 0xF1, 0x74,
    0xF2, 0x74, 0xF2, 0x74, 0xF2, 0x74, 0xF2, 0x74, 0xF2, 0x74, 0xF2, 0x6C, 0xF2, 0x74, 0xF2, 0x74,
    0xF2, 0x74, 0xF1, 0x74, 0x32, 0x75, 0x2F, 0x5C, 0xA8, 0x32, 0xCC, 0x4B, 0x8B, 0x43, 0xAB, 0x43,
    0xAB, 0x43, 0x8B, 0x43, 0x8B, 0x43, 0x8B, 0x4B, 0x8B, 0x4B, 0xEC, 0x53, 0x09, 0x43, 0x4F, 0x64,
    0x68, 0x32, 0xEA, 0x53, 0xCD, 0x64, 0x8C, 0x64, 0xCD, 0x64, 0xAD, 0x64, 0xCD, 0x64, 0xCD, 0x64,
    0xAD, 0x64, 0xAD, 0x64, 0xAD, 0x64, 0xAD, 0x64, 0x6C, 0x5C, 0xCD, 0x64, 0x49, 0x43, 0x00, 0x00,
    0x00, 0x00, 0x00, 0x00, 0x00, 0x00, 0x00, 0x00, 0x00, 0x00, 0x00, 0x00, 0x00, 0x00, 0x00, 0x00,
    0x00, 0x00, 0x55, 0x55, 0x00, 0x00, 0x07, 0x2A, 0x35, 0x86, 0x76, 0x96, 0x35, 0x8E, 0x97, 0x9E,
    0x97, 0x9E, 0x11, 0x75, 0x6C, 0x53, 0x8A, 0x6A, 0x08, 0x6A, 0x32, 0x85, 0xD7, 0xA6, 0x76, 0x9E,
    0x77, 0x9E, 0x97, 0xA6, 0x77, 0x9E, 0x76, 0x96, 0x55, 0x96, 0x35, 0x8E, 0x35, 0x8E, 0x35, 0x8E,
    0x35, 0x8E, 0x55, 0x96, 0x55, 0x8E, 0x35, 0x8E, 0x35, 0x8E, 0x35, 0x86, 0x35, 0x8E, 0x55, 0x96,
    0x55, 0x9E, 0x55, 0x96, 0x55, 0x96, 0x55, 0x96, 0x35, 0x8E, 0x35, 0x8E, 0x35, 0x8E, 0x96, 0x96,
    0x0E, 0x5C, 0xBA, 0xD6, 0xFF, 0xFF, 0xFF, 0xFF, 0xFF, 0xFF, 0xFF, 0xFF, 0xFF, 0xFF, 0xCB, 0x6A,
    0x8B, 0xBA, 0x2D, 0xD3, 0x0D, 0xCB, 0xEC, 0xCA, 0xCC, 0xCA, 0x8B, 0xC2, 0x29, 0xA2, 0xE8, 0x69,
    0x07, 0x3A, 0xB0, 0x6C, 0x52, 0x7D, 0xF2, 0x74, 0xF2, 0x74, 0xF2, 0x74, 0xF2, 0x74, 0xF2, 0x74,
    0xF2, 0x74, 0xF2, 0x74, 0xF2, 0x74, 0xF2, 0x74, 0xF2, 0x74, 0x12, 0x75, 0x32, 0x75, 0x12, 0x75,
    0xF1, 0x74, 0x32, 0x75, 0xC9, 0x3A, 0x6A, 0x43, 0xAB, 0x4B, 0xAB, 0x43, 0x8B, 0x43, 0x8B, 0x43,
    0x8B, 0x43, 0x8B, 0x43, 0x8B, 0x43, 0xAB, 0x4B, 0xA8, 0x32, 0xCD, 0x5B, 0x32, 0x7D, 0x07, 0x2A,
    0xCA, 0x4B, 0x0E, 0x6D, 0x8C, 0x64, 0xAD, 0x64, 0xAD, 0x64, 0xAD, 0x64, 0xAD, 0x64, 0xAD, 0x64,
    0xAD, 0x64, 0x8C, 0x5C, 0x6C, 0x5C, 0xAD, 0x64, 0x02, 0x11, 0x00, 0x00, 0x00, 0x00, 0x00, 0x00,
    0x00, 0x00, 0x00, 0x00, 0x00, 0x00, 0x00, 0x00, 0x00, 0x00, 0x00, 0x00, 0x00, 0x00, 0xFF, 0x7F,
    0x00, 0x00, 0xA6, 0x21, 0x93, 0x7D, 0x93, 0x7D, 0x14, 0x86, 0x35, 0x8E, 0x77, 0x9E, 0xD8, 0xA6,
    0xD8, 0xA6, 0x76, 0x96, 0x56, 0x96, 0xB7, 0xAE, 0x77, 0xA6, 0x77, 0x9E, 0x77, 0x9E, 0xB8, 0xAE,
    0x77, 0x9E, 0x56, 0x96, 0x55, 0x8E, 0x35, 0x8E, 0x35, 0x8E, 0x35, 0x8E, 0x35, 0x8E, 0x55, 0x8E,
    0x35, 0x8E, 0x35, 0x8E, 0x35, 0x8E, 0x55, 0x96, 0x55, 0x9E, 0x55, 0x96, 0x55, 0x9E, 0x55, 0x96,
    0x55, 0x96, 0x55, 0x96, 0x55, 0x96, 0x35, 0x8E, 0x15, 0x8E, 0xB7, 0x96, 0xAC, 0x4B, 0x2D, 0x6B,
    0x3D, 0xEF, 0xDF, 0xFF, 0xFF, 0xFF, 0xFF, 0xFF, 0xDF, 0xFF, 0x55, 0xAD, 0x05, 0x59, 0x4A, 0xA2,
    0x08, 0x82, 0x28, 0x72, 0x49, 0x62, 0xCA, 0x5A, 0xCD, 0x53, 0xF1, 0x64, 0x73, 0x7D, 0x52, 0x7D,
    0x12, 0x75, 0xF2, 0x74, 0xF2, 0x74, 0x12, 0x75, 0xF2, 0x74, 0xF2, 0x74, 0xF2, 0x74, 0xF2, 0x74,
    0xF2, 0x74, 0xF2, 0x74, 0x12, 0x75, 0x32, 0x7D, 0x32, 0x75, 0x12, 0x75, 0x11, 0x75, 0x32, 0x75,
    0x4F, 0x64, 0xA8, 0x32, 0xCC, 0x4B, 0x8B, 0x43, 0x8B, 0x43, 0x8B, 0x43, 0x8B, 0x43, 0x8B, 0x43,
    0x8B, 0x43, 0xAB, 0x4B, 0xE9, 0x3A, 0x4B, 0x4B, 0x73, 0x7D, 0xF1, 0x74, 0xE6, 0x29, 0x0B, 0x54,
    0xCD, 0x64, 0x8C, 0x64, 0xAD, 0x64, 0xAD, 0x64, 0xAD, 0x64, 0xAD, 0x64, 0x8C, 0x5C, 0x6C, 0x5C,
    0xEE, 0x64, 0x26, 0x2A, 0x00, 0x00, 0x00, 0x00, 0x00, 0x00, 0x00, 0x00, 0x00, 0x00, 0x00, 0x00,
    0x00, 0x00, 0x00, 0x00, 0x00, 0x00, 0x00, 0x00, 0x00, 0x00, 0xEF, 0x7B, 0x00, 0x00, 0xA2, 0x08,
    0x53, 0x7D, 0xAD, 0x53, 0x2E, 0x5C, 0xD7, 0x96, 0x55, 0x96, 0x76, 0x9E, 0x56, 0x9E, 0x77, 0xA6,
    0xB7, 0xAE, 0x77, 0x9E, 0x77, 0x9E, 0x77, 0x9E, 0x97, 0xA6, 0xB8, 0xAE, 0x77, 0x9E, 0x56, 0x96,
    0x55, 0x8E, 0x35, 0x8E, 0x35, 0x8E, 0x35, 0x8E, 0x55, 0x96, 0x55, 0x96, 0x55, 0x96, 0x55, 0x96,
    0x55, 0x96, 0x55, 0x9E, 0x55, 0x96, 0x75, 0x96, 0x55, 0x9E, 0x55, 0x96, 0x55, 0x96, 0x55, 0x96,
    0x55, 0x96, 0x35, 0x8E, 0x35, 0x8E, 0x55, 0x8E, 0xF4, 0x85, 0x6B, 0x4B, 0x8C, 0x53, 0x91, 0x7C,
    0x94, 0x95, 0x57, 0xA6, 0x12, 0x85, 0x90, 0x74, 0x4E, 0x5C, 0xD0, 0x6C, 0x52, 0x6D, 0x93, 0x75,
    0x14, 0x7E, 0x35, 0x7E, 0xF4, 0x85, 0xB3, 0x85, 0x52, 0x7D, 0xF1, 0x74, 0xD1, 0x6C, 0x12, 0x75,
    0xF1, 0x74, 0xF2, 0x74, 0xF2, 0x74, 0xF2, 0x74, 0xF2, 0x74, 0xF2, 0x74, 0xF2, 0x74, 0xF2, 0x74,
    0x32, 0x75, 0x32, 0x75, 0x12, 0x75, 0x12, 0x75, 0x12, 0x75, 0xF1, 0x6C, 0x33, 0x75, 0x0A, 0x43,
    0x4A, 0x3B, 0xEC, 0x4B, 0xCC, 0x4B, 0xCB, 0x4B, 0xAB, 0x4B, 0xAB, 0x4B, 0xAB, 0x4B, 0xEC, 0x4B,
    0x2A, 0x3B, 0x2B, 0x4B, 0x32, 0x75, 0x12, 0x75, 0x70, 0x6C, 0xC5, 0x21, 0xAC, 0x5C, 0xAD, 0x64,
    0xAC, 0x64, 0xAD, 0x64, 0xAD, 0x64, 0x8C, 0x64, 0x8D, 0x5C, 0xCD, 0x64, 0xE8, 0x3A, 0x00, 0x00,
    0x41, 0x08, 0x00, 0x00, 0x00, 0x00, 0x00, 0x00, 0x00, 0x00, 0x00, 0x00, 0x00, 0x00, 0x00, 0x00,
    0x00, 0x00, 0x00, 0x00, 0x00, 0x00, 0x00, 0x00, 0x00, 0x00, 0x00, 0x00, 0x0B, 0x43, 0x53, 0x7D,
    0xC6, 0x29, 0x8C, 0x4B, 0x15, 0x86, 0x56, 0x8E, 0x56, 0x96, 0x77, 0x9E, 0x77, 0x9E, 0x77, 0x9E,
    0x77, 0x9E, 0x76, 0x9E, 0xB8, 0xAE, 0xB8, 0xAE, 0x97, 0xA6, 0x75, 0x9E, 0x55, 0x96, 0x55, 0x96,
    0x55, 0x96, 0x55, 0x96, 0x55, 0x96, 0x75, 0x96, 0x55, 0x96, 0x55, 0x96, 0x55, 0x96, 0x55, 0x96,
    0x55, 0x96, 0x75, 0x9E, 0x55, 0x9E, 0x55, 0x96, 0x55, 0x96, 0x75, 0x9E, 0x55, 0x8E, 0x35, 0x8E,
    0x35, 0x8E, 0x35, 0x8E, 0x55, 0x8E, 0xB7, 0x96, 0x76, 0x8E, 0x35, 0x86, 0x35, 0x86, 0x14, 0x86,
    0x55, 0x8E, 0x76, 0x96, 0xB7, 0x96, 0x96, 0x96, 0x76, 0x96, 0x76, 0x96, 0x35, 0x86, 0xB4, 0x7D,
    0x52, 0x75, 0x72, 0x7D, 0xF4, 0x8D, 0xEA, 0x42, 0x4F, 0x64, 0x12, 0x75, 0xF2, 0x74, 0xF2, 0x74,
    0xF2, 0x74, 0xF2, 0x74, 0xF2, 0x74, 0xF2, 0x74, 0xF2, 0x74, 0x12, 0x75, 0x12, 0x75, 0x12, 0x75,
    0xF2, 0x74, 0x12, 0x75, 0x12, 0x75, 0xF1, 0x74, 0x12, 0x75, 0x70, 0x64, 0x47, 0x2A, 0xE9, 0x3A,
    0x09, 0x3B, 0x29, 0x3B, 0x4A, 0x3B, 0x4A, 0x3B, 0x4A, 0x43, 0x4A, 0x43, 0xE6, 0x29, 0xAD, 0x53,
    0x53, 0x75, 0xD1, 0x6C, 0x53, 0x7D, 0xCE, 0x5B, 0x26, 0x2A, 0xED, 0x64, 0x8C, 0x5C, 0xAC, 0x64,
    0xAD, 0x64, 0xCD, 0x64, 0x6C, 0x5C, 0x28, 0x43, 0xC2, 0x08, 0x00, 0x00, 0x00, 0x00, 0x00, 0x00,
    0x00, 0x00, 0x00, 0x00, 0x00, 0x00, 0x00, 0x00, 0x00, 0x00, 0x00, 0x00, 0x00, 0x00, 0x00, 0x00,
    0x00, 0x00, 0x00, 0x00, 0xEF, 0x03, 0x00, 0x00, 0x20, 0x00, 0x2F, 0x5C, 0x53, 0x7D, 0x89, 0x3A,
    0xA9, 0x3A, 0xB0, 0x64, 0xF4, 0x85, 0x56, 0x8E, 0x56, 0x96, 0x77, 0x9E, 0x77, 0x9E, 0x97, 0x9E,
    0x12, 0x7D, 0x97, 0xAE, 0x97, 0xA6, 0x55, 0x96, 0x55, 0x96, 0x55, 0x96, 0x55, 0x96, 0x55, 0x96,
    0x76, 0x9E, 0x14, 0x8E, 0x55, 0x96, 0x55, 0x96, 0x55, 0x96, 0x55, 0x96, 0x55, 0x96, 0x55, 0x96,
    0x55, 0x96, 0x55, 0x96, 0x75, 0x96, 0x55, 0x8E, 0x35, 0x8E, 0x35, 0x8E, 0x35, 0x8E, 0x55, 0x8E,
    0x35, 0x8E, 0x15, 0x8E, 0x35, 0x8E, 0x35, 0x8E, 0x35, 0x8E, 0x35, 0x8E, 0x35, 0x8E, 0x35, 0x8E,
    0x35, 0x8E, 0x35, 0x8E, 0x15, 0x86, 0xD4, 0x85, 0xB3, 0x7D, 0xB3, 0x7D, 0xD4, 0x85, 0xB3, 0x85,
    0x4B, 0x4B, 0x68, 0x32, 0x33, 0x7D, 0xF1, 0x74, 0xF2, 0x74, 0xF2, 0x74, 0xF2, 0x74, 0xF2, 0x74,
    0xF2, 0x74, 0xF2, 0x74, 0xF2, 0x74, 0xF1, 0x74, 0xF2, 0x74, 0xF2, 0x74, 0xF2, 0x74, 0x12, 0x75,
    0x12, 0x75, 0xF2, 0x74, 0xF1, 0x6C, 0x12, 0x75, 0xB1, 0x6C, 0xEE, 0x5B, 0x8C, 0x53, 0x6C, 0x4B,
    0x2B, 0x43, 0xEA, 0x42, 0x2B, 0x4B, 0x4B, 0x4B, 0x0E, 0x64, 0x32, 0x7D, 0xF2, 0x74, 0xF2, 0x74,
    0xF1, 0x74, 0x73, 0x7D, 0xCA, 0x42, 0xE7, 0x3A, 0x2E, 0x6D, 0xAD, 0x64, 0x6C, 0x5C, 0xEB, 0x53,
    0x49, 0x43, 0x84, 0x19, 0x20, 0x00, 0x00, 0x00, 0x00, 0x00, 0x00, 0x00, 0x00, 0x00, 0x00, 0x00,
    0x00, 0x00, 0x00, 0x00, 0x00, 0x00, 0x00, 0x00, 0x00, 0x00, 0x00, 0x00, 0x00, 0x00, 0x00, 0x00,
    0x00, 0x00, 0xEF, 0x7B, 0x00, 0x00, 0xE3, 0x10, 0xD1, 0x6C, 0xB4, 0x85, 0x2F, 0x64, 0x68, 0x32,
    0xA9, 0x3A, 0x90, 0x64, 0xF4, 0x85, 0x15, 0x8E, 0x15, 0x8E, 0x76, 0x9E, 0x11, 0x7D, 0x36, 0x9E,
    0x97, 0xA6, 0x55, 0x96, 0x55, 0x96, 0x55, 0x96, 0x55, 0x96, 0x96, 0x9E, 0x0D, 0x5C, 0x4E, 0x64,
    0x75, 0x96, 0x55, 0x96, 0x55, 0x96, 0x55, 0x96, 0x55, 0x96, 0x55, 0x96, 0x55, 0x96, 0x55, 0x96,
    0x55, 0x8E, 0x35, 0x8E, 0x35, 0x8E, 0x35, 0x8E, 0x35, 0x8E, 0x35, 0x8E, 0x35, 0x8E, 0x35, 0x8E,
    0x35, 0x8E, 0x35, 0x8E, 0x35, 0x8E, 0x55, 0x8E, 0x55, 0x8E, 0x35, 0x8E, 0x15, 0x86, 0xF5, 0x85,
    0xD4, 0x85, 0xD4, 0x85, 0x94, 0x85, 0xB0, 0x6C, 0x6B, 0x4B, 0x68, 0x3A, 0x0A, 0x43, 0xF2, 0x74,
    0xF2, 0x74, 0xF2, 0x74, 0xF2, 0x74, 0xF2, 0x74, 0xF2, 0x74, 0xF2, 0x74, 0xF2, 0x74, 0xF2, 0x74,
    0xF2, 0x74, 0xF2, 0x74, 0xF2, 0x74, 0xF2, 0x74, 0xF2, 0x74, 0xF2, 0x74, 0x12, 0x75, 0xF2, 0x74,
    0xF2, 0x74, 0xF2, 0x74, 0x12, 0x75, 0x52, 0x7D, 0x53, 0x7D, 0x53, 0x7D, 0x53, 0x7D, 0x53, 0x7D,
    0x73, 0x85, 0x93, 0x85, 0x73, 0x85, 0xF2, 0x74, 0xF2, 0x74, 0xF2, 0x74, 0xF2, 0x74, 0xF1, 0x74,
    0x12, 0x75, 0x06, 0x2A, 0x49, 0x43, 0x8A, 0x4B, 0xCA, 0x4B, 0xCA, 0x4B, 0xE5, 0x21, 0x00, 0x00,
    0x00, 0x00, 0x00, 0x00, 0x00, 0x00, 0x00, 0x00, 0x00, 0x00, 0x00, 0x00, 0x00, 0x00, 0x00, 0x00,
    0x00, 0x00, 0x00, 0x00, 0x00, 0x00, 0x00, 0x00, 0x00, 0x00, 0x00, 0x00, 0x00, 0x00, 0x00, 0x00,
    0x00, 0x00, 0x00, 0x00, 0x85, 0x21, 0x4F, 0x64, 0x74, 0x7D, 0x12, 0x75, 0x6F, 0x64, 0x8C, 0x53,
    0xC9, 0x42, 0x0E, 0x5C, 0x11, 0x75, 0xF4, 0x85, 0x96, 0x96, 0x75, 0x96, 0x55, 0x96, 0x55, 0x96,
    0x55, 0x96, 0x55, 0x96, 0x75, 0x9E, 0x55, 0x96, 0xB3, 0x85, 0x35, 0x96, 0x55, 0x96, 0x75, 0x9E,
    0x55, 0x9E, 0x55, 0x96, 0x55, 0x96, 0x55, 0x96, 0x55, 0x96, 0x55, 0x96, 0x35, 0x8E, 0x35, 0x8E,
    0x35, 0x8E, 0x35, 0x8E, 0x35, 0x8E, 0x35, 0x8E, 0x35, 0x8E, 0x35, 0x8E, 0x35, 0x8E, 0x35, 0x8E,
    0x35, 0x8E, 0x35, 0x8E, 0x15, 0x8E, 0x15, 0x8E, 0xD4, 0x85, 0x32, 0x75, 0xF1, 0x74, 0xEE, 0x5B,
    0xCA, 0x42, 0xEA, 0x42, 0x0D, 0x5C, 0x11, 0x75, 0x53, 0x7D, 0xF2, 0x74, 0xF2, 0x74, 0xF2, 0x74,
    0xF2, 0x74, 0xD1, 0x74, 0x12, 0x75, 0xF1, 0x74, 0xF2, 0x74, 0xF2, 0x74, 0xF2, 0x74, 0xF2, 0x74,
    0xF2, 0x74, 0xF2, 0x74, 0xF2, 0x74, 0x12, 0x75, 0x12, 0x75, 0x12, 0x75, 0x12, 0x75, 0x12, 0x75,
    0x12, 0x75, 0x11, 0x75, 0x11, 0x75, 0x11, 0x75, 0x11, 0x75, 0x12, 0x75, 0x32, 0x7D, 0x11, 0x7D,
    0xF1, 0x74, 0xD2, 0x74, 0xF2, 0x74, 0xF2, 0x74, 0xF2, 0x74, 0xD1, 0x74, 0x52, 0x7D, 0x4F, 0x64,
    0x63, 0x19, 0x6C, 0x5C, 0x69, 0x4B, 0x43, 0x19, 0x00, 0x00, 0x00, 0x00, 0x00, 0x00, 0x00, 0x00,
    0x00, 0x00, 0x00, 0x00, 0x00, 0x00, 0x00, 0x00, 0x00, 0x00, 0x00, 0x00, 0x00, 0x00, 0x00, 0x00,
    0x00, 0x00, 0x00, 0x00, 0x00, 0x00, 0x00, 0x00, 0x00, 0x00, 0x00, 0x00, 0x00, 0x00, 0x00, 0x00,
    0x00, 0x00, 0x61, 0x08, 0x4B, 0x4B, 0x93, 0x85, 0x73, 0x85, 0xB4, 0x85, 0xC9, 0x42, 0xAC, 0x52,
    0xED, 0x5A, 0xCA, 0x4A, 0x0D, 0x5C, 0x31, 0x75, 0x14, 0x8E, 0x35, 0x8E, 0x55, 0x96, 0x55, 0x96,
    0x55, 0x96, 0x55, 0x96, 0x55, 0x96, 0x55, 0x96, 0x35, 0x96, 0x55, 0x96, 0x55, 0x96, 0x55, 0x96,
    0x55, 0x96, 0x55, 0x96, 0x55, 0x8E, 0x35, 0x8E, 0x35, 0x86, 0x35, 0x86, 0x35, 0x86, 0x35, 0x8E,
    0x55, 0x8E, 0x55, 0x8E, 0x55, 0x8E, 0x35, 0x86, 0x15, 0x86, 0xD4, 0x7D, 0x73, 0x75, 0x11, 0x75,
    0x70, 0x6C, 0x8D, 0x53, 0x8D, 0x5B, 0x11, 0x74, 0x25, 0x21, 0x44, 0x19, 0xD1, 0x6C, 0x53, 0x7D,
    0x53, 0x7D, 0xF2, 0x74, 0xD1, 0x74, 0xF2, 0x74, 0xF2, 0x74, 0xF2, 0x74, 0xF2, 0x74, 0x53, 0x7D,
    0x90, 0x6C, 0x2B, 0x43, 0x33, 0x75, 0xF1, 0x74, 0xF2, 0x74, 0xF2, 0x74, 0x12, 0x75, 0x12, 0x75,
    0x32, 0x7D, 0x32, 0x7D, 0x32, 0x7D, 0x32, 0x75, 0x32, 0x75, 0x12, 0x75, 0x32, 0x75, 0x32, 0x75,
    0x12, 0x75, 0x12, 0x75, 0x32, 0x75, 0x32, 0x7D, 0x12, 0x75, 0xF2, 0x74, 0xF2, 0x74, 0x12, 0x75,
    0x12, 0x75, 0xF2, 0x74, 0x12, 0x75, 0x12, 0x75, 0x11, 0x75, 0x93, 0x85, 0xC9, 0x3A, 0x40, 0x00,
    0x00, 0x00, 0x00, 0x00, 0x00, 0x00, 0x00, 0x00, 0x00, 0x00, 0x00, 0x00, 0x00, 0x00, 0x00, 0x00,
    0x00, 0x00, 0x00, 0x00, 0x00, 0x00, 0x00, 0x00, 0x00, 0x00, 0x00, 0x00, 0x00, 0x00, 0x00, 0x00,
    0x00, 0x00, 0x00, 0x00, 0x00, 0x00, 0x00, 0x00, 0x00, 0x00, 0x00, 0x00, 0xFF, 0x7F, 0x00, 0x00,
    0x00, 0x00, 0xC9, 0x42, 0x11, 0x75, 0x93, 0x85, 0x52, 0x7D, 0xCD, 0x5B, 0xC7, 0x31, 0x6B, 0x62,
    0xED, 0x72, 0xA6, 0x31, 0x07, 0x32, 0x8C, 0x53, 0x4E, 0x5C, 0xF0, 0x6C, 0x72, 0x75, 0x92, 0x7D,
    0xD3, 0x85, 0xD3, 0x7D, 0xD3, 0x7D, 0xD3, 0x85, 0xD3, 0x7D, 0xB3, 0x7D, 0xB3, 0x7D, 0x93, 0x7D,
    0x72, 0x75, 0x11, 0x6D, 0xF1, 0x6C, 0xB0, 0x64, 0x6F, 0x5C, 0x2E, 0x5C, 0x2E, 0x5C, 0xED, 0x5B,
    0xAC, 0x53, 0x4B, 0x4B, 0x0B, 0x4B, 0xAA, 0x4A, 0x4A, 0x4A, 0x4A, 0x52, 0x6B, 0x62, 0xE9, 0x59,
    0x2E, 0x6B, 0xDA, 0xBD, 0xC7, 0x31, 0xB0, 0x6C, 0x33, 0x75, 0xD1, 0x6C, 0xF1, 0x6C, 0xF2, 0x74,
    0xF2, 0x74, 0xF2, 0x74, 0xF2, 0x74, 0x12, 0x75, 0x32, 0x7D, 0x72, 0x7D, 0x68, 0x3A, 0x4F, 0x64,
    0x12, 0x75, 0xF1, 0x74, 0x12, 0x75, 0x12, 0x75, 0x32, 0x75, 0x72, 0x7D, 0x72, 0x7D, 0x72, 0x7D,
    0x32, 0x7D, 0x32, 0x7D, 0x32, 0x7D, 0x32, 0x7D, 0x32, 0x7D, 0x32, 0x7D, 0x32, 0x75, 0x12, 0x75,
    0x12, 0x75, 0x12, 0x75, 0xF2, 0x74, 0xF2, 0x74, 0xF2, 0x74, 0xF2, 0x74, 0x12, 0x75, 0x73, 0x7D,
    0x93, 0x7D, 0x32, 0x75, 0xF2, 0x74, 0x12, 0x75, 0xD1, 0x6C, 0x82, 0x08, 0x00, 0x00, 0x00, 0x00,
    0x00, 0x00, 0x00, 0x00, 0x00, 0x00, 0x00, 0x00, 0x00, 0x00, 0x00, 0x00, 0x00, 0x00, 0x00, 0x00,
    0x00, 0x00, 0x00, 0x00, 0x00, 0x00, 0x00, 0x00, 0x00, 0x00, 0x00, 0x00, 0x00, 0x00, 0x00, 0x00,
    0x00, 0x00, 0x00, 0x00, 0x00, 0x00, 0x00, 0x00, 0x00, 0x00, 0xAA, 0x02, 0x00, 0x00, 0x00, 0x00,
    0xC3, 0x10, 0xED, 0x5B, 0x93, 0x85, 0x93, 0x85, 0xB0, 0x6C, 0xCA, 0x4A, 0x6A, 0x5A, 0x46, 0x31,
    0xAD, 0x72, 0xCD, 0x7A, 0x2A, 0x5A, 0x09, 0x52, 0x4A, 0x52, 0x6A, 0x52, 0xAA, 0x4A, 0x8A, 0x4A,
    0x8A, 0x4A, 0x89, 0x4A, 0x69, 0x4A, 0x69, 0x4A, 0x49, 0x4A, 0x29, 0x42, 0xE8, 0x41, 0xE8, 0x49,
    0x09, 0x4A, 0xE9, 0x49, 0x09, 0x52, 0x2A, 0x5A, 0x6B, 0x6A, 0x8C, 0x6A, 0x8C, 0x72, 0xCD, 0x7A,
    0xEE, 0x82, 0x2F, 0x8B, 0x50, 0x8B, 0x70, 0x93, 0xD2, 0xA3, 0xCE, 0x82, 0x65, 0x21, 0x2B, 0x4B,
    0x70, 0x64, 0x12, 0x75, 0xD1, 0x6C, 0xF2, 0x74, 0xF2, 0x74, 0xF2, 0x74, 0xF2, 0x74, 0xF2, 0x74,
    0x32, 0x7D, 0x31, 0x7D, 0xB3, 0x85, 0x2B, 0x4B, 0xA9, 0x3A, 0x73, 0x7D, 0xF1, 0x74, 0x32, 0x75,
    0x53, 0x7D, 0x93, 0x7D, 0x14, 0x8E, 0xD3, 0x85, 0xF4, 0x85, 0x93, 0x7D, 0x52, 0x7D, 0x52, 0x7D,
    0x32, 0x7D, 0x52, 0x7D, 0x32, 0x7D, 0x32, 0x7D, 0x12, 0x75, 0x12, 0x75, 0xF2, 0x74, 0xF2, 0x74,
    0xF2, 0x74, 0xF1, 0x74, 0x32, 0x75, 0x93, 0x7D, 0xF4, 0x7D, 0xF4, 0x7D, 0x93, 0x7D, 0x32, 0x75,
    0xF2, 0x74, 0xF1, 0x6C, 0x73, 0x7D, 0x4B, 0x4B, 0x00, 0x00, 0x00, 0x00, 0x00, 0x00, 0x00, 0x00,
    0x00, 0x00, 0x00, 0x00, 0x00, 0x00, 0x00, 0x00, 0x00, 0x00, 0x00, 0x00, 0x00, 0x00, 0x00, 0x00,
    0x00, 0x00, 0x00, 0x00, 0x00, 0x00, 0x00, 0x00, 0x00, 0x00, 0x00, 0x00, 0x00, 0x00, 0x00, 0x00,
    0x00, 0x00, 0x00, 0x00, 0x00, 0x00, 0x00, 0x00, 0x00, 0x00, 0x00, 0x00, 0x00, 0x00, 0x00, 0x00,
    0xC9, 0x42, 0x32, 0x7D, 0xD4, 0x85, 0x72, 0x7D, 0xAC, 0x53, 0xE7, 0x31, 0xEE, 0x7A, 0x91, 0x93,
    0xD1, 0x9B, 0x70, 0x93, 0x50, 0x8B, 0x30, 0x93, 0x0F, 0x8B, 0x50, 0x93, 0x50, 0x9B, 0x71, 0x9B,
    0x71, 0x9B, 0x91, 0xA3, 0x91, 0xA3, 0x91, 0xA3, 0xB1, 0xA3, 0xB2, 0xA3, 0x91, 0xA3, 0x91, 0xA3,
    0x91, 0x9B, 0x91, 0x9B, 0x70, 0x93, 0x90, 0x93, 0x90, 0x93, 0x90, 0x93, 0x70, 0x8B, 0x6F, 0x8B,
    0x90, 0x93, 0x70, 0x93, 0xE9, 0x51, 0xAA, 0x42, 0xF1, 0x6C, 0x53, 0x75, 0xF2, 0x74, 0xD1, 0x74,
    0x12, 0x75, 0x12, 0x75, 0x12, 0x75, 0x12, 0x75, 0x32, 0x7D, 0x31, 0x7D, 0x52, 0x7D, 0x93, 0x85,
    0x2E, 0x64, 0xCD, 0x5B, 0x93, 0x85, 0x72, 0x7D, 0x93, 0x7D, 0xD4, 0x7D, 0x14, 0x86, 0x55, 0x96,
    0x75, 0x96, 0x55, 0x96, 0x35, 0x8E, 0xB3, 0x85, 0xB3, 0x85, 0x72, 0x7D, 0x52, 0x7D, 0xF1, 0x74,
    0x31, 0x7D, 0x32, 0x7D, 0x12, 0x75, 0x11, 0x75, 0x12, 0x75, 0x12, 0x75, 0xF2, 0x6C, 0x93, 0x7D,
    0x14, 0x86, 0x35, 0x8E, 0x35, 0x8E, 0x14, 0x7E, 0x93, 0x75, 0x32, 0x75, 0xF2, 0x74, 0xF2, 0x74,
    0x12, 0x6D, 0x12, 0x75, 0xE3, 0x10, 0x00, 0x00, 0xFF, 0xFF, 0x00, 0x00, 0x00, 0x00, 0x00, 0x00,
    0x00, 0x00, 0x00, 0x00, 0x00, 0x00, 0x00, 0x00, 0x00, 0x00, 0x00, 0x00, 0x00, 0x00, 0x00, 0x00,
    0x00, 0x00, 0x00, 0x00, 0x00, 0x00, 0x00, 0x00, 0x00, 0x00, 0x00, 0x00, 0x00, 0x00, 0x00, 0x00,
    0x00, 0x00, 0x00, 0x00, 0x00, 0x00, 0x00, 0x00, 0xFF, 0xFF, 0x00, 0x00, 0x00, 0x00, 0x85, 0x21,
    0xAD, 0x53, 0x52, 0x7D, 0xB4, 0x85, 0x32, 0x7D, 0x6C, 0x53, 0x49, 0x52, 0x6C, 0x72, 0x91, 0x9B,
    0x13, 0xAC, 0x13, 0xAC, 0x33, 0xB4, 0x74, 0xB4, 0x74, 0xBC, 0x94, 0xBC, 0x94, 0xBC, 0x94, 0xBC,
    0x94, 0xBC, 0x94, 0xBC, 0x94, 0xBC, 0x74, 0xB4, 0x74, 0xB4, 0x54, 0xB4, 0x33, 0xAC, 0xF2, 0xAB,
    0xD2, 0xA3, 0x91, 0x9B, 0x50, 0x93, 0x4F, 0x8B, 0x90, 0x93, 0x70, 0x93, 0x4B, 0x6A, 0x29, 0x42,
    0xAD, 0x4B, 0x32, 0x75, 0xF2, 0x74, 0xD1, 0x6C, 0xF2, 0x74, 0x12, 0x7D, 0x52, 0x7D, 0x32, 0x7D,
    0x32, 0x7D, 0x32, 0x7D, 0x32, 0x7D, 0x93, 0x85, 0xF1, 0x74, 0x8C, 0x53, 0x6F, 0x64, 0xB3, 0x85,
    0xD3, 0x85, 0x14, 0x86, 0x35, 0x8E, 0x55, 0x96, 0x55, 0x96, 0x55, 0x96, 0x55, 0x96, 0x75, 0x9E,
    0x35, 0x96, 0x55, 0x96, 0x14, 0x86, 0x72, 0x7D, 0x93, 0x85, 0x2E, 0x64, 0xB0, 0x6C, 0x52, 0x7D,
    0x11, 0x75, 0x32, 0x75, 0xB0, 0x6C, 0xAD, 0x53, 0xF4, 0x7D, 0x35, 0x8E, 0x35, 0x8E, 0x35, 0x8E,
    0x35, 0x8E, 0x14, 0x7E, 0x93, 0x75, 0x32, 0x75, 0x12, 0x75, 0xF2, 0x74, 0xF1, 0x74, 0x73, 0x7D,
    0x8C, 0x4B, 0x00, 0x00, 0x00, 0x00, 0x00, 0x00, 0x00, 0x00, 0x00, 0x00, 0x00, 0x00, 0x00, 0x00,
    0x00, 0x00, 0x00, 0x00, 0x00, 0x00, 0x00, 0x00, 0x00, 0x00, 0x00, 0x00, 0x00, 0x00, 0x00, 0x00,
    0x00, 0x00, 0x00, 0x00, 0x00, 0x00, 0x00, 0x00, 0x00, 0x00, 0x00, 0x00, 0x00, 0x00, 0x00, 0x00,
    0x00, 0x00, 0x00, 0x00, 0x00, 0x00, 0x00, 0x00, 0x00, 0x00, 0x00, 0x00, 0x00, 0x00, 0xA6, 0x21,
    0x0E, 0x5C, 0x93, 0x85, 0x93, 0x85, 0xD0, 0x6C, 0x4B, 0x4B, 0x6A, 0x52, 0x6F, 0x93, 0x74, 0xBC,
    0xD6, 0xC4, 0xB5, 0xC4, 0x94, 0xBC, 0x74, 0xB4, 0x74, 0xB4, 0x74, 0xBC, 0x74, 0xBC, 0x74, 0xBC,
    0x94, 0xBC, 0x94, 0xBC, 0x94, 0xBC, 0x94, 0xBC, 0x94, 0xBC, 0x94, 0xBC, 0x94, 0xBC, 0xB5, 0xBC,
    0xB5, 0xC4, 0x54, 0xBC, 0x0F, 0x8B, 0x66, 0x39, 0x89, 0x3A, 0xD1, 0x6C, 0x53, 0x7D, 0xF1, 0x74,
    0xF2, 0x74, 0xF2, 0x74, 0x32, 0x7D, 0x32, 0x7D, 0x32, 0x7D, 0x11, 0x7D, 0x32, 0x7D, 0x93, 0x85,
    0x52, 0x7D, 0x2B, 0x4B, 0xA9, 0x3A, 0xB0, 0x6C, 0xD3, 0x85, 0x14, 0x86, 0x55, 0x96, 0x55, 0x96,
    0x55, 0x8E, 0x55, 0x96, 0x55, 0x96, 0x55, 0x96, 0x55, 0x96, 0x55, 0x96, 0x55, 0x96, 0x75, 0x9E,
    0x55, 0x8E, 0xB3, 0x7D, 0xD3, 0x85, 0xCD, 0x5B, 0x4F, 0x64, 0x52, 0x7D, 0x32, 0x75, 0xF1, 0x74,
    0x8C, 0x4B, 0xB3, 0x7D, 0x55, 0x8E, 0x15, 0x8E, 0x55, 0x8E, 0xB6, 0x96, 0x76, 0x96, 0x14, 0x86,
    0x73, 0x75, 0x32, 0x75, 0x12, 0x75, 0x12, 0x75, 0x12, 0x75, 0x32, 0x75, 0x52, 0x7D, 0x03, 0x11,
    0x00, 0x00, 0xEF, 0x7B, 0x00, 0x00, 0x00, 0x00, 0x00, 0x00, 0x00, 0x00, 0x00, 0x00, 0x00, 0x00,
    0x00, 0x00, 0x00, 0x00, 0x00, 0x00, 0x00, 0x00, 0x00, 0x00, 0x00, 0x00, 0x00, 0x00, 0x00, 0x00,
    0x00, 0x00, 0x00, 0x00, 0x00, 0x00, 0x00, 0x00, 0x00, 0x00, 0x00, 0x00, 0x00, 0x00, 0x00, 0x00,
    0x00, 0x00, 0x00, 0x00, 0x00, 0x00, 0xF7, 0xBD, 0x00, 0x00, 0xE6, 0x29, 0xAC, 0x53, 0xC9, 0x3A,
    0xB0, 0x6C, 0xB4, 0x85, 0xB4, 0x85, 0xB0, 0x64, 0x0A, 0x43, 0x08, 0x3A, 0xAC, 0x6A, 0xD1, 0xA3,
    0x74, 0xBC, 0xD6, 0xC4, 0xD5, 0xC4, 0xB5, 0xC4, 0xB5, 0xBC, 0x95, 0xBC, 0x95, 0xBC, 0xB5, 0xBC,
    0xB5, 0xBC, 0xB5, 0xC4, 0xD6, 0xC4, 0xD5, 0xC4, 0x94, 0xBC, 0xF2, 0xA3, 0x0E, 0x83, 0x49, 0x52,
    0xCA, 0x42, 0x70, 0x64, 0x53, 0x7D, 0x12, 0x75, 0xF1, 0x74, 0xF2, 0x74, 0xF2, 0x74, 0x32, 0x7D,
    0x32, 0x7D, 0x31, 0x7D, 0x52, 0x7D, 0xB3, 0x85, 0x32, 0x7D, 0xCD, 0x5B, 0x27, 0x32, 0x6C, 0x53,
    0x93, 0x7D, 0x14, 0x86, 0x35, 0x8E, 0x75, 0x9E, 0x55, 0x96, 0x35, 0x8E, 0x35, 0x8E, 0x35, 0x8E,
    0x55, 0x96, 0x55, 0x96, 0x75, 0x96, 0x55, 0x96, 0x55, 0x96, 0x55, 0x9E, 0x55, 0x8E, 0xB3, 0x7D,
    0xD4, 0x8D, 0xCD, 0x5B, 0xEE, 0x5B, 0x73, 0x85, 0xF1, 0x74, 0x0A, 0x43, 0xD4, 0x7D, 0x76, 0x96,
    0x15, 0x8E, 0x96, 0x96, 0x14, 0x86, 0xED, 0x53, 0x88, 0x3A, 0x52, 0x6D, 0x93, 0x7D, 0x12, 0x75,
    0x12, 0x75, 0x32, 0x75, 0x32, 0x7D, 0x11, 0x75, 0x94, 0x7D, 0x89, 0x3A, 0x00, 0x00, 0x00, 0x00,
    0x00, 0x00, 0x00, 0x00, 0x00, 0x00, 0x00, 0x00, 0x00, 0x00, 0x00, 0x00, 0x00, 0x00, 0x00, 0x00,
    0x00, 0x00, 0x00, 0x00, 0x00, 0x00, 0x00, 0x00, 0x00, 0x00, 0x00, 0x00, 0x00, 0x00, 0x00, 0x00,
    0x00, 0x00, 0x00, 0x00, 0x00, 0x00, 0x00, 0x00, 0x00, 0x00, 0x00, 0x00, 0x00, 0x00, 0x00, 0x00,
    0x00, 0x00, 0xF5, 0xAF, 0x00, 0x00, 0xA9, 0x3A, 0xF8, 0x9E, 0xD0, 0x6C, 0x88, 0x3A, 0x0A, 0x43,
    0xB0, 0x6C, 0xB4, 0x85, 0xB4, 0x85, 0x12, 0x75, 0x0E, 0x54, 0xEA, 0x42, 0x69, 0x4A, 0x8B, 0x6A,
    0x2F, 0x8B, 0xB1, 0x9B, 0xB1, 0x9B, 0x13, 0xAC, 0x33, 0xB4, 0x12, 0xAC, 0x12, 0xAC, 0x90, 0x93,
    0x0E, 0x83, 0xED, 0x72, 0x8A, 0x52, 0xCA, 0x42, 0xAD, 0x4B, 0xB0, 0x64, 0x73, 0x7D, 0x12, 0x75,
    0xD1, 0x6C, 0xF1, 0x6C, 0xF1, 0x6C, 0xF1, 0x74, 0x32, 0x7D, 0x52, 0x7D, 0x93, 0x85, 0x93, 0x85,
    0xD0, 0x74, 0x0A, 0x43, 0x89, 0x3A, 0xEA, 0x42, 0x90, 0x6C, 0xF4, 0x85, 0x14, 0x86, 0x55, 0x96,
    0x75, 0x9E, 0x55, 0x96, 0x35, 0x8E, 0x35, 0x8E, 0x35, 0x8E, 0x55, 0x8E, 0x55, 0x96, 0x55, 0x96,
    0x55, 0x96, 0x55, 0x96, 0x55, 0x96, 0x55, 0x96, 0x34, 0x8E, 0x93, 0x7D, 0xD4, 0x8D, 0x0E, 0x5C,
    0x8C, 0x53, 0xB4, 0x85, 0xEA, 0x42, 0x11, 0x6D, 0x76, 0x96, 0x35, 0x8E, 0x76, 0x96, 0xB0, 0x6C,
    0xA9, 0x3A, 0x4B, 0x4B, 0x0A, 0x43, 0x6B, 0x43, 0xB4, 0x7D, 0xF1, 0x74, 0x32, 0x75, 0x32, 0x7D,
    0x32, 0x7D, 0xF1, 0x74, 0x33, 0x75, 0x6F, 0x64, 0x61, 0x08, 0x00, 0x00, 0x00, 0x00, 0x00, 0x00,
    0x00, 0x00, 0x00, 0x00, 0x00, 0x00, 0x00, 0x00, 0x00, 0x00, 0x00, 0x00, 0x00, 0x00, 0x00, 0x00,
    0x00, 0x00, 0x00, 0x00, 0x00, 0x00, 0x00, 0x00, 0x00, 0x00, 0x00, 0x00, 0x00, 0x00, 0x00, 0x00,
    0x00, 0x00, 0x00, 0x00, 0x00, 0x00, 0x00, 0x00, 0x00, 0x00, 0x00, 0x00, 0x00, 0x00, 0xFF, 0xFF,
    0x00, 0x00, 0xA9, 0x3A, 0x96, 0x96, 0x96, 0x96, 0x96, 0x96, 0xD0, 0x6C, 0x0A, 0x43, 0x2B, 0x43,
    0x2E, 0x5C, 0x12, 0x75, 0x73, 0x7D, 0x94, 0x7D, 0x12, 0x6D, 0x0E, 0x54, 0x6C, 0x4B, 0x0B, 0x4B,
    0x68, 0x3A, 0x08, 0x3A, 0x89, 0x42, 0xCA, 0x4A, 0xEB, 0x4A, 0xCA, 0x42, 0x2B, 0x43, 0x2E, 0x5C,
    0xD1, 0x6C, 0x32, 0x75, 0x33, 0x7D, 0x12, 0x75, 0xD1, 0x6C, 0xF1, 0x6C, 0xF2, 0x74, 0x12, 0x75,
    0x52, 0x7D, 0x73, 0x7D, 0x72, 0x7D, 0xF1, 0x74, 0xED, 0x5B, 0x2B, 0x4B, 0x89, 0x3A, 0x2B, 0x43,
    0x90, 0x64, 0xB1, 0x6C, 0x6F, 0x64, 0x55, 0x8E, 0x55, 0x96, 0x75, 0x9E, 0x55, 0x96, 0x35, 0x8E,
    0x35, 0x8E, 0x76, 0x96, 0x55, 0x8E, 0x35, 0x8E, 0x55, 0x96, 0x55, 0x96, 0x55, 0x96, 0x55, 0x96,
    0x55, 0x96, 0x55, 0x96, 0x14, 0x86, 0x92, 0x7D, 0xD4, 0x85, 0x2E, 0x5C, 0xAD, 0x53, 0xEE, 0x5B,
    0x0E, 0x54, 0x96, 0x96, 0x56, 0x8E, 0x14, 0x86, 0xAC, 0x4B, 0x2A, 0x43, 0x2D, 0x5C, 0x4E, 0x5C,
    0xCC, 0x53, 0x0A, 0x43, 0x93, 0x7D, 0xF1, 0x74, 0x12, 0x75, 0x12, 0x75, 0xF2, 0x74, 0xF2, 0x74,
    0x12, 0x75, 0x52, 0x7D, 0x85, 0x21, 0x00, 0x00, 0xE7, 0x39, 0x00, 0x00, 0x00, 0x00, 0x00, 0x00,
    0x00, 0x00, 0x00, 0x00, 0x00, 0x00, 0x00, 0x00, 0x00, 0x00, 0x00, 0x00, 0x00, 0x00, 0x00, 0x00,
    0x00, 0x00, 0x00, 0x00, 0x00, 0x00, 0x00, 0x00, 0x00, 0x00, 0x00, 0x00, 0x00, 0x00, 0x00, 0x00,
    0x00, 0x00, 0x00, 0x00, 0x00, 0x00, 0x00, 0x00, 0x00, 0x00, 0xFF, 0x7F, 0x00, 0x00, 0x07, 0x2A,
    0x76, 0x8E, 0x35, 0x8E, 0x35, 0x8E, 0x96, 0x96, 0x96, 0x96, 0x32, 0x75, 0xCD, 0x53, 0x0A, 0x43,
    0x6C, 0x4B, 0x8D, 0x53, 0x6F, 0x64, 0x52, 0x7D, 0xB4, 0x85, 0xB4, 0x7D, 0x94, 0x85, 0x73, 0x7D,
    0x52, 0x75, 0x53, 0x75, 0x32, 0x75, 0x53, 0x7D, 0x73, 0x7D, 0x53, 0x7D, 0x32, 0x75, 0x32, 0x75,
    0x52, 0x7D, 0x73, 0x7D, 0x73, 0x7D, 0x32, 0x75, 0xD1, 0x6C, 0x90, 0x6C, 0x4F, 0x64, 0x8C, 0x53,
    0xCA, 0x3A, 0x0B, 0x43, 0x2C, 0x43, 0x0F, 0x54, 0xF2, 0x6C, 0x2F, 0x5C, 0x4F, 0x64, 0x0A, 0x43,
    0x72, 0x7D, 0x96, 0x9E, 0x55, 0x96, 0x55, 0x96, 0x35, 0x8E, 0x76, 0x96, 0x76, 0x96, 0x31, 0x75,
    0xF4, 0x85, 0x55, 0x96, 0x55, 0x96, 0x55, 0x96, 0x55, 0x96, 0x55, 0x96, 0x55, 0x96, 0x55, 0x96,
    0xF3, 0x85, 0x72, 0x7D, 0xB3, 0x85, 0x6F, 0x64, 0x0B, 0x43, 0x8C, 0x4B, 0x35, 0x86, 0x96, 0x96,
    0x93, 0x7D, 0x0A, 0x3B, 0x0D, 0x54, 0x8F, 0x64, 0x2D, 0x5C, 0xED, 0x53, 0xEC, 0x53, 0xEA, 0x3A,
    0x32, 0x75, 0xF1, 0x74, 0xF2, 0x74, 0xF2, 0x74, 0xF2, 0x74, 0xF2, 0x74, 0xF2, 0x74, 0x53, 0x7D,
    0x27, 0x32, 0x00, 0x00, 0xFF, 0xFF, 0x00, 0x00, 0x00, 0x00, 0x00, 0x00, 0x00, 0x00, 0x00, 0x00,
    0x00, 0x00, 0x00, 0x00, 0x00, 0x00, 0x00, 0x00, 0x00, 0x00, 0x00, 0x00, 0x00, 0x00, 0x00, 0x00,
    0x00, 0x00, 0x00, 0x00, 0x00, 0x00, 0x00, 0x00, 0x00, 0x00, 0x00, 0x00, 0x00, 0x00, 0x00, 0x00,
    0x00, 0x00, 0x00, 0x00, 0x00, 0x00, 0xAA, 0x52, 0x00, 0x00, 0x64, 0x19, 0x35, 0x8E, 0x55, 0x8E,
    0x35, 0x8E, 0x35, 0x8E, 0x35, 0x8E, 0x96, 0x96, 0x76, 0x8E, 0xD4, 0x7D, 0xD0, 0x6C, 0xED, 0x5B,
    0xEA, 0x42, 0xC9, 0x3A, 0x0A, 0x43, 0x6C, 0x4B, 0x0E, 0x64, 0x90, 0x6C, 0xD1, 0x6C, 0xD1, 0x6C,
    0xD1, 0x6C, 0xD1, 0x6C, 0xB0, 0x6C, 0x70, 0x64, 0x2F, 0x64, 0x0E, 0x5C, 0x0E, 0x5C, 0x4B, 0x4B,
    0xA9, 0x3A, 0x48, 0x32, 0xCA, 0x3A, 0x0B, 0x43, 0xAD, 0x53, 0xEE, 0x53, 0x0F, 0x5C, 0x71, 0x5C,
    0x91, 0x64, 0x71, 0x64, 0x91, 0x64, 0x4C, 0x4B, 0x4C, 0x43, 0xED, 0x53, 0xD7, 0x9E, 0x55, 0x96,
    0x55, 0x96, 0x55, 0x96, 0x96, 0x96, 0x52, 0x75, 0x6B, 0x4B, 0x09, 0x3B, 0x2E, 0x5C, 0x96, 0x9E,
    0x35, 0x8E, 0x55, 0x96, 0x55, 0x96, 0x55, 0x96, 0x55, 0x96, 0x35, 0x8E, 0xB3, 0x85, 0x72, 0x7D,
    0xD3, 0x85, 0x2E, 0x5C, 0xC2, 0x08, 0x52, 0x75, 0xB7, 0x96, 0x31, 0x75, 0xA9, 0x3A, 0x4E, 0x5C,
    0x8F, 0x64, 0x2D, 0x5C, 0x0D, 0x5C, 0xED, 0x53, 0xCC, 0x53, 0x88, 0x32, 0xF2, 0x74, 0xF2, 0x74,
    0xF2, 0x74, 0xF2, 0x74, 0xF2, 0x74, 0xF2, 0x74, 0xD1, 0x6C, 0x73, 0x7D, 0xEA, 0x42, 0x00, 0x00,
    0x00, 0x00, 0x00, 0x00, 0x00, 0x00, 0x00, 0x00, 0x00, 0x00, 0x00, 0x00, 0x00, 0x00, 0x00, 0x00,
    0x00, 0x00, 0x00, 0x00, 0x00, 0x00, 0x00, 0x00, 0x00, 0x00, 0x00, 0x00, 0x00, 0x00, 0x00, 0x00,
    0x00, 0x00, 0x00, 0x00, 0x00, 0x00, 0x00, 0x00, 0x00, 0x00, 0x00, 0x00, 0x00, 0x00, 0x00, 0x00,
    0x00, 0x00, 0xE7, 0x39, 0x00, 0x00, 0xE3, 0x10, 0xF4, 0x85, 0x56, 0x8E, 0x35, 0x8E, 0x35, 0x8E,
    0x35, 0x8E, 0x35, 0x8E, 0xB6, 0x9E, 0x35, 0x8E, 0xB3, 0x7D, 0xD4, 0x85, 0xB3, 0x85, 0x32, 0x75,
    0x8F, 0x6C, 0xEE, 0x5B, 0x6C, 0x53, 0xEA, 0x42, 0xCA, 0x3A, 0xAA, 0x3A, 0x69, 0x32, 0x07, 0x2A,
    0xC6, 0x21, 0x08, 0x2A, 0x68, 0x32, 0x69, 0x32, 0x2B, 0x43, 0x8D, 0x53, 0x8D, 0x4B, 0xEF, 0x53,
    0x91, 0x64, 0xB1, 0x6C, 0x91, 0x64, 0x71, 0x64, 0x50, 0x5C, 0x50, 0x5C, 0x50, 0x5C, 0x70, 0x5C,
    0x90, 0x64, 0x6C, 0x4B, 0x48, 0x32, 0xF4, 0x8D, 0x76, 0x9E, 0x55, 0x96, 0x55, 0x96, 0x96, 0x9E,
    0xF1, 0x74, 0xC9, 0x3A, 0x6E, 0x5C, 0xAF, 0x64, 0x8B, 0x4B, 0x55, 0x8E, 0x55, 0x8E, 0x55, 0x8E,
    0x55, 0x96, 0x55, 0x96, 0x55, 0x96, 0x14, 0x86, 0x93, 0x7D, 0x72, 0x7D, 0xF4, 0x85, 0x2B, 0x43,
    0x44, 0x19, 0xD7, 0x96, 0x73, 0x7D, 0xC9, 0x3A, 0x8F, 0x64, 0x8E, 0x64, 0x4E, 0x5C, 0x2E, 0x5C,
    0x0D, 0x5C, 0xED, 0x53, 0xCC, 0x53, 0x88, 0x32, 0xB1, 0x6C, 0x12, 0x75, 0xF2, 0x74, 0xF2, 0x74,
    0xF2, 0x74, 0xF2, 0x74, 0xF1, 0x74, 0x73, 0x85, 0x4B, 0x4B, 0x00, 0x00, 0x00, 0x00, 0x00, 0x00,
    0x00, 0x00, 0x00, 0x00, 0x00, 0x00, 0x00, 0x00, 0x00, 0x00, 0x00, 0x00, 0x00, 0x00, 0x00, 0x00,
    0x00, 0x00, 0x00, 0x00, 0x00, 0x00, 0x00, 0x00, 0x00, 0x00, 0x00, 0x00, 0x00, 0x00, 0x00, 0x00,
    0x00, 0x00, 0x00, 0x00, 0x00, 0x00, 0x00, 0x00, 0x00, 0x00, 0x00, 0x00, 0x00, 0x00, 0x00, 0x00,
    0x00, 0x00, 0x20, 0x00, 0x52, 0x75, 0x96, 0x96, 0x35, 0x8E, 0x35, 0x8E, 0x96, 0x96, 0x55, 0x8E,
    0x8F, 0x6C, 0x0A, 0x43, 0x0A, 0x43, 0xB3, 0x85, 0x72, 0x7D, 0x73, 0x7D, 0xB3, 0x85, 0x73, 0x7D,
    0x52, 0x7D, 0xB1, 0x64, 0x91, 0x64, 0x70, 0x64, 0x50, 0x5C, 0x50, 0x5C, 0x70, 0x5C, 0xB1, 0x6C,
    0xD2, 0x6C, 0xF2, 0x6C, 0xF2, 0x6C, 0xB1, 0x64, 0x91, 0x64, 0x71, 0x5C, 0x50, 0x5C, 0x50, 0x5C,
    0x50, 0x5C, 0x50, 0x5C, 0x50, 0x5C, 0x50, 0x5C, 0x50, 0x5C, 0x70, 0x5C, 0xD1, 0x6C, 0x4C, 0x4B,
    0xED, 0x5B, 0xD7, 0x9E, 0x35, 0x96, 0x55, 0x96, 0x55, 0x96, 0xB7, 0x9E, 0x0E, 0x5C, 0xAC, 0x4B,
    0xCF, 0x6C, 0x8E, 0x64, 0x4B, 0x43, 0xD4, 0x85, 0x76, 0x96, 0x35, 0x8E, 0x55, 0x96, 0x55, 0x96,
    0x55, 0x96, 0xF4, 0x85, 0x93, 0x7D, 0x72, 0x7D, 0xD4, 0x85, 0x48, 0x32, 0x8C, 0x4B, 0x18, 0xA7,
    0x2E, 0x5C, 0x2A, 0x43, 0xCF, 0x6C, 0x4E, 0x5C, 0x4E, 0x5C, 0x2D, 0x5C, 0x0D, 0x5C, 0xAC, 0x4B,
    0xAB, 0x4B, 0xA8, 0x32, 0x70, 0x64, 0x12, 0x75, 0xF2, 0x74, 0xF2, 0x74, 0xF2, 0x74, 0xF2, 0x74,
    0x11, 0x75, 0x93, 0x85, 0xED, 0x5B, 0x00, 0x00, 0x00, 0x00, 0x00, 0x00, 0x00, 0x00, 0x00, 0x00,
    0x00, 0x00, 0x00, 0x00, 0x00, 0x00, 0x00, 0x00, 0x00, 0x00, 0x00, 0x00, 0x00, 0x00, 0x00, 0x00,
    0x00, 0x00, 0x00, 0x00, 0x00, 0x00, 0x00, 0x00, 0x00, 0x00, 0x00, 0x00, 0x00, 0x00, 0x00, 0x00,
    0x00, 0x00, 0x00, 0x00, 0x00, 0x00, 0x00, 0x00, 0x00, 0x00, 0x00, 0x00, 0x00, 0x00, 0x00, 0x00,
    0x90, 0x64, 0xB7, 0x96, 0x15, 0x8E, 0x96, 0x96, 0xB0, 0x6C, 0x0A, 0x43, 0x8B, 0x4B, 0xCF, 0x6C,
    0x6A, 0x43, 0xB0, 0x6C, 0xB3, 0x85, 0x72, 0x7D, 0x93, 0x85, 0x52, 0x7D, 0xF2, 0x74, 0x50, 0x64,
    0x4C, 0x4B, 0x71, 0x64, 0x50, 0x5C, 0x50, 0x5C, 0x90, 0x64, 0x90, 0x64, 0x90, 0x64, 0x90, 0x64,
    0x50, 0x5C, 0x30, 0x5C, 0x50, 0x5C, 0x50, 0x5C, 0x50, 0x5C, 0x50, 0x5C, 0x50, 0x5C, 0x50, 0x5C,
    0x50, 0x5C, 0x50, 0x5C, 0x70, 0x5C, 0x70, 0x64, 0x91, 0x64, 0x0A, 0x43, 0xF4, 0x85, 0x55, 0x96,
    0x96, 0x9E, 0xB6, 0x9E, 0x14, 0x8E, 0x35, 0x8E, 0x76, 0x96, 0x4B, 0x43, 0x4E, 0x5C, 0x10, 0x75,
    0x2A, 0x43, 0x52, 0x7D, 0x96, 0x96, 0x35, 0x8E, 0x55, 0x96, 0x55, 0x96, 0x35, 0x8E, 0xD3, 0x85,
    0x92, 0x85, 0x72, 0x7D, 0x73, 0x7D, 0xC6, 0x21, 0x72, 0x7D, 0x76, 0x96, 0x35, 0x8E, 0x2A, 0x43,
    0x6E, 0x5C, 0x4E, 0x5C, 0x4E, 0x64, 0x2D, 0x5C, 0xCC, 0x4B, 0x8B, 0x43, 0xAB, 0x43, 0x88, 0x2A,
    0x4F, 0x64, 0x32, 0x75, 0xF1, 0x6C, 0xF2, 0x74, 0xF2, 0x74, 0x12, 0x75, 0x11, 0x75, 0x73, 0x7D,
    0xEE, 0x5B, 0x00, 0x00, 0x00, 0x00, 0x00, 0x00, 0x00, 0x00, 0x00, 0x00, 0x00, 0x00, 0x00, 0x00,
    0x00, 0x00, 0x00, 0x00, 0x00, 0x00, 0x00, 0x00, 0x00, 0x00, 0x00, 0x00, 0x00, 0x00, 0x00, 0x00,
    0x00, 0x00, 0x00, 0x00, 0x00, 0x00, 0x00, 0x00, 0x00, 0x00, 0x00, 0x00, 0x00, 0x00, 0x00, 0x00,
    0x00, 0x00, 0x00, 0x00, 0x00, 0x00, 0x00, 0x00, 0x00, 0x00, 0x00, 0x00, 0x2B, 0x43, 0xB7, 0x9E,
    0x96, 0x96, 0xAC, 0x53, 0xC8, 0x3A, 0xAE, 0x6C, 0x10, 0x75, 0xEF, 0x6C, 0xCC, 0x4B, 0xCD, 0x53,
    0xB3, 0x85, 0x52, 0x7D, 0x73, 0x7D, 0x52, 0x7D, 0x12, 0x75, 0xF2, 0x74, 0xCD, 0x53, 0xEB, 0x42,
    0x70, 0x64, 0x12, 0x75, 0xD1, 0x6C, 0xD1, 0x6C, 0xD1, 0x6C, 0x91, 0x64, 0x50, 0x5C, 0x50, 0x64,
    0x50, 0x5C, 0x50, 0x5C, 0x50, 0x5C, 0x50, 0x5C, 0x50, 0x5C, 0x50, 0x5C, 0x50, 0x5C, 0x70, 0x5C,
    0x70, 0x5C, 0xB1, 0x64, 0xAD, 0x4B, 0x4B, 0x4B, 0xF7, 0xA6, 0x96, 0x9E, 0x72, 0x7D, 0xED, 0x5B,
    0x4B, 0x4B, 0x6B, 0x4B, 0x76, 0x96, 0x93, 0x7D, 0x2A, 0x43, 0x2A, 0x43, 0x68, 0x32, 0x14, 0x8E,
    0x75, 0x96, 0x55, 0x96, 0x55, 0x96, 0x55, 0x96, 0x14, 0x86, 0xB3, 0x85, 0x72, 0x7D, 0x73, 0x7D,
    0xF1, 0x6C, 0xA6, 0x21, 0x35, 0x8E, 0x35, 0x8E, 0x96, 0x96, 0x8F, 0x64, 0x0A, 0x43, 0xAF, 0x6C,
    0x4D, 0x64, 0xEC, 0x53, 0xAB, 0x4B, 0x8B, 0x43, 0xAB, 0x3B, 0x87, 0x22, 0x2F, 0x5C, 0x32, 0x75,
    0xF1, 0x6C, 0xF2, 0x74, 0xF2, 0x74, 0x12, 0x75, 0xF1, 0x74, 0x53, 0x7D, 0xCD, 0x53, 0x00, 0x00,
    0x00, 0x00, 0x00, 0x00, 0x00, 0x00, 0x00, 0x00, 0x00, 0x00, 0x00, 0x00, 0x00, 0x00, 0x00, 0x00,
    0x00, 0x00, 0x00, 0x00, 0x00, 0x00, 0x00, 0x00, 0x00, 0x00, 0x00, 0x00, 0x00, 0x00, 0x00, 0x00,
    0x00, 0x00, 0x00, 0x00, 0x00, 0x00, 0x00, 0x00, 0x00, 0x00, 0x00, 0x00, 0x00, 0x00, 0x00, 0x00,
    0x00, 0x00, 0x00, 0x00, 0xFF, 0xFF, 0x00, 0x00, 0xA5, 0x21, 0xF8, 0x9E, 0xCD, 0x53, 0x6B, 0x53,
    0x51, 0x7D, 0xAF, 0x6C, 0xAE, 0x6C, 0x8F, 0x64, 0x0C, 0x4C, 0x6B, 0x43, 0x93, 0x7D, 0x52, 0x75,
    0x52, 0x75, 0x52, 0x75, 0x52, 0x7D, 0xF2, 0x74, 0x12, 0x75, 0x90, 0x64, 0x2B, 0x4B, 0xCD, 0x53,
    0xF1, 0x74, 0x32, 0x75, 0xD1, 0x74, 0xB1, 0x64, 0xB1, 0x64, 0x91, 0x64, 0x70, 0x64, 0x50, 0x5C,
    0x50, 0x5C, 0x50, 0x5C, 0x50, 0x5C, 0x70, 0x5C, 0x70, 0x64, 0x70, 0x64, 0x70, 0x5C, 0xB1, 0x64,
    0xCA, 0x3A, 0x52, 0x75, 0x72, 0x7D, 0x6B, 0x4B, 0x6B, 0x53, 0x6F, 0x6C, 0xF0, 0x74, 0xC9, 0x3A,
    0xD4, 0x85, 0x96, 0x96, 0xF4, 0x8D, 0xD0, 0x74, 0x15, 0x8E, 0x76, 0x96, 0x55, 0x96, 0x55, 0x96,
    0x55, 0x96, 0x55, 0x96, 0xF4, 0x85, 0x73, 0x7D, 0x52, 0x7D, 0xB4, 0x85, 0x0E, 0x5C, 0x6B, 0x4B,
    0xD7, 0x9E, 0x35, 0x96, 0x35, 0x8E, 0x96, 0x96, 0x2A, 0x4B, 0xAB, 0x53, 0x4D, 0x5C, 0xCB, 0x4B,
    0xAB, 0x43, 0x6A, 0x3B, 0x8A, 0x33, 0xC8, 0x2A, 0xCE, 0x53, 0x32, 0x75, 0xF1, 0x74, 0xF2, 0x74,
    0xF2, 0x74, 0xF2, 0x74, 0xF1, 0x6C, 0x53, 0x7D, 0x6C, 0x4B, 0x00, 0x00, 0x00, 0x00, 0x00, 0x00,
    0x00, 0x00, 0x00, 0x00, 0x00, 0x00, 0x00, 0x00, 0x00, 0x00, 0x00, 0x00, 0x00, 0x00, 0x00, 0x00,
    0x00, 0x00, 0x00, 0x00, 0x00, 0x00, 0x00, 0x00, 0x00, 0x00, 0x00, 0x00, 0x00, 0x00, 0x00, 0x00,
    0x00, 0x00, 0x00, 0x00, 0x00, 0x00, 0x00, 0x00, 0x00, 0x00, 0x00, 0x00, 0x00, 0x00, 0x00, 0x00,
    0x00, 0x00, 0x00, 0x00, 0xE3, 0x10, 0xED, 0x53, 0xE9, 0x42, 0xB3, 0x8D, 0x10, 0x7D, 0xAF, 0x6C,
    0x6E, 0x64, 0x6F, 0x64, 0x2D, 0x54, 0x2A, 0x3B, 0x52, 0x75, 0x72, 0x75, 0x52, 0x75, 0x52, 0x75,
    0x53, 0x75, 0x32, 0x75, 0xF1, 0x6C, 0x12, 0x75, 0x12, 0x75, 0x0E, 0x5C, 0xCA, 0x3A, 0x6C, 0x4B,
    0x12, 0x75, 0x12, 0x75, 0xD1, 0x6C, 0xB1, 0x6C, 0xB1, 0x6C, 0x91, 0x64, 0x50, 0x5C, 0x70, 0x5C,
    0x90, 0x64, 0x90, 0x64, 0x90, 0x64, 0x70, 0x64, 0x70, 0x5C, 0x91, 0x64, 0xEA, 0x3A, 0x6B, 0x4B,
    0x2A, 0x4B, 0xB0, 0x74, 0x52, 0x85, 0x32, 0x7D, 0x6E, 0x64, 0xC9, 0x3A, 0x55, 0x96, 0x55, 0x96,
    0x76, 0x96, 0xB6, 0x9E, 0x75, 0x96, 0x55, 0x96, 0x55, 0x96, 0x55, 0x96, 0x55, 0x96, 0x34, 0x8E,
    0xB3, 0x7D, 0x72, 0x7D, 0x72, 0x7D, 0xD4, 0x85, 0xC9, 0x42, 0x51, 0x75, 0x75, 0x8E, 0x35, 0x8E,
    0x35, 0x8E, 0x55, 0x8E, 0xF4, 0x85, 0xA8, 0x3A, 0x8A, 0x4B, 0xCC, 0x4B, 0x4A, 0x3B, 0x49, 0x33,
    0xAB, 0x3B, 0xA7, 0x2A, 0x8C, 0x4B, 0x53, 0x75, 0xF1, 0x6C, 0xF2, 0x74, 0xF2, 0x74, 0xF2, 0x74,
    0xF1, 0x6C, 0x53, 0x7D, 0x0B, 0x43, 0x00, 0x00, 0x00, 0x00, 0x00, 0x00, 0x00, 0x00, 0x00, 0x00,
    0x00, 0x00, 0x00, 0x00, 0x00, 0x00, 0x00, 0x00, 0x00, 0x00, 0x00, 0x00, 0x00, 0x00, 0x00, 0x00,
    0x00, 0x00, 0x00, 0x00, 0x00, 0x00, 0x00, 0x00, 0x00, 0x00, 0x00, 0x00, 0x00, 0x00, 0x00, 0x00,
    0x00, 0x00, 0x00, 0x00, 0x00, 0x00, 0x00, 0x00, 0x00, 0x00, 0x00, 0x00, 0x00, 0x00, 0x00, 0x00,
    0x41, 0x00, 0x44, 0x19, 0x51, 0x85, 0x51, 0x85, 0x11, 0x7D, 0x8F, 0x64, 0x6E, 0x64, 0x6E, 0x64,
    0x4E, 0x54, 0x09, 0x33, 0xB0, 0x64, 0x93, 0x7D, 0x52, 0x75, 0x52, 0x75, 0x52, 0x75, 0x52, 0x7D,
    0x52, 0x75, 0x11, 0x75, 0xF1, 0x74, 0x52, 0x7D, 0x11, 0x75, 0x2B, 0x4B, 0xE6, 0x29, 0xCD, 0x53,
    0xF1, 0x6C, 0x32, 0x75, 0x12, 0x75, 0xD1, 0x6C, 0xB1, 0x64, 0x70, 0x64, 0x90, 0x64, 0x90, 0x64,
    0x70, 0x64, 0x50, 0x5C, 0x71, 0x5C, 0xEF, 0x53, 0x03, 0x11, 0xAC, 0x53, 0x72, 0x85, 0x11, 0x7D,
    0xF1, 0x7C, 0xF0, 0x74, 0xED, 0x5B, 0x4B, 0x4B, 0xB6, 0x9E, 0x55, 0x96, 0x55, 0x96, 0x55, 0x96,
    0x55, 0x96, 0x55, 0x96, 0x55, 0x96, 0x55, 0x96, 0x55, 0x96, 0xF4, 0x85, 0x73, 0x7D, 0x72, 0x7D,
    0xD3, 0x85, 0x6F, 0x64, 0x68, 0x3A, 0xF4, 0x8D, 0xD3, 0x7D, 0xD4, 0x7D, 0xD4, 0x7D, 0xB3, 0x7D,
    0xF4, 0x85, 0x11, 0x75, 0x88, 0x32, 0xE8, 0x32, 0x8A, 0x3B, 0x6A, 0x3B, 0xC8, 0x2A, 0xA5, 0x19,
    0x70, 0x64, 0x12, 0x75, 0xF1, 0x74, 0xF2, 0x74, 0xF2, 0x74, 0xF2, 0x74, 0xF1, 0x6C, 0x53, 0x7D,
    0x89, 0x3A, 0x00, 0x00, 0x00, 0x00, 0x00, 0x00, 0x00, 0x00, 0x00, 0x00, 0x00, 0x00, 0x00, 0x00,
    0x00, 0x00, 0x00, 0x00, 0x00, 0x00, 0x00, 0x00, 0x00, 0x00, 0x00, 0x00, 0x00, 0x00, 0x00, 0x00,
    0x00, 0x00, 0x00, 0x00, 0x00, 0x00, 0x00, 0x00, 0x00, 0x00, 0x00, 0x00, 0x00, 0x00, 0x00, 0x00,
    0x00, 0x00, 0x00, 0x00, 0x00, 0x00, 0x00, 0x00, 0x00, 0x00, 0xFF, 0xFF, 0x00, 0x00, 0x43, 0x19,
    0x31, 0x7D, 0x11, 0x7D, 0xF1, 0x74, 0x8F, 0x64, 0x6E, 0x64, 0x6E, 0x64, 0x2D, 0x4C, 0x27, 0x2A,
    0x32, 0x75, 0x73, 0x7D, 0x52, 0x75, 0x52, 0x7D, 0x72, 0x7D, 0x72, 0x7D, 0x72, 0x7D, 0x52, 0x7D,
    0x32, 0x75, 0x11, 0x75, 0x32, 0x75, 0x93, 0x85, 0x2E, 0x5C, 0x00, 0x00, 0x24, 0x19, 0xA9, 0x3A,
    0xEE, 0x5B, 0xB1, 0x6C, 0xF1, 0x74, 0xF2, 0x6C, 0xF2, 0x6C, 0xB1, 0x6C, 0x71, 0x64, 0x50, 0x5C,
    0xB1, 0x64, 0xCA, 0x3A, 0x2A, 0x43, 0x52, 0x7D, 0xF1, 0x74, 0x11, 0x7D, 0xF1, 0x74, 0xF0, 0x74,
    0x2A, 0x43, 0x4E, 0x64, 0xD7, 0xA6, 0x55, 0x96, 0x55, 0x96, 0x55, 0x96, 0x55, 0x96, 0x55, 0x96,
    0x55, 0x96, 0x55, 0x96, 0x34, 0x8E, 0xB3, 0x85, 0x93, 0x85, 0x72, 0x7D, 0x14, 0x8E, 0xA5, 0x21,
    0xC9, 0x42, 0x93, 0x85, 0xF2, 0x74, 0x32, 0x75, 0x32, 0x75, 0x32, 0x75, 0x12, 0x75, 0x12, 0x75,
    0xF2, 0x74, 0x0A, 0x43, 0x06, 0x22, 0x67, 0x2A, 0xA9, 0x3A, 0x2F, 0x64, 0x32, 0x75, 0xF2, 0x6C,
    0xF2, 0x74, 0xF2, 0x74, 0xF2, 0x74, 0xF2, 0x74, 0xF1, 0x6C, 0x53, 0x7D, 0x07, 0x2A, 0x00, 0x00,
    0x00, 0x00, 0x00, 0x00, 0x00, 0x00, 0x00, 0x00, 0x00, 0x00, 0x00, 0x00, 0x00, 0x00, 0x00, 0x00,
    0x00, 0x00, 0x00, 0x00, 0x00, 0x00, 0x00, 0x00, 0x00, 0x00, 0x00, 0x00, 0x00, 0x00, 0x00, 0x00,
    0x00, 0x00, 0x00, 0x00, 0x00, 0x00, 0x00, 0x00, 0x00, 0x00, 0x00, 0x00, 0x00, 0x00, 0x00, 0x00,
    0x00, 0x00, 0x00, 0x00, 0x00, 0x00, 0x00, 0x00, 0x00, 0x00, 0x00, 0x00, 0xCC, 0x53, 0x32, 0x7D,
    0xF1, 0x74, 0x6F, 0x64, 0x4E, 0x5C, 0xCF, 0x64, 0x47, 0x2A, 0x6C, 0x4B, 0xD4, 0x85, 0x52, 0x75,
    0x72, 0x7D, 0x73, 0x7D, 0x93, 0x7D, 0x72, 0x7D, 0x72, 0x7D, 0x73, 0x7D, 0x72, 0x7D, 0x52, 0x7D,
    0xF1, 0x74, 0x53, 0x7D, 0x2B, 0x4B, 0x20, 0x00, 0x00, 0x00, 0x00, 0x00, 0x00, 0x00, 0xC3, 0x10,
    0xE7, 0x29, 0xE7, 0x29, 0xCA, 0x3A, 0x4D, 0x4B, 0xCE, 0x53, 0x2F, 0x5C, 0x91, 0x64, 0x48, 0x32,
    0x4E, 0x5C, 0xD0, 0x74, 0xF1, 0x74, 0xF1, 0x7C, 0xAF, 0x6C, 0xAF, 0x6C, 0xA8, 0x3A, 0xD3, 0x8D,
    0x96, 0x9E, 0x55, 0x96, 0x55, 0x96, 0x55, 0x96, 0x55, 0x96, 0x55, 0x96, 0x55, 0x96, 0x55, 0x8E,
    0xF4, 0x85, 0x93, 0x85, 0x92, 0x7D, 0xD3, 0x85, 0xB0, 0x6C, 0x04, 0x11, 0x0B, 0x4B, 0x33, 0x7D,
    0xD1, 0x6C, 0xF2, 0x74, 0xF1, 0x74, 0xF2, 0x74, 0xF2, 0x74, 0xF1, 0x74, 0x12, 0x75, 0x32, 0x7D,
    0x0F, 0x5C, 0x70, 0x64, 0x53, 0x7D, 0x32, 0x75, 0xF1, 0x6C, 0xF2, 0x74, 0xF2, 0x74, 0xF2, 0x74,
    0xF2, 0x74, 0xF2, 0x74, 0xF2, 0x74, 0x52, 0x7D, 0x85, 0x21, 0x00, 0x00, 0x00, 0x00, 0x00, 0x00,
    0x00, 0x00, 0x00, 0x00, 0x00, 0x00, 0x00, 0x00, 0x00, 0x00, 0x00, 0x00, 0x00, 0x00, 0x00, 0x00,
    0x00, 0x00, 0x00, 0x00, 0x00, 0x00, 0x00, 0x00, 0x00, 0x00, 0x00, 0x00, 0x00, 0x00, 0x00, 0x00,
    0x00, 0x00, 0x00, 0x00, 0x00, 0x00, 0x00, 0x00, 0x00, 0x00, 0x00, 0x00, 0x00, 0x00, 0x00, 0x00,
    0x00, 0x00, 0x00, 0x00, 0x00, 0x00, 0x00, 0x00, 0xC5, 0x21, 0x11, 0x75, 0xF0, 0x74, 0xAF, 0x64,
    0xF0, 0x6C, 0x8B, 0x4B, 0x68, 0x32, 0xD4, 0x85, 0x73, 0x7D, 0x73, 0x7D, 0x72, 0x7D, 0x93, 0x7D,
    0x73, 0x7D, 0x52, 0x7D, 0x52, 0x7D, 0x72, 0x7D, 0x73, 0x7D, 0x72, 0x7D, 0x73, 0x7D, 0xB0, 0x6C,
    0xC3, 0x10, 0x00, 0x00, 0x2C, 0x33, 0x00, 0x00, 0x00, 0x00, 0x00, 0x00, 0x4B, 0x4B, 0xEE, 0x5B,
    0xAA, 0x3A, 0x69, 0x32, 0x48, 0x32, 0x69, 0x32, 0x86, 0x21, 0xA5, 0x21, 0x8F, 0x64, 0x8F, 0x6C,
    0xD1, 0x74, 0xAF, 0x74, 0x8E, 0x6C, 0x0D, 0x5C, 0x2A, 0x4B, 0xB6, 0x9E, 0x55, 0x96, 0x55, 0x96,
    0x55, 0x96, 0x55, 0x96, 0x55, 0x96, 0x55, 0x96, 0x55, 0x96, 0x34, 0x8E, 0xB3, 0x85, 0x92, 0x85,
    0x72, 0x7D, 0xD4, 0x85, 0x27, 0x32, 0xEB, 0x3A, 0x0B, 0x43, 0x33, 0x75, 0xF1, 0x6C, 0xF2, 0x74,
    0xF2, 0x74, 0x12, 0x75, 0x12, 0x75, 0x12, 0x75, 0xF2, 0x74, 0xD1, 0x6C, 0x32, 0x75, 0x12, 0x75,
    0xF1, 0x6C, 0xF1, 0x6C, 0xF2, 0x74, 0x12, 0x75, 0x12, 0x75, 0xF2, 0x74, 0xF2, 0x74, 0xF2, 0x74,
    0x32, 0x75, 0xF1, 0x74, 0xA2, 0x08, 0x00, 0x00, 0xEF, 0x7B, 0x00, 0x00, 0x00, 0x00, 0x00, 0x00,
    0x00, 0x00, 0x00, 0x00, 0x00, 0x00, 0x00, 0x00, 0x00, 0x00, 0x00, 0x00, 0x00, 0x00, 0x00, 0x00,
    0x00, 0x00, 0x00, 0x00, 0x00, 0x00, 0x00, 0x00, 0x00, 0x00, 0x00, 0x00, 0x00, 0x00, 0x00, 0x00,
    0x00, 0x00, 0x00, 0x00, 0x00, 0x00, 0x00, 0x00, 0x00, 0x00, 0x00, 0x00, 0x00, 0x00, 0x00, 0x00,
    0x00, 0x00, 0x00, 0x00, 0x20, 0x00, 0xC9, 0x3A, 0x6B, 0x4B, 0x4A, 0x43, 0x2A, 0x43, 0x88, 0x32,
    0x73, 0x7D, 0xB3, 0x7D, 0x93, 0x7D, 0x92, 0x7D, 0x93, 0x7D, 0x73, 0x7D, 0x52, 0x75, 0x52, 0x75,
    0x52, 0x75, 0x52, 0x75, 0x52, 0x7D, 0x52, 0x7D, 0x93, 0x7D, 0xE6, 0x29, 0x00, 0x00, 0xFF, 0xFF,
    0x00, 0x00, 0x00, 0x00, 0xAA, 0x2A, 0x00, 0x00, 0xA5, 0x21, 0x33, 0x75, 0xB2, 0x64, 0x91, 0x64,
    0x91, 0x5C, 0xD2, 0x64, 0xAA, 0x3A, 0x06, 0x2A, 0x8F, 0x64, 0x2E, 0x5C, 0x4E, 0x64, 0x4E, 0x64,
    0x8E, 0x6C, 0x6B, 0x4B, 0x0D, 0x5C, 0xD7, 0x9E, 0x35, 0x96, 0x55, 0x96, 0x55, 0x96, 0x55, 0x96,
    0x55, 0x96, 0x55, 0x96, 0x35, 0x8E, 0xF3, 0x85, 0x92, 0x85, 0x72, 0x7D, 0xD4, 0x85, 0xCD, 0x5B,
    0xAA, 0x3A, 0xB2, 0x64, 0x69, 0x32, 0x12, 0x75, 0xF1, 0x74, 0xF2, 0x74, 0xF2, 0x74, 0x12, 0x75,
    0xF2, 0x74, 0xF2, 0x74, 0xF2, 0x74, 0xF2, 0x74, 0xF1, 0x6C, 0xF1, 0x6C, 0xF2, 0x74, 0x12, 0x75,
    0x12, 0x75, 0x32, 0x75, 0xF2, 0x74, 0xF2, 0x74, 0xF2, 0x74, 0xF1, 0x74, 0x53, 0x7D, 0xEE, 0x5B,
    0x00, 0x00, 0x00, 0x00, 0x00, 0x00, 0x00, 0x00, 0x00, 0x00, 0x00, 0x00, 0x00, 0x00, 0x00, 0x00,
    0x00, 0x00, 0x00, 0x00, 0x00, 0x00, 0x00, 0x00, 0x00, 0x00, 0x00, 0x00, 0x00, 0x00, 0x00, 0x00,
    0x00, 0x00, 0x00, 0x00, 0x00, 0x00, 0x00, 0x00, 0x00, 0x00, 0x00, 0x00, 0x00, 0x00, 0x00, 0x00,
    0x00, 0x00, 0x00, 0x00, 0x00, 0x00, 0x00, 0x00, 0x00, 0x00, 0x00, 0x00, 0x00, 0x00, 0x00, 0x00,
    0x00, 0x00, 0xED, 0x53, 0x35, 0x8E, 0x72, 0x7D, 0x31, 0x7D, 0x14, 0x8E, 0xB3, 0x7D, 0x93, 0x7D,
    0x93, 0x85, 0x92, 0x7D, 0x53, 0x7D, 0x32, 0x75, 0x52, 0x7D, 0x52, 0x7D, 0x52, 0x7D, 0x52, 0x75,
    0x32, 0x75, 0xB4, 0x7D, 0x8C, 0x4B, 0x00, 0x00, 0x00, 0x00, 0x00, 0x00, 0x00, 0x00, 0x00, 0x00,
    0x00, 0x00, 0xFF, 0x7F, 0x00, 0x00, 0x48, 0x32, 0xB1, 0x64, 0x50, 0x5C, 0x4F, 0x5C, 0xD1, 0x64,
    0xCA, 0x3A, 0x0A, 0x43, 0x4E, 0x5C, 0x0D, 0x5C, 0x0D, 0x5C, 0x0D, 0x5C, 0x6E, 0x64, 0xC9, 0x42,
    0x31, 0x7D, 0x96, 0x9E, 0x55, 0x96, 0x55, 0x96, 0x55, 0x96, 0x55, 0x96, 0x55, 0x96, 0x35, 0x8E,
    0x14, 0x86, 0x93, 0x85, 0x72, 0x7D, 0x92, 0x7D, 0x72, 0x7D, 0x03, 0x11, 0x48, 0x32, 0x0B, 0x43,
    0x85, 0x21, 0xD1, 0x6C, 0x12, 0x75, 0xF2, 0x74, 0xF2, 0x74, 0xF2, 0x74, 0xF2, 0x74, 0xF2, 0x74,
    0xF2, 0x74, 0xF2, 0x74, 0xF2, 0x74, 0xF2, 0x74, 0x12, 0x75, 0x32, 0x75, 0x32, 0x75, 0x12, 0x75,
    0xF2, 0x74, 0xF2, 0x74, 0xF2, 0x74, 0xD1, 0x6C, 0x53, 0x7D, 0x88, 0x3A, 0x00, 0x00, 0x00, 0x00,
    0x00, 0x00, 0x00, 0x00, 0x00, 0x00, 0x00, 0x00, 0x00, 0x00, 0x00, 0x00, 0x00, 0x00, 0x00, 0x00,
    0x00, 0x00, 0x00, 0x00, 0x00, 0x00, 0x00, 0x00, 0x00, 0x00, 0x00, 0x00, 0x00, 0x00, 0x00, 0x00,
    0x00, 0x00, 0x00, 0x00, 0x00, 0x00, 0x00, 0x00, 0x00, 0x00, 0x00, 0x00, 0x00, 0x00, 0x00, 0x00,
    0x00, 0x00, 0x00, 0x00, 0x00, 0x00, 0x00, 0x00, 0x00, 0x00, 0xFF, 0xFF, 0x00, 0x00, 0x07, 0x2A,
    0xB7, 0x9E, 0x96, 0x9E, 0x96, 0x9E, 0x14, 0x86, 0x93, 0x7D, 0xB3, 0x85, 0x93, 0x7D, 0x52, 0x7D,
    0x52, 0x7D, 0x52, 0x7D, 0x52, 0x75, 0x52, 0x75, 0x52, 0x7D, 0x52, 0x75, 0x53, 0x75, 0x73, 0x7D,
    0xC2, 0x10, 0x86, 0x31, 0xEF, 0x7F, 0x00, 0x00, 0x00, 0x00, 0x00, 0x00, 0x00, 0x00, 0x00, 0x00,
    0x00, 0x00, 0x00, 0x00, 0x48, 0x32, 0x50, 0x5C, 0xD1, 0x64, 0xB1, 0x64, 0xC6, 0x21, 0x8B, 0x4B,
    0x2E, 0x5C, 0xED, 0x5B, 0xED, 0x5B, 0x4E, 0x64, 0x2D, 0x64, 0x88, 0x3A, 0x55, 0x96, 0x55, 0x96,
    0x55, 0x96, 0x55, 0x96, 0x55, 0x96, 0x55, 0x96, 0x35, 0x8E, 0x14, 0x86, 0xB3, 0x85, 0x92, 0x85,
    0x72, 0x7D, 0x14, 0x8E, 0x2B, 0x4B, 0x00, 0x00, 0x00, 0x00, 0x00, 0x00, 0x00, 0x00, 0xAD, 0x53,
    0x33, 0x7D, 0xD1, 0x6C, 0xF2, 0x74, 0xF2, 0x74, 0xF2, 0x74, 0xF2, 0x74, 0xF2, 0x74, 0xF2, 0x74,
    0x12, 0x75, 0x12, 0x75, 0x32, 0x7D, 0x32, 0x75, 0xF2, 0x74, 0xF2, 0x74, 0xF2, 0x74, 0xF2, 0x74,
    0xF2, 0x74, 0xF2, 0x74, 0x12, 0x75, 0x24, 0x19, 0x00, 0x00, 0xFF, 0xFF, 0x00, 0x00, 0x00, 0x00,
    0x00, 0x00, 0x00, 0x00, 0x00, 0x00, 0x00, 0x00, 0x00, 0x00, 0x00, 0x00, 0x00, 0x00, 0x00, 0x00,
    0x00, 0x00, 0x00, 0x00, 0x00, 0x00, 0x00, 0x00, 0x00, 0x00, 0x00, 0x00, 0x00, 0x00, 0x00, 0x00,
    0x00, 0x00, 0x00, 0x00, 0x00, 0x00, 0x00, 0x00, 0x00, 0x00, 0x00, 0x00, 0x00, 0x00, 0x00, 0x00,
    0x00, 0x00, 0x00, 0x00, 0x00, 0x00, 0x00, 0x00, 0xFF, 0xFF, 0x00, 0x00, 0x8F, 0x6C, 0xB6, 0x9E,
    0xF4, 0x85, 0xB3, 0x85, 0xB3, 0x85, 0x93, 0x7D, 0x52, 0x7D, 0x52, 0x7D, 0x52, 0x75, 0x53, 0x75,
    0x53, 0x75, 0x52, 0x75, 0x52, 0x7D, 0x32, 0x75, 0xD4, 0x85, 0xA9, 0x3A, 0x00, 0x00, 0x00, 0x00,
    0x00, 0x00, 0x00, 0x00, 0x00, 0x00, 0x00, 0x00, 0x00, 0x00, 0x00, 0x00, 0x06, 0x00, 0x00, 0x00,
    0xA3, 0x18, 0x49, 0x3A, 0x8D, 0x4B, 0x90, 0x64, 0x27, 0x2A, 0xE9, 0x3A, 0xEC, 0x53, 0x2E, 0x5C,
    0xED, 0x5B, 0x8B, 0x53, 0x27, 0x32, 0x6F, 0x64, 0xB6, 0x9E, 0x55, 0x96, 0x55, 0x96, 0x55, 0x96,
    0x55, 0x96, 0x35, 0x8E, 0x14, 0x86, 0xB3, 0x85, 0x93, 0x85, 0x72, 0x7D, 0xD3, 0x85, 0xF1, 0x74,
    0x82, 0x08, 0x00, 0x00, 0x00, 0x00, 0x20, 0x00, 0x00, 0x00, 0xC6, 0x29, 0x32, 0x7D, 0xF1, 0x74,
    0xF2, 0x74, 0xF2, 0x74, 0xF2, 0x74, 0xF2, 0x74, 0x12, 0x75, 0x12, 0x75, 0x12, 0x75, 0x32, 0x75,
    0x32, 0x75, 0x12, 0x75, 0xF2, 0x74, 0xF2, 0x74, 0x12, 0x75, 0xF2, 0x74, 0xD1, 0x6C, 0x33, 0x75,
    0x2F, 0x5C, 0x20, 0x00, 0x00, 0x00, 0x00, 0x00, 0x00, 0x00, 0x00, 0x00, 0x00, 0x00, 0x00, 0x00,
    0x00, 0x00, 0x00, 0x00, 0x00, 0x00, 0x00, 0x00, 0x00, 0x00, 0x00, 0x00, 0x00, 0x00, 0x00, 0x00,
    0x00, 0x00, 0x00, 0x00, 0x00, 0x00, 0x00, 0x00, 0x00, 0x00, 0x00, 0x00, 0x00, 0x00, 0x00, 0x00,
    0x00, 0x00, 0x00, 0x00, 0x00, 0x00, 0x00, 0x00, 0x00, 0x00, 0x00, 0x00, 0x00, 0x00, 0x00, 0x00,
    0x00, 0x00, 0x00, 0x00, 0x00, 0x00, 0xEF, 0x7B, 0x82, 0x08, 0xF3, 0x85, 0x14, 0x86, 0xD3, 0x85,
    0xB4, 0x85, 0x52, 0x75, 0x32, 0x7D, 0x52, 0x7D, 0x73, 0x7D, 0x52, 0x75, 0x52, 0x75, 0x52, 0x75,
    0x52, 0x75, 0xB4, 0x85, 0x2E, 0x5C, 0x00, 0x00, 0x00, 0x00, 0xA0, 0x02, 0x00, 0x00, 0x00, 0x00,
    0x00, 0x00, 0x00, 0x00, 0x00, 0x00, 0x00, 0x00, 0xE7, 0x39, 0x00, 0x00, 0x66, 0x29, 0xE8, 0x39,
    0x00, 0x00, 0x24, 0x19, 0xAC, 0x53, 0x14, 0x8E, 0xA9, 0x3A, 0xC9, 0x3A, 0x88, 0x3A, 0x2A, 0x4B,
    0x31, 0x7D, 0xB7, 0x9E, 0x55, 0x96, 0x55, 0x96, 0x55, 0x96, 0x55, 0x96, 0x35, 0x8E, 0x14, 0x86,
    0xB3, 0x85, 0x93, 0x85, 0x92, 0x85, 0xB3, 0x85, 0x93, 0x7D, 0x44, 0x19, 0x00, 0x00, 0xEF, 0x7F,
    0x00, 0x00, 0x00, 0x00, 0xEF, 0x7B, 0x00, 0x00, 0xCE, 0x53, 0x53, 0x7D, 0xD1, 0x6C, 0xF1, 0x74,
    0xF2, 0x74, 0x12, 0x75, 0x11, 0x75, 0x11, 0x75, 0x12, 0x75, 0x32, 0x75, 0x12, 0x75, 0xF2, 0x74,
    0xF2, 0x74, 0x12, 0x75, 0x12, 0x75, 0xF2, 0x74, 0xF2, 0x6C, 0x33, 0x75, 0xE6, 0x29, 0x00, 0x00,
    0xFF, 0x7F, 0x00, 0x00, 0x00, 0x00, 0x00, 0x00, 0x00, 0x00, 0x00, 0x00, 0x00, 0x00, 0x00, 0x00,
    0x00, 0x00, 0x00, 0x00, 0x00, 0x00, 0x00, 0x00, 0x00, 0x00, 0x00, 0x00, 0x00, 0x00, 0x00, 0x00,
    0x00, 0x00, 0x00, 0x00, 0x00, 0x00, 0x00, 0x00, 0x00, 0x00, 0x00, 0x00, 0x00, 0x00, 0x00, 0x00,
    0x00, 0x00, 0x00, 0x00, 0x00, 0x00, 0x00, 0x00, 0x00, 0x00, 0x00, 0x00, 0x00, 0x00, 0x00, 0x00,
    0x00, 0x00, 0x00, 0x00, 0xCB, 0x5A, 0x6B, 0x4B, 0x8F, 0x6C, 0x0B, 0x53, 0x6F, 0x64, 0x94, 0x7D,
    0x52, 0x75, 0x93, 0x7D, 0xD0, 0x64, 0x73, 0x7D, 0x52, 0x75, 0x32, 0x75, 0x73, 0x7D, 0x73, 0x7D,
    0x24, 0x19, 0x00, 0x00, 0x4A, 0x55, 0x00, 0x00, 0x00, 0x00, 0x00, 0x00, 0x00, 0x00, 0x00, 0x00,
    0x00, 0x00, 0x00, 0x00, 0x00, 0x00, 0x00, 0x00, 0x00, 0x00, 0x00, 0x00, 0x00, 0x00, 0x00, 0x00,
    0x4E, 0x5C, 0xD7, 0x96, 0xF4, 0x85, 0x11, 0x75, 0x14, 0x8E, 0xD7, 0xA6, 0xB6, 0x9E, 0x55, 0x96,
    0x76, 0x96, 0x75, 0x9E, 0x55, 0x96, 0x34, 0x8E, 0xF4, 0x85, 0xB3, 0x85, 0x93, 0x85, 0x93, 0x85,
    0x92, 0x85, 0xF4, 0x85, 0x27, 0x2A, 0x00, 0x00, 0x00, 0x00, 0x00, 0x00, 0x00, 0x00, 0x00, 0x00,
    0x4A, 0x55, 0x00, 0x00, 0xC6, 0x29, 0x12, 0x75, 0x32, 0x75, 0x32, 0x75, 0x12, 0x75, 0x12, 0x75,
    0x52, 0x7D, 0x73, 0x7D, 0x12, 0x75, 0x12, 0x75, 0x12, 0x75, 0xF2, 0x74, 0xF2, 0x74, 0xF1, 0x74,
    0xF2, 0x74, 0xD1, 0x6C, 0x73, 0x7D, 0x0B, 0x43, 0x00, 0x00, 0x00, 0x00, 0x00, 0x00, 0x00, 0x00,
    0x00, 0x00, 0x00, 0x00, 0x00, 0x00, 0x00, 0x00, 0x00, 0x00, 0x00, 0x00, 0x00, 0x00, 0x00, 0x00,
    0x00, 0x00, 0x00, 0x00, 0x00, 0x00, 0x00, 0x00, 0x00, 0x00, 0x00, 0x00, 0x00, 0x00, 0x00, 0x00,
    0x00, 0x00, 0x00, 0x00, 0x00, 0x00, 0x00, 0x00, 0x00, 0x00, 0x00, 0x00, 0x00, 0x00, 0x00, 0x00,
    0x00, 0x00, 0x00, 0x00, 0x00, 0x00, 0x00, 0x00, 0x00, 0x00, 0xAA, 0x52, 0x00, 0x00, 0xE3, 0x18,
    0x7B, 0xCE, 0xE8, 0x39, 0x71, 0x8C, 0xDD, 0xDE, 0xAB, 0x4A, 0xB0, 0x6C, 0xD3, 0x85, 0x6F, 0x64,
    0x8E, 0x6B, 0x8C, 0x53, 0xB4, 0x7D, 0x93, 0x7D, 0x93, 0x7D, 0x07, 0x2A, 0x00, 0x00, 0x00, 0x00,
    0x00, 0x00, 0x00, 0x00, 0x00, 0x00, 0x00, 0x00, 0x00, 0x00, 0x00, 0x00, 0x00, 0x00, 0x00, 0x00,
    0x00, 0x00, 0x00, 0x00, 0x00, 0x00, 0x00, 0x00, 0x86, 0x31, 0x20, 0x00, 0x32, 0x75, 0x76, 0x8E,
    0x55, 0x96, 0x96, 0x9E, 0x75, 0x9E, 0x55, 0x96, 0x55, 0x96, 0x76, 0x9E, 0x75, 0x9E, 0x55, 0x96,
    0x14, 0x86, 0xD3, 0x85, 0x93, 0x7D, 0x73, 0x7D, 0x92, 0x7D, 0x73, 0x7D, 0xD4, 0x85, 0xA9, 0x3A,
    0x00, 0x00, 0x00, 0x00, 0x00, 0x00, 0x00, 0x00, 0x00, 0x00, 0x00, 0x00, 0x00, 0x00, 0xEF, 0x7B,
    0x00, 0x00, 0xA5, 0x21, 0x4C, 0x53, 0xAC, 0x53, 0x52, 0x75, 0x32, 0x75, 0x0E, 0x5C, 0x6B, 0x4B,
    0x32, 0x7D, 0x32, 0x7D, 0x12, 0x75, 0x12, 0x75, 0xB0, 0x64, 0x32, 0x75, 0xD1, 0x6C, 0x33, 0x75,
    0x2F, 0x5C, 0x61, 0x08, 0x00, 0x00, 0xAA, 0x52, 0x00, 0x00, 0x00, 0x00, 0x00, 0x00, 0x00, 0x00,
    0x00, 0x00, 0x00, 0x00, 0x00, 0x00, 0x00, 0x00, 0x00, 0x00, 0x00, 0x00, 0x00, 0x00, 0x00, 0x00,
    0x00, 0x00, 0x00, 0x00, 0x00, 0x00, 0x00, 0x00, 0x00, 0x00, 0x00, 0x00, 0x00, 0x00, 0x00, 0x00,
    0x00, 0x00, 0x00, 0x00, 0x00, 0x00, 0x00, 0x00, 0x00, 0x00, 0x00, 0x00, 0x00, 0x00, 0x00, 0x00,
    0x00, 0x00, 0x00, 0x00, 0x00, 0x00, 0x00, 0x00, 0x00, 0x00, 0x62, 0x08, 0x4A, 0x4A, 0x8A, 0x52,
    0xBF, 0xF7, 0x5F, 0xE7, 0x57, 0xAD, 0x68, 0x32, 0x31, 0x6D, 0x71, 0x84, 0xFF, 0xFF, 0x4E, 0x5B,
    0x6F, 0x5C, 0x4F, 0x64, 0xC6, 0x29, 0x00, 0x00, 0x00, 0x00, 0x00, 0x00, 0x00, 0x00, 0x00, 0x00,
    0x00, 0x00, 0x00, 0x00, 0x00, 0x00, 0x00, 0x00, 0x00, 0x00, 0x00, 0x00, 0x00, 0x00, 0x00, 0x00,
    0x00, 0x00, 0x00, 0x00, 0x00, 0x00, 0x00, 0x00, 0xAC, 0x4B, 0x96, 0x96, 0x55, 0x96, 0x76, 0x9E,
    0x96, 0x9E, 0x75, 0x96, 0xB7, 0xA6, 0x55, 0x96, 0x35, 0x8E, 0xF4, 0x85, 0xF4, 0x85, 0x72, 0x7D,
    0x73, 0x7D, 0x72, 0x7D, 0x73, 0x7D, 0x93, 0x7D, 0x48, 0x32, 0x00, 0x00, 0x00, 0x00, 0x00, 0x00,
    0x00, 0x00, 0x00, 0x00, 0x00, 0x00, 0x00, 0x00, 0x00, 0x00, 0xE7, 0x39, 0x00, 0x00, 0x61, 0x08,
    0x7B, 0xCE, 0x11, 0x7C, 0xED, 0x5B, 0x32, 0x75, 0x0C, 0x5B, 0xB4, 0x94, 0x48, 0x3A, 0x72, 0x7D,
    0x73, 0x7D, 0x8C, 0x53, 0xEC, 0x52, 0x6C, 0x4B, 0x73, 0x7D, 0x33, 0x75, 0x65, 0x21, 0x00, 0x00,
    0x55, 0x55, 0x00, 0x00, 0x00, 0x00, 0x00, 0x00, 0x00, 0x00, 0x00, 0x00, 0x00, 0x00, 0x00, 0x00,
    0x00, 0x00, 0x00, 0x00, 0x00, 0x00, 0x00, 0x00, 0x00, 0x00, 0x00, 0x00, 0x00, 0x00, 0x00, 0x00,
    0x00, 0x00, 0x00, 0x00, 0x00, 0x00, 0x00, 0x00, 0x00, 0x00, 0x00, 0x00, 0x00, 0x00, 0x00, 0x00,
    0x00, 0x00, 0x00, 0x00, 0x00, 0x00, 0x00, 0x00, 0x00, 0x00, 0x00, 0x00, 0x00, 0x00, 0x00, 0x00,
    0x00, 0x00, 0x00, 0x00, 0x00, 0x00, 0x42, 0x29, 0x00, 0x00, 0x49, 0x4A, 0x72, 0x8C, 0x4A, 0x42,
    0xE4, 0x18, 0xA2, 0x08, 0xE3, 0x10, 0xF3, 0x9C, 0x39, 0xBE, 0xEC, 0x5A, 0x41, 0x00, 0x00, 0x00,
    0x00, 0x00, 0x00, 0x00, 0x00, 0x00, 0x00, 0x00, 0x00, 0x00, 0x00, 0x00, 0x00, 0x00, 0x00, 0x00,
    0x00, 0x00, 0x00, 0x00, 0x00, 0x00, 0x00, 0x00, 0x00, 0x00, 0x00, 0x00, 0x00, 0x00, 0xFF, 0xFF,
    0x00, 0x00, 0xEB, 0x5A, 0xF5, 0xA4, 0x0E, 0x5C, 0x18, 0xAF, 0x14, 0x8E, 0x2F, 0x6C, 0x8D, 0x63,
    0xD0, 0x6C, 0x55, 0x8E, 0xB3, 0x7D, 0x52, 0x75, 0x2E, 0x5C, 0x52, 0x7D, 0x72, 0x7D, 0x93, 0x7D,
    0x53, 0x7D, 0xC6, 0x29, 0x00, 0x00, 0x00, 0x00, 0x00, 0x00, 0x00, 0x00, 0x00, 0x00, 0x00, 0x00,
    0x00, 0x00, 0x00, 0x00, 0x00, 0x00, 0xE7, 0x39, 0x00, 0x00, 0x24, 0x21, 0x73, 0x8C, 0x8F, 0x6B,
    0x03, 0x19, 0xC6, 0x21, 0x93, 0x94, 0xDF, 0xF7, 0xD1, 0x7B, 0x0A, 0x43, 0x2A, 0x43, 0x93, 0x94,
    0x9F, 0xEF, 0x6F, 0x6B, 0xA9, 0x3A, 0x07, 0x2A, 0x00, 0x00, 0x00, 0x00, 0x00, 0x00, 0x00, 0x00,
    0x00, 0x00, 0x00, 0x00, 0x00, 0x00, 0x00, 0x00, 0x00, 0x00, 0x00, 0x00, 0x00, 0x00, 0x00, 0x00,
    0x00, 0x00, 0x00, 0x00, 0x00, 0x00, 0x00, 0x00, 0x00, 0x00, 0x00, 0x00, 0x00, 0x00, 0x00, 0x00,
    0x00, 0x00, 0x00, 0x00, 0x00, 0x00, 0x00, 0x00, 0x00, 0x00, 0x00, 0x00, 0x00, 0x00, 0x00, 0x00,
    0x00, 0x00, 0x00, 0x00, 0x00, 0x00, 0x00, 0x00, 0x00, 0x00, 0x00, 0x00, 0x00, 0x00, 0x00, 0x00,
    0x00, 0x00, 0x00, 0x00, 0x86, 0x31, 0x00, 0x00, 0x00, 0x00, 0x00, 0x00, 0x00, 0x00, 0x00, 0x00,
    0x00, 0x00, 0x61, 0x08, 0x00, 0x00, 0x00, 0x00, 0x00, 0x00, 0x00, 0x00, 0xFF, 0xFF, 0x00, 0x00,
    0x00, 0x00, 0x00, 0x00, 0x00, 0x00, 0x00, 0x00, 0x00, 0x00, 0x00, 0x00, 0x00, 0x00, 0x00, 0x00,
    0x00, 0x00, 0x00, 0x00, 0x00, 0x00, 0x00, 0x00, 0x00, 0x00, 0x00, 0x00, 0x00, 0x00, 0x51, 0x8C,
    0x1E, 0xDF, 0x6A, 0x4A, 0x10, 0x6D, 0x0E, 0x64, 0x7A, 0xD6, 0xDD, 0xD6, 0x29, 0x3A, 0x31, 0x75,
    0x93, 0x7D, 0x2F, 0x6C, 0x11, 0x7C, 0x0B, 0x43, 0xF4, 0x85, 0x6F, 0x64, 0x85, 0x21, 0x00, 0x00,
    0x00, 0x00, 0x00, 0x00, 0x00, 0x00, 0x00, 0x00, 0x00, 0x00, 0x00, 0x00, 0x00, 0x00, 0x00, 0x00,
    0x00, 0x00, 0x00, 0x00, 0x00, 0x00, 0x00, 0x00, 0x00, 0x00, 0x00, 0x00, 0x00, 0x00, 0x00, 0x00,
    0x8A, 0x52, 0xB0, 0x73, 0x66, 0x29, 0x00, 0x00, 0x00, 0x00, 0x0D, 0x63, 0x11, 0x7C, 0x8B, 0x52,
    0x00, 0x00, 0x00, 0x00, 0x00, 0x00, 0x00, 0x00, 0x00, 0x00, 0x00, 0x00, 0x00, 0x00, 0x00, 0x00,
    0x00, 0x00, 0x00, 0x00, 0x00, 0x00, 0x00, 0x00, 0x00, 0x00, 0x00, 0x00, 0x00, 0x00, 0x00, 0x00,
    0x00, 0x00, 0x00, 0x00, 0x00, 0x00, 0x00, 0x00, 0x00, 0x00, 0x00, 0x00, 0x00, 0x00, 0x00, 0x00,
    0x00, 0x00, 0x00, 0x00, 0x00, 0x00, 0x00, 0x00, 0x00, 0x00, 0x00, 0x00, 0x00, 0x00, 0x00, 0x00,
    0x00, 0x00, 0x00, 0x00, 0x00, 0x00, 0x00, 0x00, 0x00, 0x00, 0x00, 0x00, 0x00, 0x00, 0x00, 0x00,
    0x00, 0x00, 0x00, 0x00, 0x20, 0x00, 0xFF, 0xFF, 0xE7, 0x39, 0xA0, 0x02, 0x00, 0x00, 0x00, 0x00,
    0x00, 0x00, 0x00, 0x00, 0xE0, 0x03, 0x00, 0x00, 0x00, 0x00, 0x00, 0x00, 0x00, 0x00, 0x00, 0x00,
    0x00, 0x00, 0x00, 0x00, 0x00, 0x00, 0x00, 0x00, 0x00, 0x00, 0x00, 0x00, 0x00, 0x00, 0x00, 0x00,
    0x00, 0x00, 0x00, 0x00, 0x00, 0x00, 0x00, 0x00, 0x00, 0x00, 0xA3, 0x10, 0x24, 0x21, 0x20, 0x00,
    0x00, 0x00, 0xCA, 0x5A, 0xFF, 0xFF, 0x5F, 0xE7, 0xF9, 0xBD, 0xC6, 0x29, 0x68, 0x3A, 0x7A, 0xCE,
    0xBF, 0xF7, 0xE8, 0x39, 0x48, 0x32, 0x61, 0x08, 0x00, 0x00, 0x00, 0x00, 0x00, 0x00, 0x00, 0x00,
    0x00, 0x00, 0x00, 0x00, 0x00, 0x00, 0x00, 0x00, 0x00, 0x00, 0x00, 0x00, 0x00, 0x00, 0x00, 0x00,
    0x00, 0x00, 0x00, 0x00, 0x00, 0x00, 0x00, 0x00, 0xFF, 0xFF, 0x00, 0x00, 0x00, 0x00, 0x00, 0x00,
    0x00, 0x00, 0x00, 0x00, 0x00, 0x00, 0x00, 0x00, 0x00, 0x00, 0x00, 0x00, 0x00, 0x00, 0xFF, 0xFF,
    0x00, 0x00, 0x00, 0x00, 0x00, 0x00, 0x00, 0x00, 0x00, 0x00, 0x00, 0x00, 0x00, 0x00, 0x00, 0x00,
    0x00, 0x00, 0x00, 0x00, 0x00, 0x00, 0x00, 0x00, 0x00, 0x00, 0x00, 0x00, 0x00, 0x00, 0x00, 0x00,
    0x00, 0x00, 0x00, 0x00, 0x00, 0x00, 0x00, 0x00, 0x00, 0x00, 0x00, 0x00, 0x00, 0x00, 0x00, 0x00,
    0x00, 0x00, 0x00, 0x00, 0x00, 0x00, 0x00, 0x00, 0x00, 0x00, 0x00, 0x00, 0x00, 0x00, 0x00, 0x00,
    0x00, 0x00, 0x00, 0x00, 0x00, 0x00, 0x00, 0x00, 0x00, 0x00, 0x00, 0x00, 0x00, 0x00, 0x00, 0x00,
    0x00, 0x00, 0x00, 0x00, 0x00, 0x00, 0x00, 0x00, 0x00, 0x00, 0xE7, 0x39, 0x0A, 0x00, 0x00, 0x00,
    0x00, 0x00, 0x00, 0x00, 0x00, 0x00, 0x00, 0x00, 0x00, 0x00, 0x00, 0x00, 0x00, 0x00, 0x00, 0x00,
    0x00, 0x00, 0x00, 0x00, 0x00, 0x00, 0x00, 0x00, 0x00, 0x00, 0x00, 0x00, 0x00, 0x00, 0x00, 0x00,
    0x00, 0x00, 0x00, 0x00, 0x00, 0x00, 0x00, 0x00, 0x00, 0x00, 0x00, 0x00, 0x00, 0x00, 0x20, 0x00,
    0x93, 0x8C, 0x94, 0x8C, 0x8A, 0x52, 0x00, 0x00, 0x00, 0x00, 0xEC, 0x5A, 0xAB, 0x52, 0x00, 0x00,
    0x00, 0x00, 0x00, 0x00, 0x00, 0x00, 0x00, 0x00, 0x00, 0x00, 0x00, 0x00, 0x00, 0x00, 0x00, 0x00,
    0x00, 0x00, 0x00, 0x00, 0x00, 0x00, 0x00, 0x00, 0x00, 0x00, 0x00, 0x00, 0x00, 0x00, 0x00, 0x00,
    0x00, 0x00, 0x00, 0x00, 0x00, 0x00, 0x00, 0x00, 0x00, 0x00, 0x00, 0x00, 0xFF, 0xFF, 0x00, 0x00,
    0x00, 0x00, 0x00, 0x00, 0x00, 0x00, 0x55, 0xAD, 0x00, 0x00, 0x00, 0x00, 0x00, 0x00, 0x00, 0x00,
    0x00, 0x00, 0x00, 0x00, 0x00, 0x00, 0x00, 0x00, 0x00, 0x00, 0x00, 0x00, 0x00, 0x00, 0x00, 0x00,
    0x00, 0x00, 0x00, 0x00, 0x00, 0x00, 0x00, 0x00, 0x00, 0x00, 0x00, 0x00, 0x00, 0x00, 0x00, 0x00,
    0x00, 0x00, 0x00, 0x00, 0x00, 0x00, 0x00, 0x00, 0x00, 0x00, 0x00, 0x00, 0x00, 0x00, 0x00, 0x00,
    0x00, 0x00, 0x00, 0x00, 0x00, 0x00, 0x00, 0x00, 0x00, 0x00, 0x00, 0x00, 0x00, 0x00, 0x00, 0x00,
    0x00, 0x00, 0x00, 0x00, 0x00, 0x00, 0x00, 0x00, 0x00, 0x00, 0x00, 0x00, 0x00, 0x00, 0x00, 0x00,
    0x00, 0x00, 0x00, 0x00, 0x00, 0x00, 0x00, 0x00, 0x00, 0x00, 0x00, 0x00, 0x00, 0x00, 0x00, 0x00,
    0x00, 0x00, 0x00, 0x00, 0x00, 0x00, 0x00, 0x00, 0x00, 0x00, 0x00, 0x00, 0x00, 0x00, 0x00, 0x00,
    0x00, 0x00, 0x00, 0x00, 0x00, 0x00, 0x00, 0x00, 0x00, 0x00, 0x00, 0x00, 0x00, 0x00, 0x00, 0x00,
    0x00, 0x00, 0xE7, 0x39, 0xAA, 0x52, 0x00, 0x00, 0xE7, 0x01, 0x00, 0x00, 0x00, 0x00, 0x00, 0x00,
    0x00, 0x00, 0x00, 0x00, 0x00, 0x00, 0x00, 0x00, 0x00, 0x00, 0x00, 0x00, 0xEF, 0x3B, 0x00, 0x00,
    0x00, 0x00, 0x00, 0x00, 0x00, 0x00, 0x00, 0x00, 0x00, 0x00, 0x00, 0x00, 0x00, 0x00, 0x00, 0x00,
    0x00, 0x00, 0x00, 0x00, 0x00, 0x00, 0x00, 0x00, 0x00, 0x00, 0x00, 0x00, 0x00, 0x00, 0x00, 0x00,
    0x00, 0x00, 0x00, 0x00, 0x00, 0x00, 0x00, 0x00, 0x00, 0x00, 0x00, 0x00, 0x00, 0x00, 0x00, 0x00,
    0x00, 0x00, 0x00, 0x00, 0x00, 0x00, 0x00, 0x00, 0x00, 0x00, 0x00, 0x00, 0x00, 0x00, 0x00, 0x00,
    0x00, 0x00, 0x00, 0x00, 0x00, 0x00, 0x00, 0x00, 0x00, 0x00, 0x00, 0x00, 0x00, 0x00, 0x00, 0x00,
    0x00, 0x00, 0x00, 0x00, 0x00, 0x00, 0x00, 0x00, 0x00, 0x00, 0x00, 0x00, 0x00, 0x00, 0x00, 0x00,
    0x00, 0x00, 0x00, 0x00, 0x00, 0x00, 0x00, 0x00, 0x00, 0x00, 0x00, 0x00, 0x00, 0x00, 0x00, 0x00,
    0x00, 0x00, 0x00, 0x00, 0x00, 0x00, 0x00, 0x00, 0x00, 0x00, 0x00, 0x00, 0x00, 0x00, 0x00, 0x00,
    0x00, 0x00, 0x00, 0x00, 0x00, 0x00, 0x00, 0x00, 0x00, 0x00, 0x00, 0x00, 0x00, 0x00, 0x00, 0x00,
    0x00, 0x00, 0x00, 0x00, 0x00, 0x00, 0x00, 0x00, 0x00, 0x00, 0x00, 0x00, 0x00, 0x00, 0x00, 0x00,
    0x00, 0x00, 0x00, 0x00, 0x00, 0x00, 0x00, 0x00, 0x00, 0x00, 0x00, 0x00, 0x00, 0x00, 0x00, 0x00,
    0x00, 0x00, 0x00, 0x00, 0x00, 0x00, 0x00, 0x00, 0x00, 0x00, 0x00, 0x00, 0x00, 0x00, 0x00, 0x00,
    0x00, 0x00, 0x00, 0x00, 0x00, 0x00, 0x00, 0x00, 0x00, 0x00, 0x00, 0x00, 0x55, 0xAD, 0x00, 0x00,
    0x00, 0x00, 0x00, 0x00, 0x00, 0x00, 0x00, 0x00, 0x00, 0x00, 0x00, 0x00, 0x00, 0x00, 0x00, 0x00,
    0x00, 0x00, 0x00, 0x00, 0x00, 0x00, 0x00, 0x00, 0x00, 0x00, 0x00, 0x00, 0x00, 0x00, 0x00, 0x00,
    0x00, 0x00, 0x00, 0x00, 0x00, 0x00, 0x00, 0x00, 0x00, 0x00, 0x00, 0x00, 0x00, 0x00, 0x00, 0x00,
    0x00, 0x00, 0x00, 0x00, 0x00, 0x00, 0x00, 0x00, 0x00, 0x00, 0x00, 0x00, 0x00, 0x00, 0x00, 0x00,
    0x00, 0x00, 0x00, 0x00, 0x00, 0x00, 0x00, 0x00, 0x00, 0x00, 0x00, 0x00, 0x00, 0x00, 0x00, 0x00,
    0x00, 0x00, 0x00, 0x00, 0x00, 0x00, 0x00, 0x00, 0x00, 0x00, 0x00, 0x00, 0x00, 0x00, 0x00, 0x00,
    0x00, 0x00, 0x00, 0x00, 0x00, 0x00, 0x00, 0x00, 0x00, 0x00, 0x00, 0x00, 0x00, 0x00, 0x00, 0x00,
    0x00, 0x00, 0x00, 0x00, 0x00, 0x00, 0x00, 0x00, 0x00, 0x00, 0x00, 0x00, 0x00, 0x00, 0x00, 0x00,
    0x00, 0x00, 0x00, 0x00, 0x00, 0x00, 0x00, 0x00, 0x00, 0x00, 0x00, 0x00, 0x00, 0x00, 0x00, 0x00,
    0x00, 0x00, 0x00, 0x00, 0x00, 0x00, 0x00, 0x00, 0x00, 0x00, 0x00, 0x00, 0x00, 0x00, 0x00, 0x00,
    0x00, 0x00, 0x00, 0x00, 0x00, 0x00, 0x00, 0x00, 0x00, 0x00, 0x00, 0x00, 0x00, 0x00, 0x00, 0x00,
    0x00, 0x00, 0x00, 0x00, 0x00, 0x00, 0x00, 0x00, 0x00, 0x00, 0x00, 0x00, 0x00, 0x00, 0x00, 0x00,
    0x00, 0x00, 0x00, 0x00, 0x00, 0x00, 0x00, 0x00, 0x00, 0x00, 0x00, 0x00, 0x00, 0x00, 0x00, 0x00,
    0x00, 0x00, 0x00, 0x00, 0x00, 0x00, 0x00, 0x00, 0x00, 0x00, 0x00, 0x00, 0x00, 0x00, 0x00, 0x00,
    0x00, 0x00, 0x00, 0x00, 0x00, 0x00, 0x00, 0x00, 0x00, 0x00, 0x00, 0x00, 0x00, 0x00, 0x00, 0x00,
    0x00, 0x00, 0x00, 0x00, 0x00, 0x00, 0x00, 0x00, 0x00, 0x00, 0x00, 0x00, 0x00, 0x00, 0x00, 0x00,
    0x00, 0x00, 0x00, 0x00, 0x00, 0x00, 0x00, 0x00, 0x00, 0x00, 0x00, 0x00, 0x00, 0x00, 0x00, 0x00,
    0x00, 0x00, 0x00, 0x00, 0x00, 0x00, 0x00, 0x00, 0x00, 0x00, 0x00, 0x00, 0x00, 0x00, 0x00, 0x00,
    0x00, 0x00, 0x00, 0x00, 0x00, 0x00, 0x00, 0x00, 0x00, 0x00, 0x00, 0x00, 0x00, 0x00, 0x00, 0x00,
    0x00, 0x00, 0x00, 0x00, 0x00, 0x00, 0x00, 0x00, 0x00, 0x00, 0x00, 0x00, 0x00, 0x00, 0x00, 0x00,
    0x00, 0x00, 0x00, 0x00, 0x00, 0x00, 0x00, 0x00, 0x00, 0x00, 0x00, 0x00, 0x00, 0x00, 0x00, 0x00,
    0x00, 0x00, 0x00, 0x00, 0x00, 0x00, 0x00, 0x00, 0x00, 0x00, 0x00, 0x00, 0x00, 0x00, 0x00, 0x00,
    0x00, 0x00, 0x00, 0x00, 0x00, 0x00, 0x00, 0x00, 0x00, 0x00, 0x00, 0x00, 0x00, 0x00, 0x00, 0x00,
    0x00, 0x00, 0x00, 0x00, 0x00, 0x00, 0x00, 0x00, 0x00, 0x00, 0x00, 0x00, 0x00, 0x00, 0x00, 0x00,
    0x00, 0x00, 0x00, 0x00, 0x00, 0x00, 0x00, 0x00, 0x00, 0x00, 0x00, 0x00, 0x00, 0x00, 0x00, 0x00,
    0x00, 0x00, 0x00, 0x00, 0x00, 0x00, 0x00, 0x00, 0x00, 0x00, 0x00, 0x00, 0x00, 0x00, 0x00, 0x00,
    0x00, 0x00, 0x00, 0x00, 0x00, 0x00, 0x00, 0x00, 0x00, 0x00, 0x00, 0x00, 0x00, 0x00, 0x00, 0x00,
    0x00, 0x00, 0x00, 0x00, 0x00, 0x00, 0x00, 0x00, 0x00, 0x00, 0x00, 0x00, 0x00, 0x00, 0x00, 0x00,
    0x00, 0x00, 0x00, 0x00, 0x00, 0x00, 0x00, 0x00, 0x00, 0x00, 0x00, 0x00, 0x00, 0x00, 0x00, 0x00,
    0x00, 0x00, 0x00, 0x00, 0x00, 0x00, 0x00, 0x00, 0x00, 0x00, 0x00, 0x00, 0x00, 0x00, 0x00, 0x00,
    0x00, 0x00, 0x00, 0x00, 0x00, 0x00, 0x00, 0x00, 0x00, 0x00, 0x00, 0x00, 0x00, 0x00, 0x00, 0x00,
    0x00, 0x00, 0x00, 0x00, 0x00, 0x00, 0x00, 0x00, 0x00, 0x00, 0x00, 0x00, 0x00, 0x00, 0x00, 0x00,
    0x00, 0x00, 0x00, 0x00, 0x00, 0x00, 0x00, 0x00, 0x00, 0x00, 0x00, 0x00, 0x00, 0x00, 0x00, 0x00,
    0x00, 0x00, 0x00, 0x00, 0x00, 0x00, 0x00, 0x00, 0x00, 0x00, 0x00, 0x00, 0x00, 0x00, 0x00, 0x00,
    0x00, 0x00, 0x00, 0x00, 0x00, 0x00, 0x00, 0x00, 0x00, 0x00, 0x00, 0x00, 0x00, 0x00, 0x00, 0x00,
    0x00, 0x00, 0x00, 0x00, 0x00, 0x00, 0x00, 0x00, 0x00, 0x00, 0x00, 0x00, 0x00, 0x00, 0x00, 0x00,
    0x00, 0x00, 0x00, 0x00, 0x00, 0x00, 0x00, 0x00, 0x00, 0x00, 0x00, 0x00, 0x00, 0x00, 0x00, 0x00,
    0x00, 0x00, 0x00, 0x00, 0x00, 0x00, 0x00, 0x00, 0x00, 0x00, 0x00, 0x00, 0x00, 0x00, 0x00, 0x00,
    0x00, 0x00, 0x00, 0x00, 0x00, 0x00, 0x00, 0x00, 0x00, 0x00, 0x00, 0x00, 0x00, 0x00, 0x00, 0x00,
    0x00, 0x00, 0x00, 0x00, 0x00, 0x00, 0x00, 0x00, 0x00, 0x00, 0x00, 0x00, 0x00, 0x00, 0x00, 0x00,
    0x00, 0x00, 0x00, 0x00, 0x00, 0x00, 0x00, 0x00, 0x00, 0x00, 0x00, 0x00, 0x00, 0x00, 0x00, 0x00,
    0x00, 0x00, 0x00, 0x00, 0x00, 0x00, 0x00, 0x00, 0x00, 0x00, 0x00, 0x00, 0x00, 0x00, 0x00, 0x00,
    0x00, 0x00, 0x00, 0x00, 0x00, 0x00, 0x00, 0x00, 0x00, 0x00, 0x00, 0x00, 0x00, 0x00, 0x00, 0x00,
    0x00, 0x00, 0x00, 0x00, 0x00, 0x00, 0x00, 0x00, 0x00, 0x00, 0x00, 0x00, 0x00, 0x00, 0x00, 0x00,
    0x00, 0x00, 0x00, 0x00, 0x00, 0x00, 0x00, 0x00, 0x00, 0x00, 0x00, 0x00, 0x00, 0x00, 0x00, 0x00,
    0x00, 0x00, 0x00, 0x00, 0x00, 0x00, 0x00, 0x00, 0x00, 0x00, 0x00, 0x00, 0x00, 0x00, 0x00, 0x00,
    0x00, 0x00, 0x00, 0x00, 0x00, 0x00, 0x00, 0x00, 0x00, 0x00, 0x00, 0x00, 0x00, 0x00, 0x00, 0x00,
    0x00, 0x00, 0x00, 0x00, 0x00, 0x00, 0x00, 0x00, 0x00, 0x00, 0x00, 0x00, 0x00, 0x00, 0x00, 0x00,
    0x00, 0x00, 0x00, 0x00, 0x00, 0x00, 0x00, 0x00, 0x00, 0x00, 0x00, 0x00, 0x00, 0x00, 0x00, 0x00,
    0x00, 0x00, 0x00, 0x00, 0x00, 0x00, 0x00, 0x00, 0x00, 0x00, 0x00, 0x00, 0x00, 0x00, 0x00, 0x00,
    0x00, 0x00, 0x00, 0x00, 0x00, 0x00, 0x00, 0x00, 0x00, 0x00, 0x00, 0x00, 0x00, 0x00, 0x00, 0x00,
    0x00, 0x00, 0x00, 0x00, 0x00, 0x00, 0x00, 0x00, 0x00, 0x00, 0x00, 0x00, 0x00, 0x00, 0x00, 0x00,
    0x00, 0x00, 0x00, 0x00, 0x00, 0x00, 0x00, 0x00, 0x00, 0x00, 0x00, 0x00, 0x00, 0x00, 0x00, 0x00,
    0x00, 0x00, 0x00, 0x00, 0x00, 0x00, 0x00, 0x00, 0x00, 0x00, 0x00, 0x00, 0x00, 0x00, 0x00, 0x00,
    0x00, 0x00, 0x00, 0x00, 0x00, 0x00, 0x00, 0x00, 0x00, 0x00, 0x00, 0x00, 0x00, 0x00, 0x00, 0x00,
    0x00, 0x00, 0x00, 0x00, 0x00, 0x00, 0x00, 0x00, 0x00, 0x00, 0x00, 0x00, 0x00, 0x00, 0x00, 0x00,
    0x00, 0x00, 0x00, 0x00, 0x00, 0x00, 0x00, 0x00, 0x00, 0x00, 0x00, 0x00, 0x00, 0x00, 0x00, 0x00,
    0x00, 0x00, 0x00, 0x00, 0x00, 0x00, 0x00, 0x00, 0x00, 0x00, 0x00, 0x00, 0x00, 0x00, 0x00, 0x00,
    0x00, 0x00, 0x00, 0x00, 0x00, 0x00, 0x00, 0x00, 0x00, 0x00, 0x00, 0x00, 0x00, 0x00, 0x00, 0x00,
    0x00, 0x00, 0x00, 0x00, 0x00, 0x00, 0x00, 0x00, 0x00, 0x00, 0x00, 0x00, 0x00, 0x00, 0x00, 0x00,
    0x00, 0x00, 0x00, 0x00, 0x00, 0x00, 0x00, 0x00, 0x00, 0x00, 0x00, 0x00, 0x00, 0x00, 0x00, 0x00,
    0x00, 0x00, 0x00, 0x00, 0x00, 0x00, 0x00, 0x00, 0x00, 0x00, 0x00, 0x00, 0x00, 0x00, 0x00, 0x00,
    0x00, 0x00, 0x00, 0x00, 0x00, 0x00, 0x00, 0x00, 0x00, 0x00, 0x00, 0x00, 0x00, 0x00, 0x00, 0x00,
    0x00, 0x00, 0x00, 0x00, 0x00, 0x00, 0x00, 0x00, 0x00, 0x00, 0x00, 0x00, 0x00, 0x00, 0x00, 0x00,
    0x00, 0x00, 0x00, 0x00, 0x00, 0x00, 0x00, 0x00, 0x00, 0x00, 0x00, 0x00, 0x00, 0x00, 0x00, 0x00,
    0x00, 0x00, 0x00, 0x00, 0x00, 0x00, 0x00, 0x00, 0x00, 0x00, 0x00, 0x00, 0x00, 0x00, 0x00, 0x00,
    0x00, 0x00, 0x00, 0x00, 0x00, 0x00, 0x00, 0x00, 0x00, 0x00, 0x00, 0x00, 0x00, 0x00, 0x00, 0x00,
    0x00, 0x00, 0x00, 0x00, 0x00, 0x00, 0x00, 0x00, 0x00, 0x00, 0x00, 0x00, 0x00, 0x00, 0x00, 0x00,
    0x00, 0x00, 0x00, 0x00, 0x00, 0x00, 0x00, 0x00, 0x00, 0x00, 0x00, 0x00, 0x00, 0x00, 0x00, 0x00,
    0x00, 0x00, 0x00, 0x00, 0x00, 0x00, 0x00, 0x00, 0x00, 0x00, 0x00, 0x00, 0x00, 0x00, 0x00, 0x00,
    0x00, 0x00, 0x00, 0x00, 0x00, 0x00, 0x00, 0x00, 0x00, 0x00, 0x00, 0x00, 0x00, 0x00, 0x00, 0x00,
    0x00, 0x00, 0x00, 0x00, 0x00, 0x00, 0x00, 0x00, 0x00, 0x00, 0x00, 0x00, 0x00, 0x00, 0x00, 0x00,
    0x00, 0x00, 0x00, 0x00, 0x00, 0x00, 0x00, 0x00, 0x00, 0x00, 0x00, 0x00, 0x00, 0x00, 0x00, 0x00,
    0x00, 0x00, 0x00, 0x00, 0x00, 0x00, 0x00, 0x00, 0x00, 0x00, 0x00, 0x00, 0x00, 0x00, 0x00, 0x00,
    0x00, 0x00, 0x00, 0x00, 0x00, 0x00, 0x00, 0x00, 0x00, 0x00, 0x00, 0x00, 0x00, 0x00, 0x00, 0x00,
    0x00, 0x00, 0x00, 0x00, 0x00, 0x00, 0x00, 0x00, 0x00, 0x00, 0x00, 0x00, 0x00, 0x00, 0x00, 0x00,
    0x00, 0x00, 0x00, 0x00, 0x00, 0x00, 0x00, 0x00, 0x00, 0x00, 0x00, 0x00, 0x00, 0x00, 0x00, 0x00,
    0x00, 0x00, 0x00, 0x00, 0x00, 0x00, 0x00, 0x00, 0x00, 0x00, 0x00, 0x00, 0x00, 0x00, 0x00, 0x00,
    0x00, 0x00, 0x00, 0x00, 0x00, 0x00, 0x00, 0x00, 0x00, 0x00, 0x00, 0x00, 0x00, 0x00, 0x00, 0x00,
    0x00, 0x00, 0x00, 0x00, 0x00, 0x00, 0x00, 0x00, 0x00, 0x00, 0x00, 0x00, 0x00, 0x00, 0x00, 0x00,
    0x00, 0x00, 0x00, 0x00, 0x00, 0x00, 0x00, 0x00, 0x00, 0x00, 0x00, 0x00, 0x00, 0x00, 0x00, 0x00,
    0x00, 0x00, 0x00, 0x00, 0x00, 0x00, 0x00, 0x00, 0x00, 0x00, 0x00, 0x00, 0x00, 0x00, 0x00, 0x00,
    0x00, 0x00, 0x00, 0x00, 0x00, 0x00, 0x00, 0x00, 0x00, 0x00, 0x00, 0x00, 0x00, 0x00, 0x00, 0x00,
    0x00, 0x00, 0x00, 0x00, 0x00, 0x00, 0x00, 0x00, 0x00, 0x00, 0x00, 0x00, 0x00, 0x00, 0x00, 0x00,
    0x00, 0x00, 0x00, 0x00, 0x00, 0x00, 0x00, 0x00, 0x00, 0x00, 0x00, 0x00, 0x00, 0x00, 0x00, 0x00,
    0x00, 0x00, 0x00, 0x00, 0x00, 0x00, 0x00, 0x00, 0x00, 0x00, 0x00, 0x00, 0x00, 0x00, 0x00, 0x00,
    0x00, 0x00, 0x00, 0x00, 0x00, 0x00, 0x00, 0x00, 0x00, 0x00, 0x00, 0x00, 0x00, 0x00, 0x00, 0x00,
    0x00, 0x00, 0x00, 0x00, 0x00, 0x00, 0x00, 0x00, 0x00, 0x00, 0x00, 0x00, 0x00, 0x00, 0x00, 0x00,
    0x00, 0x00, 0x00, 0x00, 0x00, 0x00, 0x00, 0x00, 0x00, 0x00, 0x00, 0x00, 0x00, 0x00, 0x00, 0x00,
    0x00, 0x00, 0x00, 0x00, 0x00, 0x00, 0x00, 0x00, 0x00, 0x00, 0x00, 0x00, 0x00, 0x00, 0x00, 0x00,
    0x00, 0x00, 0x00, 0x00, 0x00, 0x00, 0x00, 0x00, 0x00, 0x00, 0x00, 0x00, 0x00, 0x00, 0x00, 0x00,
    0x00, 0x00, 0x00, 0x00, 0x00, 0x00, 0x00, 0x00, 0x00, 0x00, 0x00, 0x00, 0x00, 0x00, 0x00, 0x00,
    0x00, 0x00, 0x00, 0x00, 0x00, 0x00, 0x00, 0x00, 0x00, 0x00, 0x00, 0x00, 0x00, 0x00, 0x00, 0x00,
    0x00, 0x00, 0x00, 0x00, 0x00, 0x00, 0x00, 0x00, 0x00, 0x00, 0x00, 0x00, 0x00, 0x00, 0x00, 0x00,
    0x00, 0x00, 0x00, 0x00, 0x00, 0x00, 0x00, 0x00, 0x00, 0x00, 0x00, 0x00, 0x00, 0x00, 0x00, 0x00,
    0x00, 0x00, 0x00, 0x00, 0x00, 0x00, 0x00, 0x00, 0x00, 0x00, 0x00, 0x00, 0x00, 0x00, 0x00, 0x00,
    0x00, 0x00, 0x00, 0x00, 0x00, 0x00, 0x00, 0x00, 0x00, 0x00, 0x00, 0x00, 0x00, 0x00, 0x00, 0x00,
    0x00, 0x00, 0x00, 0x00, 0x00, 0x00, 0x00, 0x00, 0x00, 0x00, 0x00, 0x00, 0x00, 0x00, 0x00, 0x00,
    0x00, 0x00, 0x00, 0x00, 0x00, 0x00, 0x00, 0x00, 0x00, 0x00, 0x00, 0x00, 0x00, 0x00, 0x00, 0x00,
    0x00, 0x00, 0x00, 0x00, 0x00, 0x00, 0x00, 0x00, 0x00, 0x00, 0x00, 0x00, 0x00, 0x00, 0x00, 0x00,
    0x00, 0x00, 0x00, 0x00, 0x00, 0x00, 0x00, 0x00, 0x00, 0x00, 0x00, 0x00, 0x00, 0x00, 0x00, 0x00,
    0x00, 0x00, 0x00, 0x00, 0x00, 0x00, 0x00, 0x00, 0x00, 0x00, 0x00, 0x00, 0x00, 0x00, 0x00, 0x00,
    0x00, 0x00, 0x00, 0x00, 0x00, 0x00, 0x00, 0x00, 0x00, 0x00, 0x00, 0x00, 0x00, 0x00, 0x00, 0x00,
    0x00, 0x00, 0x00, 0x00, 0x00, 0x00, 0x00, 0x00, 0x00, 0x00, 0x00, 0x00, 0x00, 0x00, 0x00, 0x00,
    0x00, 0x00, 0x00, 0x00, 0x00, 0x00, 0x00, 0x00, 0x00, 0x00, 0x00, 0x00, 0x00, 0x00, 0x00, 0x00,
    0x00, 0x00, 0x00, 0x00, 0x00, 0x00, 0x00, 0x00, 0x00, 0x00, 0x00, 0x00, 0x00, 0x00, 0x00, 0x00,
    0x00, 0x00, 0x00, 0x00, 0x00, 0x00, 0x00, 0x00, 0x00, 0x00, 0x00, 0x00, 0x00, 0x00, 0x00, 0x00,
    0x00, 0x00, 0x00, 0x00, 0x00, 0x00, 0x00, 0x00, 0x00, 0x00, 0x00, 0x00, 0x00, 0x00, 0x00, 0x00,
    0x00, 0x00, 0x00, 0x00, 0x00, 0x00, 0x00, 0x00, 0x00, 0x00, 0x00, 0x00, 0x00, 0x00, 0x00, 0x00,
    0x00, 0x00, 0x00, 0x00, 0x00, 0x00, 0x00, 0x00, 0x00, 0x00, 0x00, 0x00, 0x00, 0x00, 0x00, 0x00,
    0x00, 0x00, 0x00, 0x00, 0x00, 0x00, 0x00, 0x00, 0x00, 0x00, 0x00, 0x00, 0x00, 0x00, 0x00, 0x00,
    0x00, 0x00, 0x00, 0x00, 0x00, 0x00, 0x00, 0x00, 0x00, 0x00, 0x00, 0x00, 0x00, 0x00, 0x00, 0x00,
    0x00, 0x00, 0x00, 0x00, 0x00, 0x00, 0x00, 0x00, 0x00, 0x00, 0x00, 0x00, 0x00, 0x00, 0x00, 0x00,
    0x00, 0x00, 0x00, 0x00, 0x00, 0x00, 0x00, 0x00, 0x00, 0x00, 0x00, 0x00, 0x00, 0x00, 0x00, 0x00,
    0x00, 0x00, 0x00, 0x00, 0x00, 0x00, 0x00, 0x00, 0x00, 0x00, 0x00, 0x00, 0x00, 0x00, 0x00, 0x00,
    0x00, 0x00, 0x00, 0x00, 0x00, 0x00, 0x00, 0x00, 0x00, 0x00, 0x00, 0x00, 0x00, 0x00, 0x00, 0x00,
    0x00, 0x00, 0x00, 0x00, 0x00, 0x00, 0x00, 0x00, 0x00, 0x00, 0x00, 0x00, 0x00, 0x00, 0x00, 0x00,
    0x00, 0x00, 0x00, 0x00, 0x00, 0x00, 0x00, 0x00, 0x00, 0x00, 0x00, 0x00, 0x00, 0x00, 0x00, 0x00,
    0x00, 0x00, 0x00, 0x00, 0x00, 0x00, 0x00, 0x00, 0x00, 0x00, 0x00, 0x00, 0x00, 0x00, 0x00, 0x00,
    0x00, 0x00, 0x00, 0x00, 0x00, 0x00, 0x00, 0x00, 0x00, 0x00, 0x00, 0x00, 0x00, 0x00, 0x00, 0x00,
    0x00, 0x00, 0x00, 0x00, 0x00, 0x00, 0x00, 0x00, 0x00, 0x00, 0x00, 0x00, 0x00, 0x00, 0x00, 0x00,
    0x00, 0x00, 0x00, 0x00, 0x00, 0x00, 0x00, 0x00, 0x00, 0x00, 0x00, 0x00, 0x00, 0x00, 0x00, 0x00,
    0x00, 0x00, 0x00, 0x00, 0x00, 0x00, 0x00, 0x00, 0x00, 0x00, 0x00, 0x00, 0x00, 0x00, 0x00, 0x00,
    0x00, 0x00, 0x00, 0x00, 0x00, 0x00, 0x00, 0x00, 0x00, 0x00, 0x00, 0x00, 0x00, 0x00, 0x00, 0x00,
    0x00, 0x00, 0x00, 0x00, 0x00, 0x00, 0x00, 0x00, 0x00, 0x00, 0x00, 0x00, 0x00, 0x00, 0x00, 0x00,
    0x00, 0x00, 0x00, 0x00, 0x00, 0x00, 0x00, 0x00, 0x00, 0x00, 0x00, 0x00, 0x00, 0x00, 0x00, 0x00,
    0x00, 0x00, 0x00, 0x00, 0x00, 0x00, 0x00, 0x00, 0x00, 0x00, 0x00, 0x00, 0x00, 0x00, 0x00, 0x00,
    0x00, 0x00, 0x00, 0x00, 0x00, 0x00, 0x00, 0x00, 0x00, 0x00, 0x00, 0x00, 0x00, 0x00, 0x00, 0x00,
    0x00, 0x00, 0x00, 0x00, 0x00, 0x00, 0x00, 0x00, 0x00, 0x00, 0x00, 0x00, 0x00, 0x00, 0x00, 0x00,
    0x00, 0x00, 0x00, 0x00, 0x00, 0x00, 0x00, 0x00, 0x00, 0x00, 0x00, 0x00, 0x00, 0x00, 0x00, 0x00,
    0x00, 0x00, 0x00, 0x00, 0x00, 0x00, 0x00, 0x00, 0x00, 0x00, 0x00, 0x00, 0x00, 0x00, 0x00, 0x00,
    0x00, 0x00, 0x00, 0x00, 0x00, 0x00, 0x00, 0x00, 0x00, 0x00, 0x00, 0x00, 0x00, 0x00, 0x00, 0x00,
    0x00, 0x00, 0x00, 0x00, 0x00, 0x00, 0x00, 0x00, 0x00, 0x00, 0x00, 0x00, 0x00, 0x00, 0x00, 0x00,
    0x00, 0x00, 0x00, 0x00, 0x00, 0x00, 0x00, 0x00, 0x00, 0x00, 0x00, 0x00, 0x00, 0x00, 0x00, 0x00,
    0x00, 0x00, 0x00, 0x00, 0x00, 0x00, 0x00, 0x00, 0x00, 0x00, 0x00, 0x00, 0x00, 0x00, 0x00, 0x00,
    0x00, 0x00, 0x00, 0x00, 0x00, 0x00, 0x00, 0x00, 0x00, 0x00, 0x00, 0x00, 0x00, 0x00, 0x00, 0x00,
    0x00, 0x00, 0x00, 0x00, 0x00, 0x00, 0x00, 0x00, 0x00, 0x00, 0x00, 0x00, 0x00, 0x00, 0x00, 0x00,
    0x00, 0x00, 0x00, 0x00, 0x00, 0x00, 0x00, 0x00, 0x00, 0x00, 0x00, 0x00, 0x00, 0x00, 0x00, 0x00,
    0x00, 0x00, 0x00, 0x00, 0x00, 0x00, 0x00, 0x00, 0x00, 0x00, 0x00, 0x00, 0x00, 0x00, 0x00, 0x00,
    0x00, 0x00, 0x00, 0x00, 0x00, 0x00, 0x00, 0x00, 0x00, 0x00, 0x00, 0x00, 0x00, 0x00, 0x00, 0x00,
    0x00, 0x00, 0x00, 0x00, 0x00, 0x00, 0x00, 0x00, 0x00, 0x00, 0x00, 0x00, 0x00, 0x00, 0x00, 0x00,
    0x00, 0x00, 0x00, 0x00, 0x00, 0x00, 0x00, 0x00, 0x00, 0x00, 0x00, 0x00, 0x00, 0x00, 0x00, 0x00,
    0x00, 0x00, 0x00, 0x00, 0x00, 0x00, 0x00, 0x00, 0x00, 0x00, 0x00, 0x00, 0x00, 0x00, 0x00, 0x00,
    0x00, 0x00, 0x00, 0x00, 0x00, 0x00, 0x00, 0x00, 0x00, 0x00, 0x00, 0x00, 0x00, 0x00, 0x00, 0x00,
    0x00, 0x00, 0x00, 0x00, 0x00, 0x00, 0x00, 0x00, 0x00, 0x00, 0x00, 0x00, 0x00, 0x00, 0x00, 0x00,
    0x00, 0x00, 0x00, 0x00, 0x00, 0x00, 0x00, 0x00, 0x00, 0x00, 0x00, 0x00, 0x00, 0x00, 0x00, 0x00,
    0x00, 0x00, 0x00, 0x00, 0x00, 0x00, 0x00, 0x00, 0x00, 0x00, 0x00, 0x00, 0x00, 0x00, 0x00, 0x00,
    0x00, 0x00, 0x00, 0x00, 0x00, 0x00, 0x00, 0x00, 0x00, 0x00, 0x00, 0x00, 0x00, 0x00, 0x00, 0x00,
    0x00, 0x00, 0x00, 0x00, 0x00, 0x00, 0x00, 0x00, 0x00, 0x00, 0x00, 0x00, 0x00, 0x00, 0x00, 0x02,
    0x03, 0x00, 0x00, 0x00, 0x00, 0x00, 0x00, 0x00, 0x00, 0x00, 0x00, 0x00, 0x00, 0x00, 0x00, 0x00,
    0x00, 0x00, 0x00, 0x00, 0x00, 0x00, 0x00, 0x00, 0x00, 0x00, 0x00, 0x00, 0x00, 0x00, 0x00, 0x00,
    0x00, 0x00, 0x00, 0x00, 0x00, 0x00, 0x00, 0x00, 0x00, 0x00, 0x00, 0x00, 0x00, 0x00, 0x00, 0x00,
    0x00, 0x00, 0x00, 0x00, 0x00, 0x00, 0x00, 0x00, 0x00, 0x00, 0x00, 0x00, 0x00, 0x00, 0x00, 0x00,
    0x00, 0x00, 0x00, 0x00, 0x00, 0x00, 0x00, 0x00, 0x00, 0x00, 0x00, 0x00, 0x00, 0x00, 0x00, 0x00,
    0x00, 0x00, 0x00, 0x00, 0x00, 0x00, 0x00, 0x00, 0x00, 0x00, 0x00, 0x00, 0x00, 0x00, 0x00, 0x00,
    0x00, 0x00, 0x00, 0x00, 0x00, 0x00, 0x00, 0x00, 0x00, 0x00, 0x00, 0x00, 0x00, 0x00, 0x00, 0x02,
    0x00, 0x00, 0x00, 0x00, 0x00, 0x01, 0x01, 0x00, 0x00, 0x00, 0x00, 0x00, 0x00, 0x00, 0x00, 0x00,
    0x00, 0x00, 0x00, 0x00, 0x00, 0x00, 0x00, 0x00, 0x00, 0x00, 0x00, 0x00, 0x00, 0x00, 0x00, 0x00,
    0x00, 0x00, 0x00, 0x00, 0x00, 0x00, 0x00, 0x00, 0x00, 0x00, 0x00, 0x00, 0x00, 0x00, 0x00, 0x00,
    0x00, 0x00, 0x00, 0x00, 0x00, 0x00, 0x00, 0x00, 0x00, 0x00, 0x00, 0x00, 0x00, 0x00, 0x00, 0x00,
    0x00, 0x00, 0x00, 0x00, 0x00, 0x00, 0x00, 0x00, 0x00, 0x00, 0x00, 0x00, 0x00, 0x00, 0x00, 0x00,
    0x00, 0x00, 0x00, 0x00, 0x00, 0x00, 0x00, 0x00, 0x00, 0x00, 0x00, 0x00, 0x00, 0x00, 0x00, 0x00,
    0x00, 0x00, 0x00, 0x00, 0x00, 0x00, 0x00, 0x00, 0x00, 0x02, 0x01, 0x3D, 0x43, 0x00, 0x02, 0x00,
    0x00, 0x03, 0x02, 0x00, 0x00, 0x00, 0x00, 0x00, 0x00, 0x00, 0x00, 0x00, 0x00, 0x00, 0x00, 0x00,
    0x00, 0x00, 0x00, 0x00, 0x00, 0x00, 0x00, 0x00, 0x00, 0x00, 0x00, 0x00, 0x00, 0x00, 0x00, 0x00,
    0x00, 0x00, 0x00, 0x00, 0x00, 0x00, 0x00, 0x00, 0x00, 0x00, 0x00, 0x00, 0x00, 0x00, 0x00, 0x00,
    0x00, 0x00, 0x00, 0x00, 0x00, 0x00, 0x00, 0x00, 0x00, 0x00, 0x00, 0x00, 0x00, 0x00, 0x00, 0x00,
    0x00, 0x00, 0x00, 0x00, 0x00, 0x00, 0x00, 0x00, 0x00, 0x00, 0x00, 0x00, 0x00, 0x00, 0x00, 0x00,
    0x00, 0x00, 0x00, 0x00, 0x00, 0x00, 0x00, 0x00, 0x00, 0x00, 0x00, 0x00, 0x00, 0x00, 0x00, 0x00,
    0x00, 0x00, 0x00, 0x00, 0x00, 0x00, 0x00, 0x03, 0x00, 0xBA, 0xFF, 0x5E, 0x00, 0x03, 0x02, 0x00,
    0x00, 0x18, 0x15, 0x01, 0x00, 0x00, 0x00, 0x00, 0x00, 0x00, 0x00, 0x00, 0x00, 0x00, 0x00, 0x00,
    0x00, 0x00, 0x00, 0x00, 0x00, 0x00, 0x00, 0x00, 0x00, 0x00, 0x00, 0x00, 0x00, 0x00, 0x00, 0x00,
    0x00, 0x00, 0x00, 0x00, 0x00, 0x00, 0x00, 0x00, 0x00, 0x00, 0x00, 0x00, 0x00, 0x00, 0x00, 0x00,
    0x00, 0x00, 0x00, 0x00, 0x00, 0x00, 0x00, 0x00, 0x00, 0x00, 0x00, 0x00, 0x00, 0x00, 0x00, 0x00,
    0x00, 0x00, 0x00, 0x00, 0x00, 0x00, 0x00, 0x00, 0x00, 0x00, 0x00, 0x00, 0x00, 0x00, 0x00, 0x00,
    0x00, 0x00, 0x00, 0x00, 0x00, 0x00, 0x00, 0x00, 0x00, 0x00, 0x00, 0x00, 0x00, 0x00, 0x00, 0x00,
    0x00, 0x00, 0x00, 0x00, 0x03, 0x00, 0x32, 0xF4, 0xFC, 0xFD, 0x37, 0x00, 0x00, 0x3C, 0xA9, 0xF1,
    0xE4, 0x18, 0x00, 0x01, 0x00, 0x00, 0x00, 0x00, 0x00, 0x00, 0x00, 0x00, 0x00, 0x00, 0x00, 0x00,
    0x00, 0x00, 0x00, 0x00, 0x00, 0x00, 0x00, 0x00, 0x00, 0x00, 0x00, 0x00, 0x00, 0x00, 0x00, 0x00,
    0x00, 0x00, 0x00, 0x00, 0x00, 0x00, 0x00, 0x00, 0x00, 0x00, 0x00, 0x00, 0x00, 0x00, 0x00, 0x00,
    0x00, 0x00, 0x00, 0x00, 0x00, 0x00, 0x00, 0x00, 0x00, 0x00, 0x00, 0x00, 0x00, 0x00, 0x00, 0x00,
    0x00, 0x00, 0x00, 0x00, 0x00, 0x00, 0x00, 0x00, 0x00, 0x00, 0x00, 0x00, 0x00, 0x00, 0x00, 0x00,
    0x00, 0x00, 0x00, 0x00, 0x00, 0x00, 0x00, 0x00, 0x00, 0x00, 0x00, 0x00, 0x00, 0x00, 0x00, 0x00,
    0x00, 0x03, 0x01, 0x0F, 0xD8, 0xFF, 0xF9, 0xFF, 0xA5, 0x04, 0xA1, 0xFF, 0xFF, 0xFF, 0xB1, 0x01,
    0x03, 0x00, 0x00, 0x00, 0x00, 0x00, 0x00, 0x00, 0x00, 0x00, 0x00, 0x00, 0x00, 0x00, 0x00, 0x00,
    0x00, 0x00, 0x00, 0x00, 0x00, 0x00, 0x00, 0x00, 0x00, 0x00, 0x00, 0x00, 0x00, 0x00, 0x00, 0x00,
    0x00, 0x00, 0x00, 0x00, 0x00, 0x00, 0x00, 0x00, 0x00, 0x00, 0x00, 0x00, 0x00, 0x00, 0x00, 0x00,
    0x00, 0x00, 0x00, 0x00, 0x00, 0x00, 0x00, 0x00, 0x00, 0x00, 0x00, 0x00, 0x00, 0x00, 0x00, 0x00,
    0x00, 0x00, 0x00, 0x00, 0x00, 0x00, 0x00, 0x00, 0x00, 0x00, 0x00, 0x00, 0x00, 0x00, 0x00, 0x00,
    0x00, 0x00, 0x00, 0x00, 0x00, 0x00, 0x00, 0x00, 0x00, 0x00, 0x00, 0x00, 0x01, 0x03, 0x04, 0x00,
    0x03, 0xB2, 0xFF, 0xFC, 0xFE, 0xFE, 0xE1, 0xBD, 0xFF, 0xFD, 0xF9, 0xFF, 0x5E, 0x04, 0x06, 0x02,
    0x02, 0x00, 0x00, 0x00, 0x00, 0x00, 0x00, 0x00, 0x00, 0x00, 0x00, 0x00, 0x00, 0x00, 0x00, 0x00,
    0x00, 0x00, 0x00, 0x00, 0x00, 0x00, 0x00, 0x00, 0x00, 0x00, 0x00, 0x00, 0x00, 0x00, 0x00, 0x00,
    0x00, 0x00, 0x00, 0x00, 0x00, 0x00, 0x00, 0x00, 0x00, 0x00, 0x00, 0x00, 0x00, 0x00, 0x00, 0x00,
    0x00, 0x00, 0x00, 0x00, 0x00, 0x00, 0x00, 0x00, 0x00, 0x00, 0x00, 0x00, 0x00, 0x00, 0x00, 0x00,
    0x00, 0x00, 0x00, 0x00, 0x00, 0x00, 0x01, 0x02, 0x02, 0x03, 0x03, 0x03, 0x03, 0x04, 0x04, 0x03,
    0x03, 0x02, 0x02, 0x02, 0x02, 0x03, 0x04, 0x04, 0x03, 0x01, 0x00, 0x00, 0x00, 0x22, 0xBC, 0xFF,
    0xFC, 0xFF, 0xFF, 0xFF, 0xFF, 0xFF, 0xFC, 0xFE, 0xFF, 0xF7, 0x19, 0x00, 0x00, 0x00, 0x00, 0x00,
    0x00, 0x00, 0x00, 0x00, 0x00, 0x00, 0x00, 0x00, 0x00, 0x00, 0x00, 0x00, 0x00, 0x00, 0x00, 0x00,
    0x00, 0x00, 0x00, 0x00, 0x00, 0x00, 0x00, 0x00, 0x00, 0x00, 0x00, 0x00, 0x00, 0x00, 0x00, 0x00,
    0x00, 0x00, 0x00, 0x00, 0x00, 0x00, 0x00, 0x00, 0x00, 0x00, 0x00, 0x00, 0x00, 0x00, 0x00, 0x00,
    0x00, 0x00, 0x00, 0x00, 0x00, 0x00, 0x00, 0x00, 0x00, 0x00, 0x00, 0x00, 0x00, 0x00, 0x00, 0x00,
    0x00, 0x01, 0x03, 0x04, 0x00, 0x00, 0x00, 0x00, 0x00, 0x00, 0x00, 0x00, 0x00, 0x00, 0x00, 0x00,
    0x00, 0x00, 0x00, 0x00, 0x00, 0x00, 0x00, 0x00, 0x11, 0x4B, 0x9B, 0xF0, 0xFF, 0xFD, 0xFF, 0xFF,
    0xFF, 0xFF, 0xFE, 0xFD, 0xFF, 0xFE, 0xFF, 0xEE, 0x6D, 0x83, 0xB6, 0xBA, 0x4B, 0x00, 0x03, 0x00,
    0x00, 0x00, 0x00, 0x00, 0x00, 0x00, 0x00, 0x00, 0x00, 0x00, 0x00, 0x00, 0x00, 0x00, 0x00, 0x00,
    0x00, 0x00, 0x00, 0x00, 0x00, 0x00, 0x00, 0x00, 0x00, 0x00, 0x00, 0x00, 0x00, 0x00, 0x00, 0x00,
    0x00, 0x00, 0x00, 0x00, 0x00, 0x00, 0x00, 0x00, 0x00, 0x00, 0x00, 0x00, 0x00, 0x00, 0x00, 0x00,
    0x00, 0x00, 0x00, 0x00, 0x00, 0x00, 0x00, 0x00, 0x00, 0x00, 0x00, 0x00, 0x00, 0x03, 0x04, 0x00,
    0x00, 0x00, 0x04, 0x20, 0x32, 0x3A, 0x40, 0x55, 0x55, 0x57, 0x5A, 0x52, 0x48, 0x29, 0x2A, 0x2A,
    0x2D, 0x43, 0x60, 0x73, 0x99, 0xC9, 0xE7, 0xFF, 0xFF, 0xFF, 0xFD, 0xFF, 0xFF, 0xFF, 0xFF, 0xFF,
    0xFF, 0xFF, 0xFF, 0xFF, 0xFF, 0xFF, 0xFF, 0xFF, 0xFF, 0xFF, 0x41, 0x00, 0x03, 0x00, 0x00, 0x00,
    0x00, 0x00, 0x00, 0x00, 0x00, 0x00, 0x00, 0x00, 0x00, 0x00, 0x00, 0x00, 0x00, 0x00, 0x00, 0x00,
    0x00, 0x00, 0x00, 0x00, 0x00, 0x00, 0x00, 0x00, 0x00, 0x00, 0x00, 0x00, 0x00, 0x00, 0x00, 0x00,
    0x00, 0x00, 0x00, 0x00, 0x00, 0x00, 0x00, 0x00, 0x00, 0x00, 0x00, 0x00, 0x00, 0x00, 0x00, 0x00,
    0x00, 0x00, 0x00, 0x00, 0x00, 0x00, 0x00, 0x00, 0x01, 0x03, 0x00, 0x00, 0x00, 0x0F, 0x43, 0x86,
    0xD7, 0xF7, 0xFF, 0xFF, 0xFF, 0xFF, 0xFF, 0xFF, 0xFF, 0xFF, 0xFF, 0xFC, 0xFD, 0xFD, 0xFF, 0xFF,
    0xFF, 0xFF, 0xFF, 0xFF, 0xFF, 0xFD, 0xFB, 0xFE, 0xFF, 0xFF, 0xFF, 0xFF, 0xFF, 0xFF, 0xFF, 0xFF,
    0xFF, 0xFF, 0xFF, 0xFF, 0xFC, 0xF8, 0xFF, 0x9B, 0x00, 0x03, 0x00, 0x00, 0x00, 0x00, 0x00, 0x00,
    0x00, 0x00, 0x00, 0x00, 0x00, 0x00, 0x00, 0x00, 0x00, 0x00, 0x00, 0x00, 0x00, 0x00, 0x00, 0x00,
    0x00, 0x00, 0x00, 0x00, 0x00, 0x00, 0x00, 0x00, 0x00, 0x00, 0x00, 0x00, 0x00, 0x00, 0x00, 0x00,
    0x00, 0x00, 0x00, 0x00, 0x00, 0x00, 0x00, 0x00, 0x00, 0x00, 0x00, 0x00, 0x00, 0x00, 0x00, 0x00,
    0x00, 0x00, 0x00, 0x00, 0x00, 0x03, 0x00, 0x00, 0x00, 0x3C, 0x89, 0xDF, 0xFF, 0xFF, 0xFF, 0xFF,
    0xFF, 0xFE, 0xFD, 0xFC, 0xFC, 0xFC, 0xFC, 0xFC, 0xFD, 0xFF, 0xFF, 0xFF, 0xFF, 0xFD, 0xFC, 0xFB,
    0xFB, 0xFC, 0xFE, 0xFF, 0xFF, 0xFF, 0xFF, 0xFF, 0xFF, 0xFF, 0xFF, 0xFF, 0xFF, 0xFF, 0xFF, 0xFF,
    0xFF, 0xFF, 0xFE, 0xFE, 0xEB, 0x19, 0x01, 0x02, 0x00, 0x00, 0x00, 0x00, 0x00, 0x00, 0x00, 0x00,
    0x00, 0x00, 0x00, 0x00, 0x00, 0x00, 0x00, 0x00, 0x00, 0x00, 0x00, 0x00, 0x00, 0x00, 0x00, 0x00,
    0x00, 0x00, 0x00, 0x00, 0x00, 0x00, 0x00, 0x00, 0x00, 0x00, 0x00, 0x00, 0x00, 0x00, 0x00, 0x00,
    0x00, 0x00, 0x00, 0x00, 0x00, 0x00, 0x00, 0x00, 0x00, 0x00, 0x00, 0x00, 0x00, 0x00, 0x00, 0x00,
    0x00, 0x02, 0x01, 0x00, 0x0C, 0x6B, 0xC9, 0xFF, 0xFF, 0xFF, 0xFD, 0xFB, 0xFD, 0xFE, 0xFF, 0xFF,
    0xFF, 0xFF, 0xFF, 0xFF, 0xFF, 0xFF, 0xFF, 0xFE, 0xFE, 0xFE, 0xFE, 0xFF, 0xFF, 0xFF, 0xFF, 0xFF,
    0xFF, 0xFF, 0xFF, 0xFF, 0xFF, 0xFF, 0xFF, 0xFF, 0xFF, 0xFF, 0xFF, 0xFF, 0xFF, 0xFF, 0xFF, 0xFF,
    0xFB, 0xFF, 0x9D, 0x00, 0x03, 0x00, 0x00, 0x00, 0x00, 0x00, 0x00, 0x00, 0x00, 0x00, 0x00, 0x00,
    0x00, 0x00, 0x00, 0x00, 0x00, 0x00, 0x00, 0x00, 0x00, 0x00, 0x00, 0x00, 0x00, 0x00, 0x00, 0x00,
    0x00, 0x00, 0x00, 0x00, 0x00, 0x00, 0x00, 0x00, 0x00, 0x00, 0x00, 0x00, 0x00, 0x00, 0x00, 0x00,
    0x00, 0x00, 0x00, 0x00, 0x00, 0x00, 0x00, 0x00, 0x00, 0x00, 0x00, 0x00, 0x00, 0x00, 0x04, 0x00,
    0x00, 0x61, 0xD8, 0xFF, 0xFF, 0xFE, 0xFB, 0xFD, 0xFF, 0xFF, 0xFF, 0xFF, 0xFF, 0xFF, 0xFF, 0xFF,
    0xFF, 0xFF, 0xFF, 0xFF, 0xFF, 0xFF, 0xFF, 0xFF, 0xFF, 0xFF, 0xFF, 0xFF, 0xFF, 0xFF, 0xFF, 0xFF,
    0xFF, 0xFF, 0xFF, 0xFF, 0xFF, 0xFF, 0xFF, 0xFF, 0xFF, 0xFF, 0xFF, 0xFF, 0xFF, 0xFF, 0xFB, 0xFF,
    0x63, 0x01, 0x04, 0x00, 0x00, 0x00, 0x00, 0x00, 0x00, 0x00, 0x00, 0x00, 0x00, 0x00, 0x00, 0x00,
    0x00, 0x00, 0x00, 0x00, 0x00, 0x00, 0x00, 0x00, 0x00, 0x00, 0x00, 0x00, 0x00, 0x00, 0x00, 0x00,
    0x00, 0x00, 0x00, 0x00, 0x00, 0x00, 0x00, 0x00, 0x00, 0x00, 0x00, 0x00, 0x00, 0x00, 0x00, 0x00,
    0x00, 0x00, 0x00, 0x00, 0x00, 0x00, 0x00, 0x00, 0x00, 0x00, 0x00, 0x04, 0x00, 0x27, 0xBB, 0xFF,
    0xFF, 0xFC, 0xFD, 0xFF, 0xFF, 0xFF, 0xFF, 0xFF, 0xFF, 0xFF, 0xFF, 0xFF, 0xFF, 0xFF, 0xFF, 0xFF,
    0xFF, 0xFF, 0xFF, 0xFF, 0xFF, 0xFF, 0xFF, 0xFF, 0xFF, 0xFF, 0xFF, 0xFF, 0xFF, 0xFF, 0xFF, 0xFF,
    0xFF, 0xFF, 0xFF, 0xFF, 0xFF, 0xFF, 0xFF, 0xFF, 0xFF, 0xFF, 0xFF, 0xFE, 0xFF, 0xFB, 0x29, 0x00,
    0x02, 0x00, 0x00, 0x00, 0x00, 0x00, 0x00, 0x00, 0x00, 0x00, 0x00, 0x00, 0x00, 0x00, 0x00, 0x00,
    0x00, 0x00, 0x00, 0x00, 0x00, 0x00, 0x00, 0x00, 0x00, 0x00, 0x00, 0x00, 0x00, 0x00, 0x00, 0x00,
    0x00, 0x00, 0x00, 0x00, 0x00, 0x00, 0x00, 0x00, 0x00, 0x00, 0x00, 0x00, 0x00, 0x00, 0x00, 0x00,
    0x00, 0x00, 0x00, 0x00, 0x00, 0x00, 0x00, 0x00, 0x03, 0x00, 0x54, 0xEB, 0xFF, 0xFB, 0xFD, 0xFF,
    0xFF, 0xFF, 0xFF, 0xFF, 0xFF, 0xFF, 0xFF, 0xFF, 0xFF, 0xFF, 0xFF, 0xFF, 0xFF, 0xFF, 0xFF, 0xFF,
    0xFF, 0xFF, 0xFF, 0xFF, 0xFF, 0xFF, 0xFF, 0xFF, 0xFF, 0xFF, 0xFF, 0xFF, 0xFF, 0xFF, 0xFF, 0xFF,
    0xFF, 0xFF, 0xFF, 0xFF, 0xFF, 0xFF, 0xFF, 0xFF, 0xFF, 0xFD, 0xFF, 0xE5, 0x0C, 0x00, 0x01, 0x00,
    0x00, 0x00, 0x00, 0x00, 0x00, 0x00, 0x00, 0x00, 0x00, 0x00, 0x00, 0x00, 0x00, 0x00, 0x00, 0x00,
    0x00, 0x00, 0x00, 0x00, 0x00, 0x00, 0x00, 0x00, 0x00, 0x00, 0x00, 0x00, 0x00, 0x00, 0x00, 0x00,
    0x00, 0x00, 0x00, 0x00, 0x00, 0x00, 0x00, 0x00, 0x00, 0x00, 0x00, 0x00, 0x00, 0x00, 0x00, 0x00,
    0x00, 0x00, 0x00, 0x00, 0x00, 0x03, 0x00, 0x69, 0xFF, 0xFF, 0xFC, 0xFF, 0xFF, 0xFF, 0xFF, 0xFF,
    0xFF, 0xFF, 0xFF, 0xFF, 0xFF, 0xFF, 0xFF, 0xFF, 0xFF, 0xFF, 0xFF, 0xFF, 0xFF, 0xFF, 0xFF, 0xFF,
    0xFF, 0xFF, 0xFF, 0xFF, 0xFF, 0xFF, 0xFF, 0xFF, 0xFF, 0xFF, 0xFF, 0xFF, 0xFF, 0xFF, 0xFF, 0xFF,
    0xFF, 0xFF, 0xFF, 0xFF, 0xFF, 0xFF, 0xFF, 0xFD, 0xFF, 0xE8, 0x10, 0x00, 0x01, 0x00, 0x00, 0x00,
    0x00, 0x00, 0x00, 0x00, 0x00, 0x00, 0x00, 0x00, 0x00, 0x00, 0x00, 0x00, 0x00, 0x00, 0x00, 0x00,
    0x00, 0x00, 0x00, 0x00, 0x00, 0x00, 0x00, 0x00, 0x00, 0x00, 0x00, 0x00, 0x00, 0x02, 0x02, 0x03,
    0x01, 0x00, 0x00, 0x00, 0x00, 0x00, 0x00, 0x00, 0x00, 0x00, 0x00, 0x00, 0x00, 0x00, 0x00, 0x00,
    0x00, 0x00, 0x03, 0x00, 0x3C, 0xFE, 0xFD, 0xFD, 0xFF, 0xFF, 0xFF, 0xFF, 0xFF, 0xFF, 0xFF, 0xFF,
    0xFF, 0xFF, 0xFF, 0xFF, 0xFF, 0xFF, 0xFF, 0xFF, 0xFF, 0xFF, 0xFF, 0xFF, 0xFF, 0xFF, 0xFF, 0xFF,
    0xFF, 0xFF, 0xFF, 0xFF, 0xFF, 0xFF, 0xFF, 0xFF, 0xFF, 0xFF, 0xFF, 0xFF, 0xFF, 0xFF, 0xFF, 0xFF,
    0xFF, 0xFF, 0xFF, 0xFF, 0xFF, 0xFE, 0xFF, 0xFE, 0x2B, 0x00, 0x02, 0x00, 0x00, 0x00, 0x00, 0x00,
    0x00, 0x00, 0x00, 0x00, 0x00, 0x00, 0x00, 0x00, 0x00, 0x00, 0x00, 0x00, 0x00, 0x00, 0x00, 0x00,
    0x00, 0x00, 0x00, 0x00, 0x00, 0x00, 0x00, 0x00, 0x00, 0x01, 0x00, 0x00, 0x00, 0x00, 0x00, 0x01,
    0x04, 0x02, 0x00, 0x00, 0x00, 0x00, 0x00, 0x00, 0x00, 0x00, 0x00, 0x00, 0x00, 0x00, 0x00, 0x01,
    0x02, 0x0F, 0xDD, 0xFF, 0xFC, 0xFF, 0xFF, 0xFF, 0xFF, 0xFF, 0xFF, 0xFF, 0xFF, 0xFF, 0xFF, 0xFF,
    0xFF, 0xFF, 0xFF, 0xFF, 0xFF, 0xFF, 0xFF, 0xFF, 0xFF, 0xFF, 0xFF, 0xFF, 0xFF, 0xFF, 0xFF, 0xFF,
    0xFF, 0xFF, 0xFF, 0xFF, 0xFF, 0xFF, 0xFF, 0xFF, 0xFF, 0xFF, 0xFF, 0xFF, 0xFF, 0xFF, 0xFF, 0xFF,
    0xFF, 0xFF, 0xFF, 0xFF, 0xFC, 0xFF, 0x57, 0x00, 0x04, 0x00, 0x00, 0x00, 0x00, 0x00, 0x00, 0x00,
    0x00, 0x00, 0x00, 0x00, 0x00, 0x00, 0x00, 0x00, 0x00, 0x00, 0x00, 0x00, 0x00, 0x00, 0x00, 0x00,
    0x00, 0x00, 0x00, 0x00, 0x00, 0x00, 0x00, 0x00, 0x00, 0x22, 0x2A, 0x36, 0x16, 0x00, 0x00, 0x00,
    0x03, 0x03, 0x00, 0x00, 0x00, 0x00, 0x00, 0x01, 0x01, 0x01, 0x01, 0x01, 0x00, 0x04, 0x00, 0x88,
    0xFF, 0xFB, 0xFF, 0xFF, 0xFF, 0xFF, 0xFF, 0xFF, 0xFF, 0xFF, 0xFF, 0xFF, 0xFF, 0xFF, 0xFF, 0xFF,
    0xFF, 0xFF, 0xFF, 0xFF, 0xFF, 0xFF, 0xFF, 0xFF, 0xFF, 0xFF, 0xFF, 0xFF, 0xFF, 0xFF, 0xFF, 0xFF,
    0xFF, 0xFF, 0xFF, 0xFF, 0xFF, 0xFF, 0xFF, 0xFF, 0xFF, 0xFF, 0xFF, 0xFF, 0xFF, 0xFF, 0xFF, 0xFF,
    0xFF, 0xFF, 0xFB, 0xFF, 0xA4, 0x00, 0x03, 0x00, 0x00, 0x00, 0x00, 0x00, 0x00, 0x00, 0x00, 0x00,
    0x00, 0x00, 0x00, 0x00, 0x00, 0x00, 0x00, 0x00, 0x00, 0x00, 0x00, 0x00, 0x00, 0x00, 0x00, 0x00,
    0x00, 0x00, 0x00, 0x01, 0x02, 0x09, 0xB3, 0xFA, 0xFC, 0xFF, 0xED, 0xC2, 0x71, 0x20, 0x00, 0x00,
    0x02, 0x04, 0x04, 0x03, 0x01, 0x00, 0x00, 0x00, 0x00, 0x00, 0x02, 0x02, 0x19, 0xF0, 0xFE, 0xFE,
    0xFF, 0xFF, 0xFF, 0xFF, 0xFF, 0xFF, 0xFF, 0xFF, 0xFF, 0xFF, 0xFF, 0xFF, 0xFF, 0xFF, 0xFF, 0xFF,
    0xFF, 0xFF, 0xFF, 0xFF, 0xFF, 0xFF, 0xFF, 0xFF, 0xFF, 0xFF, 0xFF, 0xFF, 0xFF, 0xFF, 0xFF, 0xFF,
    0xFF, 0xFF, 0xFF, 0xFF, 0xFF, 0xFF, 0xFF, 0xFF, 0xFF, 0xFF, 0xFF, 0xFF, 0xFF, 0xFF, 0xFF, 0xFF,
    0xFE, 0xFF, 0xE6, 0x09, 0x00, 0x01, 0x00, 0x00, 0x00, 0x00, 0x00, 0x00, 0x00, 0x00, 0x00, 0x00,
    0x00, 0x00, 0x00, 0x00, 0x00, 0x00, 0x00, 0x00, 0x00, 0x00, 0x00, 0x00, 0x00, 0x00, 0x00, 0x00,
    0x00, 0x03, 0x00, 0x97, 0xFF, 0xFE, 0xFF, 0xFE, 0xFF, 0xFF, 0xFF, 0xF1, 0xA9, 0x47, 0x00, 0x00,
    0x00, 0x00, 0x00, 0x00, 0x07, 0x04, 0x02, 0x02, 0x00, 0x00, 0x44, 0xFF, 0xFD, 0xFF, 0xFF, 0xFF,
    0xFF, 0xFF, 0xFF, 0xFF, 0xFF, 0xFF, 0xFF, 0xFF, 0xFF, 0xFF, 0xFF, 0xFF, 0xFF, 0xFF, 0xFF, 0xFF,
    0xFF, 0xFF, 0xFF, 0xFF, 0xFF, 0xFF, 0xFF, 0xFF, 0xFF, 0xFF, 0xFF, 0xFF, 0xFF, 0xFF, 0xFF, 0xFF,
    0xFF, 0xFF, 0xFF, 0xFF, 0xFF, 0xFF, 0xFF, 0xFF, 0xFF, 0xFF, 0xFF, 0xFF, 0xFF, 0xFF, 0xFF, 0xFC,
    0xFF, 0x59, 0x00, 0x04, 0x00, 0x00, 0x00, 0x00, 0x00, 0x00, 0x00, 0x00, 0x00, 0x00, 0x00, 0x00,
    0x00, 0x00, 0x00, 0x00, 0x00, 0x00, 0x00, 0x00, 0x00, 0x00, 0x00, 0x00, 0x00, 0x00, 0x03, 0x00,
    0x43, 0xFF, 0xFB, 0xFE, 0xFE, 0xFF, 0xFE, 0xFC, 0xFB, 0xFF, 0xFF, 0xFF, 0x9E, 0x65, 0x90, 0xA6,
    0xC4, 0xD2, 0xDD, 0xD8, 0xD6, 0xD5, 0xCC, 0xB8, 0xC7, 0xFE, 0xFE, 0xFF, 0xFF, 0xFF, 0xFF, 0xFF,
    0xFF, 0xFF, 0xFF, 0xFF, 0xFF, 0xFF, 0xFF, 0xFF, 0xFF, 0xFF, 0xFF, 0xFF, 0xFF, 0xFF, 0xFF, 0xFF,
    0xFF, 0xFF, 0xFF, 0xFF, 0xFF, 0xFF, 0xFF, 0xFF, 0xFF, 0xFF, 0xFF, 0xFF, 0xFF, 0xFF, 0xFF, 0xFF,
    0xFF, 0xFF, 0xFF, 0xFF, 0xFF, 0xFF, 0xFF, 0xFF, 0xFF, 0xFF, 0xFF, 0xFF, 0xFF, 0xFC, 0xFF, 0xD4,
    0x06, 0x02, 0x00, 0x00, 0x00, 0x00, 0x00, 0x00, 0x00, 0x00, 0x00, 0x00, 0x00, 0x00, 0x00, 0x00,
    0x00, 0x00, 0x00, 0x00, 0x00, 0x00, 0x00, 0x00, 0x00, 0x00, 0x00, 0x00, 0x02, 0x01, 0xCF, 0xFF,
    0xFC, 0xFF, 0xFF, 0xFF, 0xFF, 0xFF, 0xFF, 0xFE, 0xFC, 0xFE, 0xFF, 0xFF, 0xFF, 0xFF, 0xFF, 0xFF,
    0xFF, 0xFF, 0xFF, 0xFF, 0xFF, 0xFF, 0xFF, 0xFF, 0xFF, 0xFF, 0xFF, 0xFF, 0xFF, 0xFF, 0xFF, 0xFF,
    0xFF, 0xFF, 0xFF, 0xFF, 0xFF, 0xFF, 0xFF, 0xFF, 0xFF, 0xFF, 0xFF, 0xFF, 0xFF, 0xFF, 0xFF, 0xFF,
    0xFF, 0xFF, 0xFF, 0xFF, 0xFF, 0xFF, 0xFF, 0xFF, 0xFF, 0xFF, 0xFF, 0xFF, 0xFF, 0xFF, 0xFF, 0xFF,
    0xFF, 0xFF, 0xFF, 0xFF, 0xFF, 0xFF, 0xFF, 0xFF, 0xFF, 0xFF, 0xFF, 0xFF, 0xFC, 0xFF, 0x4E, 0x01,
    0x04, 0x00, 0x00, 0x00, 0x00, 0x00, 0x00, 0x00, 0x00, 0x00, 0x00, 0x00, 0x00, 0x00, 0x00, 0x00,
    0x00, 0x00, 0x00, 0x00, 0x00, 0x00, 0x00, 0x00, 0x00, 0x03, 0x00, 0x51, 0xFF, 0xFC, 0xFF, 0xFF,
    0xFF, 0xFF, 0xFF, 0xFF, 0xFF, 0xFF, 0xFF, 0xFF, 0xFC, 0xFB, 0xFB, 0xFB, 0xFC, 0xFD, 0xFD, 0xFD,
    0xFD, 0xFD, 0xFD, 0xFC, 0xFD, 0xFF, 0xFF, 0xFF, 0xFF, 0xFF, 0xFF, 0xFF, 0xFF, 0xFF, 0xFF, 0xFF,
    0xFF, 0xFF, 0xFF, 0xFF, 0xFF, 0xFF, 0xFF, 0xFF, 0xFF, 0xFF, 0xFF, 0xFF, 0xFF, 0xFF, 0xFF, 0xFF,
    0xFF, 0xFF, 0xFF, 0xFF, 0xFF, 0xFF, 0xFF, 0xFF, 0xFF, 0xFF, 0xFF, 0xFF, 0xFF, 0xFF, 0xFF, 0xFF,
    0xFF, 0xFF, 0xFF, 0xFF, 0xFF, 0xFF, 0xFF, 0xFF, 0xFF, 0xFF, 0xFB, 0xFE, 0xAD, 0x00, 0x03, 0x00,
    0x00, 0x00, 0x00, 0x00, 0x00, 0x00, 0x00, 0x00, 0x00, 0x00, 0x00, 0x00, 0x00, 0x00, 0x00, 0x00,
    0x00, 0x00, 0x00, 0x00, 0x00, 0x00, 0x00, 0x02, 0x00, 0xC7, 0xFF, 0xFC, 0xFF, 0xFF, 0xFF, 0xFF,
    0xFF, 0xFF, 0xFF, 0xFF, 0xFF, 0xFF, 0xFF, 0xFF, 0xFF, 0xFF, 0xFF, 0xFF, 0xFF, 0xFF, 0xFF, 0xFF,
    0xFF, 0xFF, 0xFF, 0xFF, 0xFF, 0xFF, 0xFF, 0xFF, 0xFF, 0xFF, 0xFF, 0xFF, 0xFF, 0xFF, 0xFF, 0xFF,
    0xFF, 0xFF, 0xFF, 0xFF, 0xFF, 0xFF, 0xFF, 0xFF, 0xFF, 0xFF, 0xFF, 0xFF, 0xFF, 0xFF, 0xFF, 0xFF,
    0xFF, 0xFF, 0xFF, 0xFF, 0xFF, 0xFF, 0xFF, 0xFF, 0xFF, 0xFF, 0xFF, 0xFF, 0xFF, 0xFF, 0xFF, 0xFF,
    0xFF, 0xFF, 0xFF, 0xFF, 0xFF, 0xFF, 0xFF, 0xFF, 0xFF, 0xFD, 0xFE, 0x43, 0x00, 0x03, 0x00, 0x00,
    0x00, 0x00, 0x00, 0x00, 0x00, 0x00, 0x00, 0x00, 0x00, 0x00, 0x00, 0x00, 0x00, 0x00, 0x00, 0x00,
    0x00, 0x00, 0x00, 0x00, 0x03, 0x00, 0x39, 0xFC, 0xFD, 0xFF, 0xFF, 0xFF, 0xFF, 0xFF, 0xFF, 0xFF,
    0xFF, 0xFF, 0xFF, 0xFF, 0xFF, 0xFF, 0xFF, 0xFF, 0xFF, 0xFF, 0xFF, 0xFF, 0xFF, 0xFF, 0xFF, 0xFF,
    0xFF, 0xFF, 0xFF, 0xFF, 0xFF, 0xFF, 0xFF, 0xFF, 0xFF, 0xFF, 0xFF, 0xFF, 0xFF, 0xFF, 0xFF, 0xFF,
    0xFF, 0xFF, 0xFF, 0xFF, 0xFF, 0xFF, 0xFF, 0xFF, 0xFF, 0xFF, 0xFF, 0xFF, 0xFF, 0xFF, 0xFF, 0xFF,
    0xFF, 0xFF, 0xFF, 0xFF, 0xFF, 0xFF, 0xFF, 0xFF, 0xFF, 0xFF, 0xFF, 0xFF, 0xFF, 0xFF, 0xFF, 0xFF,
    0xFF, 0xFF, 0xFF, 0xFF, 0xFF, 0xFF, 0xFF, 0xFD, 0xFF, 0xDC, 0x0E, 0x02, 0x01, 0x00, 0x00, 0x00,
    0x00, 0x00, 0x00, 0x00, 0x00, 0x00, 0x00, 0x00, 0x00, 0x00, 0x00, 0x00, 0x00, 0x00, 0x00, 0x00,
    0x00, 0x00, 0x03, 0x00, 0xA4, 0xFF, 0xFB, 0xFF, 0xFF, 0xFF, 0xFF, 0xFF, 0xFF, 0xFF, 0xFF, 0xFF,
    0xFF, 0xFF, 0xFF, 0xFF, 0xFF, 0xFF, 0xFF, 0xFF, 0xFF, 0xFF, 0xFF, 0xFF, 0xFF, 0xFF, 0xFF, 0xFF,
    0xFF, 0xFF, 0xFF, 0xFF, 0xFF, 0xFF, 0xFF, 0xFF, 0xFF, 0xFF, 0xFF, 0xFF, 0xFF, 0xFF, 0xFF, 0xFF,
    0xFF, 0xFF, 0xFF, 0xFF, 0xFF, 0xFF, 0xFF, 0xFF, 0xFF, 0xFF, 0xFF, 0xFF, 0xFF, 0xFF, 0xFF, 0xFF,
    0xFF, 0xFF, 0xFF, 0xFF, 0xFF, 0xFF, 0xFF, 0xFF, 0xFF, 0xFF, 0xFF, 0xFF, 0xFF, 0xFF, 0xFF, 0xFF,
    0xFF, 0xFF, 0xFF, 0xFF, 0xFF, 0xFF, 0xFB, 0xFF, 0x7B, 0x00, 0x04, 0x00, 0x00, 0x00, 0x00, 0x00,
    0x00, 0x00, 0x00, 0x00, 0x00, 0x00, 0x00, 0x00, 0x00, 0x00, 0x00, 0x00, 0x00, 0x00, 0x00, 0x01,
    0x00, 0x09, 0xE2, 0xFF, 0xFD, 0xFF, 0xFF, 0xFF, 0xFF, 0xFF, 0xFF, 0xFF, 0xFF, 0xFF, 0xFF, 0xFF,
    0xFF, 0xFF, 0xFF, 0xFF, 0xFF, 0xFF, 0xFF, 0xFF, 0xFF, 0xFF, 0xFF, 0xFF, 0xFF, 0xFF, 0xFF, 0xFF,
    0xFF, 0xFF, 0xFF, 0xFF, 0xFF, 0xFF, 0xFF, 0xFF, 0xFF, 0xFF, 0xFF, 0xFF, 0xFF, 0xFF, 0xFF, 0xFF,
    0xFF, 0xFF, 0xFF, 0xFF, 0xFF, 0xFF, 0xFF, 0xFF, 0xFF, 0xFF, 0xFF, 0xFF, 0xFF, 0xFF, 0xFF, 0xFF,
    0xFF, 0xFF, 0xFF, 0xFF, 0xFF, 0xFF, 0xFF, 0xFF, 0xFF, 0xFF, 0xFF, 0xFF, 0xFF, 0xFF, 0xFF, 0xFF,
    0xFF, 0xFF, 0xFF, 0xFF, 0xFE, 0xFD, 0xE9, 0x24, 0x01, 0x02, 0x00, 0x00, 0x00, 0x00, 0x00, 0x00,
    0x00, 0x00, 0x00, 0x00, 0x00, 0x00, 0x00, 0x00, 0x00, 0x00, 0x00, 0x00, 0x00, 0x02, 0x00, 0x27,
    0xF9, 0xFF, 0xFE, 0xFF, 0xFF, 0xFF, 0xFF, 0xFF, 0xFF, 0xFF, 0xFF, 0xFF, 0xFF, 0xFF, 0xFF, 0xFF,
    0xFF, 0xFF, 0xFF, 0xFF, 0xFF, 0xFF, 0xFF, 0xFF, 0xFF, 0xFF, 0xFF, 0xFF, 0xFF, 0xFF, 0xFF, 0xFF,
    0xFF, 0xFF, 0xFF, 0xFF, 0xFF, 0xFF, 0xFF, 0xFF, 0xFF, 0xFF, 0xFF, 0xFF, 0xFF, 0xFF, 0xFF, 0xFF,
    0xFF, 0xFF, 0xFF, 0xFF, 0xFF, 0xFF, 0xFF, 0xFF, 0xFF, 0xFF, 0xFF, 0xFF, 0xFF, 0xFF, 0xFF, 0xFF,
    0xFF, 0xFF, 0xFF, 0xFF, 0xFF, 0xFF, 0xFF, 0xFF, 0xFF, 0xFF, 0xFF, 0xFF, 0xFF, 0xFF, 0xFF, 0xFF,
    0xFF, 0xFF, 0xFF, 0xFC, 0xFF, 0xB3, 0x00, 0x02, 0x00, 0x00, 0x00, 0x00, 0x00, 0x00, 0x00, 0x00,
    0x00, 0x00, 0x00, 0x00, 0x00, 0x00, 0x00, 0x00, 0x00, 0x00, 0x00, 0x04, 0x00, 0x64, 0xFF, 0xFC,
    0xFF, 0xFF, 0xFF, 0xFF, 0xFF, 0xFF, 0xFF, 0xFF, 0xFF, 0xFF, 0xFF, 0xFF, 0xFF, 0xFF, 0xFF, 0xFF,
    0xFF, 0xFF, 0xFF, 0xFF, 0xFF, 0xFF, 0xFF, 0xFF, 0xFF, 0xFF, 0xFF, 0xFF, 0xFF, 0xFF, 0xFF, 0xFF,
    0xFF, 0xFF, 0xFF, 0xFF, 0xFF, 0xFF, 0xFF, 0xFF, 0xFF, 0xFF, 0xFF, 0xFF, 0xFF, 0xFF, 0xFF, 0xFF,
    0xFF, 0xFF, 0xFF, 0xFF, 0xFF, 0xFF, 0xFF, 0xFF, 0xFF, 0xFF, 0xFF, 0xFF, 0xFF, 0xFF, 0xFF, 0xFF,
    0xFF, 0xFF, 0xFF, 0xFF, 0xFF, 0xFF, 0xFF, 0xFF, 0xFF, 0xFF, 0xFF, 0xFF, 0xFF, 0xFF, 0xFF, 0xFF,
    0xFF, 0xFF, 0xFC, 0xFF, 0x3D, 0x00, 0x03, 0x00, 0x00, 0x00, 0x00, 0x00, 0x00, 0x00, 0x00, 0x00,
    0x00, 0x00, 0x00, 0x00, 0x00, 0x00, 0x00, 0x00, 0x00, 0x04, 0x02, 0x7E, 0xFF, 0xFB, 0xFF, 0xFF,
    0xFF, 0xFF, 0xFF, 0xFF, 0xFF, 0xFF, 0xFF, 0xFF, 0xFF, 0xFF, 0xFF, 0xFF, 0xFF, 0xFF, 0xFF, 0xFF,
    0xFF, 0xFF, 0xFF, 0xFF, 0xFF, 0xFF, 0xFF, 0xFF, 0xFF, 0xFF, 0xFF, 0xFF, 0xFF, 0xFF, 0xFF, 0xFF,
    0xFF, 0xFF, 0xFF, 0xFF, 0xFF, 0xFF, 0xFF, 0xFF, 0xFF, 0xFF, 0xFF, 0xFF, 0xFF, 0xFF, 0xFF, 0xFF,
    0xFF, 0xFF, 0xFF, 0xFF, 0xFF, 0xFF, 0xFF, 0xFF, 0xFF, 0xFF, 0xFF, 0xFF, 0xFF, 0xFF, 0xFF, 0xFF,
    0xFF, 0xFF, 0xFF, 0xFF, 0xFF, 0xFF, 0xFF, 0xFF, 0xFF, 0xFF, 0xFF, 0xFF, 0xFF, 0xFF, 0xFF, 0xFF,
    0xFC, 0xFF, 0xCC, 0x05, 0x01, 0x00, 0x00, 0x00, 0x00, 0x00, 0x00, 0x00, 0x00, 0x00, 0x00, 0x00,
    0x00, 0x00, 0x00, 0x00, 0x00, 0x00, 0x00, 0x04, 0x00, 0x97, 0xFF, 0xFB, 0xFF, 0xFF, 0xFF, 0xFF,
    0xFF, 0xFF, 0xFF, 0xFF, 0xFF, 0xFF, 0xFF, 0xFF, 0xFF, 0xFF, 0xFF, 0xFF, 0xFF, 0xFF, 0xFF, 0xFF,
    0xFF, 0xFF, 0xFF, 0xFF, 0xFF, 0xFF, 0xFF, 0xFF, 0xFF, 0xFF, 0xFF, 0xFF, 0xFF, 0xFF, 0xFF, 0xFF,
    0xFF, 0xFF, 0xFF, 0xFF, 0xFF, 0xFF, 0xFF, 0xFF, 0xFF, 0xFF, 0xFF, 0xFF, 0xFF, 0xFF, 0xFF, 0xFF,
    0xFF, 0xFF, 0xFF, 0xFF, 0xFF, 0xFF, 0xFF, 0xFF, 0xFF, 0xFF, 0xFF, 0xFF, 0xFF, 0xFF, 0xFF, 0xFF,
    0xFF, 0xFF, 0xFF, 0xFF, 0xFF, 0xFF, 0xFF, 0xFF, 0xFF, 0xFF, 0xFF, 0xFF, 0xFF, 0xFF, 0xFF, 0xFD,
    0xFF, 0x42, 0x01, 0x03, 0x00, 0x00, 0x00, 0x00, 0x00, 0x00, 0x00, 0x00, 0x00, 0x00, 0x00, 0x00,
    0x00, 0x00, 0x00, 0x00, 0x03, 0x00, 0x4B, 0xF9, 0xFD, 0xFF, 0xFF, 0xFF, 0xFF, 0xFF, 0xFF, 0xFF,
    0xFF, 0xFF, 0xFF, 0xFF, 0xFF, 0xFF, 0xFF, 0xFF, 0xFF, 0xFF, 0xFF, 0xFF, 0xFF, 0xFF, 0xFF, 0xFF,
    0xFF, 0xFF, 0xFF, 0xFF, 0xFF, 0xFF, 0xFF, 0xFF, 0xFF, 0xFF, 0xFF, 0xFF, 0xFF, 0xFF, 0xFF, 0xFF,
    0xFF, 0xFF, 0xFF, 0xFF, 0xFF, 0xFF, 0xFF, 0xFF, 0xFF, 0xFF, 0xFF, 0xFF, 0xFF, 0xFF, 0xFF, 0xFF,
    0xFF, 0xFF, 0xFF, 0xFF, 0xFF, 0xFF, 0xFF, 0xFF, 0xFF, 0xFF, 0xFF, 0xFF, 0xFF, 0xFF, 0xFF, 0xFF,
    0xFF, 0xFF, 0xFF, 0xFF, 0xFF, 0xFF, 0xFF, 0xFF, 0xFF, 0xFF, 0xFF, 0xFF, 0xFF, 0xFB, 0xFE, 0x9B,
    0x00, 0x03, 0x00, 0x00, 0x00, 0x00, 0x00, 0x00, 0x00, 0x00, 0x00, 0x00, 0x00, 0x00, 0x00, 0x00,
    0x00, 0x02, 0x01, 0x1E, 0xEE, 0xFF, 0xFD, 0xFF, 0xFF, 0xFF, 0xFF, 0xFF, 0xFF, 0xFF, 0xFF, 0xFF,
    0xFF, 0xFF, 0xFF, 0xFF, 0xFF, 0xFF, 0xFF, 0xFF, 0xFF, 0xFF, 0xFF, 0xFF, 0xFF, 0xFF, 0xFF, 0xFF,
    0xFF, 0xFF, 0xFF, 0xFF, 0xFF, 0xFF, 0xFF, 0xFF, 0xFF, 0xFF, 0xFF, 0xFF, 0xFF, 0xFF, 0xFF, 0xFF,
    0xFF, 0xFF, 0xFF, 0xFF, 0xFF, 0xFF, 0xFF, 0xFF, 0xFF, 0xFF, 0xFF, 0xFF, 0xFF, 0xFF, 0xFF, 0xFF,
    0xFF, 0xFF, 0xFF, 0xFF, 0xFF, 0xFF, 0xFF, 0xFF, 0xFF, 0xFF, 0xFF, 0xFF, 0xFF, 0xFF, 0xFF, 0xFF,
    0xFF, 0xFF, 0xFF, 0xFF, 0xFF, 0xFF, 0xFF, 0xFF, 0xFF, 0xFF, 0xFF, 0xFE, 0xFE, 0xF4, 0x1F, 0x00,
    0x02, 0x00, 0x00, 0x00, 0x00, 0x00, 0x00, 0x00, 0x00, 0x00, 0x00, 0x00, 0x00, 0x00, 0x00, 0x03,
    0x00, 0xAB, 0xFF, 0xFB, 0xFF, 0xFF, 0xFF, 0xFF, 0xFF, 0xFF, 0xFF, 0xFF, 0xFF, 0xFF, 0xFF, 0xFF,
    0xFF, 0xFF, 0xFF, 0xFF, 0xFF, 0xFF, 0xFF, 0xFF, 0xFF, 0xFF, 0xFF, 0xFF, 0xFF, 0xFF, 0xFF, 0xFF,
    0xFF, 0xFF, 0xFF, 0xFF, 0xFF, 0xFF, 0xFF, 0xFF, 0xFF, 0xFF, 0xFF, 0xFF, 0xFF, 0xFF, 0xFF, 0xFF,
    0xFF, 0xFF, 0xFF, 0xFF, 0xFF, 0xFF, 0xFF, 0xFF, 0xFF, 0xFF, 0xFF, 0xFF, 0xFF, 0xFF, 0xFF, 0xFF,
    0xFF, 0xFF, 0xFF, 0xFF, 0xFF, 0xFF, 0xFF, 0xFF, 0xFF, 0xFF, 0xFF, 0xFF, 0xFF, 0xFF, 0xFF, 0xFF,
    0xFF, 0xFF, 0xFF, 0xFF, 0xFF, 0xFF, 0xFF, 0xFF, 0xFF, 0xFF, 0xFB, 0xFF, 0x98, 0x00, 0x03, 0x00,
    0x00, 0x00, 0x00, 0x00, 0x00, 0x00, 0x00, 0x00, 0x00, 0x00, 0x00, 0x00, 0x02, 0x00, 0x30, 0xFA,
    0xFD, 0xFE, 0xFF, 0xFF, 0xFF, 0xFF, 0xFF, 0xFF, 0xFF, 0xFF, 0xFF, 0xFF, 0xFF, 0xFF, 0xFF, 0xFF,
    0xFF, 0xFF, 0xFF, 0xFF, 0xFF, 0xFF, 0xFF, 0xFF, 0xFF, 0xFF, 0xFF, 0xFF, 0xFF, 0xFF, 0xFF, 0xFF,
    0xFF, 0xFF, 0xFF, 0xFF, 0xFF, 0xFF, 0xFF, 0xFF, 0xFF, 0xFF, 0xFF, 0xFF, 0xFF, 0xFF, 0xFF, 0xFF,
    0xFF, 0xFF, 0xFF, 0xFF, 0xFF, 0xFF, 0xFF, 0xFF, 0xFF, 0xFF, 0xFF, 0xFF, 0xFF, 0xFF, 0xFF, 0xFF,
    0xFF, 0xFF, 0xFF, 0xFF, 0xFF, 0xFF, 0xFF, 0xFF, 0xFF, 0xFF, 0xFF, 0xFF, 0xFF, 0xFF, 0xFF, 0xFF,
    0xFF, 0xFF, 0xFF, 0xFF, 0xFF, 0xFF, 0xFF, 0xFF, 0xFD, 0xFF, 0xE3, 0x0A, 0x00, 0x01, 0x00, 0x00,
    0x00, 0x00, 0x00, 0x00, 0x00, 0x00, 0x00, 0x00, 0x00, 0x00, 0x02, 0x02, 0xC5, 0xFF, 0xFC, 0xFF,
    0xFF, 0xFF, 0xFF, 0xFF, 0xFF, 0xFF, 0xFF, 0xFF, 0xFF, 0xFF, 0xFF, 0xFF, 0xFF, 0xFF, 0xFF, 0xFF,
    0xFF, 0xFF, 0xFF, 0xFF, 0xFF, 0xFF, 0xFF, 0xFF, 0xFF, 0xFF, 0xFF, 0xFF, 0xFF, 0xFF, 0xFF, 0xFF,
    0xFF, 0xFF, 0xFF, 0xFF, 0xFF, 0xFF, 0xFF, 0xFF, 0xFF, 0xFF, 0xFF, 0xFF, 0xFF, 0xFF, 0xFF, 0xFF,
    0xFF, 0xFF, 0xFF, 0xFF, 0xFF, 0xFF, 0xFF, 0xFF, 0xFF, 0xFF, 0xFF, 0xFF, 0xFF, 0xFF, 0xFF, 0xFF,
    0xFF, 0xFF, 0xFF, 0xFF, 0xFF, 0xFF, 0xFF, 0xFF, 0xFF, 0xFF, 0xFF, 0xFF, 0xFF, 0xFF, 0xFF, 0xFF,
    0xFF, 0xFF, 0xFF, 0xFF, 0xFF, 0xFF, 0xFF, 0xFE, 0xFE, 0x39, 0x00, 0x03, 0x00, 0x00, 0x00, 0x00,
    0x00, 0x00, 0x00, 0x00, 0x00, 0x00, 0x00, 0x03, 0x00, 0x49, 0xFF, 0xFC, 0xFF, 0xFF, 0xFF, 0xFF,
    0xFF, 0xFF, 0xFF, 0xFF, 0xFF, 0xFF, 0xFF, 0xFF, 0xFF, 0xFF, 0xFF, 0xFF, 0xFF, 0xFF, 0xFF, 0xFF,
    0xFF, 0xFF, 0xFF, 0xFF, 0xFF, 0xFF, 0xFF, 0xFF, 0xFF, 0xFF, 0xFF, 0xFF, 0xFF, 0xFF, 0xFF, 0xFF,
    0xFF, 0xFF, 0xFF, 0xFF, 0xFF, 0xFF, 0xFF, 0xFF, 0xFF, 0xFF, 0xFF, 0xFF, 0xFF, 0xFF, 0xFF, 0xFF,
    0xFF, 0xFF, 0xFF, 0xFF, 0xFF, 0xFF, 0xFF, 0xFF, 0xFF, 0xFF, 0xFF, 0xFF, 0xFF, 0xFF, 0xFF, 0xFF,
    0xFF, 0xFF, 0xFF, 0xFF, 0xFF, 0xFF, 0xFF, 0xFF, 0xFF, 0xFF, 0xFF, 0xFF, 0xFF, 0xFF, 0xFF, 0xFF,
    0xFF, 0xFF, 0xFF, 0xFF, 0xFF, 0xFB, 0xFF, 0x78, 0x00, 0x04, 0x00, 0x00, 0x00, 0x00, 0x00, 0x00,
    0x00, 0x00, 0x00, 0x00, 0x00, 0x03, 0x00, 0xAF, 0xFE, 0xFB, 0xFF, 0xFF, 0xFF, 0xFF, 0xFF, 0xFF,
    0xFF, 0xFF, 0xFF, 0xFF, 0xFF, 0xFF, 0xFF, 0xFF, 0xFF, 0xFF, 0xFF, 0xFF, 0xFF, 0xFF, 0xFF, 0xFF,
    0xFF, 0xFF, 0xFF, 0xFF, 0xFF, 0xFF, 0xFF, 0xFF, 0xFF, 0xFF, 0xFF, 0xFF, 0xFF, 0xFF, 0xFF, 0xFF,
    0xFF, 0xFF, 0xFF, 0xFF, 0xFF, 0xFF, 0xFF, 0xFF, 0xFF, 0xFF, 0xFF, 0xFF, 0xFF, 0xFF, 0xFF, 0xFF,
    0xFF, 0xFF, 0xFF, 0xFF, 0xFF, 0xFF, 0xFF, 0xFF, 0xFF, 0xFF, 0xFF, 0xFF, 0xFF, 0xFF, 0xFF, 0xFF,
    0xFF, 0xFF, 0xFF, 0xFF, 0xFF, 0xFF, 0xFF, 0xFF, 0xFF, 0xFF, 0xFF, 0xFF, 0xFF, 0xFF, 0xFF, 0xFF,
    0xFF, 0xFF, 0xFF, 0xFC, 0xFF, 0xB5, 0x02, 0x02, 0x00, 0x00, 0x00, 0x00, 0x00, 0x00, 0x00, 0x00,
    0x00, 0x00, 0x02, 0x00, 0x26, 0xF7, 0xFE, 0xFE, 0xFF, 0xFF, 0xFF, 0xFF, 0xFF, 0xFF, 0xFF, 0xFF,
    0xFF, 0xFF, 0xFF, 0xFF, 0xFF, 0xFF, 0xFF, 0xFF, 0xFF, 0xFF, 0xFF, 0xFF, 0xFF, 0xFF, 0xFF, 0xFF,
    0xFF, 0xFF, 0xFF, 0xFF, 0xFF, 0xFF, 0xFF, 0xFF, 0xFF, 0xFF, 0xFF, 0xFF, 0xFF, 0xFF, 0xFF, 0xFF,
    0xFF, 0xFF, 0xFF, 0xFF, 0xFF, 0xFF, 0xFF, 0xFF, 0xFF, 0xFF, 0xFF, 0xFF, 0xFF, 0xFF, 0xFF, 0xFF,
    0xFF, 0xFF, 0xFF, 0xFF, 0xFF, 0xFF, 0xFF, 0xFF, 0xFF, 0xFF, 0xFF, 0xFF, 0xFF, 0xFF, 0xFF, 0xFF,
    0xFF, 0xFF, 0xFF, 0xFF, 0xFF, 0xFF, 0xFF, 0xFF, 0xFF, 0xFF, 0xFF, 0xFF, 0xFF, 0xFF, 0xFF, 0xFF,
    0xFF, 0xFE, 0xFF, 0xF9, 0x21, 0x00, 0x02, 0x00, 0x00, 0x00, 0x00, 0x00, 0x00, 0x00, 0x00, 0x00,
    0x03, 0x00, 0x90, 0xFF, 0xFB, 0xFF, 0xFF, 0xFF, 0xFF, 0xFF, 0xFF, 0xFF, 0xFF, 0xFF, 0xFF, 0xFF,
    0xFF, 0xFF, 0xFF, 0xFF, 0xFF, 0xFF, 0xFF, 0xFF, 0xFF, 0xFF, 0xFF, 0xFF, 0xFF, 0xFF, 0xFF, 0xFF,
    0xFF, 0xFF, 0xFF, 0xFF, 0xFF, 0xFF, 0xFF, 0xFF, 0xFF, 0xFF, 0xFF, 0xFF, 0xFF, 0xFF, 0xFF, 0xFF,
    0xFF, 0xFF, 0xFF, 0xFF, 0xFF, 0xFF, 0xFF, 0xFF, 0xFF, 0xFF, 0xFF, 0xFF, 0xFF, 0xFF, 0xFF, 0xFF,
    0xFF, 0xFF, 0xFF, 0xFF, 0xFF, 0xFF, 0xFF, 0xFF, 0xFF, 0xFF, 0xFF, 0xFF, 0xFF, 0xFF, 0xFF, 0xFF,
    0xFF, 0xFF, 0xFF, 0xFF, 0xFF, 0xFF, 0xFF, 0xFF, 0xFF, 0xFF, 0xFF, 0xFF, 0xFF, 0xFF, 0xFF, 0xFF,
    0xFE, 0xFE, 0x35, 0x00, 0x02, 0x00, 0x00, 0x00, 0x00, 0x00, 0x00, 0x00, 0x00, 0x01, 0x00, 0x12,
    0xEC, 0xFF, 0xFE, 0xFF, 0xFF, 0xFF, 0xFF, 0xFF, 0xFF, 0xFF, 0xFF, 0xFF, 0xFF, 0xFF, 0xFF, 0xFF,
    0xFF, 0xFF, 0xFF, 0xFF, 0xFF, 0xFF, 0xFF, 0xFF, 0xFF, 0xFF, 0xFF, 0xFF, 0xFF, 0xFF, 0xFF, 0xFF,
    0xFF, 0xFF, 0xFF, 0xFF, 0xFF, 0xFF, 0xFF, 0xFF, 0xFF, 0xFF, 0xFF, 0xFF, 0xFF, 0xFF, 0xFF, 0xFF,
    0xFF, 0xFF, 0xFF, 0xFF, 0xFF, 0xFF, 0xFF, 0xFF, 0xFF, 0xFF, 0xFF, 0xFF, 0xFF, 0xFF, 0xFF, 0xFF,
    0xFF, 0xFF, 0xFF, 0xFF, 0xFF, 0xFF, 0xFF, 0xFF, 0xFF, 0xFF, 0xFF, 0xFF, 0xFF, 0xFF, 0xFF, 0xFF,
    0xFF, 0xFF, 0xFF, 0xFF, 0xFF, 0xFF, 0xFF, 0xFF, 0xFF, 0xFF, 0xFF, 0xFF, 0xFF, 0xFF, 0xFC, 0xFF,
    0x57, 0x00, 0x03, 0x00, 0x00, 0x00, 0x00, 0x00, 0x00, 0x00, 0x00, 0x04, 0x00, 0x5D, 0xFF, 0xFC,
    0xFF, 0xFF, 0xFF, 0xFF, 0xFF, 0xFF, 0xFF, 0xFF, 0xFF, 0xFF, 0xFF, 0xFF, 0xFF, 0xFF, 0xFF, 0xFF,
    0xFF, 0xFF, 0xFF, 0xFF, 0xFF, 0xFF, 0xFF, 0xFF, 0xFF, 0xFF, 0xFF, 0xFF, 0xFF, 0xFF, 0xFF, 0xFF,
    0xFF, 0xFF, 0xFF, 0xFF, 0xFF, 0xFF, 0xFF, 0xFF, 0xFF, 0xFF, 0xFF, 0xFF, 0xFF, 0xFF, 0xFF, 0xFF,
    0xFF, 0xFF, 0xFF, 0xFF, 0xFF, 0xFF, 0xFF, 0xFF, 0xFF, 0xFF, 0xFF, 0xFF, 0xFF, 0xFF, 0xFF, 0xFF,
    0xFF, 0xFF, 0xFF, 0xFF, 0xFF, 0xFF, 0xFF, 0xFF, 0xFF, 0xFF, 0xFF, 0xFF, 0xFF, 0xFF, 0xFF, 0xFF,
    0xFF, 0xFF, 0xFF, 0xFF, 0xFF, 0xFF, 0xFF, 0xFF, 0xFF, 0xFF, 0xFF, 0xFF, 0xFB, 0xFF, 0x98, 0x00,
    0x04, 0x00, 0x00, 0x00, 0x00, 0x00, 0x00, 0x00, 0x00, 0x03, 0x00, 0xAE, 0xFE, 0xFB, 0xFF, 0xFF,
    0xFF, 0xFF, 0xFF, 0xFF, 0xFF, 0xFF, 0xFF, 0xFF, 0xFF, 0xFF, 0xFF, 0xFF, 0xFF, 0xFF, 0xFF, 0xFF,
    0xFF, 0xFF, 0xFF, 0xFF, 0xFF, 0xFF, 0xFF, 0xFF, 0xFF, 0xFF, 0xFF, 0xFF, 0xFF, 0xFF, 0xFF, 0xFF,
    0xFF, 0xFF, 0xFF, 0xFF, 0xFF, 0xFF, 0xFF, 0xFF, 0xFF, 0xFF, 0xFF, 0xFF, 0xFF, 0xFF, 0xFF, 0xFF,
    0xFF, 0xFF, 0xFF, 0xFF, 0xFF, 0xFF, 0xFF, 0xFF, 0xFF, 0xFF, 0xFF, 0xFF, 0xFF, 0xFF, 0xFF, 0xFF,
    0xFF, 0xFF, 0xFF, 0xFF, 0xFF, 0xFF, 0xFF, 0xFF, 0xFF, 0xFF, 0xFF, 0xFF, 0xFF, 0xFF, 0xFF, 0xFF,
    0xFF, 0xFF, 0xFF, 0xFF, 0xFF, 0xFF, 0xFF, 0xFF, 0xFF, 0xFF, 0xFC, 0xFF, 0xBD, 0x00, 0x02, 0x00,
    0x00, 0x00, 0x00, 0x00, 0x00, 0x00, 0x01, 0x00, 0x08, 0xDF, 0xFF, 0xFD, 0xFF, 0xFF, 0xFF, 0xFF,
    0xFF, 0xFF, 0xFF, 0xFF, 0xFF, 0xFF, 0xFF, 0xFF, 0xFF, 0xFF, 0xFF, 0xFF, 0xFF, 0xFF, 0xFF, 0xFF,
    0xFF, 0xFF, 0xFF, 0xFF, 0xFF, 0xFF, 0xFF, 0xFF, 0xFF, 0xFF, 0xFF, 0xFF, 0xFF, 0xFF, 0xFF, 0xFF,
    0xFF, 0xFF, 0xFF, 0xFF, 0xFF, 0xFF, 0xFF, 0xFF, 0xFF, 0xFF, 0xFF, 0xFF, 0xFF, 0xFF, 0xFF, 0xFF,
    0xFF, 0xFF, 0xFF, 0xFF, 0xFF, 0xFF, 0xFF, 0xFF, 0xFF, 0xFF, 0xFF, 0xFF, 0xFF, 0xFF, 0xFF, 0xFF,
    0xFF, 0xFF, 0xFF, 0xFF, 0xFF, 0xFF, 0xFF, 0xFF, 0xFF, 0xFF, 0xFF, 0xFF, 0xFF, 0xFF, 0xFF, 0xFF,
    0xFF, 0xFF, 0xFF, 0xFF, 0xFF, 0xFF, 0xFF, 0xFF, 0xFC, 0xFF, 0xC8, 0x00, 0x01, 0x00, 0x00, 0x00,
    0x00, 0x00, 0x00, 0x00, 0x03, 0x00, 0x42, 0xFF, 0xFD, 0xFF, 0xFF, 0xFF, 0xFF, 0xFF, 0xFF, 0xFF,
    0xFF, 0xFF, 0xFF, 0xFF, 0xFF, 0xFF, 0xFF, 0xFF, 0xFF, 0xFF, 0xFF, 0xFF, 0xFF, 0xFF, 0xFF, 0xFF,
    0xFF, 0xFF, 0xFF, 0xFF, 0xFF, 0xFF, 0xFF, 0xFF, 0xFF, 0xFF, 0xFF, 0xFF, 0xFF, 0xFF, 0xFF, 0xFF,
    0xFF, 0xFF, 0xFF, 0xFF, 0xFF, 0xFF, 0xFF, 0xFF, 0xFF, 0xFF, 0xFF, 0xFF, 0xFF, 0xFF, 0xFF, 0xFF,
    0xFF, 0xFF, 0xFF, 0xFF, 0xFF, 0xFF, 0xFF, 0xFF, 0xFF, 0xFF, 0xFF, 0xFF, 0xFF, 0xFF, 0xFF, 0xFF,
    0xFF, 0xFF, 0xFF, 0xFF, 0xFF, 0xFF, 0xFF, 0xFF, 0xFF, 0xFF, 0xFF, 0xFF, 0xFF, 0xFF, 0xFF, 0xFF,
    0xFF, 0xFF, 0xFF, 0xFF, 0xFF, 0xFF, 0xFD, 0xFF, 0xD2, 0x00, 0x00, 0x00, 0x00, 0x00, 0x00, 0x00,
    0x00, 0x00, 0x04, 0x01, 0x7D, 0xFF, 0xFB, 0xFF, 0xFF, 0xFF, 0xFF, 0xFF, 0xFF, 0xFF, 0xFF, 0xFF,
    0xFF, 0xFF, 0xFF, 0xFF, 0xFF, 0xFF, 0xFF, 0xFF, 0xFF, 0xFF, 0xFF, 0xFF, 0xFF, 0xFF, 0xFF, 0xFF,
    0xFF, 0xFF, 0xFF, 0xFF, 0xFF, 0xFF, 0xFF, 0xFF, 0xFF, 0xFF, 0xFF, 0xFF, 0xFF, 0xFF, 0xFF, 0xFF,
    0xFF, 0xFF, 0xFF, 0xFF, 0xFF, 0xFF, 0xFF, 0xFF, 0xFF, 0xFF, 0xFF, 0xFF, 0xFF, 0xFF, 0xFF, 0xFF,
    0xFF, 0xFF, 0xFF, 0xFF, 0xFF, 0xFF, 0xFF, 0xFF, 0xFF, 0xFF, 0xFF, 0xFF, 0xFF, 0xFF, 0xFF, 0xFF,
    0xFF, 0xFF, 0xFF, 0xFF, 0xFF, 0xFF, 0xFF, 0xFF, 0xFF, 0xFF, 0xFF, 0xFF, 0xFF, 0xFF, 0xFF, 0xFF,
    0xFF, 0xFF, 0xFF, 0xFF, 0xFC, 0xFF, 0xBD, 0x00, 0x02, 0x00, 0x00, 0x00, 0x00, 0x00, 0x00, 0x00,
    0x02, 0x00, 0xB7, 0xFF, 0xFC, 0xFF, 0xFF, 0xFF, 0xFF, 0xFF, 0xFF, 0xFF, 0xFF, 0xFF, 0xFF, 0xFF,
    0xFF, 0xFF, 0xFF, 0xFF, 0xFF, 0xFF, 0xFF, 0xFF, 0xFF, 0xFF, 0xFF, 0xFF, 0xFF, 0xFF, 0xFF, 0xFF,
    0xFF, 0xFF, 0xFF, 0xFF, 0xFF, 0xFF, 0xFF, 0xFF, 0xFF, 0xFF, 0xFF, 0xFF, 0xFF, 0xFF, 0xFF, 0xFF,
    0xFF, 0xFF, 0xFF, 0xFF, 0xFF, 0xFF, 0xFF, 0xFF, 0xFF, 0xFF, 0xFF, 0xFF, 0xFF, 0xFF, 0xFF, 0xFF,
    0xFF, 0xFF, 0xFF, 0xFF, 0xFF, 0xFF, 0xFF, 0xFF, 0xFF, 0xFF, 0xFF, 0xFF, 0xFF, 0xFF, 0xFF, 0xFF,
    0xFF, 0xFF, 0xFF, 0xFF, 0xFF, 0xFF, 0xFF, 0xFF, 0xFF, 0xFF, 0xFF, 0xFF, 0xFF, 0xFF, 0xFF, 0xFF,
    0xFF, 0xFF, 0xFB, 0xFF, 0xA0, 0x00, 0x03, 0x00, 0x00, 0x00, 0x00, 0x00, 0x00, 0x01, 0x00, 0x12,
    0xE9, 0xFF, 0xFE, 0xFF, 0xFF, 0xFF, 0xFF, 0xFF, 0xFF, 0xFF, 0xFF, 0xFF, 0xFF, 0xFF, 0xFF, 0xFF,
    0xFF, 0xFF, 0xFF, 0xFF, 0xFF, 0xFF, 0xFF, 0xFF, 0xFF, 0xFF, 0xFF, 0xFF, 0xFF, 0xFF, 0xFF, 0xFF,
    0xFF, 0xFF, 0xFF, 0xFF, 0xFF, 0xFF, 0xFF, 0xFF, 0xFF, 0xFF, 0xFF, 0xFF, 0xFF, 0xFF, 0xFF, 0xFF,
    0xFF, 0xFF, 0xFF, 0xFF, 0xFF, 0xFF, 0xFF, 0xFF, 0xFF, 0xFF, 0xFF, 0xFF, 0xFF, 0xFF, 0xFF, 0xFF,
    0xFF, 0xFF, 0xFF, 0xFF, 0xFF, 0xFF, 0xFF, 0xFF, 0xFF, 0xFF, 0xFF, 0xFF, 0xFF, 0xFF, 0xFF, 0xFF,
    0xFF, 0xFF, 0xFF, 0xFF, 0xFF, 0xFF, 0xFF, 0xFF, 0xFF, 0xFF, 0xFF, 0xFF, 0xFF, 0xFF, 0xFF, 0xFF,
    0xFB, 0xFF, 0x84, 0x00, 0x04, 0x00, 0x00, 0x00, 0x00, 0x00, 0x00, 0x03, 0x00, 0x38, 0xFF, 0xFE,
    0xFF, 0xFF, 0xFF, 0xFF, 0xFF, 0xFF, 0xFF, 0xFF, 0xFF, 0xFF, 0xFF, 0xFF, 0xFF, 0xFF, 0xFF, 0xFF,
    0xFF, 0xFF, 0xFF, 0xFF, 0xFF, 0xFF, 0xFF, 0xFF, 0xFF, 0xFF, 0xFF, 0xFF, 0xFF, 0xFF, 0xFF, 0xFF,
    0xFF, 0xFF, 0xFF, 0xFF, 0xFF, 0xFF, 0xFF, 0xFF, 0xFF, 0xFF, 0xFF, 0xFF, 0xFF, 0xFF, 0xFF, 0xFF,
    0xFF, 0xFF, 0xFF, 0xFF, 0xFF, 0xFF, 0xFF, 0xFF, 0xFF, 0xFF, 0xFF, 0xFF, 0xFF, 0xFF, 0xFF, 0xFF,
    0xFF, 0xFF, 0xFF, 0xFF, 0xFF, 0xFF, 0xFF, 0xFF, 0xFF, 0xFF, 0xFF, 0xFF, 0xFF, 0xFF, 0xFF, 0xFF,
    0xFF, 0xFF, 0xFF, 0xFF, 0xFF, 0xFF, 0xFF, 0xFF, 0xFF, 0xFF, 0xFF, 0xFF, 0xFF, 0xFF, 0xFB, 0xFF,
    0x6B, 0x00, 0x04, 0x00, 0x00, 0x00, 0x00, 0x00, 0x00, 0x03, 0x00, 0x4E, 0xFE, 0xFC, 0xFF, 0xFF,
    0xFF, 0xFF, 0xFF, 0xFF, 0xFF, 0xFF, 0xFF, 0xFF, 0xFF, 0xFF, 0xFF, 0xFF, 0xFF, 0xFF, 0xFF, 0xFF,
    0xFF, 0xFF, 0xFF, 0xFF, 0xFF, 0xFF, 0xFF, 0xFF, 0xFF, 0xFF, 0xFF, 0xFF, 0xFF, 0xFF, 0xFF, 0xFF,
    0xFF, 0xFF, 0xFF, 0xFF, 0xFF, 0xFF, 0xFF, 0xFF, 0xFF, 0xFF, 0xFF, 0xFF, 0xFF, 0xFF, 0xFF, 0xFF,
    0xFF, 0xFF, 0xFF, 0xFF, 0xFF, 0xFF, 0xFF, 0xFF, 0xFF, 0xFF, 0xFF, 0xFF, 0xFF, 0xFF, 0xFF, 0xFF,
    0xFF, 0xFF, 0xFF, 0xFF, 0xFF, 0xFF, 0xFF, 0xFF, 0xFF, 0xFF, 0xFF, 0xFF, 0xFF, 0xFF, 0xFF, 0xFF,
    0xFF, 0xFF, 0xFF, 0xFF, 0xFF, 0xFF, 0xFF, 0xFF, 0xFF, 0xFF, 0xFF, 0xFF, 0xFE, 0xFF, 0x42, 0x00,
    0x03, 0x00, 0x00, 0x00, 0x00, 0x00, 0x00, 0x04, 0x00, 0x8B, 0xFF, 0xFB, 0xFF, 0xFF, 0xFF, 0xFF,
    0xFF, 0xFF, 0xFF, 0xFF, 0xFF, 0xFF, 0xFF, 0xFF, 0xFF, 0xFF, 0xFF, 0xFF, 0xFF, 0xFF, 0xFF, 0xFF,
    0xFF, 0xFF, 0xFF, 0xFF, 0xFF, 0xFF, 0xFF, 0xFF, 0xFF, 0xFF, 0xFF, 0xFF, 0xFF, 0xFF, 0xFF, 0xFF,
    0xFF, 0xFF, 0xFF, 0xFF, 0xFF, 0xFF, 0xFF, 0xFF, 0xFF, 0xFF, 0xFF, 0xFF, 0xFF, 0xFF, 0xFF, 0xFF,
    0xFF, 0xFF, 0xFF, 0xFF, 0xFF, 0xFF, 0xFF, 0xFF, 0xFF, 0xFF, 0xFF, 0xFF, 0xFF, 0xFF, 0xFF, 0xFF,
    0xFF, 0xFF, 0xFF, 0xFF, 0xFF, 0xFF, 0xFF, 0xFF, 0xFF, 0xFF, 0xFF, 0xFF, 0xFF, 0xFF, 0xFF, 0xFF,
    0xFF, 0xFF, 0xFF, 0xFF, 0xFF, 0xFF, 0xFF, 0xFF, 0xFF, 0xFE, 0xFF, 0xEA, 0x0E, 0x00, 0x01, 0x00,
    0x00, 0x00, 0x00, 0x00, 0x00, 0x03, 0x00, 0xAF, 0xFF, 0xFC, 0xFF, 0xFF, 0xFF, 0xFF, 0xFF, 0xFF,
    0xFF, 0xFF, 0xFF, 0xFF, 0xFF, 0xFF, 0xFF, 0xFF, 0xFF, 0xFF, 0xFF, 0xFF, 0xFF, 0xFF, 0xFF, 0xFF,
    0xFF, 0xFF, 0xFF, 0xFF, 0xFF, 0xFF, 0xFF, 0xFF, 0xFF, 0xFF, 0xFF, 0xFF, 0xFF, 0xFF, 0xFF, 0xFF,
    0xFF, 0xFF, 0xFF, 0xFF, 0xFF, 0xFF, 0xFF, 0xFF, 0xFF, 0xFF, 0xFF, 0xFF, 0xFF, 0xFF, 0xFF, 0xFF,
    0xFF, 0xFF, 0xFF, 0xFF, 0xFF, 0xFF, 0xFF, 0xFF, 0xFF, 0xFF, 0xFF, 0xFF, 0xFF, 0xFF, 0xFF, 0xFF,
    0xFF, 0xFF, 0xFF, 0xFF, 0xFF, 0xFF, 0xFF, 0xFF, 0xFF, 0xFF, 0xFF, 0xFF, 0xFF, 0xFF, 0xFF, 0xFF,
    0xFF, 0xFF, 0xFF, 0xFF, 0xFF, 0xFF, 0xFF, 0xFC, 0xFF, 0xB2, 0x00, 0x02, 0x00, 0x00, 0x00, 0x00,
    0x00, 0x00, 0x00, 0x03, 0x00, 0xA3, 0xFF, 0xFB, 0xFF, 0xFF, 0xFF, 0xFF, 0xFF, 0xFF, 0xFF, 0xFF,
    0xFF, 0xFF, 0xFF, 0xFF, 0xFF, 0xFF, 0xFF, 0xFF, 0xFF, 0xFF, 0xFF, 0xFF, 0xFF, 0xFF, 0xFF, 0xFF,
    0xFF, 0xFF, 0xFF, 0xFF, 0xFF, 0xFF, 0xFF, 0xFF, 0xFF, 0xFF, 0xFF, 0xFF, 0xFF, 0xFF, 0xFF, 0xFF,
    0xFF, 0xFF, 0xFF, 0xFF, 0xFF, 0xFF, 0xFF, 0xFF, 0xFF, 0xFF, 0xFF, 0xFF, 0xFF, 0xFF, 0xFF, 0xFF,
    0xFF, 0xFF, 0xFF, 0xFF, 0xFF, 0xFF, 0xFF, 0xFF, 0xFF, 0xFF, 0xFF, 0xFF, 0xFF, 0xFF, 0xFF, 0xFF,
    0xFF, 0xFF, 0xFF, 0xFF, 0xFF, 0xFF, 0xFF, 0xFF, 0xFF, 0xFF, 0xFF, 0xFF, 0xFF, 0xFF, 0xFF, 0xFF,
    0xFF, 0xFF, 0xFF, 0xFF, 0xFF, 0xFB, 0xFF, 0x84, 0x00, 0x04, 0x00, 0x00, 0x00, 0x00, 0x00, 0x00,
    0x00, 0x03, 0x00, 0xB0, 0xFF, 0xFC, 0xFF, 0xFF, 0xFF, 0xFF, 0xFF, 0xFF, 0xFF, 0xFF, 0xFF, 0xFF,
    0xFF, 0xFF, 0xFF, 0xFF, 0xFF, 0xFF, 0xFF, 0xFF, 0xFF, 0xFF, 0xFF, 0xFF, 0xFF, 0xFF, 0xFF, 0xFF,
    0xFF, 0xFF, 0xFF, 0xFF, 0xFF, 0xFF, 0xFF, 0xFF, 0xFF, 0xFF, 0xFF, 0xFF, 0xFF, 0xFF, 0xFF, 0xFF,
    0xFF, 0xFF, 0xFF, 0xFF, 0xFF, 0xFF, 0xFF, 0xFF, 0xFF, 0xFF, 0xFF, 0xFF, 0xFF, 0xFF, 0xFF, 0xFF,
    0xFF, 0xFF, 0xFF, 0xFF, 0xFF, 0xFF, 0xFF, 0xFF, 0xFF, 0xFF, 0xFF, 0xFF, 0xFF, 0xFF, 0xFF, 0xFF,
    0xFF, 0xFF, 0xFF, 0xFF, 0xFF, 0xFF, 0xFF, 0xFF, 0xFF, 0xFF, 0xFF, 0xFF, 0xFF, 0xFF, 0xFF, 0xFF,
    0xFF, 0xFF, 0xFE, 0xFD, 0xF8, 0x24, 0x00, 0x02, 0x00, 0x00, 0x00, 0x00, 0x00, 0x00, 0x00, 0x02,
    0x00, 0xB3, 0xFF, 0xFC, 0xFF, 0xFF, 0xFF, 0xFF, 0xFF, 0xFF, 0xFF, 0xFF, 0xFF, 0xFF, 0xFF, 0xFF,
    0xFF, 0xFF, 0xFF, 0xFF, 0xFF, 0xFF, 0xFF, 0xFF, 0xFF, 0xFF, 0xFF, 0xFF, 0xFF, 0xFF, 0xFF, 0xFF,
    0xFF, 0xFF, 0xFF, 0xFF, 0xFF, 0xFF, 0xFF, 0xFF, 0xFF, 0xFF, 0xFF, 0xFF, 0xFF, 0xFF, 0xFF, 0xFF,
    0xFF, 0xFF, 0xFF, 0xFF, 0xFF, 0xFF, 0xFF, 0xFF, 0xFF, 0xFF, 0xFF, 0xFF, 0xFF, 0xFF, 0xFF, 0xFF,
    0xFF, 0xFF, 0xFF, 0xFF, 0xFF, 0xFF, 0xFF, 0xFF, 0xFF, 0xFF, 0xFF, 0xFF, 0xFF, 0xFF, 0xFF, 0xFF,
    0xFF, 0xFF, 0xFF, 0xFF, 0xFF, 0xFF, 0xFF, 0xFF, 0xFF, 0xFF, 0xFF, 0xFF, 0xFF, 0xFF, 0xFF, 0xFF,
    0xFB, 0xFF, 0xAA, 0x00, 0x03, 0x00, 0x00, 0x00, 0x00, 0x00, 0x00, 0x00, 0x00, 0x02, 0x00, 0xBB,
    0xFE, 0xFC, 0xFF, 0xFF, 0xFF, 0xFF, 0xFF, 0xFF, 0xFF, 0xFF, 0xFF, 0xFF, 0xFF, 0xFF, 0xFF, 0xFF,
    0xFF, 0xFF, 0xFF, 0xFF, 0xFF, 0xFF, 0xFF, 0xFF, 0xFF, 0xFF, 0xFF, 0xFF, 0xFF, 0xFF, 0xFF, 0xFF,
    0xFF, 0xFF, 0xFF, 0xFF, 0xFF, 0xFF, 0xFF, 0xFF, 0xFF, 0xFF, 0xFF, 0xFF, 0xFF, 0xFF, 0xFF, 0xFF,
    0xFF, 0xFF, 0xFF, 0xFF, 0xFF, 0xFF, 0xFF, 0xFF, 0xFF, 0xFF, 0xFF, 0xFF, 0xFF, 0xFF, 0xFF, 0xFF,
    0xFF, 0xFF, 0xFF, 0xFF, 0xFF, 0xFF, 0xFF, 0xFF, 0xFF, 0xFF, 0xFF, 0xFF, 0xFF, 0xFF, 0xFF, 0xFF,
    0xFF, 0xFF, 0xFF, 0xFF, 0xFF, 0xFF, 0xFF, 0xFF, 0xFF, 0xFF, 0xFF, 0xFF, 0xFF, 0xFC, 0xFF, 0xE2,
    0x16, 0x02, 0x02, 0x00, 0x00, 0x00, 0x00, 0x00, 0x00, 0x00, 0x00, 0x04, 0x00, 0x60, 0xFF, 0xFB,
    0xFF, 0xFF, 0xFF, 0xFF, 0xFF, 0xFF, 0xFF, 0xFF, 0xFF, 0xFF, 0xFF, 0xFF, 0xFF, 0xFF, 0xFF, 0xFF,
    0xFF, 0xFF, 0xFF, 0xFF, 0xFF, 0xFF, 0xFF, 0xFF, 0xFF, 0xFF, 0xFF, 0xFF, 0xFF, 0xFF, 0xFF, 0xFF,
    0xFF, 0xFF, 0xFF, 0xFF, 0xFF, 0xFF, 0xFF, 0xFF, 0xFF, 0xFF, 0xFF, 0xFF, 0xFF, 0xFF, 0xFF, 0xFF,
    0xFF, 0xFF, 0xFF, 0xFF, 0xFF, 0xFF, 0xFF, 0xFF, 0xFF, 0xFF, 0xFF, 0xFF, 0xFF, 0xFF, 0xFF, 0xFF,
    0xFF, 0xFF, 0xFF, 0xFF, 0xFF, 0xFF, 0xFF, 0xFF, 0xFF, 0xFF, 0xFF, 0xFF, 0xFF, 0xFF, 0xFF, 0xFF,
    0xFF, 0xFF, 0xFF, 0xFF, 0xFF, 0xFF, 0xFF, 0xFF, 0xFF, 0xFF, 0xFD, 0xFE, 0xF9, 0x3B, 0x00, 0x02,
    0x00, 0x00, 0x00, 0x00, 0x00, 0x00, 0x00, 0x00, 0x00, 0x00, 0x02, 0x00, 0xBC, 0xFF, 0xFA, 0xFF,
    0xFF, 0xFF, 0xFF, 0xFF, 0xFF, 0xFF, 0xFF, 0xFF, 0xFF, 0xFF, 0xFF, 0xFF, 0xFF, 0xFF, 0xFF, 0xFF,
    0xFF, 0xFF, 0xFF, 0xFF, 0xFF, 0xFF, 0xFF, 0xFF, 0xFF, 0xFF, 0xFF, 0xFF, 0xFF, 0xFF, 0xFF, 0xFF,
    0xFF, 0xFF, 0xFF, 0xFF, 0xFF, 0xFF, 0xFF, 0xFF, 0xFF, 0xFF, 0xFF, 0xFF, 0xFF, 0xFF, 0xFF, 0xFF,
    0xFF, 0xFF, 0xFF, 0xFF, 0xFF, 0xFF, 0xFF, 0xFF, 0xFF, 0xFF, 0xFF, 0xFF, 0xFF, 0xFF, 0xFF, 0xFF,
    0xFF, 0xFF, 0xFF, 0xFF, 0xFF, 0xFF, 0xFF, 0xFF, 0xFF, 0xFF, 0xFF, 0xFF, 0xFF, 0xFF, 0xFF, 0xFF,
    0xFF, 0xFF, 0xFF, 0xFF, 0xFF, 0xFF, 0xFF, 0xFB, 0xFF, 0xFD, 0x51, 0x00, 0x03, 0x00, 0x00, 0x00,
    0x00, 0x00, 0x00, 0x00, 0x00, 0x00, 0x00, 0x00, 0x01, 0x02, 0x11, 0xC2, 0xFF, 0xFB, 0xFF, 0xFF,
    0xFF, 0xFF, 0xFF, 0xFF, 0xFF, 0xFF, 0xFF, 0xFF, 0xFF, 0xFF, 0xFF, 0xFF, 0xFF, 0xFF, 0xFF, 0xFF,
    0xFF, 0xFF, 0xFF, 0xFF, 0xFF, 0xFF, 0xFF, 0xFF, 0xFF, 0xFF, 0xFF, 0xFF, 0xFF, 0xFF, 0xFF, 0xFF,
    0xFF, 0xFF, 0xFF, 0xFF, 0xFF, 0xFF, 0xFF, 0xFF, 0xFF, 0xFF, 0xFF, 0xFF, 0xFF, 0xFF, 0xFF, 0xFF,
    0xFF, 0xFF, 0xFF, 0xFF, 0xFF, 0xFF, 0xFF, 0xFF, 0xFF, 0xFF, 0xFF, 0xFF, 0xFF, 0xFF, 0xFF, 0xFF,
    0xFF, 0xFF, 0xFF, 0xFF, 0xFF, 0xFF, 0xFF, 0xFF, 0xFF, 0xFF, 0xFF, 0xFF, 0xFF, 0xFF, 0xFF, 0xFF,
    0xFF, 0xFF, 0xFF, 0xFF, 0xFC, 0xFF, 0xE8, 0x49, 0x00, 0x04, 0x00, 0x00, 0x00, 0x00, 0x00, 0x00,
    0x00, 0x00, 0x00, 0x00, 0x00, 0x00, 0x00, 0x01, 0x00, 0x0C, 0xA8, 0xFF, 0xFB, 0xFE, 0xFF, 0xFF,
    0xFF, 0xFF, 0xFF, 0xFF, 0xFF, 0xFF, 0xFF, 0xFF, 0xFF, 0xFF, 0xFF, 0xFF, 0xFF, 0xFF, 0xFF, 0xFF,
    0xFF, 0xFF, 0xFF, 0xFF, 0xFF, 0xFF, 0xFF, 0xFF, 0xFF, 0xFF, 0xFF, 0xFF, 0xFF, 0xFF, 0xFF, 0xFF,
    0xFF, 0xFF, 0xFF, 0xFF, 0xFF, 0xFF, 0xFF, 0xFF, 0xFF, 0xFF, 0xFF, 0xFF, 0xFF, 0xFF, 0xFF, 0xFF,
    0xFF, 0xFF, 0xFF, 0xFF, 0xFF, 0xFF, 0xFF, 0xFF, 0xFF, 0xFF, 0xFF, 0xFF, 0xFF, 0xFF, 0xFF, 0xFF,
    0xFF, 0xFF, 0xFF, 0xFF, 0xFF, 0xFF, 0xFF, 0xFF, 0xFF, 0xFF, 0xFF, 0xFF, 0xFF, 0xFF, 0xFF, 0xFF,
    0xFF, 0xFF, 0xFF, 0xC1, 0x28, 0x00, 0x04, 0x00, 0x00, 0x00, 0x00, 0x00, 0x00, 0x00, 0x00, 0x00,
    0x00, 0x00, 0x00, 0x00, 0x00, 0x00, 0x02, 0x00, 0x00, 0x84, 0xFF, 0xFF, 0xFC, 0xFF, 0xFF, 0xFF,
    0xFF, 0xFF, 0xFF, 0xFF, 0xFF, 0xFF, 0xFF, 0xFF, 0xFF, 0xFF, 0xFF, 0xFF, 0xFF, 0xFF, 0xFF, 0xFF,
    0xFF, 0xFF, 0xFF, 0xFF, 0xFF, 0xFF, 0xFF, 0xFF, 0xFF, 0xFF, 0xFF, 0xFF, 0xFF, 0xFF, 0xFF, 0xFF,
    0xFF, 0xFF, 0xFF, 0xFF, 0xFF, 0xFF, 0xFF, 0xFF, 0xFF, 0xFF, 0xFF, 0xFF, 0xFF, 0xFF, 0xFF, 0xFF,
    0xFF, 0xFF, 0xFF, 0xFF, 0xFF, 0xFF, 0xFF, 0xFF, 0xFF, 0xFF, 0xFF, 0xFF, 0xFF, 0xFF, 0xFF, 0xFF,
    0xFF, 0xFF, 0xFF, 0xFF, 0xFF, 0xFF, 0xFF, 0xFF, 0xFF, 0xFF, 0xFF, 0xFF, 0xFF, 0xFF, 0xFE, 0xF9,
    0x69, 0x00, 0x00, 0x03, 0x00, 0x00, 0x00, 0x00, 0x00, 0x00, 0x00, 0x00, 0x00, 0x00, 0x00, 0x00,
    0x00, 0x00, 0x00, 0x00, 0x00, 0x01, 0x02, 0x00, 0x6F, 0xF5, 0xFF, 0xFC, 0xFD, 0xFF, 0xFF, 0xFF,
    0xFF, 0xFF, 0xFF, 0xFF, 0xFF, 0xFF, 0xFF, 0xFF, 0xFF, 0xFF, 0xFF, 0xFF, 0xFF, 0xFF, 0xFF, 0xFF,
    0xFF, 0xFF, 0xFF, 0xFF, 0xFF, 0xFF, 0xFF, 0xFF, 0xFF, 0xFF, 0xFF, 0xFF, 0xFF, 0xFF, 0xFF, 0xFF,
    0xFF, 0xFF, 0xFF, 0xFF, 0xFF, 0xFF, 0xFF, 0xFF, 0xFF, 0xFF, 0xFF, 0xFF, 0xFF, 0xFF, 0xFF, 0xFF,
    0xFF, 0xFF, 0xFF, 0xFF, 0xFF, 0xFF, 0xFF, 0xFF, 0xFF, 0xFF, 0xFF, 0xFF, 0xFF, 0xFF, 0xFF, 0xFF,
    0xFF, 0xFF, 0xFF, 0xFF, 0xFF, 0xFF, 0xFF, 0xFF, 0xFF, 0xFF, 0xFF, 0xFE, 0xFF, 0xE5, 0x00, 0x00,
    0x03, 0x00, 0x00, 0x00, 0x00, 0x00, 0x00, 0x00, 0x00, 0x00, 0x00, 0x00, 0x00, 0x00, 0x00, 0x00,
    0x00, 0x00, 0x00, 0x00, 0x01, 0x03, 0x00, 0x33, 0xC9, 0xFF, 0xFF, 0xFC, 0xFF, 0xFF, 0xFF, 0xFF,
    0xFF, 0xFF, 0xFF, 0xFF, 0xFF, 0xFF, 0xFF, 0xFF, 0xFF, 0xFF, 0xFF, 0xFF, 0xFF, 0xFF, 0xFF, 0xFF,
    0xFF, 0xFF, 0xFF, 0xFF, 0xFF, 0xFF, 0xFF, 0xFF, 0xFF, 0xFF, 0xFF, 0xFF, 0xFF, 0xFF, 0xFF, 0xFF,
    0xFF, 0xFF, 0xFF, 0xFF, 0xFF, 0xFF, 0xFF, 0xFF, 0xFF, 0xFF, 0xFF, 0xFF, 0xFF, 0xFF, 0xFF, 0xFF,
    0xFF, 0xFF, 0xFF, 0xFF, 0xFF, 0xFF, 0xFF, 0xFF, 0xFF, 0xFF, 0xFF, 0xFF, 0xFF, 0xFF, 0xFF, 0xFF,
    0xFF, 0xFF, 0xFF, 0xFF, 0xFF, 0xFF, 0xFF, 0xFF, 0xFF, 0xFF, 0xFC, 0xFF, 0x6B, 0x00, 0x03, 0x00,
    0x00, 0x00, 0x00, 0x00, 0x00, 0x00, 0x00, 0x00, 0x00, 0x00, 0x00, 0x00, 0x00, 0x00, 0x00, 0x00,
    0x00, 0x00, 0x00, 0x00, 0x03, 0x00, 0x03, 0x58, 0xDC, 0xFF, 0xFC, 0xFE, 0xFF, 0xFF, 0xFF, 0xFF,
    0xFF, 0xFF, 0xFF, 0xFF, 0xFF, 0xFF, 0xFF, 0xFF, 0xFF, 0xFF, 0xFF, 0xFF, 0xFF, 0xFF, 0xFF, 0xFF,
    0xFF, 0xFF, 0xFF, 0xFF, 0xFF, 0xFF, 0xFF, 0xFF, 0xFF, 0xFF, 0xFF, 0xFF, 0xFF, 0xFF, 0xFF, 0xFF,
    0xFF, 0xFF, 0xFF, 0xFF, 0xFF, 0xFF, 0xFF, 0xFF, 0xFF, 0xFF, 0xFF, 0xFF, 0xFF, 0xFF, 0xFF, 0xFF,
    0xFF, 0xFF, 0xFF, 0xFF, 0xFF, 0xFF, 0xFF, 0xFF, 0xFF, 0xFF, 0xFF, 0xFF, 0xFF, 0xFF, 0xFF, 0xFF,
    0xFF, 0xFF, 0xFF, 0xFF, 0xFF, 0xFF, 0xFF, 0xFF, 0xFD, 0xFF, 0xE1, 0x09, 0x01, 0x01, 0x00, 0x00,
    0x00, 0x00, 0x00, 0x00, 0x00, 0x00, 0x00, 0x00, 0x00, 0x00, 0x00, 0x00, 0x00, 0x00, 0x00, 0x00,
    0x00, 0x00, 0x00, 0x02, 0x01, 0x00, 0x14, 0x9E, 0xFF, 0xFF, 0xFF, 0xFF, 0xFF, 0xFF, 0xFF, 0xFF,
    0xFF, 0xFF, 0xFF, 0xFF, 0xFF, 0xFF, 0xFF, 0xFF, 0xFF, 0xFF, 0xFF, 0xFF, 0xFF, 0xFF, 0xFF, 0xFF,
    0xFF, 0xFF, 0xFF, 0xFF, 0xFF, 0xFF, 0xFF, 0xFF, 0xFF, 0xFF, 0xFF, 0xFF, 0xFF, 0xFF, 0xFF, 0xFF,
    0xFF, 0xFF, 0xFF, 0xFF, 0xFF, 0xFF, 0xFF, 0xFF, 0xFF, 0xFF, 0xFF, 0xFF, 0xFF, 0xFF, 0xFF, 0xFF,
    0xFF, 0xFF, 0xFF, 0xFF, 0xFF, 0xFF, 0xFF, 0xFF, 0xFF, 0xFF, 0xFF, 0xFF, 0xFF, 0xFF, 0xFF, 0xFF,
    0xFF, 0xFF, 0xFF, 0xFF, 0xFF, 0xFF, 0xFF, 0xFC, 0xFF, 0x5B, 0x00, 0x04, 0x00, 0x00, 0x00, 0x00,
    0x00, 0x00, 0x00, 0x00, 0x00, 0x00, 0x00, 0x00, 0x00, 0x00, 0x00, 0x00, 0x00, 0x00, 0x00, 0x00,
    0x00, 0x00, 0x00, 0x04, 0x00, 0x00, 0x4E, 0xE4, 0xFE, 0xFE, 0xFF, 0xFF, 0xFF, 0xFF, 0xFF, 0xFF,
    0xFF, 0xFF, 0xFF, 0xFF, 0xFF, 0xFF, 0xFF, 0xFF, 0xFF, 0xFF, 0xFF, 0xFF, 0xFF, 0xFF, 0xFF, 0xFF,
    0xFF, 0xFF, 0xFF, 0xFF, 0xFF, 0xFF, 0xFF, 0xFF, 0xFF, 0xFF, 0xFF, 0xFF, 0xFF, 0xFF, 0xFF, 0xFF,
    0xFF, 0xFF, 0xFF, 0xFF, 0xFF, 0xFF, 0xFF, 0xFF, 0xFF, 0xFF, 0xFF, 0xFF, 0xFF, 0xFF, 0xFF, 0xFF,
    0xFF, 0xFF, 0xFF, 0xFF, 0xFF, 0xFF, 0xFF, 0xFF, 0xFF, 0xFF, 0xFF, 0xFF, 0xFF, 0xFF, 0xFF, 0xFF,
    0xFF, 0xFF, 0xFF, 0xFF, 0xFF, 0xFC, 0xFE, 0xC0, 0x00, 0x02, 0x00, 0x00, 0x00, 0x00, 0x00, 0x00,
    0x00, 0x00, 0x00, 0x00, 0x00, 0x00, 0x00, 0x00, 0x00, 0x00, 0x00, 0x00, 0x00, 0x00, 0x00, 0x00,
    0x00, 0x00, 0x01, 0x04, 0x00, 0xB4, 0xFF, 0xFC, 0xFF, 0xFF, 0xFF, 0xFF, 0xFF, 0xFF, 0xFF, 0xFF,
    0xFF, 0xFF, 0xFF, 0xFF, 0xFF, 0xFF, 0xFF, 0xFF, 0xFF, 0xFF, 0xFF, 0xFF, 0xFF, 0xFF, 0xFF, 0xFF,
    0xFF, 0xFF, 0xFF, 0xFF, 0xFF, 0xFF, 0xFF, 0xFF, 0xFF, 0xFF, 0xFF, 0xFF, 0xFF, 0xFF, 0xFF, 0xFF,
    0xFF, 0xFF, 0xFF, 0xFF, 0xFF, 0xFF, 0xFF, 0xFF, 0xFF, 0xFF, 0xFF, 0xFF, 0xFF, 0xFF, 0xFF, 0xFF,
    0xFF, 0xFF, 0xFF, 0xFF, 0xFF, 0xFF, 0xFF, 0xFF, 0xFF, 0xFF, 0xFF, 0xFF, 0xFF, 0xFF, 0xFF, 0xFF,
    0xFF, 0xFF, 0xFF, 0xFE, 0xFE, 0xF9, 0x29, 0x00, 0x02, 0x00, 0x00, 0x00, 0x00, 0x00, 0x00, 0x00,
    0x00, 0x00, 0x00, 0x00, 0x00, 0x00, 0x00, 0x00, 0x00, 0x00, 0x00, 0x00, 0x00, 0x00, 0x00, 0x00,
    0x00, 0x03, 0x03, 0xB8, 0xFF, 0xFC, 0xFF, 0xFF, 0xFF, 0xFF, 0xFF, 0xFF, 0xFF, 0xFF, 0xFF, 0xFF,
    0xFF, 0xFF, 0xFF, 0xFF, 0xFF, 0xFF, 0xFF, 0xFF, 0xFF, 0xFF, 0xFF, 0xFF, 0xFF, 0xFF, 0xFF, 0xFF,
    0xFF, 0xFF, 0xFF, 0xFF, 0xFF, 0xFF, 0xFF, 0xFF, 0xFF, 0xFF, 0xFF, 0xFF, 0xFF, 0xFF, 0xFF, 0xFF,
    0xFF, 0xFF, 0xFF, 0xFF, 0xFF, 0xFF, 0xFF, 0xFF, 0xFF, 0xFF, 0xFF, 0xFF, 0xFF, 0xFF, 0xFF, 0xFF,
    0xFF, 0xFF, 0xFF, 0xFF, 0xFF, 0xFF, 0xFF, 0xFF, 0xFF, 0xFF, 0xFF, 0xFF, 0xFF, 0xFF, 0xFF, 0xFF,
    0xFF, 0xFF, 0xFB, 0xFF, 0x6A, 0x00, 0x04, 0x00, 0x00, 0x00, 0x00, 0x00, 0x00, 0x00, 0x00, 0x00,
    0x00, 0x00, 0x00, 0x00, 0x00, 0x00, 0x00, 0x00, 0x00, 0x00, 0x00, 0x00, 0x00, 0x00, 0x00, 0x02,
    0x00, 0xBF, 0xFF, 0xFC, 0xFF, 0xFF, 0xFF, 0xFF, 0xFF, 0xFF, 0xFF, 0xFF, 0xFF, 0xFF, 0xFF, 0xFF,
    0xFF, 0xFF, 0xFF, 0xFF, 0xFF, 0xFF, 0xFF, 0xFF, 0xFF, 0xFF, 0xFF, 0xFF, 0xFF, 0xFF, 0xFF, 0xFF,
    0xFF, 0xFF, 0xFF, 0xFF, 0xFF, 0xFF, 0xFF, 0xFF, 0xFF, 0xFF, 0xFF, 0xFF, 0xFF, 0xFF, 0xFF, 0xFF,
    0xFF, 0xFF, 0xFF, 0xFF, 0xFF, 0xFF, 0xFF, 0xFF, 0xFF, 0xFF, 0xFF, 0xFF, 0xFF, 0xFF, 0xFF, 0xFF,
    0xFF, 0xFF, 0xFF, 0xFF, 0xFF, 0xFF, 0xFF, 0xFF, 0xFF, 0xFF, 0xFF, 0xFF, 0xFF, 0xFF, 0xFF, 0xFF,
    0xFB, 0xFF, 0x8F, 0x00, 0x04, 0x00, 0x00, 0x00, 0x00, 0x00, 0x00, 0x00, 0x00, 0x00, 0x00, 0x00,
    0x00, 0x00, 0x00, 0x00, 0x00, 0x00, 0x00, 0x00, 0x00, 0x00, 0x00, 0x00, 0x00, 0x02, 0x00, 0xB3,
    0xFF, 0xFC, 0xFF, 0xFF, 0xFF, 0xFF, 0xFF, 0xFF, 0xFF, 0xFF, 0xFF, 0xFF, 0xFF, 0xFF, 0xFF, 0xFF,
    0xFF, 0xFF, 0xFF, 0xFF, 0xFF, 0xFF, 0xFF, 0xFF, 0xFF, 0xFF, 0xFF, 0xFF, 0xFF, 0xFF, 0xFF, 0xFF,
    0xFF, 0xFF, 0xFF, 0xFF, 0xFF, 0xFF, 0xFF, 0xFF, 0xFF, 0xFF, 0xFF, 0xFF, 0xFF, 0xFF, 0xFF, 0xFF,
    0xFF, 0xFF, 0xFF, 0xFF, 0xFF, 0xFF, 0xFF, 0xFF, 0xFF, 0xFF, 0xFF, 0xFF, 0xFF, 0xFF, 0xFF, 0xFF,
    0xFF, 0xFF, 0xFF, 0xFF, 0xFF, 0xFF, 0xFF, 0xFF, 0xFF, 0xFF, 0xFF, 0xFF, 0xFF, 0xFF, 0xFD, 0xFF,
    0xCE, 0x05, 0x01, 0x00, 0x00, 0x00, 0x00, 0x00, 0x00, 0x00, 0x00, 0x00, 0x00, 0x00, 0x00, 0x00,
    0x00, 0x00, 0x00, 0x00, 0x00, 0x00, 0x00, 0x00, 0x00, 0x00, 0x00, 0x03, 0x00, 0xA0, 0xFF, 0xFB,
    0xFF, 0xFF, 0xFF, 0xFF, 0xFF, 0xFF, 0xFF, 0xFF, 0xFF, 0xFF, 0xFF, 0xFF, 0xFF, 0xFF, 0xFF, 0xFF,
    0xFF, 0xFF, 0xFF, 0xFF, 0xFF, 0xFF, 0xFF, 0xFF, 0xFF, 0xFF, 0xFF, 0xFF, 0xFF, 0xFF, 0xFF, 0xFF,
    0xFF, 0xFF, 0xFF, 0xFF, 0xFF, 0xFF, 0xFF, 0xFF, 0xFF, 0xFF, 0xFF, 0xFF, 0xFF, 0xFF, 0xFF, 0xFF,
    0xFF, 0xFF, 0xFF, 0xFF, 0xFF, 0xFF, 0xFF, 0xFF, 0xFF, 0xFF, 0xFF, 0xFF, 0xFF, 0xFF, 0xFF, 0xFF,
    0xFF, 0xFF, 0xFF, 0xFF, 0xFF, 0xFF, 0xFF, 0xFF, 0xFF, 0xFF, 0xFF, 0xFF, 0xFE, 0xFF, 0xF0, 0x14,
    0x00, 0x01, 0x00, 0x00, 0x00, 0x00, 0x00, 0x00, 0x00, 0x00, 0x00, 0x00, 0x00, 0x00, 0x00, 0x00,
    0x00, 0x00, 0x00, 0x00, 0x00, 0x00, 0x00, 0x00, 0x00, 0x04, 0x00, 0x98, 0xFF, 0xFB, 0xFF, 0xFF,
    0xFF, 0xFF, 0xFF, 0xFF, 0xFF, 0xFF, 0xFF, 0xFF, 0xFF, 0xFF, 0xFF, 0xFF, 0xFF, 0xFF, 0xFF, 0xFF,
    0xFF, 0xFF, 0xFF, 0xFF, 0xFF, 0xFF, 0xFF, 0xFF, 0xFF, 0xFF, 0xFF, 0xFF, 0xFF, 0xFF, 0xFF, 0xFF,
    0xFF, 0xFF, 0xFF, 0xFF, 0xFF, 0xFF, 0xFF, 0xFF, 0xFF, 0xFF, 0xFF, 0xFF, 0xFF, 0xFF, 0xFF, 0xFF,
    0xFF, 0xFF, 0xFF, 0xFF, 0xFF, 0xFF, 0xFF, 0xFF, 0xFF, 0xFF, 0xFF, 0xFF, 0xFF, 0xFF, 0xFF, 0xFF,
    0xFF, 0xFF, 0xFF, 0xFF, 0xFF, 0xFF, 0xFF, 0xFF, 0xFF, 0xFF, 0xFF, 0xFF, 0xFC, 0x30, 0x00, 0x02,
    0x00, 0x00, 0x00, 0x00, 0x00, 0x00, 0x00, 0x00, 0x00, 0x00, 0x00, 0x00, 0x00, 0x00, 0x00, 0x00,
    0x00, 0x00, 0x00, 0x00, 0x00, 0x00, 0x00, 0x04, 0x00, 0x6C, 0xFF, 0xFB, 0xFF, 0xFF, 0xFF, 0xFF,
    0xFF, 0xFF, 0xFF, 0xFF, 0xFF, 0xFF, 0xFF, 0xFF, 0xFF, 0xFF, 0xFF, 0xFF, 0xFF, 0xFF, 0xFF, 0xFF,
    0xFF, 0xFF, 0xFF, 0xFF, 0xFF, 0xFF, 0xFF, 0xFF, 0xFF, 0xFF, 0xFF, 0xFF, 0xFF, 0xFF, 0xFF, 0xFF,
    0xFF, 0xFF, 0xFF, 0xFF, 0xFF, 0xFF, 0xFF, 0xFF, 0xFF, 0xFF, 0xFF, 0xFF, 0xFF, 0xFF, 0xFF, 0xFF,
    0xFF, 0xFF, 0xFF, 0xFF, 0xFF, 0xFF, 0xFF, 0xFF, 0xFF, 0xFF, 0xFF, 0xFF, 0xFF, 0xFF, 0xFF, 0xFF,
    0xFF, 0xFF, 0xFF, 0xFF, 0xFF, 0xFF, 0xFF, 0xFF, 0xFF, 0xFC, 0xFF, 0x59, 0x00, 0x03, 0x00, 0x00,
    0x00, 0x00, 0x00, 0x00, 0x00, 0x00, 0x00, 0x00, 0x00, 0x00, 0x00, 0x00, 0x00, 0x00, 0x00, 0x00,
    0x00, 0x00, 0x00, 0x00, 0x00, 0x03, 0x00, 0x44, 0xFF, 0xFD, 0xFF, 0xFF, 0xFF, 0xFF, 0xFF, 0xFF,
    0xFF, 0xFF, 0xFF, 0xFF, 0xFF, 0xFF, 0xFF, 0xFF, 0xFF, 0xFF, 0xFF, 0xFF, 0xFF, 0xFF, 0xFF, 0xFF,
    0xFF, 0xFF, 0xFF, 0xFF, 0xFF, 0xFF, 0xFF, 0xFF, 0xFF, 0xFF, 0xFF, 0xFF, 0xFF, 0xFF, 0xFF, 0xFF,
    0xFF, 0xFF, 0xFF, 0xFF, 0xFF, 0xFF, 0xFF, 0xFF, 0xFF, 0xFF, 0xFF, 0xFF, 0xFF, 0xFF, 0xFF, 0xFF,
    0xFF, 0xFF, 0xFF, 0xFF, 0xFF, 0xFF, 0xFF, 0xFF, 0xFF, 0xFF, 0xFF, 0xFF, 0xFF, 0xFF, 0xFF, 0xFF,
    0xFF, 0xFF, 0xFF, 0xFF, 0xFF, 0xFF, 0xFF, 0xFB, 0xFF, 0x69, 0x00, 0x04, 0x00, 0x00, 0x00, 0x00,
    0x00, 0x00, 0x00, 0x00, 0x00, 0x00, 0x00, 0x00, 0x00, 0x00, 0x00, 0x00, 0x00, 0x00, 0x00, 0x00,
    0x00, 0x00, 0x00, 0x02, 0x00, 0x28, 0xFC, 0xFF, 0xFF, 0xFF, 0xFF, 0xFF, 0xFF, 0xFF, 0xFF, 0xFF,
    0xFF, 0xFF, 0xFF, 0xFF, 0xFF, 0xFF, 0xFF, 0xFF, 0xFF, 0xFF, 0xFF, 0xFF, 0xFF, 0xFF, 0xFF, 0xFF,
    0xFF, 0xFF, 0xFF, 0xFF, 0xFF, 0xFF, 0xFF, 0xFF, 0xFF, 0xFF, 0xFF, 0xFF, 0xFF, 0xFF, 0xFF, 0xFF,
    0xFF, 0xFF, 0xFF, 0xFF, 0xFF, 0xFF, 0xFF, 0xFF, 0xFF, 0xFF, 0xFF, 0xFF, 0xFF, 0xFF, 0xFF, 0xFF,
    0xFF, 0xFF, 0xFF, 0xFF, 0xFF, 0xFF, 0xFF, 0xFF, 0xFF, 0xFF, 0xFF, 0xFF, 0xFF, 0xFF, 0xFF, 0xFF,
    0xFF, 0xFF, 0xFF, 0xFF, 0xFF, 0xFB, 0xFF, 0x62, 0x00, 0x04, 0x00, 0x00, 0x00, 0x00, 0x00, 0x00,
    0x00, 0x00, 0x00, 0x00, 0x00, 0x00, 0x00, 0x00, 0x00, 0x00, 0x00, 0x00, 0x00, 0x00, 0x00, 0x00,
    0x00, 0x01, 0x01, 0x07, 0xDA, 0xFF, 0xFD, 0xFF, 0xFF, 0xFF, 0xFF, 0xFF, 0xFF, 0xFF, 0xFF, 0xFF,
    0xFF, 0xFF, 0xFF, 0xFF, 0xFF, 0xFF, 0xFF, 0xFF, 0xFF, 0xFF, 0xFF, 0xFF, 0xFF, 0xFF, 0xFF, 0xFF,
    0xFF, 0xFF, 0xFF, 0xFF, 0xFF, 0xFF, 0xFF, 0xFF, 0xFF, 0xFF, 0xFF, 0xFF, 0xFF, 0xFF, 0xFF, 0xFF,
    0xFF, 0xFF, 0xFF, 0xFF, 0xFF, 0xFF, 0xFF, 0xFF, 0xFF, 0xFF, 0xFF, 0xFF, 0xFF, 0xFF, 0xFF, 0xFF,
    0xFF, 0xFF, 0xFF, 0xFF, 0xFF, 0xFF, 0xFF, 0xFF, 0xFF, 0xFF, 0xFF, 0xFF, 0xFF, 0xFF, 0xFF, 0xFF,
    0xFF, 0xFF, 0xFF, 0xFB, 0xFF, 0x69, 0x00, 0x04, 0x00, 0x00, 0x00, 0x00, 0x00, 0x00, 0x00, 0x00,
    0x00, 0x00, 0x00, 0x00, 0x00, 0x00, 0x00, 0x00, 0x00, 0x00, 0x00, 0x00, 0x00, 0x00, 0x00, 0x00,
    0x04, 0x00, 0x8D, 0xFF, 0xFB, 0xFF, 0xFF, 0xFF, 0xFF, 0xFF, 0xFF, 0xFF, 0xFF, 0xFF, 0xFF, 0xFF,
    0xFF, 0xFF, 0xFF, 0xFF, 0xFF, 0xFF, 0xFF, 0xFF, 0xFF, 0xFD, 0xFC, 0xFE, 0xFF, 0xFF, 0xFF, 0xFF,
    0xFF, 0xFF, 0xFF, 0xFF, 0xFF, 0xFF, 0xFF, 0xFF, 0xFF, 0xFF, 0xFF, 0xFF, 0xFF, 0xFF, 0xFF, 0xFF,
    0xFF, 0xFF, 0xFF, 0xFF, 0xFF, 0xFF, 0xFF, 0xFF, 0xFF, 0xFF, 0xFF, 0xFF, 0xFF, 0xFF, 0xFF, 0xFF,
    0xFF, 0xFF, 0xFF, 0xFF, 0xFF, 0xFF, 0xFF, 0xFF, 0xFF, 0xFF, 0xFF, 0xFF, 0xFF, 0xFF, 0xFF, 0xFF,
    0xFF, 0xFD, 0xFF, 0x50, 0x00, 0x03, 0x00, 0x00, 0x00, 0x00, 0x00, 0x00, 0x00, 0x00, 0x00, 0x00,
    0x00, 0x00, 0x00, 0x00, 0x00, 0x00, 0x00, 0x00, 0x00, 0x00, 0x00, 0x00, 0x00, 0x00, 0x02, 0x00,
    0x2D, 0xFB, 0xFE, 0xFF, 0xFF, 0xFF, 0xFF, 0xFF, 0xFF, 0xFF, 0xFF, 0xFF, 0xFF, 0xFF, 0xFF, 0xFF,
    0xFF, 0xFF, 0xFF, 0xFF, 0xFF, 0xFF, 0xFF, 0xFF, 0xFF, 0xFF, 0xFB, 0xFD, 0xFF, 0xFF, 0xFF, 0xFF,
    0xFF, 0xFF, 0xFF, 0xFF, 0xFF, 0xFF, 0xFF, 0xFF, 0xFF, 0xFF, 0xFF, 0xFF, 0xFF, 0xFF, 0xFF, 0xFF,
    0xFF, 0xFF, 0xFF, 0xFF, 0xFF, 0xFF, 0xFF, 0xFF, 0xFF, 0xFF, 0xFF, 0xFF, 0xFF, 0xFF, 0xFF, 0xFF,
    0xFF, 0xFF, 0xFF, 0xFF, 0xFF, 0xFF, 0xFF, 0xFF, 0xFF, 0xFF, 0xFF, 0xFF, 0xFF, 0xFF, 0xFF, 0xFE,
    0xFF, 0x38, 0x00, 0x03, 0x00, 0x00, 0x00, 0x00, 0x00, 0x00, 0x00, 0x00, 0x00, 0x00, 0x00, 0x00,
    0x00, 0x00, 0x00, 0x00, 0x00, 0x00, 0x00, 0x00, 0x00, 0x00, 0x00, 0x00, 0x00, 0x01, 0x01, 0xD0,
    0xFF, 0xFC, 0xFF, 0xFF, 0xFF, 0xFF, 0xFF, 0xFF, 0xFF, 0xFF, 0xFF, 0xFF, 0xFF, 0xFF, 0xFF, 0xFF,
    0xFF, 0xFF, 0xFF, 0xFD, 0xFF, 0xD1, 0xB5, 0xFA, 0xFF, 0xFF, 0xFF, 0xFF, 0xFF, 0xFF, 0xFF, 0xFF,
    0xFF, 0xFF, 0xFF, 0xFF, 0xFF, 0xFF, 0xFF, 0xFF, 0xFF, 0xFF, 0xFF, 0xFF, 0xFF, 0xFF, 0xFF, 0xFF,
    0xFF, 0xFF, 0xFF, 0xFF, 0xFF, 0xFF, 0xFF, 0xFF, 0xFF, 0xFF, 0xFF, 0xFF, 0xFF, 0xFF, 0xFF, 0xFF,
    0xFF, 0xFF, 0xFF, 0xFF, 0xFF, 0xFF, 0xFF, 0xFF, 0xFF, 0xFF, 0xFF, 0xFF, 0xFE, 0xFF, 0xF7, 0x22,
    0x00, 0x02, 0x00, 0x00, 0x00, 0x00, 0x00, 0x00, 0x00, 0x00, 0x00, 0x00, 0x00, 0x00, 0x00, 0x00,
    0x00, 0x00, 0x00, 0x00, 0x00, 0x00, 0x00, 0x00, 0x00, 0x00, 0x00, 0x04, 0x00, 0x6A, 0xFF, 0xFC,
    0xFF, 0xFF, 0xFF, 0xFF, 0xFF, 0xFF, 0xFF, 0xFF, 0xFF, 0xFF, 0xFF, 0xFF, 0xFF, 0xFF, 0xFF, 0xFF,
    0xFE, 0xFD, 0xFB, 0x2A, 0x00, 0x29, 0x77, 0xD3, 0xFE, 0xFD, 0xFF, 0xFF, 0xFF, 0xFF, 0xFF, 0xFF,
    0xFF, 0xFF, 0xFF, 0xFF, 0xFF, 0xFF, 0xFF, 0xFF, 0xFF, 0xFF, 0xFF, 0xFF, 0xFF, 0xFF, 0xFF, 0xFF,
    0xFF, 0xFF, 0xFF, 0xFF, 0xFF, 0xFF, 0xFF, 0xFF, 0xFF, 0xFF, 0xFF, 0xFF, 0xFF, 0xFF, 0xFF, 0xFF,
    0xFF, 0xFF, 0xFF, 0xFF, 0xFF, 0xFF, 0xFF, 0xFF, 0xFF, 0xFF, 0xFE, 0xFF, 0xDF, 0x08, 0x00, 0x01,
    0x00, 0x00, 0x00, 0x00, 0x00, 0x00, 0x00, 0x00, 0x00, 0x00, 0x00, 0x00, 0x00, 0x00, 0x00, 0x00,
    0x00, 0x00, 0x00, 0x00, 0x00, 0x00, 0x00, 0x00, 0x00, 0x02, 0x00, 0x17, 0xF3, 0xFE, 0xFE, 0xFF,
    0xFF, 0xFF, 0xFF, 0xFF, 0xFF, 0xFF, 0xFF, 0xFF, 0xFF, 0xFF, 0xFF, 0xFF, 0xFF, 0xFF, 0xFC, 0xFF,
    0x94, 0x00, 0x05, 0x00, 0x00, 0x31, 0xFF, 0xFC, 0xFF, 0xFF, 0xFF, 0xFF, 0xFF, 0xFF, 0xFF, 0xFF,
    0xFF, 0xFF, 0xFF, 0xFF, 0xFF, 0xFF, 0xFF, 0xFF, 0xFF, 0xFF, 0xFF, 0xFF, 0xFF, 0xFF, 0xFF, 0xFF,
    0xFF, 0xFE, 0xFD, 0xFE, 0xFF, 0xFF, 0xFF, 0xFF, 0xFF, 0xFF, 0xFF, 0xFF, 0xFF, 0xFF, 0xFF, 0xFF,
    0xFF, 0xFF, 0xFF, 0xFF, 0xFF, 0xFF, 0xFF, 0xFF, 0xFC, 0xFF, 0xBB, 0x00, 0x02, 0x00, 0x00, 0x00,
    0x00, 0x00, 0x00, 0x00, 0x00, 0x00, 0x00, 0x00, 0x00, 0x00, 0x00, 0x00, 0x00, 0x00, 0x00, 0x00,
    0x00, 0x00, 0x00, 0x00, 0x00, 0x00, 0x00, 0x00, 0x03, 0x00, 0x9B, 0xFF, 0xFC, 0xFF, 0xFF, 0xFF,
    0xFF, 0xFF, 0xFF, 0xFF, 0xFF, 0xFF, 0xFF, 0xFF, 0xFF, 0xFF, 0xFF, 0xFD, 0xFE, 0xD9, 0x0B, 0x02,
    0x01, 0x02, 0x06, 0x00, 0x9D, 0xFF, 0xFA, 0xFF, 0xFF, 0xFF, 0xFF, 0xFF, 0xFF, 0xFF, 0xFF, 0xFF,
    0xFF, 0xFF, 0xFF, 0xFF, 0xFF, 0xFF, 0xFF, 0xFF, 0xFF, 0xFF, 0xFF, 0xFF, 0xFF, 0xFF, 0xFF, 0xFF,
    0xFF, 0xFF, 0xFD, 0xFF, 0xFF, 0xFF, 0xFF, 0xFF, 0xFF, 0xFF, 0xFF, 0xFF, 0xFF, 0xFF, 0xFF, 0xFF,
    0xFF, 0xFF, 0xFF, 0xFF, 0xFF, 0xFF, 0xFC, 0xFF, 0x75, 0x00, 0x04, 0x00, 0x00, 0x00, 0x00, 0x00,
    0x00, 0x00, 0x00, 0x00, 0x00, 0x00, 0x00, 0x00, 0x00, 0x00, 0x00, 0x00, 0x00, 0x00, 0x00, 0x00,
    0x00, 0x00, 0x00, 0x00, 0x00, 0x00, 0x02, 0x00, 0x27, 0xF9, 0xFE, 0xFE, 0xFF, 0xFF, 0xFF, 0xFF,
    0xFF, 0xFF, 0xFF, 0xFF, 0xFF, 0xFF, 0xFF, 0xFF, 0xFF, 0xFC, 0xFF, 0x5A, 0x00, 0x04, 0x00, 0x00,
    0x01, 0x02, 0x0B, 0xCE, 0xFF, 0xFD, 0xFF, 0xFF, 0xFF, 0xFF, 0xFF, 0xFF, 0xFF, 0xFF, 0xFF, 0xFF,
    0xFF, 0xFF, 0xFF, 0xFF, 0xFF, 0xFF, 0xFF, 0xFF, 0xFF, 0xFF, 0xFF, 0xFE, 0xFE, 0xFA, 0xE3, 0xF3,
    0xFF, 0xFF, 0xFF, 0xFF, 0xFF, 0xFF, 0xFF, 0xFF, 0xFF, 0xFF, 0xFF, 0xFF, 0xFF, 0xFF, 0xFF, 0xFF,
    0xFF, 0xFF, 0xFF, 0xFE, 0xFF, 0xF8, 0x1F, 0x00, 0x02, 0x00, 0x00, 0x00, 0x00, 0x00, 0x00, 0x00,
    0x00, 0x00, 0x00, 0x00, 0x00, 0x00, 0x00, 0x00, 0x00, 0x00, 0x00, 0x00, 0x00, 0x00, 0x00, 0x00,
    0x00, 0x00, 0x00, 0x00, 0x00, 0x02, 0x00, 0xAF, 0xFF, 0xFB, 0xFF, 0xFF, 0xFF, 0xFF, 0xFF, 0xFF,
    0xFF, 0xFF, 0xFF, 0xFF, 0xFF, 0xFF, 0xFD, 0xFE, 0xD8, 0x05, 0x02, 0x00, 0x00, 0x00, 0x00, 0x02,
    0x00, 0x1A, 0xCB, 0xFC, 0xF9, 0xFC, 0xFF, 0xFF, 0xFF, 0xFF, 0xFF, 0xFF, 0xFF, 0xFF, 0xFF, 0xFF,
    0xFF, 0xFF, 0xFF, 0xFF, 0xFF, 0xFF, 0xFF, 0xFF, 0xFF, 0xFB, 0xFF, 0x56, 0x0A, 0x1D, 0x72, 0xFE,
    0xFD, 0xFF, 0xFF, 0xFF, 0xFF, 0xFF, 0xFF, 0xFF, 0xFF, 0xFF, 0xFF, 0xFF, 0xFF, 0xFF, 0xFF, 0xFF,
    0xFF, 0xFC, 0xFE, 0xC9, 0x03, 0x01, 0x00, 0x00, 0x00, 0x00, 0x00, 0x00, 0x00, 0x00, 0x00, 0x00,
    0x00, 0x00, 0x00, 0x00, 0x00, 0x00, 0x00, 0x00, 0x00, 0x00, 0x00, 0x00, 0x00, 0x00, 0x00, 0x00,
    0x00, 0x00, 0x00, 0x03, 0x01, 0x49, 0xFE, 0xFD, 0xFF, 0xFF, 0xFF, 0xFF, 0xFF, 0xFF, 0xFF, 0xFF,
    0xFF, 0xFF, 0xFF, 0xFF, 0xFB, 0xFF, 0x53, 0x00, 0x03, 0x00, 0x00, 0x00, 0x00, 0x00, 0x05, 0x00,
    0x61, 0xFF, 0xFF, 0xFF, 0xFF, 0xFF, 0xFF, 0xFF, 0xFF, 0xFF, 0xFF, 0xFF, 0xFF, 0xFF, 0xFF, 0xFF,
    0xFF, 0xFF, 0xFF, 0xFF, 0xFF, 0xFF, 0xFC, 0xFF, 0xAA, 0x00, 0x00, 0x00, 0x00, 0xD1, 0xFF, 0xFC,
    0xFF, 0xFF, 0xFF, 0xFF, 0xFF, 0xFF, 0xFF, 0xFF, 0xFF, 0xFF, 0xFF, 0xFF, 0xFF, 0xFF, 0xFF, 0xFC,
    0xFF, 0x5F, 0x00, 0x04, 0x00, 0x00, 0x00, 0x00, 0x00, 0x00, 0x00, 0x00, 0x00, 0x00, 0x00, 0x00,
    0x00, 0x00, 0x00, 0x00, 0x00, 0x00, 0x00, 0x00, 0x00, 0x00, 0x00, 0x00, 0x00, 0x00, 0x00, 0x00,
    0x00, 0x01, 0x00, 0x02, 0xD9, 0xFF, 0xFD, 0xFF, 0xFF, 0xFF, 0xFF, 0xFF, 0xFF, 0xFF, 0xFF, 0xFF,
    0xFF, 0xFB, 0xFF, 0x90, 0x00, 0x03, 0x00, 0x00, 0x00, 0x00, 0x00, 0x00, 0x04, 0x01, 0x6D, 0xE1,
    0x74, 0xBA, 0xFF, 0xFE, 0xFF, 0xFF, 0xFF, 0xFF, 0xFF, 0xFF, 0xFF, 0xFF, 0xFF, 0xFF, 0xFF, 0xFF,
    0xFF, 0xFF, 0xFF, 0xFC, 0xFF, 0xDA, 0x0E, 0x02, 0x02, 0x04, 0x02, 0x4B, 0xFF, 0xFC, 0xFF, 0xFF,
    0xFF, 0xFF, 0xFF, 0xFF, 0xFF, 0xFF, 0xFF, 0xFF, 0xFF, 0xFF, 0xFF, 0xFF, 0xFC, 0xFF, 0xC7, 0x01,
    0x02, 0x01, 0x00, 0x00, 0x00, 0x00, 0x00, 0x00, 0x00, 0x00, 0x00, 0x00, 0x00, 0x00, 0x00, 0x00,
    0x00, 0x00, 0x00, 0x00, 0x00, 0x00, 0x00, 0x00, 0x00, 0x00, 0x00, 0x00, 0x00, 0x00, 0x00, 0x00,
    0x00, 0x03, 0xD4, 0xFE, 0xFD, 0xFF, 0xFF, 0xFF, 0xFF, 0xFF, 0xFF, 0xFF, 0xFF, 0xFF, 0xFA, 0xFF,
    0xC2, 0x06, 0x03, 0x01, 0x00, 0x00, 0x00, 0x00, 0x00, 0x00, 0x01, 0x00, 0x0F, 0x11, 0x00, 0x2E,
    0xFF, 0xFE, 0xFF, 0xFF, 0xFF, 0xFF, 0xFF, 0xFF, 0xFF, 0xFF, 0xFF, 0xFF, 0xFF, 0xFF, 0xFF, 0xFF,
    0xFD, 0xFC, 0xF7, 0x3B, 0x00, 0x03, 0x00, 0x00, 0x03, 0x00, 0xA8, 0xFF, 0xFC, 0xFF, 0xFF, 0xFF,
    0xFF, 0xFF, 0xFF, 0xFF, 0xFF, 0xFF, 0xFF, 0xFF, 0xFF, 0xFE, 0xFC, 0xFD, 0x34, 0x00, 0x03, 0x00,
    0x00, 0x00, 0x00, 0x00, 0x00, 0x00, 0x00, 0x00, 0x00, 0x00, 0x00, 0x00, 0x00, 0x00, 0x00, 0x00,
    0x00, 0x00, 0x00, 0x00, 0x00, 0x00, 0x00, 0x00, 0x00, 0x00, 0x00, 0x00, 0x00, 0x03, 0x00, 0x3E,
    0xFF, 0xFF, 0xFD, 0xFC, 0xFB, 0xFB, 0xFD, 0xFF, 0xFF, 0xFD, 0xFC, 0xFC, 0xFF, 0xE1, 0x18, 0x00,
    0x02, 0x00, 0x00, 0x00, 0x00, 0x00, 0x00, 0x00, 0x00, 0x00, 0x00, 0x00, 0x05, 0x54, 0xFF, 0xFC,
    0xFF, 0xFF, 0xFF, 0xFF, 0xFF, 0xFF, 0xFF, 0xFF, 0xFF, 0xFF, 0xFF, 0xFF, 0xFF, 0xFD, 0xFC, 0xFF,
    0x58, 0x00, 0x04, 0x00, 0x00, 0x00, 0x01, 0x02, 0x0C, 0xD7, 0xFE, 0xFB, 0xFC, 0xFE, 0xFF, 0xFF,
    0xFF, 0xFF, 0xFF, 0xFF, 0xFF, 0xFF, 0xFE, 0xF9, 0xFF, 0x85, 0x00, 0x03, 0x00, 0x00, 0x00, 0x00,
    0x00, 0x00, 0x00, 0x00, 0x00, 0x00, 0x00, 0x00, 0x00, 0x00, 0x00, 0x00, 0x00, 0x00, 0x00, 0x00,
    0x00, 0x00, 0x00, 0x00, 0x00, 0x00, 0x00, 0x00, 0x00, 0x00, 0x00, 0x04, 0x00, 0x77, 0xD7, 0xDA,
    0xFF, 0xFF, 0xFF, 0xFF, 0xFF, 0xFB, 0xFD, 0xFF, 0xFF, 0xFF, 0xBC, 0x28, 0x00, 0x03, 0x00, 0x00,
    0x00, 0x00, 0x00, 0x00, 0x00, 0x00, 0x00, 0x00, 0x01, 0x05, 0x00, 0x70, 0xFF, 0xFB, 0xFF, 0xFF,
    0xFF, 0xFF, 0xFF, 0xFF, 0xFF, 0xFF, 0xFF, 0xFF, 0xFF, 0xFF, 0xFC, 0xFF, 0xFF, 0x72, 0x00, 0x04,
    0x00, 0x00, 0x00, 0x00, 0x00, 0x04, 0x00, 0x77, 0xFF, 0xFF, 0xFF, 0xFF, 0xFD, 0xFD, 0xFC, 0xFC,
    0xFB, 0xFD, 0xFE, 0xFC, 0xFD, 0xFF, 0xC5, 0x03, 0x03, 0x01, 0x00, 0x00, 0x00, 0x00, 0x00, 0x00,
    0x00, 0x00, 0x00, 0x00, 0x00, 0x00, 0x00, 0x00, 0x00, 0x00, 0x00, 0x00, 0x00, 0x00, 0x00, 0x00,
    0x00, 0x00, 0x00, 0x00, 0x00, 0x00, 0x00, 0x00, 0x00, 0x00, 0x01, 0x0C, 0x15, 0xEB, 0xEB, 0xB2,
    0x7A, 0x98, 0xDF, 0xFF, 0xFF, 0xDD, 0xB1, 0x57, 0x00, 0x00, 0x02, 0x00, 0x00, 0x00, 0x00, 0x00,
    0x00, 0x00, 0x00, 0x00, 0x00, 0x00, 0x01, 0x01, 0x14, 0xE1, 0xFC, 0xFC, 0xFB, 0xFE, 0xFF, 0xFF,
    0xFF, 0xFE, 0xFE, 0xFF, 0xFF, 0xFE, 0xFC, 0xFC, 0xFF, 0xF2, 0x5C, 0x00, 0x04, 0x00, 0x00, 0x00,
    0x00, 0x00, 0x00, 0x04, 0x01, 0x82, 0xFD, 0xCE, 0xC9, 0xF1, 0xFF, 0xFF, 0xFF, 0xFF, 0xFF, 0xFF,
    0xFF, 0xFF, 0xFE, 0xBF, 0x1D, 0x00, 0x02, 0x00, 0x00, 0x00, 0x00, 0x00, 0x00, 0x00, 0x00, 0x00,
    0x00, 0x00, 0x00, 0x00, 0x00, 0x00, 0x00, 0x00, 0x00, 0x00, 0x00, 0x00, 0x00, 0x00, 0x00, 0x00,
    0x00, 0x00, 0x00, 0x00, 0x00, 0x00, 0x00, 0x00, 0x01, 0x00, 0x0F, 0x68, 0x17, 0x00, 0x00, 0x00,
    0x18, 0x6A, 0x49, 0x09, 0x00, 0x00, 0x01, 0x02, 0x00, 0x00, 0x00, 0x00, 0x00, 0x00, 0x00, 0x00,
    0x00, 0x00, 0x00, 0x00, 0x03, 0x00, 0x4B, 0xFF, 0xFF, 0xFF, 0xFF, 0xFF, 0xFF, 0xFE, 0xFC, 0xFF,
    0xFF, 0xFD, 0xFE, 0xFF, 0xFF, 0xFF, 0xBD, 0x2B, 0x00, 0x04, 0x00, 0x00, 0x00, 0x00, 0x00, 0x00,
    0x00, 0x01, 0x00, 0x14, 0x29, 0x02, 0x00, 0x2E, 0xCE, 0xD5, 0xC4, 0x76, 0x6F, 0xD0, 0xEB, 0x9B,
    0x36, 0x00, 0x00, 0x01, 0x00, 0x00, 0x00, 0x00, 0x00, 0x00, 0x00, 0x00, 0x00, 0x00, 0x00, 0x00,
    0x00, 0x00, 0x00, 0x00, 0x00, 0x00, 0x00, 0x00, 0x00, 0x00, 0x00, 0x00, 0x00, 0x00, 0x00, 0x00,
    0x00, 0x00, 0x00, 0x00, 0x00, 0x00, 0x00, 0x01, 0x00, 0x00, 0x00, 0x02, 0x04, 0x03, 0x00, 0x00,
    0x00, 0x00, 0x02, 0x03, 0x00, 0x00, 0x00, 0x00, 0x00, 0x00, 0x00, 0x00, 0x00, 0x00, 0x00, 0x00,
    0x00, 0x00, 0x01, 0x00, 0x16, 0x73, 0x53, 0x41, 0x6F, 0xF0, 0xFE, 0xFF, 0xFF, 0xF4, 0xF4, 0xFF,
    0xFF, 0xFE, 0x9A, 0x52, 0x02, 0x00, 0x03, 0x00, 0x00, 0x00, 0x00, 0x00, 0x00, 0x00, 0x00, 0x00,
    0x00, 0x00, 0x00, 0x00, 0x01, 0x00, 0x01, 0x04, 0x00, 0x00, 0x00, 0x05, 0x14, 0x00, 0x00, 0x01,
    0x01, 0x00, 0x00, 0x00, 0x00, 0x00, 0x00, 0x00, 0x00, 0x00, 0x00, 0x00, 0x00, 0x00, 0x00, 0x00,
    0x00, 0x00, 0x00, 0x00, 0x00, 0x00, 0x00, 0x00, 0x00, 0x00, 0x00, 0x00, 0x00, 0x00, 0x00, 0x00,
    0x00, 0x00, 0x00, 0x00, 0x00, 0x00, 0x01, 0x04, 0x01, 0x00, 0x00, 0x00, 0x01, 0x04, 0x03, 0x01,
    0x00, 0x00, 0x00, 0x00, 0x00, 0x00, 0x00, 0x00, 0x00, 0x00, 0x00, 0x00, 0x00, 0x00, 0x00, 0x00,
    0x00, 0x00, 0x00, 0x00, 0x00, 0x00, 0x00, 0x6F, 0xFF, 0xE5, 0x86, 0x1E, 0x32, 0xD6, 0xE9, 0x4C,
    0x00, 0x00, 0x00, 0x02, 0x00, 0x00, 0x00, 0x00, 0x00, 0x00, 0x00, 0x00, 0x00, 0x00, 0x00, 0x01,
    0x02, 0x01, 0x00, 0x02, 0x00, 0x00, 0x01, 0x03, 0x04, 0x00, 0x00, 0x03, 0x02, 0x00, 0x00, 0x00,
    0x00, 0x00, 0x00, 0x00, 0x00, 0x00, 0x00, 0x00, 0x00, 0x00, 0x00, 0x00, 0x00, 0x00, 0x00, 0x00,
    0x00, 0x00, 0x00, 0x00, 0x00, 0x00, 0x00, 0x00, 0x00, 0x00, 0x00, 0x00, 0x00, 0x00, 0x00, 0x00,
    0x00, 0x00, 0x00, 0x00, 0x00, 0x00, 0x00, 0x00, 0x00, 0x00, 0x00, 0x00, 0x00, 0x00, 0x00, 0x00,
    0x00, 0x00, 0x00, 0x00, 0x00, 0x00, 0x00, 0x00, 0x00, 0x00, 0x00, 0x00, 0x00, 0x00, 0x00, 0x00,
    0x01, 0x04, 0x03, 0x03, 0x04, 0x00, 0x44, 0x16, 0x00, 0x00, 0x00, 0x0B, 0x19, 0x00, 0x04, 0x03,
    0x01, 0x00, 0x00, 0x00, 0x00, 0x00, 0x00, 0x00, 0x00, 0x00, 0x00, 0x00, 0x00, 0x00, 0x00, 0x00,
    0x00, 0x00, 0x01, 0x01, 0x00, 0x00, 0x00, 0x01, 0x01, 0x00, 0x00, 0x00, 0x00, 0x00, 0x00, 0x00,
    0x00, 0x00, 0x00, 0x00, 0x00, 0x00, 0x00, 0x00, 0x00, 0x00, 0x00, 0x00, 0x00, 0x00, 0x00, 0x00,
    0x00, 0x00, 0x00, 0x00, 0x00, 0x00, 0x00, 0x00, 0x00, 0x00, 0x00, 0x00, 0x00, 0x00, 0x00, 0x00,
    0x00, 0x00, 0x00, 0x00, 0x00, 0x00, 0x00, 0x00, 0x00, 0x00, 0x00, 0x00, 0x00, 0x00, 0x00, 0x00,
    0x00, 0x00, 0x00, 0x00, 0x00, 0x00, 0x00, 0x00, 0x00, 0x00, 0x00, 0x00, 0x00, 0x00, 0x00, 0x00,
    0x00, 0x00, 0x00, 0x02, 0x00, 0x00, 0x03, 0x01, 0x02, 0x00, 0x00, 0x03, 0x00, 0x00, 0x00, 0x00,
    0x00, 0x00, 0x00, 0x00, 0x00, 0x00, 0x00, 0x00, 0x00, 0x00, 0x00, 0x00, 0x00, 0x00, 0x00, 0x00,
    0x00, 0x00, 0x00, 0x00, 0x00, 0x00, 0x00, 0x00, 0x00, 0x00, 0x00, 0x00, 0x00, 0x00, 0x00, 0x00,
    0x00, 0x00, 0x00, 0x00, 0x00, 0x00, 0x00, 0x00, 0x00, 0x00, 0x00, 0x00, 0x00, 0x00, 0x00, 0x00,
    0x00, 0x00, 0x00, 0x00, 0x00, 0x00, 0x00, 0x00, 0x00, 0x00, 0x00, 0x00, 0x00, 0x00, 0x00, 0x00,
    0x00, 0x00, 0x00, 0x00, 0x00, 0x00, 0x00, 0x00, 0x00, 0x00, 0x00, 0x00, 0x00, 0x00, 0x00, 0x00,
    0x00, 0x00, 0x00, 0x00, 0x00, 0x00, 0x00, 0x00, 0x00, 0x00, 0x00, 0x00, 0x00, 0x00, 0x00, 0x00,
    0x00, 0x00, 0x03, 0x01, 0x00, 0x00, 0x00, 0x01, 0x01, 0x00, 0x00, 0x00, 0x00, 0x00, 0x00, 0x00,
    0x00, 0x00, 0x00, 0x00, 0x00, 0x00, 0x00, 0x00, 0x00, 0x00, 0x00, 0x00, 0x00, 0x00, 0x00, 0x00,
    0x00, 0x00, 0x00, 0x00, 0x00, 0x00, 0x00, 0x00, 0x00, 0x00, 0x00, 0x00, 0x00, 0x00, 0x00, 0x00,
    0x00, 0x00, 0x00, 0x00, 0x00, 0x00, 0x00, 0x00, 0x00, 0x00, 0x00, 0x00, 0x00, 0x00, 0x00, 0x00,
    0x00, 0x00, 0x00, 0x00, 0x00, 0x00, 0x00, 0x00, 0x00, 0x00, 0x00, 0x00, 0x00, 0x00, 0x00, 0x00,
    0x00, 0x00, 0x00, 0x00, 0x00, 0x00, 0x00, 0x00, 0x00, 0x00, 0x00, 0x00, 0x00, 0x00, 0x00, 0x00,
    0x00, 0x00, 0x00, 0x00, 0x00, 0x00, 0x00, 0x00, 0x00, 0x00, 0x00, 0x00, 0x00, 0x00, 0x00, 0x00,
    0x00, 0x00, 0x00, 0x00, 0x00, 0x00, 0x00, 0x00, 0x00, 0x00, 0x00, 0x00, 0x00, 0x00, 0x00, 0x00,
    0x00, 0x00, 0x00, 0x00, 0x00, 0x00, 0x00, 0x00, 0x00, 0x00, 0x00, 0x00, 0x00, 0x00, 0x00, 0x00,
    0x00, 0x00, 0x00, 0x00, 0x00, 0x00, 0x00, 0x00, 0x00, 0x00, 0x00, 0x00, 0x00, 0x00, 0x00, 0x00,
    0x00, 0x00, 0x00, 0x00, 0x00, 0x00, 0x00, 0x00, 0x00, 0x00, 0x00, 0x00, 0x00, 0x00, 0x00, 0x00,
    0x00, 0x00, 0x00, 0x00, 0x00, 0x00, 0x00, 0x00, 0x00, 0x00, 0x00, 0x00, 0x00, 0x00, 0x00, 0x00,
    0x00, 0x00, 0x00, 0x00, 0x00, 0x00, 0x00, 0x00, 0x00, 0x00, 0x00, 0x00, 0x00, 0x00, 0x00, 0x00,
    0x00, 0x00, 0x00, 0x00, 0x00, 0x00, 0x00, 0x00, 0x00, 0x00, 0x00, 0x00, 0x00, 0x00, 0x00, 0x00,
    0x00, 0x00, 0x00, 0x00, 0x00, 0x00, 0x00, 0x00, 0x00, 0x00, 0x00, 0x00, 0x00, 0x00, 0x00, 0x00,
    0x00, 0x00, 0x00, 0x00, 0x00, 0x00, 0x00, 0x00, 0x00, 0x00, 0x00, 0x00, 0x00, 0x00, 0x00, 0x00,
    0x00, 0x00, 0x00, 0x00, 0x00, 0x00, 0x00, 0x00, 0x00, 0x00, 0x00, 0x00, 0x00, 0x00, 0x00, 0x00,
    0x00, 0x00, 0x00, 0x00, 0x00, 0x00, 0x00, 0x00, 0x00, 0x00, 0x00, 0x00, 0x00, 0x00, 0x00, 0x00,
    0x00, 0x00, 0x00, 0x00, 0x00, 0x00, 0x00, 0x00, 0x00, 0x00, 0x00, 0x00, 0x00, 0x00, 0x00, 0x00,
    0x00, 0x00, 0x00, 0x00, 0x00, 0x00, 0x00, 0x00, 0x00, 0x00, 0x00, 0x00, 0x00, 0x00, 0x00, 0x00,
    0x00, 0x00, 0x00, 0x00, 0x00, 0x00, 0x00, 0x00, 0x00, 0x00, 0x00, 0x00, 0x00, 0x00, 0x00, 0x00,
    0x00, 0x00, 0x00, 0x00, 0x00, 0x00, 0x00, 0x00, 0x00, 0x00, 0x00, 0x00, 0x00, 0x00, 0x00, 0x00,
    0x00, 0x00, 0x00, 0x00, 0x00, 0x00, 0x00, 0x00, 0x00, 0x00, 0x00, 0x00, 0x00, 0x00, 0x00, 0x00,
    0x00, 0x00, 0x00, 0x00, 0x00, 0x00, 0x00, 0x00, 0x00, 0x00, 0x00, 0x00, 0x00, 0x00, 0x00, 0x00,
    0x00, 0x00, 0x00, 0x00, 0x00, 0x00, 0x00, 0x00, 0x00, 0x00, 0x00, 0x00, 0x00, 0x00, 0x00, 0x00,
    0x00, 0x00, 0x00, 0x00, 0x00, 0x00, 0x00, 0x00, 0x00, 0x00, 0x00, 0x00, 0x00, 0x00, 0x00, 0x00,
    0x00, 0x00, 0x00, 0x00, 0x00, 0x00, 0x00, 0x00, 0x00, 0x00, 0x00, 0x00, 0x00, 0x00, 0x00, 0x00,
    0x00, 0x00, 0x00, 0x00, 0x00, 0x00, 0x00, 0x00, 0x00, 0x00, 0x00, 0x00, 0x00, 0x00, 0x00, 0x00,
    0x00, 0x00, 0x00, 0x00, 0x00, 0x00, 0x00, 0x00, 0x00, 0x00, 0x00, 0x00, 0x00, 0x00, 0x00, 0x00,
    0x00, 0x00, 0x00, 0x00, 0x00, 0x00, 0x00, 0x00, 0x00, 0x00, 0x00, 0x00, 0x00, 0x00, 0x00, 0x00,
    0x00, 0x00, 0x00, 0x00, 0x00, 0x00, 0x00, 0x00, 0x00, 0x00, 0x00, 0x00, 0x00, 0x00, 0x00, 0x00,
    0x00, 0x00, 0x00, 0x00, 0x00, 0x00, 0x00, 0x00, 0x00, 0x00, 0x00, 0x00, 0x00, 0x00, 0x00, 0x00,
    0x00, 0x00, 0x00, 0x00, 0x00, 0x00, 0x00, 0x00, 0x00, 0x00, 0x00, 0x00, 0x00, 0x00, 0x00, 0x00,
    0x00, 0x00, 0x00, 0x00, 0x00, 0x00, 0x00, 0x00, 0x00, 0x00, 0x00, 0x00, 0x00, 0x00, 0x00, 0x00,
    0x00, 0x00, 0x00, 0x00, 0x00, 0x00, 0x00, 0x00, 0x00, 0x00, 0x00, 0x00, 0x00, 0x00, 0x00, 0x00,
    0x00, 0x00, 0x00, 0x00, 0x00, 0x00, 0x00, 0x00, 0x00, 0x00, 0x00, 0x00, 0x00, 0x00, 0x00, 0x00,
    0x00, 0x00, 0x00, 0x00, 0x00, 0x00, 0x00, 0x00, 0x00, 0x00, 0x00, 0x00, 0x00, 0x00, 0x00, 0x00,
    0x00, 0x00, 0x00, 0x00, 0x00, 0x00, 0x00, 0x00, 0x00, 0x00, 0x00, 0x00, 0x00, 0x00, 0x00, 0x00,
    0x00, 0x00, 0x00, 0x00, 0x00, 0x00, 0x00, 0x00, 0x00, 0x00, 0x00, 0x00, 0x00, 0x00, 0x00, 0x00,
    0x00, 0x00, 0x00, 0x00, 0x00, 0x00, 0x00, 0x00, 0x00, 0x00, 0x00, 0x00, 0x00, 0x00, 0x00, 0x00,
    0x00, 0x00, 0x00, 0x00, 0x00, 0x00, 0x00, 0x00, 0x00, 0x00, 0x00, 0x00, 0x00, 0x00, 0x00, 0x00,
    0x00, 0x00, 0x00, 0x00, 0x00, 0x00, 0x00, 0x00, 0x00, 0x00, 0x00, 0x00, 0x00, 0x00, 0x00, 0x00,
    0x00, 0x00, 0x00, 0x00, 0x00, 0x00, 0x00, 0x00, 0x00, 0x00, 0x00, 0x00, 0x00, 0x00, 0x00, 0x00,
    0x00, 0x00, 0x00, 0x00, 0x00, 0x00, 0x00, 0x00, 0x00, 0x00, 0x00, 0x00, 0x00, 0x00, 0x00, 0x00,
    0x00, 0x00, 0x00, 0x00, 0x00, 0x00, 0x00, 0x00, 0x00, 0x00, 0x00, 0x00,
};

const lv_image_dsc_t bulbasaur_large = {
    .header = {
        .magic = LV_IMAGE_HEADER_MAGIC,
        .cf = LV_COLOR_FORMAT_RGB565A8,
        .flags = 0,
        .w = 110,
        .h = 110,
        .stride = 220,
    },
    .data_size = sizeof(bulbasaur_large_map),
    .data = bulbasaur_large_map,
};

static LV_ATTRIBUTE_MEM_ALIGN LV_ATTRIBUTE_LARGE_CONST const uint8_t bulbasaur_small_map[] = {
    0x00, 0x00, 0x00, 0x00, 0x00, 0x00, 0x00, 0x00, 0x00, 0x00, 0x00, 0x00, 0x00, 0x00, 0x00, 0x00,
    0x00, 0x00, 0x00, 0x00, 0x00, 0x00, 0x00, 0x00, 0x00, 0x00, 0x00, 0x00, 0x00, 0x00, 0x00, 0x00,
    0x00, 0x00, 0x00, 0x00, 0x00, 0x00, 0x00, 0x00, 0x00, 0x00, 0x00, 0x00, 0x00, 0x00, 0x00, 0x00,
    0x00, 0x00, 0x00, 0x00, 0x00, 0x00, 0x00, 0x00, 0x00, 0x00, 0x00, 0x00, 0x00, 0x00, 0x00, 0x00,
    0x00, 0x00, 0x00, 0x00, 0x00, 0x00, 0x00, 0x00, 0x00, 0x00, 0x00, 0x00, 0x00, 0x00, 0x00, 0x00,
    0x00, 0x00, 0x00, 0x00, 0x00, 0x00, 0x00, 0x00, 0x00, 0x00, 0x00, 0x00, 0x00, 0x00, 0x00, 0x00,
    0x00, 0x00, 0x00, 0x00, 0x00, 0x00, 0x00, 0x00, 0x00, 0x00, 0x00, 0x00, 0x00, 0x00, 0x00, 0x00,
    0x00, 0x00, 0x00, 0x00, 0x00, 0x00, 0x00, 0x00, 0x00, 0x00, 0x00, 0x00, 0x00, 0x00, 0x00, 0x00,
    0x00, 0x00, 0x00, 0x00, 0x00, 0x00, 0x00, 0x00, 0x00, 0x00, 0x00, 0x00, 0x00, 0x00, 0x00, 0x00,
    0x00, 0x00, 0x00, 0x00, 0x00, 0x00, 0x00, 0x00, 0x00, 0x00, 0x00, 0x00, 0x00, 0x00, 0x00, 0x00,
    0x00, 0x00, 0x00, 0x00, 0x00, 0x00, 0x00, 0x00, 0x00, 0x00, 0x00, 0x00, 0x00, 0x00, 0x00, 0x00,
    0x00, 0x00, 0x00, 0x00, 0x00, 0x00, 0x00, 0x00, 0x00, 0x00, 0x00, 0x00, 0x00, 0x00, 0x00, 0x00,
    0x00, 0x00, 0x00, 0x00, 0x00, 0x00, 0x00, 0x00, 0x00, 0x00, 0x00, 0x00, 0x00, 0x00, 0x00, 0x00,
    0x00, 0x00, 0x00, 0x00, 0x00, 0x00, 0x00, 0x00, 0x00, 0x00, 0x00, 0x00, 0x00, 0x00, 0x00, 0x00,
    0x00, 0x00, 0x00, 0x00, 0x00, 0x00, 0x00, 0x00, 0x00, 0x00, 0x00, 0x00, 0x00, 0x00, 0x00, 0x00,
    0x00, 0x00, 0x00, 0x00, 0x00, 0x00, 0x00, 0x00, 0x00, 0x00, 0x00, 0x00, 0x00, 0x00, 0x00, 0x00,
    0x00, 0x00, 0x00, 0x00, 0x00, 0x00, 0x00, 0x00, 0x00, 0x00, 0x00, 0x00, 0x00, 0x00, 0x00, 0x00,
    0x00, 0x00, 0x00, 0x00, 0x00, 0x00, 0x00, 0x00, 0x00, 0x00, 0x00, 0x00, 0x00, 0x00, 0x00, 0x00,
    0x00, 0x00, 0x00, 0x00, 0x00, 0x00, 0x00, 0x00, 0x00, 0x00, 0x00, 0x00, 0x00, 0x00, 0x00, 0x00,
    0x00, 0x00, 0x00, 0x00, 0x00, 0x00, 0x00, 0x00, 0x00, 0x00, 0x00, 0x00, 0x00, 0x00, 0x00, 0x00,
    0x00, 0x00, 0x00, 0x00, 0x00, 0x00, 0x00, 0x00, 0x00, 0x00, 0x00, 0x00, 0x00, 0x00, 0x00, 0x00,
    0x00, 0x00, 0x00, 0x00, 0x00, 0x00, 0x00, 0x00, 0x00, 0x00, 0x00, 0x00, 0x00, 0x00, 0x00, 0x00,
    0x00, 0x00, 0x00, 0x00, 0x00, 0x00, 0x00, 0x00, 0x00, 0x00, 0x00, 0x00, 0x00, 0x00, 0x00, 0x00,
    0x00, 0x00, 0x00, 0x00, 0x00, 0x00, 0x00, 0x00, 0x00, 0x00, 0x00, 0x00, 0x00, 0x00, 0x00, 0x00,
    0x00, 0x00, 0x00, 0x00, 0x00, 0x00, 0x00, 0x00, 0x00, 0x00, 0x00, 0x00, 0x00, 0x00, 0x00, 0x00,
    0x00, 0x00, 0x00, 0x00, 0x00, 0x00, 0x00, 0x00, 0x00, 0x00, 0x00, 0x00, 0x00, 0x00, 0x00, 0x00,
    0x00, 0x00, 0x00, 0x00, 0x00, 0x00, 0x00, 0x00, 0x00, 0x00, 0x00, 0x00, 0x00, 0x00, 0x00, 0x00,
    0x00, 0x00, 0x00, 0x00, 0x00, 0x00, 0x00, 0x00, 0x00, 0x00, 0x00, 0x00, 0x00, 0x00, 0x00, 0x00,
    0x00, 0x00, 0x00, 0x00, 0x00, 0x00, 0x00, 0x00, 0x00, 0x00, 0x00, 0x00, 0x00, 0x00, 0x00, 0x00,
    0x00, 0x00, 0x00, 0x00, 0x00, 0x00, 0x00, 0x00, 0x00, 0x00, 0x00, 0x00, 0x00, 0x00, 0x00, 0x00,
    0x00, 0x00, 0x00, 0x00, 0x00, 0x00, 0x00, 0x00, 0x00, 0x00, 0x00, 0x00, 0x00, 0x00, 0x00, 0x00,
    0x00, 0x00, 0x00, 0x00, 0x00, 0x00, 0x00, 0x00, 0x00, 0x00, 0x00, 0x00, 0x00, 0x00, 0x00, 0x00,
    0x00, 0x00, 0x00, 0x00, 0x00, 0x00, 0x00, 0x00, 0x00, 0x00, 0x00, 0x00, 0x00, 0x00, 0x00, 0x00,
    0x00, 0x00, 0x00, 0x00, 0x00, 0x00, 0x00, 0x00, 0x00, 0x00, 0x00, 0x00, 0x00, 0x00, 0x00, 0x00,
    0x00, 0x00, 0x00, 0x00, 0x00, 0x00, 0x00, 0x00, 0x00, 0x00, 0x00, 0x00, 0x00, 0x00, 0x00, 0x00,
    0x00, 0x00, 0x00, 0x00, 0x00, 0x00, 0x00, 0x00, 0x00, 0x00, 0x00, 0x00, 0x00, 0x00, 0x00, 0x00,
    0x00, 0x00, 0x00, 0x00, 0x00, 0x00, 0x00, 0x00, 0x00, 0x00, 0x00, 0x00, 0x00, 0x00, 0x00, 0x00,
    0x00, 0x00, 0x00, 0x00, 0x00, 0x00, 0x00, 0x00, 0x00, 0x00, 0x00, 0x00, 0x00, 0x00, 0x00, 0x00,
    0x00, 0x00, 0x00, 0x00, 0x00, 0x00, 0x00, 0x00, 0x00, 0x00, 0x00, 0x00, 0x00, 0x00, 0x00, 0x00,
    0x00, 0x00, 0x00, 0x00, 0x00, 0x00, 0x00, 0x00, 0x00, 0x00, 0x00, 0x00, 0x00, 0x00, 0x00, 0x00,
    0x00, 0x00, 0x00, 0x00, 0x00, 0x00, 0x00, 0x00, 0x00, 0x00, 0x00, 0x00, 0x00, 0x00, 0x00, 0x00,
    0x00, 0x00, 0x00, 0x00, 0x00, 0x00, 0x00, 0x00, 0x00, 0x00, 0x00, 0x00, 0x00, 0x00, 0x00, 0x00,
    0x00, 0x00, 0x00, 0x00, 0x00, 0x00, 0x00, 0x00, 0x00, 0x00, 0x00, 0x00, 0x00, 0x00, 0x00, 0x00,
    0x00, 0x00, 0x00, 0x00, 0x00, 0x00, 0x00, 0x00, 0x00, 0x00, 0x00, 0x00, 0x00, 0x00, 0x00, 0x00,
    0x00, 0x00, 0x00, 0x00, 0x00, 0x00, 0x00, 0x00, 0x00, 0x00, 0x00, 0x00, 0x00, 0x00, 0x00, 0x00,
    0x00, 0x00, 0x00, 0x00, 0x00, 0x00, 0x00, 0x00, 0x00, 0x00, 0x00, 0x00, 0x00, 0x00, 0x00, 0x00,
    0x00, 0x00, 0x00, 0x00, 0x00, 0x00, 0x00, 0x00, 0x00, 0x00, 0x00, 0x00, 0x00, 0x00, 0x00, 0x00,
    0x00, 0x00, 0x00, 0x00, 0x00, 0x00, 0x00, 0x00, 0x00, 0x00, 0x00, 0x00, 0x00, 0x00, 0x00, 0x00,
    0x00, 0x00, 0x00, 0x00, 0x00, 0x00, 0x00, 0x00, 0x00, 0x00, 0x00, 0x00, 0xA0, 0x02, 0x00, 0x00,
    0x00, 0x00, 0x00, 0x00, 0x00, 0x00, 0x00, 0x00, 0x00, 0x00, 0x00, 0x00, 0x00, 0x00, 0x00, 0x00,
    0x00, 0x00, 0x00, 0x00, 0x00, 0x00, 0x00, 0x00, 0x00, 0x00, 0x00, 0x00, 0x00, 0x00, 0x00, 0x00,
    0x00, 0x00, 0x00, 0x00, 0x00, 0x00, 0x00, 0x00, 0x00, 0x00, 0x00, 0x00, 0x00, 0x00, 0x00, 0x00,
    0x00, 0x00, 0x00, 0x00, 0x00, 0x00, 0x00, 0x00, 0x00, 0x00, 0x00, 0x00, 0x00, 0x00, 0x00, 0x00,
    0x00, 0x00, 0x00, 0x00, 0x00, 0x00, 0x00, 0x00, 0x00, 0x00, 0x00, 0x00, 0x00, 0x00, 0x00, 0x00,
    0x00, 0x00, 0x00, 0x00, 0x00, 0x00, 0x00, 0x00, 0x00, 0x00, 0x00, 0x00, 0x00, 0x00, 0x00, 0x00,
    0x00, 0x00, 0x00, 0x00, 0x00, 0x00, 0x00, 0x00, 0x00, 0x00, 0x00, 0x00, 0x00, 0x00, 0x00, 0x00,
    0x00, 0x00, 0x00, 0x00, 0x00, 0x00, 0x00, 0x00, 0x00, 0x00, 0x00, 0x00, 0x00, 0x00, 0x00, 0x00,
    0x00, 0x00, 0x00, 0x00, 0x00, 0x00, 0x00, 0x00, 0x00, 0x00, 0x00, 0x00, 0x00, 0x00, 0x00, 0x00,
    0x00, 0x00, 0x00, 0x00, 0x00, 0x00, 0x00, 0x00, 0x00, 0x00, 0x00, 0x00, 0x00, 0x00, 0x00, 0x00,
    0x00, 0x00, 0x00, 0x00, 0x00, 0x00, 0x00, 0x00, 0x00, 0x00, 0xAA, 0x52, 0xE7, 0x3B, 0x00, 0x00,
    0x00, 0x00, 0x00, 0x00, 0x00, 0x00, 0x00, 0x00, 0x00, 0x00, 0x00, 0x00, 0x00, 0x00, 0x00, 0x00,
    0x00, 0x00, 0x00, 0x00, 0x00, 0x00, 0x00, 0x00, 0x00, 0x00, 0x00, 0x00, 0x00, 0x00, 0x00, 0x00,
    0x00, 0x00, 0x00, 0x00, 0x00, 0x00, 0x00, 0x00, 0x00, 0x00, 0x00, 0x00, 0x00, 0x00, 0x00, 0x00,
    0x00, 0x00, 0x00, 0x00, 0x00, 0x00, 0x00, 0x00, 0x00, 0x00, 0x00, 0x00, 0x00, 0x00, 0x00, 0x00,
    0x00, 0x00, 0x00, 0x00, 0x00, 0x00, 0x00, 0x00, 0x00, 0x00, 0x00, 0x00, 0x00, 0x00, 0x00, 0x00,
    0x00, 0x00, 0x00, 0x00, 0x00, 0x00, 0x00, 0x00, 0x00, 0x00, 0x00, 0x00, 0x00, 0x00, 0x00, 0x00,
    0x00, 0x00, 0x00, 0x00, 0x00, 0x00, 0x00, 0x00, 0x00, 0x00, 0x00, 0x00, 0x00, 0x00, 0x00, 0x00,
    0x00, 0x00, 0x00, 0x00, 0x00, 0x00, 0x00, 0x00, 0x00, 0x00, 0x00, 0x00, 0x00, 0x00, 0x00, 0x00,
    0x00, 0x00, 0x00, 0x00, 0x00, 0x00, 0x00, 0x00, 0x00, 0x00, 0x00, 0x00, 0x00, 0x00, 0x00, 0x00,
    0x00, 0x00, 0x00, 0x00, 0x81, 0x08, 0x00, 0x00, 0x00, 0x00, 0x00, 0x00, 0x00, 0x00, 0x00, 0x00,
    0x00, 0x00, 0x00, 0x00, 0x00, 0x00, 0x00, 0x00, 0x00, 0x00, 0x00, 0x00, 0x00, 0x00, 0x00, 0x00,
    0x00, 0x00, 0x00, 0x00, 0x00, 0x00, 0x00, 0x00, 0x00, 0x00, 0x00, 0x00, 0x00, 0x00, 0x00, 0x00,
    0x00, 0x00, 0x00, 0x00, 0x00, 0x00, 0x00, 0x00, 0x00, 0x00, 0x00, 0x00, 0x00, 0x00, 0x00, 0x00,
    0x00, 0x00, 0x00, 0x00, 0x00, 0x00, 0x00, 0x00, 0x00, 0x00, 0x00, 0x00, 0x00, 0x00, 0x00, 0x00,
    0x00, 0x00, 0x00, 0x00, 0x00, 0x00, 0x00, 0x00, 0x00, 0x00, 0x00, 0x00, 0x00, 0x00, 0x00, 0x00,
    0x00, 0x00, 0x00, 0x00, 0x00, 0x00, 0x00, 0x00, 0x00, 0x00, 0x00, 0x00, 0x00, 0x00, 0x00, 0x00,
    0x00, 0x00, 0x00, 0x00, 0x00, 0x00, 0x00, 0x00, 0x00, 0x00, 0x00, 0x00, 0x00, 0x00, 0x00, 0x00,
    0x00, 0x00, 0x00, 0x00, 0x00, 0x00, 0x00, 0x00, 0x00, 0x00, 0x00, 0x00, 0x00, 0x00, 0x00, 0x00,
    0x00, 0x00, 0x00, 0x00, 0x00, 0x00, 0x00, 0x00, 0x00, 0x00, 0x00, 0x00, 0x00, 0x00, 0x00, 0x00,
    0x00, 0x00, 0x00, 0x00, 0x00, 0x00, 0x00, 0x00, 0x0C, 0x5C, 0x28, 0x43, 0x00, 0x00, 0x00, 0x00,
    0x00, 0x00, 0x26, 0x32, 0xC7, 0x3A, 0x00, 0x00, 0x00, 0x00, 0x00, 0x00, 0x00, 0x00, 0x00, 0x00,
    0x00, 0x00, 0x00, 0x00, 0x00, 0x00, 0x00, 0x00, 0x00, 0x00, 0x00, 0x00, 0x00, 0x00, 0x00, 0x00,
    0x00, 0x00, 0x00, 0x00, 0x00, 0x00, 0x00, 0x00, 0x00, 0x00, 0x00, 0x00, 0x00, 0x00, 0x00, 0x00,
    0x00, 0x00, 0x00, 0x00, 0x00, 0x00, 0x00, 0x00, 0x00, 0x00, 0x00, 0x00, 0x00, 0x00, 0x00, 0x00,
    0x00, 0x00, 0x00, 0x00, 0x00, 0x00, 0x00, 0x00, 0x00, 0x00, 0x00, 0x00, 0x00, 0x00, 0x00, 0x00,
    0x00, 0x00, 0x00, 0x00, 0x00, 0x00, 0x00, 0x00, 0x00, 0x00, 0x00, 0x00, 0x00, 0x00, 0x00, 0x00,
    0x00, 0x00, 0x00, 0x00, 0x00, 0x00, 0x00, 0x00, 0x00, 0x00, 0x00, 0x00, 0x00, 0x00, 0x00, 0x00,
    0x00, 0x00, 0x00, 0x00, 0x00, 0x00, 0x00, 0x00, 0x00, 0x00, 0x00, 0x00, 0x00, 0x00, 0x00, 0x00,
    0x00, 0x00, 0x00, 0x00, 0x00, 0x00, 0x00, 0x00, 0x00, 0x00, 0x00, 0x00, 0x00, 0x00, 0x00, 0x00,
    0x00, 0x00, 0x00, 0x00, 0x00, 0x00, 0xFF, 0xFF, 0x00, 0x00, 0xE5, 0x29, 0x32, 0x96, 0x4E, 0x6D,
    0x02, 0x11, 0x00, 0x00, 0x29, 0x4B, 0xF1, 0x8D, 0x89, 0x4B, 0x00, 0x00, 0xF7, 0x7F, 0x00, 0x00,
    0x00, 0x00, 0x00, 0x00, 0x00, 0x00, 0x00, 0x00, 0x00, 0x00, 0x00, 0x00, 0x00, 0x00, 0x00, 0x00,
    0x00, 0x00, 0x00, 0x00, 0x00, 0x00, 0x00, 0x00, 0x00, 0x00, 0x00, 0x00, 0x00, 0x00, 0x00, 0x00,
    0x00, 0x00, 0x00, 0x00, 0x00, 0x00, 0x00, 0x00, 0x00, 0x00, 0x00, 0x00, 0x00, 0x00, 0x00, 0x00,
    0x00, 0x00, 0x00, 0x00, 0x00, 0x00, 0x00, 0x00, 0x00, 0x00, 0x00, 0x00, 0x00, 0x00, 0x00, 0x00,
    0x00, 0x00, 0x00, 0x00, 0x00, 0x00, 0x00, 0x00, 0x00, 0x00, 0x00, 0x00, 0x00, 0x00, 0x00, 0x00,
    0x00, 0x00, 0x00, 0x00, 0x00, 0x00, 0x00, 0x00, 0x00, 0x00, 0x00, 0x00, 0x00, 0x00, 0x00, 0x00,
    0x00, 0x00, 0x00, 0x00, 0x00, 0x00, 0x00, 0x00, 0x00, 0x00, 0x00, 0x00, 0x00, 0x00, 0x00, 0x00,
    0x00, 0x00, 0x00, 0x00, 0x00, 0x00, 0x00, 0x00, 0x00, 0x00, 0x00, 0x00, 0x00, 0x00, 0x00, 0x00,
    0xE0, 0x01, 0xE7, 0x39, 0x55, 0xAD, 0x00, 0x00, 0x00, 0x00, 0x00, 0x00, 0x23, 0x19, 0x70, 0x85,
    0xF1, 0x8D, 0xAF, 0x75, 0x25, 0x22, 0x4A, 0x53, 0xF5, 0xAE, 0xD0, 0x7D, 0xA4, 0x19, 0x00, 0x00,
    0x00, 0x00, 0x00, 0x00, 0x00, 0x00, 0x00, 0x00, 0x00, 0x00, 0x00, 0x00, 0x00, 0x00, 0x00, 0x00,
    0x00, 0x00, 0x00, 0x00, 0x00, 0x00, 0x00, 0x00, 0x00, 0x00, 0x00, 0x00, 0x00, 0x00, 0x00, 0x00,
    0x00, 0x00, 0x00, 0x00, 0x00, 0x00, 0x00, 0x00, 0x00, 0x00, 0x00, 0x00, 0x00, 0x00, 0x00, 0x00,
    0x00, 0x00, 0x00, 0x00, 0x00, 0x00, 0x00, 0x00, 0x00, 0x00, 0x00, 0x00, 0x00, 0x00, 0x00, 0x00,
    0x00, 0x00, 0x00, 0x00, 0x00, 0x00, 0x00, 0x00, 0x00, 0x00, 0x00, 0x00, 0x00, 0x00, 0x00, 0x00,
    0x00, 0x00, 0x00, 0x00, 0x00, 0x00, 0x00, 0x00, 0x00, 0x00, 0x00, 0x00, 0x00, 0x00, 0x00, 0x00,
    0x00, 0x00, 0x00, 0x00, 0x00, 0x00, 0x00, 0x00, 0xE7, 0x3B, 0xFF, 0xFF, 0x00, 0x00, 0x00, 0x00,
    0x00, 0x00, 0x00, 0x00, 0x00, 0x00, 0x00, 0x00, 0x00, 0x00, 0x00, 0x00, 0x00, 0x00, 0x00, 0x00,
    0x00, 0x00, 0x00, 0x00, 0x00, 0x00, 0x00, 0x00, 0x00, 0x00, 0x00, 0x00, 0x00, 0x00, 0x67, 0x3A,
    0x2F, 0x7D, 0x12, 0x8E, 0xD0, 0x85, 0x8E, 0x75, 0x28, 0x3B, 0xD1, 0x8D, 0x52, 0x96, 0xCC, 0x5C,
    0x61, 0x00, 0x61, 0x08, 0xC5, 0x21, 0xE2, 0x10, 0x00, 0x00, 0x00, 0x00, 0x00, 0x00, 0x00, 0x00,
    0x00, 0x00, 0x00, 0x00, 0x00, 0x00, 0x00, 0x00, 0x00, 0x00, 0x00, 0x00, 0x00, 0x00, 0x00, 0x00,
    0x00, 0x00, 0x00, 0x00, 0x00, 0x00, 0x00, 0x00, 0x00, 0x00, 0x00, 0x00, 0x00, 0x00, 0x00, 0x00,
    0x00, 0x00, 0x00, 0x00, 0x00, 0x00, 0x00, 0x00, 0x00, 0x00, 0x00, 0x00, 0x00, 0x00, 0x00, 0x00,
    0x00, 0x00, 0x00, 0x00, 0x00, 0x00, 0x00, 0x00, 0x00, 0x00, 0x00, 0x00, 0x00, 0x00, 0x00, 0x00,
    0x00, 0x00, 0x00, 0x00, 0x00, 0x00, 0x00, 0x00, 0x00, 0x00, 0x00, 0x00, 0x00, 0x00, 0x00, 0x00,
    0x00, 0x00, 0x00, 0x00, 0x00, 0x00, 0xE7, 0x39, 0xFF, 0xFF, 0x00, 0x00, 0x00, 0x00, 0x00, 0x00,
    0x00, 0x00, 0x00, 0x00, 0x00, 0x00, 0x00, 0x00, 0x00, 0x00, 0x00, 0x00, 0x00, 0x00, 0x00, 0x00,
    0x00, 0x00, 0x00, 0x00, 0x00, 0x00, 0x00, 0x00, 0x40, 0x00, 0x43, 0x19, 0xA8, 0x3A, 0x6A, 0x53,
    0xAE, 0x6C, 0x12, 0x8E, 0xF1, 0x8D, 0xF1, 0x8D, 0x51, 0x8E, 0xEA, 0x4B, 0x2C, 0x64, 0x52, 0x96,
    0x10, 0x86, 0x69, 0x43, 0x26, 0x2A, 0x2B, 0x54, 0xAD, 0x64, 0x84, 0x19, 0x00, 0x00, 0xEF, 0x7F,
    0x00, 0x00, 0x00, 0x00, 0x00, 0x00, 0x00, 0x00, 0x00, 0x00, 0x00, 0x00, 0x00, 0x00, 0x00, 0x00,
    0x00, 0x00, 0x00, 0x00, 0x00, 0x00, 0x00, 0x00, 0x00, 0x00, 0x00, 0x00, 0x00, 0x00, 0x00, 0x00,
    0x00, 0x00, 0x00, 0x00, 0x00, 0x00, 0x00, 0x00, 0x00, 0x00, 0x00, 0x00, 0x00, 0x00, 0x00, 0x00,
    0x00, 0x00, 0x00, 0x00, 0x00, 0x00, 0x00, 0x00, 0x00, 0x00, 0x00, 0x00, 0x00, 0x00, 0x00, 0x00,
    0x00, 0x00, 0x00, 0x00, 0x00, 0x00, 0x00, 0x00, 0x00, 0x00, 0x00, 0x00, 0x00, 0x00, 0x00, 0x00,
    0x00, 0x00, 0x00, 0x00, 0x00, 0x00, 0xAA, 0x52, 0x00, 0x00, 0x00, 0x00, 0x00, 0x00, 0x00, 0x00,
    0xE5, 0x31, 0x4A, 0x53, 0x8B, 0x5B, 0x6D, 0x74, 0xCF, 0x7C, 0xEF, 0x7C, 0xEF, 0x7C, 0x0E, 0x75,
    0xEE, 0x74, 0xCE, 0x74, 0x6D, 0x64, 0x2C, 0x64, 0xAD, 0x6C, 0xEE, 0x74, 0x2F, 0x7D, 0xB0, 0x85,
    0x32, 0x96, 0x32, 0x96, 0x12, 0x96, 0xF1, 0x8D, 0x11, 0x8E, 0x31, 0x8E, 0x6C, 0x64, 0x4B, 0x64,
    0x52, 0x96, 0x11, 0x8E, 0xD0, 0x7D, 0xCA, 0x4B, 0x0B, 0x54, 0x0E, 0x6D, 0x8A, 0x4B, 0x20, 0x00,
    0x00, 0x00, 0x00, 0x00, 0x00, 0x00, 0x00, 0x00, 0x00, 0x00, 0x00, 0x00, 0x00, 0x00, 0x00, 0x00,
    0x00, 0x00, 0x00, 0x00, 0x00, 0x00, 0x00, 0x00, 0x00, 0x00, 0x00, 0x00, 0x00, 0x00, 0x00, 0x00,
    0x00, 0x00, 0x00, 0x00, 0x00, 0x00, 0x00, 0x00, 0x00, 0x00, 0x00, 0x00, 0x00, 0x00, 0x00, 0x00,
    0x00, 0x00, 0x00, 0x00, 0x00, 0x00, 0x00, 0x00, 0x00, 0x00, 0x00, 0x00, 0x00, 0x00, 0x00, 0x00,
    0x00, 0x00, 0x00, 0x00, 0x00, 0x00, 0x00, 0x00, 0x00, 0x00, 0x00, 0x00, 0x00, 0x00, 0x00, 0x00,
    0x00, 0x00, 0x00, 0x00, 0x00, 0x00, 0x00, 0x00, 0x00, 0x00, 0x00, 0x00, 0x00, 0x00, 0x02, 0x11,
    0x29, 0x4B, 0xAE, 0x74, 0x53, 0xA6, 0xD5, 0xAE, 0xF5, 0xAE, 0xB5, 0xAE, 0x95, 0xA6, 0x74, 0xA6,
    0x33, 0x96, 0x32, 0x96, 0x12, 0x96, 0x12, 0x96, 0x11, 0x8E, 0x32, 0x96, 0x12, 0x8E, 0x32, 0x8E,
    0x12, 0x96, 0xF1, 0x8D, 0xD1, 0x8D, 0xD1, 0x8D, 0xB1, 0x85, 0x90, 0x85, 0x0E, 0x75, 0x2C, 0x64,
    0x0E, 0x75, 0x52, 0x96, 0x11, 0x8E, 0x11, 0x8E, 0x8F, 0x7D, 0xAA, 0x4B, 0x6C, 0x5C, 0xAD, 0x64,
    0xA4, 0x21, 0x00, 0x00, 0x4A, 0x55, 0x00, 0x00, 0x00, 0x00, 0x00, 0x00, 0x00, 0x00, 0x00, 0x00,
    0x00, 0x00, 0x00, 0x00, 0x00, 0x00, 0x00, 0x00, 0x00, 0x00, 0x00, 0x00, 0x00, 0x00, 0x00, 0x00,
    0x00, 0x00, 0x00, 0x00, 0x00, 0x00, 0x00, 0x00, 0x00, 0x00, 0x00, 0x00, 0x00, 0x00, 0x00, 0x00,
    0x00, 0x00, 0x00, 0x00, 0x00, 0x00, 0x00, 0x00, 0x00, 0x00, 0x00, 0x00, 0x00, 0x00, 0x00, 0x00,
    0x00, 0x00, 0x00, 0x00, 0x00, 0x00, 0x00, 0x00, 0x00, 0x00, 0x00, 0x00, 0x00, 0x00, 0x00, 0x00,
    0x00, 0x00, 0x00, 0x00, 0x00, 0x00, 0x00, 0x00, 0x00, 0x00, 0x00, 0x00, 0x00, 0x00, 0xA2, 0x10,
    0x69, 0x53, 0xB0, 0x8D, 0xD4, 0xAE, 0xD5, 0xAE, 0x94, 0xA6, 0x73, 0xA6, 0x54, 0xA6, 0x13, 0x9E,
    0xF2, 0x95, 0xD1, 0x8D, 0xF1, 0x8D, 0xB0, 0x85, 0xD0, 0x8D, 0xD1, 0x8D, 0xF1, 0x8D, 0x11, 0x8E,
    0xF1, 0x8D, 0xD1, 0x85, 0xB0, 0x85, 0xB0, 0x85, 0xD1, 0x8D, 0x11, 0x8E, 0x70, 0x7D, 0xCD, 0x6C,
    0x2E, 0x75, 0xF1, 0x8D, 0x52, 0x96, 0x11, 0x8E, 0x11, 0x8E, 0xF1, 0x8D, 0x2E, 0x75, 0x69, 0x43,
    0xCD, 0x64, 0xCA, 0x53, 0x00, 0x00, 0xE0, 0x07, 0x00, 0x00, 0x00, 0x00, 0x00, 0x00, 0x00, 0x00,
    0x00, 0x00, 0x00, 0x00, 0x00, 0x00, 0x00, 0x00, 0x00, 0x00, 0x00, 0x00, 0x00, 0x00, 0x00, 0x00,
    0x00, 0x00, 0x00, 0x00, 0x00, 0x00, 0x00, 0x00, 0x00, 0x00, 0x00, 0x00, 0x00, 0x00, 0x00, 0x00,
    0x00, 0x00, 0x00, 0x00, 0x00, 0x00, 0x00, 0x00, 0x00, 0x00, 0x00, 0x00, 0x00, 0x00, 0x00, 0x00,
    0x00, 0x00, 0x00, 0x00, 0x00, 0x00, 0x00, 0x00, 0x00, 0x00, 0x00, 0x00, 0x00, 0x00, 0x00, 0x00,
    0x00, 0x00, 0x00, 0x00, 0x00, 0x00, 0x00, 0x00, 0x00, 0x00, 0x00, 0x00, 0x00, 0x00, 0x00, 0x00,
    0x46, 0x32, 0x6F, 0x85, 0x93, 0x9E, 0x93, 0xA6, 0x53, 0xA6, 0x33, 0x9E, 0x53, 0x9E, 0x33, 0x9E,
    0x13, 0x96, 0xD1, 0x8D, 0xD1, 0x85, 0xD1, 0x8D, 0xF1, 0x8D, 0x12, 0x8E, 0x11, 0x8E, 0x6F, 0x85,
    0xCE, 0x74, 0x6D, 0x64, 0x4C, 0x64, 0xCE, 0x74, 0x6F, 0x7D, 0x90, 0x85, 0x11, 0x8E, 0xF1, 0x8D,
    0xF1, 0x8D, 0x31, 0x8E, 0x32, 0x8E, 0x11, 0x8E, 0x11, 0x8E, 0x11, 0x8E, 0xF1, 0x8D, 0xF1, 0x8D,
    0xAD, 0x6C, 0x69, 0x43, 0x0E, 0x6D, 0x28, 0x43, 0x00, 0x00, 0x00, 0x00, 0x00, 0x00, 0x00, 0x00,
    0x00, 0x00, 0x00, 0x00, 0x00, 0x00, 0x00, 0x00, 0x00, 0x00, 0x00, 0x00, 0x00, 0x00, 0x00, 0x00,
    0x00, 0x00, 0x00, 0x00, 0x00, 0x00, 0x00, 0x00, 0x00, 0x00, 0x00, 0x00, 0x00, 0x00, 0x00, 0x00,
    0x00, 0x00, 0x00, 0x00, 0x00, 0x00, 0x00, 0x00, 0x00, 0x00, 0x00, 0x00, 0x00, 0x00, 0x00, 0x00,
    0x00, 0x00, 0x00, 0x00, 0x00, 0x00, 0x00, 0x00, 0x00, 0x00, 0x00, 0x00, 0x00, 0x00, 0x00, 0x00,
    0x00, 0x00, 0x00, 0x00, 0x00, 0x00, 0x00, 0x00, 0x00, 0x00, 0x00, 0x00, 0x00, 0x00, 0x00, 0x00,
    0x00, 0x00, 0x87, 0x3A, 0x11, 0x8E, 0x32, 0x96, 0xD1, 0x8D, 0xF1, 0x8D, 0xF2, 0x8D, 0xF2, 0x95,
    0xF2, 0x95, 0xD1, 0x8D, 0xD1, 0x8D, 0xD1, 0x8D, 0xF1, 0x8D, 0x31, 0x96, 0x52, 0x96, 0xAD, 0x6C,
    0xCB, 0x53, 0x0C, 0x64, 0xAE, 0x74, 0x51, 0x85, 0xB2, 0x8D, 0x13, 0x96, 0x33, 0x9E, 0xF2, 0x95,
    0xD1, 0x8D, 0xD1, 0x8D, 0xF1, 0x8D, 0xF1, 0x8D, 0x11, 0x8E, 0x11, 0x8E, 0x11, 0x8E, 0x11, 0x8E,
    0xF1, 0x8D, 0xF1, 0x8D, 0x6C, 0x64, 0x8A, 0x4B, 0x0E, 0x6D, 0xE8, 0x3A, 0x00, 0x00, 0x00, 0x00,
    0x00, 0x00, 0x00, 0x00, 0x00, 0x00, 0x00, 0x00, 0x00, 0x00, 0x00, 0x00, 0x00, 0x00, 0x00, 0x00,
    0x00, 0x00, 0x00, 0x00, 0x00, 0x00, 0x00, 0x00, 0x00, 0x00, 0x00, 0x00, 0x00, 0x00, 0x00, 0x00,
    0x00, 0x00, 0x00, 0x00, 0x00, 0x00, 0x00, 0x00, 0x00, 0x00, 0x00, 0x00, 0x00, 0x00, 0xEF, 0x7B,
    0xFF, 0xFF, 0xFF, 0xFF, 0xF5, 0xAF, 0xE7, 0x39, 0x00, 0x00, 0x00, 0x00, 0x00, 0x00, 0x00, 0x00,
    0x00, 0x00, 0x00, 0x00, 0x00, 0x00, 0x00, 0x00, 0x00, 0x00, 0x00, 0x00, 0x00, 0x00, 0x00, 0x00,
    0x00, 0x00, 0x00, 0x00, 0xE5, 0x21, 0x6F, 0x75, 0xD1, 0x8D, 0xD1, 0x8D, 0xD1, 0x8D, 0xD1, 0x8D,
    0xD1, 0x8D, 0xD1, 0x8D, 0xD1, 0x8D, 0xD1, 0x8D, 0xF1, 0x8D, 0x11, 0x8E, 0x31, 0x96, 0xD0, 0x85,
    0x49, 0x4B, 0x0B, 0x5C, 0xD1, 0x8D, 0x54, 0xA6, 0x74, 0xA6, 0x54, 0x9E, 0x33, 0x9E, 0x33, 0x9E,
    0xF2, 0x95, 0xD1, 0x8D, 0xD1, 0x8D, 0xD1, 0x8D, 0xD1, 0x8D, 0xD1, 0x8D, 0x11, 0x8E, 0x11, 0x8E,
    0x11, 0x8E, 0xF1, 0x8D, 0xD1, 0x8D, 0xF1, 0x8D, 0x0B, 0x5C, 0xEB, 0x53, 0xEE, 0x6C, 0x49, 0x43,
    0x00, 0x00, 0x00, 0x00, 0x00, 0x00, 0x00, 0x00, 0x00, 0x00, 0x00, 0x00, 0x00, 0x00, 0x00, 0x00,
    0x00, 0x00, 0x00, 0x00, 0x00, 0x00, 0x00, 0x00, 0x00, 0x00, 0x00, 0x00, 0x00, 0x00, 0x00, 0x00,
    0x00, 0x00, 0x00, 0x00, 0x00, 0x00, 0x00, 0x00, 0x00, 0x00, 0x00, 0x00, 0x00, 0x00, 0x00, 0x00,
    0x00, 0x00, 0x00, 0x00, 0x00, 0x00, 0x00, 0x00, 0x00, 0x00, 0x00, 0x00, 0x00, 0x00, 0xFF, 0xFF,
    0xAA, 0x02, 0x00, 0x00, 0x00, 0x00, 0x00, 0x00, 0x00, 0x00, 0x00, 0x00, 0x00, 0x00, 0x00, 0x00,
    0x00, 0x00, 0x4A, 0x55, 0x00, 0x00, 0x23, 0x11, 0xAD, 0x64, 0x0E, 0x6D, 0xB1, 0x85, 0xD1, 0x8D,
    0xF1, 0x8D, 0xF1, 0x8D, 0x11, 0x8E, 0x11, 0x8E, 0x11, 0x8E, 0x11, 0x8E, 0x11, 0x8E, 0x11, 0x8E,
    0xB0, 0x7D, 0xE8, 0x3A, 0xCE, 0x6C, 0x93, 0x9E, 0x53, 0x9E, 0x13, 0x9E, 0x13, 0x9E, 0x13, 0x9E,
    0x13, 0x9E, 0x12, 0x96, 0xF1, 0x8D, 0xD1, 0x8D, 0xD1, 0x8D, 0xD1, 0x8D, 0xD1, 0x8D, 0xD1, 0x8D,
    0xF1, 0x8D, 0xD1, 0x8D, 0xD1, 0x8D, 0xD1, 0x8D, 0xB1, 0x8D, 0xF1, 0x8D, 0xEB, 0x53, 0x0B, 0x54,
    0xCD, 0x64, 0xEB, 0x53, 0x40, 0x00, 0x00, 0x00, 0x00, 0x00, 0x00, 0x00, 0x00, 0x00, 0x00, 0x00,
    0x00, 0x00, 0x00, 0x00, 0x00, 0x00, 0x00, 0x00, 0x00, 0x00, 0x00, 0x00, 0x00, 0x00, 0x00, 0x00,
    0x00, 0x00, 0x00, 0x00, 0x00, 0x00, 0x00, 0x00, 0x00, 0x00, 0x00, 0x00, 0x00, 0x00, 0x00, 0x00,
    0x00, 0x00, 0xEF, 0x7B, 0x00, 0x00, 0x65, 0x21, 0xEE, 0x63, 0xAD, 0x5B, 0xEA, 0x42, 0xA5, 0x21,
    0x00, 0x00, 0x00, 0x00, 0x00, 0x00, 0xFF, 0xFF, 0xFF, 0xFF, 0x20, 0x00, 0x00, 0x00, 0x00, 0x00,
    0x00, 0x00, 0x00, 0x00, 0x00, 0x00, 0x20, 0x00, 0x40, 0x00, 0x69, 0x4B, 0xCD, 0x64, 0xAD, 0x64,
    0xB0, 0x85, 0xD1, 0x8D, 0xD1, 0x8D, 0xD1, 0x8D, 0xF1, 0x8D, 0xF1, 0x8D, 0xF1, 0x8D, 0x31, 0x96,
    0x52, 0x96, 0x10, 0x86, 0x48, 0x43, 0x2C, 0x64, 0xB0, 0x85, 0xF1, 0x8D, 0x12, 0x96, 0x12, 0x96,
    0xF2, 0x95, 0xF2, 0x95, 0xF1, 0x8D, 0xF1, 0x8D, 0xF1, 0x8D, 0xF1, 0x8D, 0xF1, 0x8D, 0xD1, 0x8D,
    0xD1, 0x8D, 0xD1, 0x8D, 0xD1, 0x8D, 0xD1, 0x8D, 0xD1, 0x8D, 0xF1, 0x8D, 0xF1, 0x8D, 0xD0, 0x85,
    0x0B, 0x54, 0xEB, 0x4B, 0xAD, 0x64, 0xAD, 0x64, 0x64, 0x19, 0x00, 0x00, 0xEF, 0x7F, 0x00, 0x00,
    0x00, 0x00, 0x00, 0x00, 0x00, 0x00, 0x00, 0x00, 0x00, 0x00, 0x00, 0x00, 0x00, 0x00, 0x00, 0x00,
    0x00, 0x00, 0x00, 0x00, 0x00, 0x00, 0x00, 0x00, 0x00, 0x00, 0x00, 0x00, 0x00, 0x00, 0x00, 0x00,
    0x00, 0x00, 0x00, 0x00, 0x00, 0x00, 0xFF, 0xFF, 0x00, 0x00, 0xB1, 0x74, 0x5A, 0xB7, 0xD8, 0xA6,
    0xB7, 0x9E, 0x15, 0x8E, 0xD0, 0x6C, 0xAC, 0x53, 0x64, 0x19, 0x00, 0x00, 0x00, 0x00, 0x00, 0x00,
    0x00, 0x00, 0x00, 0x00, 0x00, 0x00, 0x00, 0x00, 0x00, 0x00, 0x00, 0x00, 0xC1, 0x08, 0x6C, 0x5C,
    0x8C, 0x64, 0xCD, 0x64, 0xB0, 0x85, 0x32, 0x96, 0x11, 0x8E, 0xD1, 0x8D, 0xD1, 0x8D, 0x12, 0x96,
    0x11, 0x8E, 0x8F, 0x85, 0x8C, 0x64, 0x29, 0x43, 0x88, 0x42, 0x8F, 0x74, 0x0D, 0x5C, 0x8A, 0x53,
    0x31, 0x96, 0xF1, 0x8D, 0xD1, 0x8D, 0xD1, 0x85, 0xD1, 0x8D, 0xF1, 0x8D, 0xF1, 0x8D, 0x11, 0x8E,
    0xD1, 0x8D, 0xD1, 0x8D, 0xD1, 0x8D, 0xD1, 0x8D, 0xD1, 0x8D, 0xF1, 0x8D, 0x11, 0x96, 0x11, 0x96,
    0xF1, 0x8D, 0xB0, 0x7D, 0x2B, 0x5C, 0xAA, 0x4B, 0xAD, 0x64, 0xCD, 0x64, 0xE8, 0x3A, 0x00, 0x00,
    0x00, 0x00, 0x00, 0x00, 0x00, 0x00, 0x00, 0x00, 0x00, 0x00, 0x00, 0x00, 0x00, 0x00, 0x00, 0x00,
    0x00, 0x00, 0x00, 0x00, 0x00, 0x00, 0x00, 0x00, 0x00, 0x00, 0x00, 0x00, 0x00, 0x00, 0x00, 0x00,
    0x00, 0x00, 0x00, 0x00, 0x00, 0x00, 0x00, 0x00, 0xFF, 0xFF, 0x00, 0x00, 0xEA, 0x42, 0xD8, 0xA6,
    0x76, 0x9E, 0x56, 0x96, 0x35, 0x8E, 0x96, 0x96, 0x76, 0x96, 0x72, 0x75, 0x0A, 0x43, 0x48, 0x3A,
    0xED, 0x63, 0xED, 0x63, 0x2E, 0x6C, 0x6F, 0x6C, 0x90, 0x74, 0x6F, 0x6C, 0x0E, 0x64, 0xED, 0x5B,
    0xED, 0x53, 0xEC, 0x5B, 0xAB, 0x53, 0xAB, 0x53, 0x0B, 0x5C, 0xAD, 0x6C, 0x2E, 0x7D, 0xF1, 0x8D,
    0xF1, 0x8D, 0xCE, 0x74, 0xEC, 0x5B, 0x0D, 0x64, 0x12, 0x7D, 0x16, 0x9E, 0xD8, 0xB6, 0xB7, 0xA6,
    0xD7, 0x9E, 0x6B, 0x4B, 0x0E, 0x75, 0x32, 0x96, 0xD1, 0x8D, 0xD1, 0x8D, 0xD1, 0x8D, 0xF1, 0x8D,
    0xF1, 0x8D, 0xD1, 0x8D, 0xD1, 0x8D, 0xD1, 0x8D, 0xD1, 0x8D, 0xD1, 0x8D, 0xD1, 0x8D, 0x11, 0x8E,
    0x11, 0x96, 0x11, 0x8E, 0xB0, 0x85, 0x4F, 0x75, 0x6C, 0x5C, 0x89, 0x4B, 0xCD, 0x64, 0xAD, 0x64,
    0x4C, 0x5C, 0xA1, 0x08, 0x00, 0x00, 0xAA, 0x02, 0x00, 0x00, 0x00, 0x00, 0x00, 0x00, 0x00, 0x00,
    0x00, 0x00, 0x00, 0x00, 0x00, 0x00, 0x00, 0x00, 0x00, 0x00, 0x00, 0x00, 0x00, 0x00, 0x00, 0x00,
    0x00, 0x00, 0x00, 0x00, 0x00, 0x00, 0x00, 0x00, 0x00, 0x00, 0x00, 0x00, 0xFF, 0xFF, 0x41, 0x08,
    0x52, 0x7D, 0x97, 0x96, 0x35, 0x8E, 0x35, 0x8E, 0x55, 0x8E, 0x31, 0x75, 0x4B, 0x4B, 0x2F, 0x6C,
    0x36, 0x9E, 0x19, 0xB7, 0x3A, 0xBF, 0x39, 0xBF, 0x19, 0xB7, 0x18, 0xB7, 0x18, 0xB7, 0x18, 0xB7,
    0xF8, 0xAE, 0xD8, 0xA6, 0xB7, 0x9E, 0x96, 0x9E, 0x56, 0x9E, 0x15, 0x8E, 0xB3, 0x7D, 0x11, 0x6D,
    0xB0, 0x6C, 0x0A, 0x43, 0x2A, 0x4B, 0xB0, 0x74, 0x16, 0x9E, 0xF9, 0xB6, 0x19, 0xB7, 0xD8, 0xAE,
    0x56, 0x96, 0x35, 0x8E, 0x76, 0x96, 0x11, 0x6D, 0xEB, 0x5B, 0x32, 0x96, 0xB1, 0x8D, 0xD1, 0x8D,
    0xD1, 0x8D, 0xF1, 0x8D, 0xD1, 0x8D, 0xD1, 0x8D, 0xD1, 0x8D, 0xD1, 0x8D, 0xD1, 0x8D, 0xD1, 0x8D,
    0x11, 0x8E, 0x11, 0x96, 0x11, 0x8E, 0xD1, 0x8D, 0x6F, 0x7D, 0x0D, 0x6D, 0xAD, 0x64, 0xCA, 0x4B,
    0x6C, 0x5C, 0xAC, 0x64, 0x0D, 0x65, 0x66, 0x32, 0x00, 0x00, 0xFF, 0xFF, 0x00, 0x00, 0x00, 0x00,
    0x00, 0x00, 0x00, 0x00, 0x00, 0x00, 0x00, 0x00, 0x00, 0x00, 0x00, 0x00, 0x00, 0x00, 0x00, 0x00,
    0x00, 0x00, 0x00, 0x00, 0x00, 0x00, 0x00, 0x00, 0x00, 0x00, 0x00, 0x00, 0x00, 0x00, 0xF5, 0xAF,
    0x00, 0x00, 0x68, 0x3A, 0x96, 0x96, 0x35, 0x8E, 0x35, 0x8E, 0x55, 0x8E, 0x35, 0x96, 0xB4, 0x95,
    0x97, 0xAE, 0x39, 0xBF, 0xD8, 0xB6, 0xB8, 0xAE, 0xB8, 0xB6, 0xB8, 0xAE, 0x76, 0xA6, 0x76, 0xA6,
    0x76, 0xA6, 0x97, 0xA6, 0x97, 0xA6, 0x96, 0x9E, 0x76, 0x9E, 0x96, 0x9E, 0x55, 0x96, 0x55, 0x96,
    0x76, 0x8E, 0x76, 0x96, 0x76, 0x96, 0x53, 0x85, 0x57, 0xA6, 0x19, 0xB7, 0xD8, 0xAE, 0x97, 0xAE,
    0x76, 0x9E, 0x55, 0x8E, 0x35, 0x8E, 0x55, 0x8E, 0x55, 0x8E, 0x93, 0x75, 0x4B, 0x4B, 0xD0, 0x8D,
    0xD1, 0x8D, 0xD1, 0x8D, 0xD1, 0x8D, 0xD1, 0x8D, 0xD1, 0x8D, 0xD1, 0x8D, 0xD1, 0x8D, 0xD1, 0x8D,
    0xD1, 0x8D, 0x11, 0x8E, 0x11, 0x96, 0x11, 0x96, 0xF1, 0x8D, 0x6F, 0x7D, 0x4E, 0x75, 0xCD, 0x5C,
    0xCD, 0x64, 0xEA, 0x53, 0x0B, 0x54, 0xED, 0x64, 0xCD, 0x64, 0x6C, 0x5C, 0xA1, 0x08, 0x00, 0x00,
    0xAA, 0x52, 0x00, 0x00, 0x00, 0x00, 0x00, 0x00, 0x00, 0x00, 0x00, 0x00, 0x00, 0x00, 0x00, 0x00,
    0x00, 0x00, 0x00, 0x00, 0x00, 0x00, 0x00, 0x00, 0x00, 0x00, 0x00, 0x00, 0x00, 0x00, 0x00, 0x00,
    0x00, 0x00, 0x00, 0x00, 0x20, 0x00, 0x8F, 0x64, 0xB7, 0x96, 0x35, 0x8E, 0x55, 0x8E, 0x96, 0xA6,
    0xD8, 0xB6, 0x19, 0xBF, 0xD8, 0xB6, 0x98, 0xAE, 0xB8, 0xAE, 0xB8, 0xAE, 0xB8, 0xAE, 0x97, 0xAE,
    0xB7, 0xAE, 0xD8, 0xAE, 0xF8, 0xB6, 0xB7, 0xAE, 0x36, 0x9E, 0xF5, 0x95, 0xB4, 0x8D, 0x93, 0x85,
    0x55, 0x96, 0x55, 0x96, 0x35, 0x8E, 0x35, 0x8E, 0x56, 0x9E, 0xB8, 0xA6, 0x97, 0xA6, 0x76, 0xA6,
    0x76, 0x9E, 0x75, 0x9E, 0x35, 0x8E, 0x35, 0x8E, 0x35, 0x8E, 0x35, 0x8E, 0x35, 0x86, 0xD4, 0x7D,
    0xAC, 0x53, 0x4F, 0x7D, 0xF1, 0x8D, 0xD1, 0x8D, 0xD1, 0x8D, 0xD1, 0x8D, 0xD1, 0x8D, 0xD1, 0x8D,
    0xD1, 0x8D, 0xD1, 0x8D, 0x11, 0x8E, 0x31, 0x96, 0x11, 0x8E, 0xD0, 0x8D, 0x6F, 0x7D, 0x4E, 0x75,
    0xED, 0x64, 0xAC, 0x5C, 0xCD, 0x64, 0x2B, 0x54, 0x89, 0x43, 0xCD, 0x64, 0xAC, 0x64, 0x4F, 0x75,
    0xE8, 0x42, 0x00, 0x00, 0x00, 0x00, 0x00, 0x00, 0x00, 0x00, 0x00, 0x00, 0x00, 0x00, 0x00, 0x00,
    0x00, 0x00, 0x00, 0x00, 0x00, 0x00, 0x00, 0x00, 0x00, 0x00, 0x00, 0x00, 0x00, 0x00, 0x00, 0x00,
    0x00, 0x00, 0x00, 0x00, 0xE7, 0x39, 0x00, 0x00, 0x44, 0x19, 0x56, 0x8E, 0xD4, 0x85, 0x73, 0x7D,
    0xD7, 0xAE, 0xB8, 0xB6, 0xD8, 0xB6, 0xB8, 0xB6, 0xB8, 0xAE, 0xB8, 0xAE, 0xB8, 0xAE, 0x98, 0xAE,
    0xF9, 0xB6, 0x19, 0xBF, 0x77, 0xAE, 0x73, 0x8D, 0x6F, 0x6C, 0xAC, 0x53, 0x6B, 0x43, 0x2A, 0x3B,
    0x8B, 0x43, 0xA8, 0x32, 0x31, 0x7D, 0x96, 0x96, 0x35, 0x8E, 0x55, 0x8E, 0x56, 0x96, 0x35, 0x8E,
    0x55, 0x96, 0x75, 0x96, 0x55, 0x96, 0x55, 0x8E, 0x35, 0x8E, 0x35, 0x8E, 0x35, 0x8E, 0x35, 0x8E,
    0x35, 0x86, 0xD4, 0x7D, 0x2F, 0x5C, 0xCE, 0x6C, 0x11, 0x96, 0xD1, 0x85, 0xD1, 0x8D, 0xD1, 0x8D,
    0xD1, 0x8D, 0xD1, 0x8D, 0xD1, 0x8D, 0x11, 0x8E, 0x11, 0x8E, 0xF0, 0x85, 0xAF, 0x85, 0x6F, 0x7D,
    0x2E, 0x6D, 0xED, 0x64, 0xAC, 0x5C, 0xAC, 0x64, 0x6C, 0x5C, 0x8D, 0x64, 0x49, 0x43, 0x6C, 0x5C,
    0x8D, 0x64, 0xEE, 0x74, 0x4F, 0x75, 0xE5, 0x29, 0x00, 0x00, 0x4A, 0x55, 0x00, 0x00, 0x00, 0x00,
    0x00, 0x00, 0x00, 0x00, 0x00, 0x00, 0x00, 0x00, 0x00, 0x00, 0x00, 0x00, 0x00, 0x00, 0x00, 0x00,
    0x00, 0x00, 0x00, 0x00, 0x00, 0x00, 0x00, 0x00, 0x55, 0xAD, 0x00, 0x00, 0xEA, 0x42, 0x73, 0x75,
    0x4F, 0x64, 0x96, 0xA6, 0xB8, 0xAE, 0xD8, 0xB6, 0xD8, 0xB6, 0xD8, 0xB6, 0xB8, 0xAE, 0x98, 0xAE,
    0xD8, 0xB6, 0xF9, 0xB6, 0xD5, 0x95, 0x4F, 0x6C, 0xED, 0x5B, 0x0D, 0x5C, 0xED, 0x53, 0x0C, 0x4C,
    0x0C, 0x4C, 0x4D, 0x54, 0x2C, 0x54, 0xCC, 0x53, 0x55, 0x96, 0x55, 0x8E, 0x35, 0x8E, 0x35, 0x8E,
    0x55, 0x8E, 0x55, 0x96, 0x75, 0x9E, 0x55, 0x96, 0x55, 0x8E, 0x35, 0x8E, 0x35, 0x8E, 0x35, 0x8E,
    0x35, 0x8E, 0x35, 0x8E, 0x35, 0x86, 0xB3, 0x7D, 0x70, 0x64, 0xEC, 0x5B, 0x32, 0x96, 0xD1, 0x8D,
    0xF1, 0x8D, 0xF1, 0x8D, 0xD1, 0x8D, 0xD0, 0x85, 0xB0, 0x85, 0xB0, 0x85, 0x8F, 0x7D, 0x8F, 0x7D,
    0x4E, 0x75, 0x0D, 0x65, 0xCD, 0x5C, 0x8C, 0x5C, 0x8C, 0x64, 0x8C, 0x5C, 0x8C, 0x5C, 0xAD, 0x64,
    0xEB, 0x53, 0xAA, 0x4B, 0xAD, 0x64, 0xAD, 0x6C, 0x0F, 0x75, 0x2C, 0x5C, 0x41, 0x08, 0x00, 0x00,
    0x00, 0x00, 0x00, 0x00, 0x00, 0x00, 0x00, 0x00, 0x00, 0x00, 0x00, 0x00, 0x00, 0x00, 0x00, 0x00,
    0x00, 0x00, 0x00, 0x00, 0x00, 0x00, 0x00, 0x00, 0x00, 0x00, 0x00, 0x00, 0x00, 0x00, 0x86, 0x31,
    0x65, 0x21, 0xAC, 0x53, 0x96, 0x9E, 0xB7, 0xAE, 0xB7, 0xAE, 0xD8, 0xB6, 0xD8, 0xB6, 0xD8, 0xB6,
    0xD8, 0xB6, 0x19, 0xBF, 0x36, 0x9E, 0x4F, 0x6C, 0xAC, 0x53, 0x2D, 0x5C, 0x8F, 0x64, 0x4E, 0x5C,
    0x0D, 0x4C, 0xEC, 0x4B, 0x2D, 0x54, 0x2C, 0x54, 0x8B, 0x4B, 0x14, 0x8E, 0x76, 0x96, 0x35, 0x8E,
    0x35, 0x8E, 0x55, 0x96, 0x55, 0x96, 0x55, 0x9E, 0x55, 0x96, 0x55, 0x8E, 0x35, 0x8E, 0x35, 0x8E,
    0x35, 0x8E, 0x35, 0x8E, 0x55, 0x8E, 0x55, 0x8E, 0x15, 0x86, 0x93, 0x7D, 0xB1, 0x6C, 0x4A, 0x4B,
    0xF1, 0x8D, 0xB0, 0x85, 0xD0, 0x85, 0xB0, 0x85, 0x6F, 0x7D, 0x6F, 0x75, 0x4E, 0x75, 0x2E, 0x6D,
    0x0D, 0x65, 0x0D, 0x65, 0xED, 0x5C, 0xAC, 0x5C, 0x8C, 0x5C, 0x8C, 0x5C, 0x8C, 0x5C, 0x8C, 0x64,
    0x8C, 0x5C, 0x8D, 0x5C, 0x6C, 0x5C, 0x49, 0x43, 0x8D, 0x64, 0xAD, 0x6C, 0xCE, 0x6C, 0x2F, 0x75,
    0x26, 0x32, 0x00, 0x00, 0xFF, 0xFF, 0x00, 0x00, 0x00, 0x00, 0x00, 0x00, 0x00, 0x00, 0x00, 0x00,
    0x00, 0x00, 0x00, 0x00, 0x00, 0x00, 0x00, 0x00, 0x00, 0x00, 0x00, 0x00, 0x00, 0x00, 0x00, 0x00,
    0xFF, 0xFF, 0x00, 0x00, 0x68, 0x3A, 0x96, 0x9E, 0x96, 0xA6, 0x97, 0xAE, 0xB7, 0xAE, 0xB8, 0xB6,
    0xD8, 0xB6, 0xB8, 0xB6, 0xD8, 0xB6, 0xD0, 0x74, 0x8C, 0x4B, 0x2D, 0x5C, 0xAF, 0x64, 0x6E, 0x5C,
    0x0D, 0x54, 0x0C, 0x4C, 0xEC, 0x4B, 0x4D, 0x54, 0xEB, 0x4B, 0x8B, 0x4B, 0xF4, 0x8D, 0x76, 0x96,
    0x35, 0x8E, 0x35, 0x8E, 0x55, 0x96, 0x75, 0x9E, 0x75, 0x96, 0x55, 0x96, 0x55, 0x8E, 0x35, 0x8E,
    0x35, 0x8E, 0x35, 0x8E, 0x55, 0x8E, 0x55, 0x8E, 0x55, 0x96, 0x55, 0x96, 0x35, 0x86, 0x73, 0x75,
    0x12, 0x75, 0x4B, 0x4B, 0x0D, 0x6D, 0x4F, 0x75, 0x4E, 0x6D, 0x6E, 0x75, 0x4E, 0x6D, 0x0D, 0x65,
    0xED, 0x64, 0xCD, 0x5C, 0xAC, 0x5C, 0x8C, 0x5C, 0x8C, 0x5C, 0x8C, 0x64, 0x6C, 0x5C, 0x8C, 0x5C,
    0x8C, 0x64, 0x6C, 0x5C, 0x8C, 0x5C, 0xAC, 0x64, 0xCD, 0x64, 0x69, 0x43, 0x2B, 0x54, 0xCE, 0x6C,
    0xCE, 0x6C, 0x0E, 0x75, 0x4C, 0x64, 0x81, 0x08, 0x00, 0x00, 0xE0, 0x01, 0x00, 0x00, 0x00, 0x00,
    0x00, 0x00, 0x00, 0x00, 0x00, 0x00, 0x00, 0x00, 0x00, 0x00, 0x00, 0x00, 0x00, 0x00, 0x00, 0x00,
    0x00, 0x00, 0x55, 0xAD, 0x00, 0x00, 0x88, 0x3A, 0x96, 0x9E, 0x96, 0x9E, 0x76, 0x9E, 0xB7, 0xAE,
    0xB7, 0xAE, 0xB7, 0xAE, 0xB7, 0xAE, 0x97, 0xAE, 0xD8, 0xAE, 0xAD, 0x5B, 0xAB, 0x4B, 0xAF, 0x64,
    0x0D, 0x4C, 0x0C, 0x4C, 0x0C, 0x4C, 0x2D, 0x4C, 0x0D, 0x4C, 0x8A, 0x43, 0x0D, 0x5C, 0x35, 0x96,
    0x76, 0x96, 0x35, 0x8E, 0x35, 0x8E, 0x55, 0x96, 0x55, 0x9E, 0x55, 0x96, 0x55, 0x96, 0x55, 0x8E,
    0x35, 0x8E, 0x35, 0x8E, 0x55, 0x96, 0x55, 0x96, 0x55, 0x96, 0x55, 0x96, 0x55, 0x96, 0x55, 0x96,
    0x34, 0x86, 0x72, 0x7D, 0x32, 0x75, 0x8C, 0x53, 0x2B, 0x54, 0x0D, 0x65, 0xCD, 0x5C, 0xED, 0x64,
    0xEC, 0x64, 0xCC, 0x64, 0xAC, 0x5C, 0x8C, 0x5C, 0x8C, 0x5C, 0x8C, 0x5C, 0x8C, 0x64, 0x8C, 0x5C,
    0x8C, 0x5C, 0x8C, 0x64, 0x8C, 0x5C, 0x8C, 0x5C, 0xAD, 0x64, 0xCD, 0x64, 0xCD, 0x64, 0x2B, 0x54,
    0x8A, 0x4B, 0xEE, 0x6C, 0xCE, 0x6C, 0xCE, 0x6C, 0x2F, 0x75, 0xE5, 0x29, 0x00, 0x00, 0xFF, 0x7F,
    0x00, 0x00, 0x00, 0x00, 0x00, 0x00, 0x00, 0x00, 0x00, 0x00, 0x00, 0x00, 0x00, 0x00, 0x00, 0x00,
    0x00, 0x00, 0x00, 0x00, 0xAA, 0x02, 0x00, 0x00, 0xA2, 0x10, 0x72, 0x85, 0x96, 0x9E, 0x55, 0x96,
    0x76, 0x9E, 0xB7, 0xAE, 0xB7, 0xAE, 0x97, 0xAE, 0xB7, 0xAE, 0xB7, 0xAE, 0x97, 0xA6, 0x97, 0xA6,
    0x4B, 0x4B, 0x6A, 0x3B, 0x2D, 0x4C, 0x2D, 0x4C, 0x2D, 0x4C, 0xAB, 0x43, 0x6A, 0x43, 0xF0, 0x74,
    0x96, 0x96, 0x55, 0x8E, 0x35, 0x8E, 0x35, 0x8E, 0x55, 0x8E, 0x55, 0x96, 0x55, 0x96, 0x55, 0x96,
    0x55, 0x96, 0x35, 0x8E, 0x55, 0x8E, 0x55, 0x96, 0x55, 0x96, 0x55, 0x96, 0x55, 0x96, 0x55, 0x96,
    0x55, 0x96, 0x55, 0x96, 0x14, 0x86, 0x52, 0x7D, 0x52, 0x7D, 0x0E, 0x5C, 0x89, 0x4B, 0xAD, 0x64,
    0x8C, 0x5C, 0xAC, 0x64, 0xAC, 0x64, 0xAC, 0x64, 0xCC, 0x64, 0xCC, 0x64, 0xAC, 0x64, 0xAC, 0x64,
    0x8C, 0x64, 0x8C, 0x64, 0x8C, 0x5C, 0x8C, 0x5C, 0x8C, 0x5C, 0x8C, 0x64, 0xAD, 0x64, 0xAD, 0x64,
    0xAD, 0x64, 0xAD, 0x64, 0x49, 0x43, 0xCE, 0x6C, 0xEE, 0x74, 0xCE, 0x6C, 0x2F, 0x75, 0x6A, 0x4B,
    0x00, 0x00, 0x00, 0x00, 0x00, 0x00, 0x00, 0x00, 0x00, 0x00, 0x00, 0x00, 0x00, 0x00, 0x00, 0x00,
    0x00, 0x00, 0x00, 0x00, 0x00, 0x00, 0x00, 0x00, 0xFF, 0xFF, 0x00, 0x00, 0xCC, 0x53, 0xF7, 0xA6,
    0xB7, 0x9E, 0x55, 0x96, 0x76, 0x9E, 0x97, 0xA6, 0x97, 0xAE, 0xD8, 0xAE, 0x97, 0xAE, 0xD4, 0x8D,
    0x56, 0x96, 0x55, 0x8E, 0x35, 0x8E, 0x0D, 0x54, 0x4A, 0x3B, 0x8B, 0x43, 0x6B, 0x43, 0x4E, 0x5C,
    0xD4, 0x85, 0x96, 0x96, 0x15, 0x86, 0x35, 0x8E, 0x35, 0x8E, 0x35, 0x8E, 0x55, 0x96, 0x55, 0x96,
    0x55, 0x96, 0x55, 0x96, 0x55, 0x8E, 0x35, 0x8E, 0x55, 0x96, 0x55, 0x96, 0x55, 0x96, 0x55, 0x96,
    0x55, 0x96, 0x55, 0x96, 0x55, 0x96, 0x55, 0x96, 0xF4, 0x85, 0x32, 0x7D, 0x52, 0x7D, 0xD1, 0x74,
    0xA7, 0x3A, 0xCD, 0x64, 0xAC, 0x5C, 0xCC, 0x64, 0xCC, 0x64, 0xAC, 0x64, 0xAC, 0x5C, 0x8C, 0x5C,
    0x8C, 0x64, 0x8C, 0x5C, 0xAC, 0x64, 0xAC, 0x64, 0x8C, 0x5C, 0x8C, 0x5C, 0x8C, 0x5C, 0x8C, 0x5C,
    0x8C, 0x5C, 0x8C, 0x5C, 0x8C, 0x5C, 0xCD, 0x64, 0x49, 0x43, 0x4C, 0x5C, 0x2F, 0x75, 0xEE, 0x74,
    0xEE, 0x74, 0xCE, 0x6C, 0x44, 0x19, 0x00, 0x00, 0xAA, 0x52, 0x00, 0x00, 0x00, 0x00, 0x00, 0x00,
    0x00, 0x00, 0x00, 0x00, 0x00, 0x00, 0x00, 0x00, 0x00, 0x00, 0xE7, 0x39, 0x00, 0x00, 0x44, 0x19,
    0x76, 0x9E, 0x97, 0xA6, 0x31, 0x7D, 0x75, 0x9E, 0x55, 0x96, 0x75, 0x96, 0x96, 0x9E, 0xB3, 0x8D,
    0xAB, 0x4B, 0x4A, 0x43, 0x55, 0x8E, 0x35, 0x8E, 0x55, 0x8E, 0x96, 0x96, 0x31, 0x75, 0x0D, 0x54,
    0xD3, 0x85, 0x96, 0x96, 0x55, 0x8E, 0x35, 0x8E, 0x35, 0x8E, 0x35, 0x8E, 0x35, 0x8E, 0x55, 0x8E,
    0x76, 0x96, 0x55, 0x96, 0x55, 0x96, 0x55, 0x96, 0x35, 0x8E, 0x55, 0x8E, 0xB6, 0x9E, 0x96, 0x9E,
    0x55, 0x96, 0x55, 0x96, 0x55, 0x96, 0x55, 0x96, 0x55, 0x96, 0x35, 0x8E, 0xB3, 0x85, 0x32, 0x7D,
    0x32, 0x7D, 0x52, 0x7D, 0xC6, 0x29, 0x49, 0x43, 0x0D, 0x6D, 0xAC, 0x64, 0xAC, 0x64, 0x8C, 0x5C,
    0x8C, 0x5C, 0x8C, 0x5C, 0x8C, 0x5C, 0x8C, 0x5C, 0x8C, 0x5C, 0x8C, 0x64, 0x8C, 0x5C, 0x8C, 0x64,
    0x8C, 0x5C, 0x8C, 0x5C, 0x8C, 0x64, 0x8C, 0x5C, 0x6C, 0x5C, 0xCD, 0x64, 0xAA, 0x4B, 0xAA, 0x4B,
    0x4F, 0x7D, 0x0E, 0x75, 0xEE, 0x6C, 0x2F, 0x75, 0xA7, 0x3A, 0x00, 0x00, 0x00, 0x00, 0x00, 0x00,
    0x00, 0x00, 0x00, 0x00, 0x00, 0x00, 0x00, 0x00, 0x00, 0x00, 0x00, 0x00, 0x00, 0x00, 0xFF, 0xFF,
    0x00, 0x00, 0xCD, 0x5B, 0xB7, 0xA6, 0xD3, 0x8C, 0x73, 0x84, 0x52, 0x7D, 0x96, 0x9E, 0xD3, 0x8D,
    0xB7, 0x9E, 0x0D, 0x5C, 0x4A, 0x3B, 0x0D, 0x54, 0x35, 0x8E, 0x55, 0x96, 0x35, 0x8E, 0x35, 0x8E,
    0x76, 0x8E, 0x96, 0x96, 0x55, 0x96, 0x35, 0x8E, 0x35, 0x8E, 0x55, 0x8E, 0x55, 0x8E, 0x35, 0x8E,
    0x35, 0x8E, 0x35, 0x8E, 0xD3, 0x85, 0x76, 0x9E, 0x55, 0x96, 0x35, 0x8E, 0x76, 0x96, 0x14, 0x86,
    0xB0, 0x64, 0xF0, 0x6C, 0x96, 0x96, 0x76, 0x96, 0x55, 0x96, 0x55, 0x96, 0x55, 0x96, 0x34, 0x8E,
    0x93, 0x7D, 0x32, 0x7D, 0x32, 0x7D, 0x32, 0x7D, 0xAD, 0x53, 0x6B, 0x4B, 0xC9, 0x4B, 0xED, 0x64,
    0x6C, 0x5C, 0x8C, 0x5C, 0x8C, 0x5C, 0x8C, 0x5C, 0x8C, 0x5C, 0x8C, 0x5C, 0x8C, 0x64, 0x8C, 0x5C,
    0xAC, 0x64, 0x8C, 0x5C, 0x8C, 0x5C, 0x8C, 0x5C, 0x8C, 0x64, 0x8C, 0x5C, 0x8C, 0x5C, 0xCD, 0x64,
    0xEB, 0x53, 0x08, 0x43, 0x2E, 0x75, 0x0E, 0x75, 0xCD, 0x6C, 0x0E, 0x6D, 0xCB, 0x53, 0x00, 0x00,
    0x00, 0x00, 0x00, 0x00, 0x00, 0x00, 0x00, 0x00, 0x00, 0x00, 0x00, 0x00, 0x00, 0x00, 0x00, 0x00,
    0xE7, 0x39, 0x00, 0x00, 0xE6, 0x29, 0xF4, 0x8D, 0xD2, 0x84, 0x3E, 0xDF, 0x31, 0x8C, 0x8C, 0x5B,
    0xF7, 0xA6, 0x8F, 0x6C, 0x96, 0x9E, 0xAF, 0x6C, 0x09, 0x33, 0x0D, 0x54, 0x56, 0x96, 0x35, 0x8E,
    0x35, 0x8E, 0x35, 0x8E, 0x35, 0x8E, 0x55, 0x96, 0x96, 0x9E, 0x55, 0x96, 0x35, 0x8E, 0x35, 0x8E,
    0x55, 0x96, 0x35, 0x8E, 0x76, 0x96, 0x11, 0x75, 0xD4, 0x8D, 0x96, 0x9E, 0x35, 0x8E, 0x96, 0x96,
    0x11, 0x6D, 0xEF, 0x63, 0x05, 0x39, 0x25, 0x71, 0xA9, 0x5A, 0x14, 0x86, 0x96, 0x9E, 0x55, 0x96,
    0x55, 0x96, 0x14, 0x86, 0x72, 0x7D, 0x32, 0x7D, 0x32, 0x7D, 0x52, 0x7D, 0x8C, 0x53, 0x52, 0x7D,
    0xAC, 0x53, 0x8A, 0x4B, 0xCD, 0x64, 0x6C, 0x5C, 0x8C, 0x5C, 0xAD, 0x64, 0x8C, 0x5C, 0x8C, 0x5C,
    0x8C, 0x5C, 0x8C, 0x5C, 0x8C, 0x64, 0x8C, 0x5C, 0x8C, 0x5C, 0x8C, 0x5C, 0x8C, 0x5C, 0x8D, 0x64,
    0xAD, 0x64, 0xED, 0x6C, 0x2B, 0x5C, 0xE8, 0x3A, 0x0E, 0x6D, 0xEE, 0x74, 0xCD, 0x6C, 0xCD, 0x64,
    0xAD, 0x6C, 0xE3, 0x10, 0x00, 0x00, 0xE7, 0x39, 0x00, 0x00, 0x00, 0x00, 0x00, 0x00, 0x00, 0x00,
    0x00, 0x00, 0x00, 0x00, 0xFF, 0xFF, 0x00, 0x00, 0xCC, 0x53, 0x12, 0x75, 0x7B, 0xCE, 0x39, 0xC6,
    0xC4, 0x78, 0x6C, 0x73, 0xD7, 0x9E, 0x6F, 0x6C, 0x76, 0x96, 0xB3, 0x7D, 0x6B, 0x4B, 0x52, 0x75,
    0x56, 0x8E, 0x35, 0x8E, 0x35, 0x8E, 0x35, 0x8E, 0x96, 0x9E, 0x35, 0x96, 0x52, 0x7D, 0x55, 0x96,
    0x35, 0x8E, 0x35, 0x8E, 0x35, 0x8E, 0x76, 0x96, 0xB3, 0x85, 0x32, 0x7D, 0xF8, 0xB6, 0x56, 0x9E,
    0x76, 0x8E, 0xD0, 0x6C, 0x56, 0x9D, 0x32, 0x8C, 0xA7, 0x91, 0x6A, 0xBA, 0x87, 0x99, 0x85, 0x41,
    0xF4, 0x85, 0x76, 0x9E, 0x35, 0x8E, 0xF3, 0x85, 0x52, 0x7D, 0x12, 0x75, 0xF1, 0x74, 0x53, 0x7D,
    0xCD, 0x5B, 0x4E, 0x64, 0xF4, 0x8D, 0xAC, 0x53, 0x89, 0x4B, 0xCD, 0x64, 0x8C, 0x5C, 0x8C, 0x5C,
    0x8C, 0x5C, 0x8C, 0x5C, 0x8C, 0x5C, 0x8C, 0x64, 0x8C, 0x5C, 0x8C, 0x5C, 0x8C, 0x5C, 0x8C, 0x5C,
    0xAD, 0x64, 0xCD, 0x64, 0xCD, 0x6C, 0xED, 0x6C, 0x2B, 0x5C, 0x08, 0x43, 0x0D, 0x6D, 0xCD, 0x6C,
    0xCD, 0x6C, 0xCD, 0x64, 0x0E, 0x6D, 0xE5, 0x29, 0x00, 0x00, 0x4A, 0x55, 0x00, 0x00, 0x00, 0x00,
    0x00, 0x00, 0x00, 0x00, 0x00, 0x00, 0x00, 0x00, 0x00, 0x00, 0xA2, 0x10, 0x6F, 0x5C, 0x35, 0x95,
    0xFF, 0xFF, 0xCF, 0x9B, 0x2A, 0xAA, 0x2B, 0x73, 0xB6, 0x96, 0x8F, 0x64, 0x35, 0x8E, 0x55, 0x8E,
    0x76, 0x8E, 0x56, 0x8E, 0x35, 0x8E, 0x55, 0x8E, 0x35, 0x8E, 0xB6, 0x9E, 0x93, 0x85, 0x2A, 0x43,
    0x67, 0x32, 0x72, 0x7D, 0x76, 0x8E, 0x35, 0x86, 0x55, 0x96, 0x96, 0x9E, 0xAF, 0x6C, 0x76, 0xA6,
    0xB7, 0xAE, 0xB6, 0x9E, 0xF1, 0x6C, 0xF5, 0x9C, 0x3E, 0xE7, 0x49, 0x72, 0x2D, 0xB3, 0xAB, 0xA2,
    0xE8, 0xA9, 0x46, 0x91, 0x2B, 0x53, 0xD7, 0x9E, 0x14, 0x8E, 0x93, 0x7D, 0xF2, 0x74, 0xF2, 0x74,
    0xF1, 0x74, 0x73, 0x7D, 0x2E, 0x64, 0x0E, 0x5C, 0x72, 0x7D, 0x93, 0x85, 0x6B, 0x4B, 0x29, 0x43,
    0xCD, 0x64, 0x6C, 0x5C, 0x8C, 0x5C, 0x8C, 0x5C, 0x8C, 0x64, 0x8C, 0x5C, 0x8C, 0x5C, 0xAD, 0x64,
    0xAD, 0x64, 0xAD, 0x64, 0xCD, 0x64, 0xCD, 0x6C, 0xCD, 0x6C, 0xCD, 0x6C, 0x6C, 0x64, 0x0B, 0x5C,
    0xED, 0x6C, 0xAD, 0x64, 0xCD, 0x6C, 0xAC, 0x64, 0x2E, 0x75, 0x09, 0x43, 0x00, 0x00, 0xFF, 0xFF,
    0x00, 0x00, 0x00, 0x00, 0x00, 0x00, 0x00, 0x00, 0x00, 0x00, 0xE7, 0x39, 0x00, 0x00, 0xE6, 0x29,
    0x2E, 0x5C, 0xFC, 0xE6, 0x7D, 0xEF, 0xEC, 0x92, 0x8F, 0xBB, 0xAE, 0x7B, 0x55, 0x8E, 0xF1, 0x6C,
    0x35, 0x8E, 0x35, 0x8E, 0x35, 0x8E, 0x35, 0x8E, 0x55, 0x96, 0x55, 0x96, 0xB6, 0x9E, 0x72, 0x85,
    0xC8, 0x3A, 0x0C, 0x54, 0xE9, 0x3A, 0x52, 0x75, 0x76, 0x8E, 0x35, 0x8E, 0x96, 0x9E, 0x92, 0x85,
    0x4F, 0x64, 0xF8, 0xB6, 0x97, 0xA6, 0xF3, 0x85, 0x92, 0x84, 0xFF, 0xFF, 0x75, 0xB5, 0x6A, 0x92,
    0x8F, 0xB3, 0x6E, 0xB3, 0xAF, 0xBB, 0xE8, 0xB1, 0xC7, 0x79, 0xD3, 0x7D, 0x14, 0x8E, 0x32, 0x75,
    0xF2, 0x74, 0xF2, 0x74, 0x12, 0x75, 0x72, 0x7D, 0x90, 0x6C, 0xCD, 0x5B, 0x73, 0x7D, 0xF1, 0x74,
    0x32, 0x75, 0x0B, 0x43, 0x08, 0x43, 0xED, 0x64, 0x8C, 0x5C, 0x8C, 0x5C, 0x8C, 0x5C, 0x8C, 0x5C,
    0xAD, 0x64, 0xCD, 0x6C, 0xCD, 0x6C, 0xCD, 0x6C, 0xCD, 0x6C, 0xCD, 0x6C, 0xCD, 0x6C, 0xCD, 0x6C,
    0xAC, 0x64, 0xAD, 0x64, 0xCD, 0x6C, 0xCD, 0x6C, 0xCD, 0x6C, 0xAC, 0x64, 0x0E, 0x6D, 0x69, 0x4B,
    0x00, 0x00, 0x00, 0x00, 0x00, 0x00, 0x00, 0x00, 0x00, 0x00, 0x00, 0x00, 0x00, 0x00, 0xFF, 0xFF,
    0x00, 0x00, 0x0A, 0x43, 0x0F, 0x6C, 0xFF, 0xFF, 0x75, 0xB5, 0x4A, 0x8A, 0xF4, 0xD4, 0xB5, 0xA5,
    0xF4, 0x7D, 0xB3, 0x7D, 0x35, 0x8E, 0x35, 0x8E, 0x55, 0x96, 0x55, 0x96, 0x55, 0x96, 0x76, 0x9E,
    0xB3, 0x85, 0x29, 0x43, 0x0C, 0x54, 0x0C, 0x54, 0xC9, 0x32, 0xB3, 0x85, 0x76, 0x96, 0x55, 0x96,
    0x96, 0x9E, 0x31, 0x7D, 0x52, 0x85, 0xD8, 0xAE, 0x75, 0x96, 0xCE, 0x63, 0xFC, 0xE6, 0xFF, 0xFF,
    0x30, 0x9C, 0xCC, 0xA2, 0x2D, 0xAB, 0xD7, 0xDD, 0xFF, 0xFF, 0x0D, 0xB3, 0x66, 0x99, 0xAC, 0x63,
    0xD4, 0x7D, 0xF2, 0x74, 0xF2, 0x74, 0x12, 0x75, 0x32, 0x7D, 0x52, 0x7D, 0xD0, 0x74, 0xAC, 0x53,
    0x52, 0x7D, 0xF1, 0x6C, 0x12, 0x75, 0xF2, 0x74, 0x48, 0x32, 0x87, 0x32, 0xCD, 0x64, 0x8D, 0x64,
    0x6C, 0x5C, 0x8C, 0x5C, 0xAD, 0x64, 0xCD, 0x6C, 0xCD, 0x64, 0xCD, 0x64, 0xCD, 0x6C, 0xCD, 0x64,
    0xAD, 0x64, 0xAD, 0x64, 0xAD, 0x64, 0xCD, 0x6C, 0xCD, 0x6C, 0xCD, 0x6C, 0xCD, 0x6C, 0xAC, 0x64,
    0x0E, 0x6D, 0x49, 0x4B, 0x00, 0x00, 0x00, 0x00, 0x00, 0x00, 0x00, 0x00, 0x00, 0x00, 0x00, 0x00,
    0x00, 0x00, 0x00, 0x00, 0x00, 0x00, 0x8B, 0x4B, 0x95, 0xA5, 0xFF, 0xFF, 0x71, 0x9C, 0xA7, 0x91,
    0xD7, 0xE5, 0xD6, 0xA5, 0xB3, 0x7D, 0x55, 0x8E, 0x35, 0x8E, 0x55, 0x96, 0x55, 0x96, 0x55, 0x96,
    0x55, 0x96, 0x96, 0x9E, 0xC9, 0x3A, 0xEB, 0x4B, 0x4D, 0x54, 0xEC, 0x4B, 0x0A, 0x3B, 0x15, 0x8E,
    0x75, 0x96, 0x55, 0x96, 0x75, 0x96, 0x35, 0x96, 0x76, 0x9E, 0xB7, 0xA6, 0x11, 0x75, 0x55, 0xA5,
    0xFF, 0xFF, 0xFF, 0xFF, 0x8E, 0x93, 0xCC, 0xAA, 0x4E, 0xAB, 0xDB, 0xEE, 0xFF, 0xFF, 0x92, 0xCC,
    0x67, 0xA9, 0x08, 0x6A, 0x32, 0x6D, 0xF2, 0x74, 0x12, 0x75, 0x32, 0x7D, 0x32, 0x7D, 0x32, 0x7D,
    0x11, 0x75, 0x8C, 0x53, 0x12, 0x75, 0xF2, 0x74, 0xAD, 0x53, 0xE9, 0x3A, 0x8B, 0x43, 0xA8, 0x32,
    0x46, 0x2A, 0x6C, 0x5C, 0xCD, 0x64, 0x8C, 0x5C, 0xAD, 0x64, 0xCD, 0x6C, 0xCD, 0x6C, 0xCD, 0x64,
    0xAD, 0x64, 0x8C, 0x5C, 0xAD, 0x64, 0x6C, 0x5C, 0xAD, 0x64, 0xCD, 0x6C, 0xCD, 0x6C, 0xCD, 0x6C,
    0xCD, 0x6C, 0xAC, 0x64, 0x0E, 0x6D, 0x28, 0x43, 0x00, 0x00, 0x00, 0x00, 0x00, 0x00, 0x00, 0x00,
    0x00, 0x00, 0x00, 0x00, 0xAA, 0x02, 0x00, 0x00, 0x44, 0x19, 0xD0, 0x6C, 0x79, 0xC6, 0xFF, 0xFF,
    0xEF, 0x93, 0x05, 0x91, 0x39, 0xEE, 0xB6, 0xA5, 0xB3, 0x7D, 0x76, 0x96, 0x55, 0x96, 0x55, 0x96,
    0x55, 0x96, 0x56, 0x96, 0x55, 0x96, 0x96, 0x9E, 0x52, 0x7D, 0x29, 0x43, 0xEB, 0x4B, 0x6D, 0x54,
    0x8B, 0x4B, 0x55, 0x96, 0x55, 0x96, 0x55, 0x96, 0x55, 0x96, 0x76, 0x9E, 0x76, 0x9E, 0x96, 0x9E,
    0x0E, 0x64, 0x5D, 0xEF, 0xFF, 0xFF, 0xFF, 0xFF, 0xCB, 0x8A, 0x29, 0xAA, 0xAB, 0xAA, 0xFC, 0xF6,
    0xFF, 0xFF, 0xF4, 0xD4, 0xA7, 0xA9, 0xC7, 0x79, 0x70, 0x5C, 0x32, 0x7D, 0x32, 0x7D, 0x32, 0x7D,
    0x32, 0x7D, 0x32, 0x7D, 0x32, 0x7D, 0x8C, 0x53, 0xF1, 0x74, 0xD1, 0x6C, 0x88, 0x32, 0xCB, 0x4B,
    0xCB, 0x4B, 0xEC, 0x4B, 0x2A, 0x3B, 0x06, 0x2A, 0x89, 0x4B, 0xCD, 0x64, 0xCD, 0x64, 0xAD, 0x64,
    0xAD, 0x64, 0x8C, 0x64, 0x8D, 0x5C, 0xAD, 0x64, 0xEB, 0x53, 0x0B, 0x54, 0xAD, 0x64, 0xCD, 0x6C,
    0xCD, 0x6C, 0xCD, 0x6C, 0xCD, 0x6C, 0xAC, 0x64, 0x0E, 0x6D, 0xA7, 0x3A, 0x00, 0x00, 0x00, 0x00,
    0x00, 0x00, 0x00, 0x00, 0x00, 0x00, 0x00, 0x00, 0xEF, 0x3B, 0x00, 0x00, 0xA9, 0x3A, 0x72, 0x7D,
    0x79, 0xCE, 0xFF, 0xFF, 0xAF, 0x93, 0x25, 0x91, 0x59, 0xEE, 0xF6, 0xA5, 0xF4, 0x85, 0x55, 0x96,
    0x55, 0x96, 0x55, 0x96, 0x76, 0x9E, 0x55, 0x96, 0x55, 0x96, 0x55, 0x96, 0xB6, 0x9E, 0x14, 0x8E,
    0xCC, 0x53, 0xE8, 0x3A, 0xAC, 0x53, 0x96, 0x9E, 0x55, 0x96, 0x55, 0x96, 0x55, 0x96, 0x55, 0x96,
    0x56, 0x96, 0xF4, 0x85, 0x2F, 0x74, 0xFF, 0xFF, 0xFF, 0xFF, 0xDF, 0xF7, 0x49, 0x7A, 0xC8, 0xA9,
    0xE8, 0xA1, 0xDB, 0xEE, 0xFF, 0xFF, 0x93, 0xCC, 0xA7, 0xA9, 0xA7, 0x89, 0xEE, 0x5B, 0x73, 0x7D,
    0x12, 0x7D, 0x32, 0x7D, 0x32, 0x7D, 0x12, 0x75, 0x52, 0x7D, 0xEE, 0x5B, 0xB1, 0x6C, 0x33, 0x75,
    0x6C, 0x4B, 0x2A, 0x3B, 0xCC, 0x4B, 0x8B, 0x43, 0xCC, 0x4B, 0xAB, 0x43, 0x88, 0x32, 0x87, 0x32,
    0x8C, 0x64, 0x0E, 0x6D, 0xAD, 0x64, 0xAD, 0x64, 0x6C, 0x5C, 0x69, 0x4B, 0xAA, 0x4B, 0x8D, 0x64,
    0xAD, 0x64, 0xCD, 0x6C, 0xCD, 0x6C, 0xCD, 0x6C, 0xCD, 0x6C, 0xAC, 0x64, 0xED, 0x64, 0x26, 0x2A,
    0x00, 0x00, 0x00, 0x00, 0x00, 0x00, 0x00, 0x00, 0x00, 0x00, 0x00, 0x00, 0xF5, 0xAF, 0x00, 0x00,
    0x2A, 0x4B, 0xD3, 0x85, 0x99, 0xCE, 0xFF, 0xFF, 0x30, 0x9C, 0x66, 0x99, 0xF8, 0xED, 0xD6, 0x9D,
    0xF4, 0x85, 0x56, 0x96, 0x56, 0x96, 0x76, 0x9E, 0x76, 0x9E, 0x55, 0x96, 0x55, 0x96, 0x55, 0x96,
    0x55, 0x96, 0x76, 0x9E, 0x96, 0x9E, 0x11, 0x7D, 0x52, 0x7D, 0x76, 0x96, 0x55, 0x96, 0x55, 0x96,
    0x35, 0x8E, 0x35, 0x8E, 0x76, 0x96, 0x72, 0x75, 0x75, 0xA5, 0xFF, 0xFF, 0xFF, 0xFF, 0xFF, 0xF7,
    0x6A, 0x7A, 0xE8, 0xA9, 0xA7, 0xA1, 0x96, 0xDD, 0xFF, 0xFF, 0x8E, 0xBB, 0xA8, 0xA1, 0xA8, 0x99,
    0xAD, 0x63, 0x73, 0x7D, 0x32, 0x7D, 0x32, 0x7D, 0x32, 0x7D, 0x32, 0x7D, 0x52, 0x7D, 0x90, 0x6C,
    0xD1, 0x6C, 0x12, 0x75, 0xB1, 0x6C, 0xC9, 0x3A, 0xAB, 0x4B, 0xAB, 0x43, 0xAB, 0x43, 0xAB, 0x43,
    0x0D, 0x54, 0x6B, 0x43, 0x26, 0x32, 0x69, 0x4B, 0x2C, 0x54, 0x69, 0x43, 0x08, 0x43, 0xEB, 0x53,
    0xAD, 0x64, 0x8C, 0x5C, 0xCD, 0x64, 0xCD, 0x64, 0xCD, 0x64, 0xCD, 0x6C, 0xCD, 0x64, 0x8D, 0x64,
    0xAD, 0x64, 0x84, 0x19, 0x00, 0x00, 0xFF, 0xFF, 0x00, 0x00, 0x00, 0x00, 0x00, 0x00, 0x00, 0x00,
    0x00, 0x00, 0x00, 0x00, 0xEA, 0x42, 0x76, 0x8E, 0xBA, 0xC6, 0xFF, 0xFF, 0x14, 0xAD, 0x08, 0xAA,
    0xF0, 0xD3, 0xD2, 0x8C, 0x35, 0x86, 0x56, 0x96, 0x77, 0xA6, 0x97, 0xA6, 0x76, 0x9E, 0x55, 0x96,
    0x55, 0x96, 0x55, 0x96, 0x55, 0x96, 0x55, 0x96, 0x55, 0x96, 0x96, 0x9E, 0x76, 0x8E, 0x35, 0x8E,
    0x55, 0x8E, 0x35, 0x8E, 0x35, 0x8E, 0x35, 0x8E, 0x96, 0x96, 0x11, 0x75, 0x18, 0xC6, 0xFF, 0xFF,
    0xDF, 0xFF, 0xFF, 0xFF, 0xEC, 0x82, 0xA8, 0xA1, 0xE8, 0xA1, 0xEC, 0xB2, 0xD7, 0xE5, 0x8B, 0xB2,
    0x6A, 0xB2, 0x09, 0xAA, 0xCD, 0x73, 0x73, 0x7D, 0x32, 0x7D, 0x32, 0x7D, 0x12, 0x75, 0x32, 0x75,
    0x32, 0x7D, 0xF2, 0x74, 0xF2, 0x74, 0xF1, 0x74, 0x32, 0x75, 0xAD, 0x53, 0x29, 0x3B, 0xCC, 0x4B,
    0x8B, 0x43, 0xAB, 0x43, 0xAB, 0x43, 0xEC, 0x4B, 0x2D, 0x5C, 0x85, 0x21, 0x63, 0x19, 0x4C, 0x5C,
    0xAD, 0x64, 0xAD, 0x64, 0x6C, 0x5C, 0xAD, 0x64, 0xCD, 0x64, 0xCD, 0x64, 0xCD, 0x64, 0xCD, 0x6C,
    0xAD, 0x64, 0xAD, 0x64, 0x2C, 0x54, 0x81, 0x08, 0x00, 0x00, 0xE0, 0x39, 0x00, 0x00, 0x00, 0x00,
    0x00, 0x00, 0x00, 0x00, 0x00, 0x00, 0x00, 0x00, 0x8C, 0x4B, 0xB7, 0x96, 0x12, 0x7D, 0x59, 0xC6,
    0x14, 0xA5, 0x29, 0xA2, 0xAC, 0xD2, 0xAE, 0x7B, 0xB7, 0x96, 0x56, 0x9E, 0x97, 0xA6, 0x97, 0xA6,
    0x76, 0x9E, 0x55, 0x96, 0x55, 0x96, 0x55, 0x96, 0x55, 0x96, 0x55, 0x96, 0x55, 0x96, 0x35, 0x8E,
    0x35, 0x86, 0x35, 0x8E, 0x55, 0x96, 0x35, 0x8E, 0x35, 0x8E, 0x35, 0x8E, 0x96, 0x96, 0x11, 0x75,
    0x79, 0xCE, 0xFF, 0xFF, 0xDF, 0xFF, 0xFF, 0xFF, 0x8E, 0x8B, 0xA7, 0xA1, 0x8B, 0xBA, 0xAB, 0xBA,
    0x8B, 0xBA, 0xEC, 0xC2, 0x0D, 0xCB, 0xAB, 0xC2, 0x0E, 0x74, 0x72, 0x7D, 0x32, 0x7D, 0x12, 0x75,
    0xF2, 0x74, 0xF2, 0x74, 0xF2, 0x74, 0xF2, 0x74, 0xF2, 0x74, 0xF2, 0x74, 0xF2, 0x74, 0xD1, 0x74,
    0x0A, 0x3B, 0xAB, 0x43, 0x8B, 0x43, 0xAB, 0x43, 0xAB, 0x43, 0x8B, 0x43, 0xCC, 0x4B, 0xEC, 0x53,
    0x68, 0x32, 0x09, 0x43, 0x4C, 0x5C, 0x8D, 0x64, 0x8C, 0x5C, 0xCD, 0x64, 0xCD, 0x6C, 0xCD, 0x6C,
    0xCD, 0x64, 0xCD, 0x64, 0xAC, 0x64, 0xCD, 0x64, 0x69, 0x4B, 0x00, 0x00, 0x00, 0x00, 0x00, 0x00,
    0x00, 0x00, 0x00, 0x00, 0x00, 0x00, 0x00, 0x00, 0x00, 0x00, 0x00, 0x00, 0x6F, 0x64, 0xB7, 0x9E,
    0x55, 0x8E, 0xB4, 0x85, 0xEE, 0x5B, 0x49, 0x6A, 0x09, 0x9A, 0x70, 0x7C, 0xD7, 0xA6, 0x76, 0x9E,
    0x97, 0xA6, 0x76, 0x9E, 0x56, 0x96, 0x55, 0x8E, 0x35, 0x8E, 0x35, 0x8E, 0x55, 0x96, 0x55, 0x8E,
    0x35, 0x8E, 0x35, 0x8E, 0x35, 0x8E, 0x55, 0x96, 0x55, 0x96, 0x55, 0x96, 0x35, 0x8E, 0x35, 0x8E,
    0x96, 0x96, 0xF0, 0x6C, 0xDB, 0xDE, 0xFF, 0xFF, 0xDF, 0xFF, 0xFF, 0xFF, 0x14, 0xA5, 0xE8, 0xA1,
    0x2D, 0xD3, 0xED, 0xCA, 0xEC, 0xCA, 0xAB, 0xC2, 0x6A, 0xB2, 0xC7, 0x69, 0x2E, 0x64, 0x52, 0x7D,
    0xF1, 0x74, 0xF2, 0x74, 0xF2, 0x74, 0xF2, 0x74, 0xF2, 0x74, 0xF2, 0x74, 0xF2, 0x74, 0xF2, 0x74,
    0x11, 0x75, 0x32, 0x75, 0xEE, 0x5B, 0x09, 0x3B, 0xCC, 0x4B, 0x8B, 0x43, 0x8B, 0x43, 0x8B, 0x43,
    0x8B, 0x43, 0xAB, 0x4B, 0x2A, 0x43, 0x2F, 0x64, 0xE9, 0x3A, 0x4C, 0x5C, 0xCD, 0x64, 0xAC, 0x64,
    0xAD, 0x64, 0xAD, 0x64, 0xAD, 0x64, 0xAD, 0x64, 0x6C, 0x5C, 0xED, 0x64, 0xC5, 0x21, 0x00, 0x00,
    0x00, 0x00, 0x00, 0x00, 0x00, 0x00, 0x00, 0x00, 0x00, 0x00, 0x00, 0x00, 0x00, 0x00, 0x00, 0x00,
    0xED, 0x53, 0xF4, 0x85, 0x35, 0x8E, 0x97, 0x9E, 0xB8, 0xA6, 0x36, 0x8E, 0x73, 0x85, 0x56, 0x9E,
    0x97, 0xA6, 0x76, 0x9E, 0x97, 0xA6, 0x76, 0x9E, 0x55, 0x8E, 0x35, 0x8E, 0x35, 0x8E, 0x35, 0x8E,
    0x55, 0x8E, 0x35, 0x8E, 0x35, 0x8E, 0x55, 0x96, 0x55, 0x96, 0x55, 0x9E, 0x55, 0x96, 0x55, 0x96,
    0x55, 0x96, 0x35, 0x8E, 0x96, 0x96, 0xAF, 0x64, 0x30, 0x8C, 0x5D, 0xEF, 0xBE, 0xFF, 0xFF, 0xFF,
    0xDB, 0xD6, 0xE8, 0x69, 0x4A, 0xA2, 0x6A, 0x8A, 0x8A, 0x7A, 0xEB, 0x6A, 0xED, 0x63, 0xD0, 0x64,
    0x52, 0x7D, 0xF2, 0x74, 0xF2, 0x74, 0xF2, 0x74, 0xF2, 0x74, 0xF2, 0x74, 0xF2, 0x74, 0xF2, 0x74,
    0x12, 0x75, 0x32, 0x7D, 0x32, 0x75, 0x12, 0x75, 0x12, 0x75, 0x0A, 0x3B, 0xAB, 0x43, 0xAB, 0x4B,
    0x8B, 0x43, 0x8B, 0x43, 0x8B, 0x43, 0xAB, 0x4B, 0xE9, 0x3A, 0x4F, 0x64, 0xD1, 0x74, 0x87, 0x32,
    0x8C, 0x5C, 0xAD, 0x64, 0xAC, 0x64, 0xAD, 0x64, 0xAD, 0x64, 0x8C, 0x5C, 0xEE, 0x64, 0x29, 0x43,
    0x00, 0x00, 0x00, 0x00, 0x00, 0x00, 0x00, 0x00, 0x00, 0x00, 0x00, 0x00, 0x00, 0x00, 0x00, 0x00,
    0x00, 0x00, 0x00, 0x00, 0xEA, 0x42, 0x70, 0x64, 0xED, 0x53, 0x96, 0x96, 0x76, 0x9E, 0x97, 0xA6,
    0xD8, 0xAE, 0x97, 0xA6, 0x76, 0x9E, 0x97, 0xA6, 0xB8, 0xAE, 0x76, 0x9E, 0x55, 0x96, 0x35, 0x8E,
    0x35, 0x8E, 0x55, 0x96, 0x55, 0x96, 0x55, 0x96, 0x55, 0x96, 0x55, 0x9E, 0x55, 0x96, 0x75, 0x9E,
    0x55, 0x96, 0x75, 0x9E, 0x55, 0x96, 0x35, 0x8E, 0x55, 0x8E, 0x35, 0x8E, 0x4E, 0x5C, 0xB0, 0x6C,
    0xB4, 0x8D, 0x36, 0x9E, 0x52, 0x85, 0x11, 0x75, 0x52, 0x75, 0xB3, 0x75, 0xF4, 0x7D, 0xF4, 0x75,
    0xB3, 0x7D, 0xB4, 0x85, 0x6F, 0x64, 0xF1, 0x6C, 0x12, 0x75, 0xF2, 0x74, 0xF2, 0x74, 0xF2, 0x74,
    0xF2, 0x74, 0xF2, 0x74, 0x12, 0x75, 0x12, 0x75, 0x12, 0x75, 0xF1, 0x74, 0x32, 0x75, 0x2E, 0x5C,
    0xC8, 0x32, 0xAB, 0x43, 0xAB, 0x43, 0xAB, 0x43, 0xAB, 0x43, 0xCC, 0x4B, 0xC8, 0x32, 0xEE, 0x5B,
    0x73, 0x7D, 0x2F, 0x64, 0xA7, 0x32, 0xCD, 0x64, 0xAC, 0x64, 0xAC, 0x64, 0xAD, 0x64, 0xCD, 0x64,
    0xCA, 0x4B, 0x61, 0x08, 0x00, 0x00, 0xE0, 0x03, 0x00, 0x00, 0x00, 0x00, 0x00, 0x00, 0x00, 0x00,
    0x00, 0x00, 0x00, 0x00, 0xAA, 0x02, 0x00, 0x00, 0x82, 0x08, 0x6F, 0x64, 0x6C, 0x4B, 0x2B, 0x43,
    0x73, 0x7D, 0x56, 0x96, 0x76, 0x9E, 0x77, 0x9E, 0x97, 0xA6, 0x15, 0x96, 0x77, 0xAE, 0x96, 0xA6,
    0x55, 0x96, 0x55, 0x96, 0x55, 0x96, 0x76, 0x9E, 0x55, 0x96, 0x55, 0x96, 0x55, 0x96, 0x55, 0x96,
    0x55, 0x96, 0x55, 0x96, 0x55, 0x9E, 0x55, 0x96, 0x55, 0x8E, 0x35, 0x8E, 0x35, 0x8E, 0x55, 0x8E,
    0x96, 0x96, 0x76, 0x8E, 0x35, 0x86, 0x35, 0x86, 0x55, 0x8E, 0x96, 0x96, 0x76, 0x96, 0x35, 0x8E,
    0x14, 0x86, 0xD4, 0x85, 0xD4, 0x85, 0x8F, 0x6C, 0xEA, 0x42, 0x12, 0x75, 0xF2, 0x74, 0xF2, 0x74,
    0xF1, 0x74, 0xF2, 0x74, 0xF2, 0x74, 0xF1, 0x74, 0xF2, 0x74, 0xF2, 0x74, 0x12, 0x75, 0x12, 0x75,
    0xF2, 0x74, 0x12, 0x75, 0xAD, 0x53, 0x2A, 0x43, 0x2A, 0x43, 0x0A, 0x3B, 0x0A, 0x3B, 0x09, 0x43,
    0x0A, 0x43, 0xD1, 0x74, 0xF1, 0x74, 0x53, 0x7D, 0xAD, 0x53, 0x28, 0x3B, 0x0E, 0x6D, 0x8C, 0x5C,
    0x8C, 0x5C, 0xCA, 0x4B, 0x43, 0x19, 0x00, 0x00, 0x00, 0x00, 0x00, 0x00, 0x00, 0x00, 0x00, 0x00,
    0x00, 0x00, 0x00, 0x00, 0x00, 0x00, 0x00, 0x00, 0x00, 0x00, 0xEF, 0x7F, 0x00, 0x00, 0x65, 0x21,
    0x53, 0x7D, 0x90, 0x6C, 0xCA, 0x42, 0xAC, 0x53, 0x73, 0x7D, 0x15, 0x8E, 0x96, 0x96, 0xB4, 0x8D,
    0xF5, 0x9D, 0x96, 0xA6, 0x55, 0x96, 0x55, 0x96, 0x96, 0x9E, 0x52, 0x7D, 0xB0, 0x6C, 0x76, 0x9E,
    0x55, 0x96, 0x55, 0x96, 0x55, 0x96, 0x55, 0x96, 0x55, 0x96, 0x55, 0x8E, 0x35, 0x8E, 0x35, 0x8E,
    0x35, 0x8E, 0x35, 0x8E, 0x15, 0x8E, 0x35, 0x8E, 0x35, 0x8E, 0x55, 0x8E, 0x35, 0x8E, 0x35, 0x8E,
    0x15, 0x86, 0xF5, 0x8D, 0x73, 0x7D, 0x6F, 0x64, 0x8C, 0x53, 0x0A, 0x43, 0x91, 0x6C, 0x12, 0x75,
    0xF2, 0x74, 0xF2, 0x74, 0x12, 0x75, 0xF2, 0x74, 0xF2, 0x74, 0xF2, 0x74, 0xF2, 0x74, 0xF2, 0x74,
    0xF2, 0x74, 0x12, 0x75, 0xF2, 0x74, 0xF2, 0x74, 0x32, 0x7D, 0x32, 0x75, 0x12, 0x75, 0xD1, 0x74,
    0xF1, 0x74, 0x11, 0x7D, 0x73, 0x7D, 0xF2, 0x74, 0xF2, 0x74, 0xF1, 0x6C, 0x33, 0x7D, 0xCA, 0x42,
    0x69, 0x43, 0x2B, 0x5C, 0xCA, 0x4B, 0xE5, 0x21, 0x20, 0x00, 0x00, 0x00, 0x00, 0x00, 0x00, 0x00,
    0x00, 0x00, 0x00, 0x00, 0x00, 0x00, 0x00, 0x00, 0x00, 0x00, 0x00, 0x00, 0x00, 0x00, 0x00, 0x00,
    0x00, 0x00, 0x00, 0x00, 0xC6, 0x29, 0x90, 0x6C, 0x73, 0x7D, 0x90, 0x6C, 0x0A, 0x4B, 0x2C, 0x53,
    0xB0, 0x6C, 0xB2, 0x7D, 0x75, 0x96, 0x96, 0x96, 0x76, 0x96, 0x75, 0x96, 0x76, 0x9E, 0xF4, 0x8D,
    0x14, 0x8E, 0x75, 0x96, 0x55, 0x9E, 0x55, 0x96, 0x55, 0x96, 0x55, 0x96, 0x55, 0x96, 0x55, 0x8E,
    0x55, 0x8E, 0x56, 0x8E, 0x76, 0x96, 0x76, 0x8E, 0x76, 0x8E, 0x76, 0x8E, 0x56, 0x8E, 0x35, 0x8E,
    0xD4, 0x85, 0x32, 0x75, 0x90, 0x6C, 0x2B, 0x4B, 0x0B, 0x43, 0xCD, 0x53, 0xB0, 0x6C, 0x32, 0x7D,
    0x12, 0x75, 0xF1, 0x74, 0xF1, 0x74, 0x12, 0x75, 0x90, 0x6C, 0xD1, 0x6C, 0xF2, 0x74, 0xF2, 0x74,
    0xF2, 0x74, 0xF2, 0x74, 0x12, 0x75, 0x12, 0x75, 0x12, 0x75, 0x12, 0x75, 0x11, 0x75, 0x12, 0x75,
    0x12, 0x75, 0x32, 0x75, 0x52, 0x7D, 0x32, 0x7D, 0xF1, 0x74, 0xF2, 0x74, 0xF2, 0x74, 0xF2, 0x74,
    0x12, 0x75, 0xF1, 0x74, 0x06, 0x2A, 0x08, 0x43, 0xA4, 0x21, 0x00, 0x00, 0x00, 0x00, 0x00, 0x00,
    0x00, 0x00, 0x00, 0x00, 0x00, 0x00, 0x00, 0x00, 0x00, 0x00, 0x00, 0x00, 0x00, 0x00, 0x00, 0x00,
    0x00, 0x00, 0x00, 0x00, 0x00, 0x00, 0xFF, 0x7F, 0x00, 0x00, 0xA2, 0x08, 0xCD, 0x5B, 0xD4, 0x8D,
    0x31, 0x7D, 0x0C, 0x53, 0xE8, 0x41, 0xCB, 0x5A, 0x2B, 0x53, 0xED, 0x5B, 0x31, 0x75, 0xB3, 0x7D,
    0xF4, 0x85, 0x34, 0x8E, 0x34, 0x8E, 0x34, 0x8E, 0x34, 0x8E, 0x14, 0x86, 0x14, 0x86, 0xF4, 0x85,
    0xB3, 0x7D, 0x93, 0x75, 0x52, 0x75, 0x31, 0x6D, 0x31, 0x6D, 0xF0, 0x6C, 0x90, 0x64, 0x2E, 0x64,
    0xAD, 0x5B, 0x4C, 0x5B, 0xAB, 0x52, 0x0D, 0x63, 0x12, 0x84, 0x86, 0x21, 0xF2, 0x74, 0x53, 0x7D,
    0x12, 0x75, 0xF1, 0x74, 0xF1, 0x74, 0xF2, 0x74, 0x32, 0x7D, 0xF1, 0x74, 0x2B, 0x43, 0xF2, 0x74,
    0xF2, 0x74, 0xF2, 0x74, 0x12, 0x75, 0x52, 0x7D, 0x52, 0x7D, 0x32, 0x7D, 0x32, 0x7D, 0x32, 0x7D,
    0x32, 0x75, 0x32, 0x75, 0x12, 0x75, 0x12, 0x75, 0x12, 0x75, 0xF2, 0x74, 0xF1, 0x74, 0x11, 0x75,
    0x32, 0x75, 0x53, 0x75, 0x12, 0x75, 0x73, 0x7D, 0x6C, 0x53, 0x00, 0x00, 0x00, 0x00, 0x00, 0x00,
    0x00, 0x00, 0x00, 0x00, 0x00, 0x00, 0x00, 0x00, 0x00, 0x00, 0x00, 0x00, 0x00, 0x00, 0x00, 0x00,
    0x00, 0x00, 0x00, 0x00, 0x00, 0x00, 0x00, 0x00, 0x00, 0x00, 0x00, 0x00, 0x55, 0x55, 0x00, 0x00,
    0x00, 0x00, 0x48, 0x32, 0x11, 0x75, 0xB3, 0x85, 0xCD, 0x5B, 0x8B, 0x5A, 0x26, 0x39, 0x6C, 0x6A,
    0xAC, 0x6A, 0x8A, 0x52, 0xEB, 0x5A, 0x2C, 0x5B, 0x0C, 0x5B, 0x0B, 0x5B, 0xEB, 0x52, 0xEB, 0x52,
    0xEB, 0x52, 0x8A, 0x4A, 0x8A, 0x52, 0x6A, 0x52, 0x4A, 0x52, 0x6B, 0x5A, 0xAB, 0x62, 0xAC, 0x6A,
    0xAC, 0x72, 0xAD, 0x72, 0xEE, 0x7A, 0x4F, 0x8B, 0xEE, 0x8A, 0x29, 0x42, 0xCE, 0x5B, 0xD1, 0x6C,
    0x12, 0x75, 0xF1, 0x6C, 0xF2, 0x74, 0xF2, 0x74, 0xF1, 0x74, 0x32, 0x7D, 0x93, 0x85, 0xEA, 0x42,
    0x2F, 0x64, 0x33, 0x75, 0x32, 0x75, 0x73, 0x7D, 0xD4, 0x85, 0xD3, 0x85, 0xB3, 0x85, 0x52, 0x7D,
    0x52, 0x7D, 0x52, 0x7D, 0x32, 0x7D, 0x32, 0x75, 0x12, 0x75, 0x12, 0x75, 0x12, 0x75, 0xF1, 0x74,
    0x32, 0x75, 0xB3, 0x7D, 0xF4, 0x7D, 0x93, 0x7D, 0x12, 0x75, 0xF1, 0x6C, 0x32, 0x75, 0xC6, 0x29,
    0xE3, 0x18, 0x55, 0xAD, 0x00, 0x00, 0x00, 0x00, 0x00, 0x00, 0x00, 0x00, 0x00, 0x00, 0x00, 0x00,
    0x00, 0x00, 0x00, 0x00, 0x00, 0x00, 0x00, 0x00, 0x00, 0x00, 0x00, 0x00, 0x00, 0x00, 0x00, 0x00,
    0x00, 0x00, 0xAA, 0x02, 0x00, 0x00, 0x00, 0x00, 0x65, 0x21, 0xEE, 0x5B, 0xD4, 0x8D, 0x11, 0x75,
    0x0B, 0x53, 0xCD, 0x72, 0x2F, 0x8B, 0x91, 0x9B, 0x70, 0x9B, 0x50, 0x93, 0x71, 0x9B, 0xB1, 0xA3,
    0xB2, 0xA3, 0xD2, 0xAB, 0xD2, 0xAB, 0xD2, 0xAB, 0xD2, 0xAB, 0xD2, 0xA3, 0xB2, 0xA3, 0x91, 0x9B,
    0x70, 0x9B, 0x70, 0x93, 0x70, 0x8B, 0xB1, 0x93, 0x90, 0x93, 0xAC, 0x72, 0xAA, 0x4A, 0xB0, 0x64,
    0x12, 0x75, 0xF2, 0x74, 0x12, 0x75, 0x32, 0x7D, 0x12, 0x75, 0x32, 0x7D, 0x93, 0x85, 0x32, 0x7D,
    0x2E, 0x64, 0xB0, 0x6C, 0xB3, 0x85, 0xB3, 0x7D, 0x14, 0x86, 0x55, 0x96, 0x76, 0x9E, 0x55, 0x96,
    0x14, 0x8E, 0xB3, 0x85, 0x72, 0x7D, 0xF1, 0x74, 0xF1, 0x74, 0x32, 0x7D, 0x12, 0x75, 0xF1, 0x74,
    0xB0, 0x6C, 0x93, 0x7D, 0x15, 0x86, 0x35, 0x8E, 0x14, 0x86, 0x93, 0x75, 0x12, 0x75, 0xF1, 0x6C,
    0x53, 0x75, 0xEE, 0x5B, 0x00, 0x00, 0x00, 0x00, 0x00, 0x00, 0x00, 0x00, 0x00, 0x00, 0x00, 0x00,
    0x00, 0x00, 0x00, 0x00, 0x00, 0x00, 0x00, 0x00, 0x00, 0x00, 0x00, 0x00, 0x00, 0x00, 0x00, 0x00,
    0x00, 0x00, 0x00, 0x00, 0x00, 0x00, 0x00, 0x00, 0x00, 0x00, 0x00, 0x00, 0x00, 0x00, 0x00, 0x00,
    0x48, 0x32, 0x4F, 0x64, 0xB4, 0x85, 0x90, 0x6C, 0xEB, 0x52, 0xCD, 0x72, 0x13, 0xAC, 0xB5, 0xC4,
    0xD5, 0xC4, 0xB5, 0xBC, 0x94, 0xBC, 0x94, 0xBC, 0x94, 0xBC, 0x94, 0xBC, 0x94, 0xBC, 0x94, 0xBC,
    0x74, 0xB4, 0x74, 0xB4, 0x54, 0xB4, 0x34, 0xB4, 0xD2, 0xAB, 0xAD, 0x7A, 0x08, 0x42, 0xCD, 0x53,
    0x32, 0x75, 0x12, 0x75, 0xD1, 0x74, 0x12, 0x7D, 0x32, 0x7D, 0x32, 0x7D, 0x73, 0x85, 0x72, 0x85,
    0xEE, 0x5B, 0x8C, 0x53, 0x11, 0x75, 0x14, 0x8E, 0x35, 0x8E, 0x55, 0x96, 0x55, 0x96, 0x55, 0x96,
    0x55, 0x96, 0x55, 0x96, 0x75, 0x96, 0x34, 0x8E, 0xB3, 0x85, 0x90, 0x6C, 0x4F, 0x64, 0x52, 0x7D,
    0x32, 0x75, 0xEE, 0x5B, 0x52, 0x75, 0x55, 0x8E, 0x56, 0x8E, 0x96, 0x96, 0x55, 0x86, 0x73, 0x75,
    0x12, 0x75, 0x12, 0x75, 0x12, 0x75, 0x73, 0x7D, 0xE6, 0x29, 0x00, 0x00, 0xFF, 0xFF, 0x00, 0x00,
    0x00, 0x00, 0x00, 0x00, 0x00, 0x00, 0x00, 0x00, 0x00, 0x00, 0x00, 0x00, 0x00, 0x00, 0x00, 0x00,
    0x00, 0x00, 0x00, 0x00, 0x00, 0x00, 0x00, 0x00, 0x00, 0x00, 0x00, 0x00, 0x00, 0x00, 0x00, 0x00,
    0x86, 0x31, 0x00, 0x00, 0x00, 0x00, 0x0A, 0x43, 0x8C, 0x53, 0xB0, 0x6C, 0xB4, 0x85, 0x90, 0x64,
    0xEB, 0x4A, 0xCC, 0x62, 0xB0, 0x9B, 0x33, 0xB4, 0x95, 0xC4, 0xB5, 0xC4, 0xD5, 0xC4, 0xB5, 0xC4,
    0xB5, 0xC4, 0xB5, 0xC4, 0xB5, 0xC4, 0x94, 0xBC, 0x12, 0xAC, 0x6F, 0x8B, 0xCC, 0x62, 0x4C, 0x53,
    0xB0, 0x64, 0x33, 0x75, 0xF1, 0x74, 0xD1, 0x74, 0x12, 0x7D, 0x52, 0x7D, 0x73, 0x85, 0x52, 0x7D,
    0x4F, 0x64, 0xEA, 0x42, 0xAC, 0x53, 0xB3, 0x7D, 0x55, 0x8E, 0x55, 0x96, 0x55, 0x96, 0x35, 0x8E,
    0x55, 0x8E, 0x55, 0x96, 0x55, 0x96, 0x55, 0x96, 0x75, 0x9E, 0x35, 0x8E, 0xD4, 0x85, 0xB0, 0x6C,
    0xED, 0x5B, 0x93, 0x85, 0xAD, 0x53, 0x52, 0x75, 0x76, 0x96, 0x76, 0x96, 0xB3, 0x7D, 0x8C, 0x4B,
    0x6F, 0x5C, 0xB3, 0x7D, 0x11, 0x75, 0x12, 0x75, 0x11, 0x7D, 0x73, 0x7D, 0x6C, 0x4B, 0x00, 0x00,
    0x00, 0x00, 0x00, 0x00, 0x00, 0x00, 0x00, 0x00, 0x00, 0x00, 0x00, 0x00, 0x00, 0x00, 0x00, 0x00,
    0x00, 0x00, 0x00, 0x00, 0x00, 0x00, 0x00, 0x00, 0x00, 0x00, 0x00, 0x00, 0x00, 0x00, 0x00, 0x00,
    0x00, 0x00, 0x00, 0x00, 0x00, 0x00, 0xEF, 0x7B, 0x41, 0x00, 0x52, 0x75, 0xD4, 0x85, 0x8C, 0x4B,
    0x8C, 0x4B, 0xD1, 0x6C, 0x73, 0x7D, 0xD1, 0x6C, 0xEE, 0x5B, 0x0B, 0x53, 0xEC, 0x62, 0x2E, 0x7B,
    0xED, 0x7A, 0x4F, 0x83, 0x6F, 0x8B, 0x4E, 0x83, 0xCC, 0x6A, 0x0C, 0x63, 0x4C, 0x53, 0xEE, 0x53,
    0xD0, 0x6C, 0x32, 0x75, 0xF2, 0x74, 0xF2, 0x74, 0x12, 0x75, 0x73, 0x7D, 0x72, 0x7D, 0xF1, 0x74,
    0xED, 0x5B, 0xEA, 0x42, 0x4C, 0x4B, 0x4F, 0x64, 0x34, 0x8E, 0x55, 0x96, 0x55, 0x96, 0x35, 0x8E,
    0x55, 0x8E, 0x55, 0x8E, 0x55, 0x8E, 0x55, 0x96, 0x55, 0x96, 0x55, 0x96, 0x75, 0x96, 0x14, 0x8E,
    0xD3, 0x85, 0xD0, 0x6C, 0xED, 0x5B, 0x4F, 0x64, 0x6F, 0x5C, 0xB7, 0x96, 0x35, 0x8E, 0x8F, 0x64,
    0x2A, 0x43, 0x8B, 0x4B, 0x2A, 0x43, 0x53, 0x75, 0x12, 0x75, 0x32, 0x7D, 0x12, 0x75, 0x12, 0x75,
    0xF1, 0x74, 0x44, 0x19, 0x00, 0x00, 0xE7, 0x39, 0x00, 0x00, 0x00, 0x00, 0x00, 0x00, 0x00, 0x00,
    0x00, 0x00, 0x00, 0x00, 0x00, 0x00, 0x00, 0x00, 0x00, 0x00, 0x00, 0x00, 0x00, 0x00, 0x00, 0x00,
    0x00, 0x00, 0x00, 0x00, 0x00, 0x00, 0x00, 0x00, 0x00, 0x00, 0x00, 0x00, 0x00, 0x00, 0xB0, 0x6C,
    0xB7, 0x96, 0x76, 0x96, 0x93, 0x7D, 0x0E, 0x5C, 0xAC, 0x53, 0x0E, 0x5C, 0x90, 0x6C, 0xF1, 0x6C,
    0x11, 0x6D, 0xB0, 0x64, 0x2F, 0x5C, 0x2E, 0x5C, 0x6F, 0x5C, 0x6F, 0x5C, 0xB0, 0x64, 0x32, 0x75,
    0x73, 0x7D, 0x73, 0x7D, 0x73, 0x7D, 0x32, 0x75, 0xF2, 0x74, 0xD1, 0x6C, 0x90, 0x6C, 0xED, 0x5B,
    0x8C, 0x53, 0x4C, 0x4B, 0xAD, 0x53, 0x2F, 0x5C, 0x2F, 0x5C, 0x8F, 0x64, 0x96, 0x9E, 0x55, 0x96,
    0x55, 0x96, 0x96, 0x96, 0x14, 0x8E, 0x15, 0x8E, 0x55, 0x96, 0x55, 0x96, 0x55, 0x96, 0x55, 0x96,
    0x75, 0x96, 0xF4, 0x85, 0x93, 0x85, 0x11, 0x75, 0x4C, 0x4B, 0xEE, 0x53, 0x96, 0x96, 0xD4, 0x85,
    0xCC, 0x4B, 0xCC, 0x53, 0x4E, 0x5C, 0x2D, 0x5C, 0x4A, 0x43, 0xF1, 0x6C, 0x12, 0x75, 0x12, 0x75,
    0xF2, 0x74, 0xF2, 0x74, 0x53, 0x7D, 0x48, 0x32, 0x00, 0x00, 0x55, 0x55, 0x00, 0x00, 0x00, 0x00,
    0x00, 0x00, 0x00, 0x00, 0x00, 0x00, 0x00, 0x00, 0x00, 0x00, 0x00, 0x00, 0x00, 0x00, 0x00, 0x00,
    0x00, 0x00, 0x00, 0x00, 0x00, 0x00, 0x00, 0x00, 0x00, 0x00, 0x00, 0x00, 0x00, 0x00, 0x00, 0x00,
    0x00, 0x00, 0x4F, 0x5C, 0x96, 0x96, 0x15, 0x86, 0x76, 0x96, 0x96, 0x96, 0x14, 0x86, 0x11, 0x6D,
    0xED, 0x5B, 0x4B, 0x4B, 0x8C, 0x53, 0xED, 0x5B, 0x6F, 0x6C, 0xB0, 0x6C, 0xB0, 0x6C, 0x90, 0x6C,
    0x6F, 0x64, 0x0E, 0x5C, 0xCE, 0x5B, 0xED, 0x5B, 0x8C, 0x53, 0xEA, 0x42, 0x2B, 0x43, 0x8C, 0x53,
    0xCE, 0x53, 0xAE, 0x53, 0x30, 0x5C, 0x91, 0x5C, 0xB1, 0x6C, 0x6C, 0x4B, 0x2B, 0x43, 0x14, 0x8E,
    0x76, 0x9E, 0x55, 0x96, 0x76, 0x96, 0xD0, 0x6C, 0x6B, 0x4B, 0x4E, 0x5C, 0x96, 0x96, 0x35, 0x8E,
    0x55, 0x96, 0x55, 0x96, 0x55, 0x96, 0xD3, 0x85, 0x93, 0x85, 0xF1, 0x6C, 0x85, 0x21, 0xF4, 0x85,
    0xD4, 0x85, 0x4B, 0x43, 0x2D, 0x5C, 0x6E, 0x64, 0x0D, 0x5C, 0x0D, 0x5C, 0xE9, 0x3A, 0xB1, 0x6C,
    0x12, 0x75, 0xF2, 0x74, 0xF2, 0x74, 0xD1, 0x74, 0x53, 0x7D, 0xEA, 0x42, 0x00, 0x00, 0xFF, 0xFF,
    0x00, 0x00, 0x00, 0x00, 0x00, 0x00, 0x00, 0x00, 0x00, 0x00, 0x00, 0x00, 0x00, 0x00, 0x00, 0x00,
    0x00, 0x00, 0x00, 0x00, 0x00, 0x00, 0x00, 0x00, 0x00, 0x00, 0x00, 0x00, 0x00, 0x00, 0x00, 0x00,
    0x00, 0x00, 0x00, 0x00, 0x00, 0x00, 0xCD, 0x53, 0xB7, 0x96, 0x15, 0x8E, 0x55, 0x8E, 0x96, 0x96,
    0xD4, 0x85, 0xD0, 0x6C, 0xD4, 0x85, 0x93, 0x7D, 0x11, 0x75, 0x8F, 0x6C, 0xCD, 0x53, 0x6D, 0x4B,
    0x2C, 0x43, 0xEB, 0x42, 0x89, 0x32, 0xEB, 0x42, 0x4C, 0x4B, 0xAD, 0x53, 0xEE, 0x53, 0xEF, 0x53,
    0x70, 0x5C, 0x91, 0x64, 0x71, 0x64, 0x71, 0x64, 0x50, 0x5C, 0x50, 0x5C, 0xB1, 0x64, 0xEB, 0x42,
    0x8F, 0x6C, 0xB6, 0x9E, 0x35, 0x96, 0xB6, 0x9E, 0xB0, 0x6C, 0x4B, 0x43, 0xAF, 0x64, 0xCC, 0x53,
    0x35, 0x8E, 0x55, 0x8E, 0x55, 0x96, 0x55, 0x96, 0x35, 0x8E, 0x93, 0x7D, 0xD4, 0x85, 0x0E, 0x5C,
    0x68, 0x32, 0xB7, 0x96, 0x4B, 0x43, 0x4E, 0x5C, 0x8E, 0x64, 0x2E, 0x5C, 0x0D, 0x5C, 0xEC, 0x53,
    0xE9, 0x3A, 0x70, 0x64, 0x12, 0x75, 0xF1, 0x74, 0xF2, 0x74, 0xF1, 0x6C, 0x93, 0x85, 0x2B, 0x4B,
    0x00, 0x00, 0x00, 0x00, 0x00, 0x00, 0x00, 0x00, 0x00, 0x00, 0x00, 0x00, 0x00, 0x00, 0x00, 0x00,
    0x00, 0x00, 0x00, 0x00, 0x00, 0x00, 0x00, 0x00, 0x00, 0x00, 0x00, 0x00, 0x00, 0x00, 0x00, 0x00,
    0x00, 0x00, 0x00, 0x00, 0x00, 0x00, 0xFF, 0xFF, 0x00, 0x00, 0x4B, 0x4B, 0x97, 0x96, 0x76, 0x8E,
    0x14, 0x86, 0x2E, 0x5C, 0xAC, 0x53, 0x4A, 0x43, 0xD0, 0x6C, 0xB3, 0x85, 0x93, 0x85, 0x73, 0x7D,
    0xF2, 0x74, 0x0F, 0x5C, 0x91, 0x64, 0x91, 0x64, 0x91, 0x64, 0xD1, 0x6C, 0xD1, 0x6C, 0xB1, 0x6C,
    0x71, 0x64, 0x71, 0x5C, 0x50, 0x5C, 0x50, 0x5C, 0x50, 0x5C, 0x50, 0x5C, 0x50, 0x5C, 0x70, 0x5C,
    0x91, 0x64, 0x8C, 0x4B, 0x35, 0x8E, 0x96, 0x9E, 0x76, 0x96, 0x56, 0x96, 0x93, 0x7D, 0xAC, 0x4B,
    0xF0, 0x6C, 0x8B, 0x4B, 0xB3, 0x85, 0x76, 0x96, 0x55, 0x96, 0x55, 0x96, 0x14, 0x86, 0x72, 0x7D,
    0xD4, 0x85, 0x4B, 0x4B, 0x6F, 0x64, 0xB7, 0x96, 0xAC, 0x53, 0x4E, 0x5C, 0x6E, 0x5C, 0x2E, 0x5C,
    0xEC, 0x53, 0xAC, 0x4B, 0xE9, 0x32, 0x2F, 0x5C, 0x32, 0x75, 0xF1, 0x6C, 0xF2, 0x74, 0xF1, 0x74,
    0x73, 0x7D, 0x6B, 0x4B, 0x00, 0x00, 0x00, 0x00, 0x00, 0x00, 0x00, 0x00, 0x00, 0x00, 0x00, 0x00,
    0x00, 0x00, 0x00, 0x00, 0x00, 0x00, 0x00, 0x00, 0x00, 0x00, 0x00, 0x00, 0x00, 0x00, 0x00, 0x00,
    0x00, 0x00, 0x00, 0x00, 0x00, 0x00, 0x00, 0x00, 0x00, 0x00, 0x55, 0xAD, 0x00, 0x00, 0x07, 0x2A,
    0xB7, 0x9E, 0xB3, 0x7D, 0x2A, 0x43, 0x2D, 0x5C, 0x10, 0x75, 0x4D, 0x5C, 0xED, 0x53, 0x93, 0x7D,
    0x52, 0x7D, 0x52, 0x75, 0x12, 0x75, 0x0E, 0x5C, 0x4C, 0x4B, 0x70, 0x64, 0x12, 0x75, 0xD1, 0x6C,
    0x90, 0x64, 0x50, 0x5C, 0x50, 0x5C, 0x50, 0x5C, 0x50, 0x5C, 0x50, 0x5C, 0x50, 0x5C, 0x50, 0x5C,
    0x70, 0x5C, 0xB1, 0x64, 0xAD, 0x4B, 0x6F, 0x64, 0xD7, 0x9E, 0x31, 0x7D, 0x2E, 0x64, 0x8C, 0x4B,
    0xF4, 0x85, 0x11, 0x6D, 0x6B, 0x4B, 0x4A, 0x4B, 0x14, 0x8E, 0x55, 0x96, 0x55, 0x96, 0x55, 0x96,
    0xD3, 0x85, 0x52, 0x7D, 0xB4, 0x7D, 0xC9, 0x3A, 0x52, 0x7D, 0xB7, 0x9E, 0x72, 0x7D, 0x4A, 0x43,
    0x8F, 0x6C, 0x0C, 0x5C, 0xAB, 0x4B, 0xAB, 0x43, 0xE8, 0x2A, 0x0E, 0x5C, 0x32, 0x75, 0xF1, 0x6C,
    0xF2, 0x74, 0xF1, 0x74, 0x73, 0x7D, 0x2B, 0x4B, 0x00, 0x00, 0x00, 0x00, 0x00, 0x00, 0x00, 0x00,
    0x00, 0x00, 0x00, 0x00, 0x00, 0x00, 0x00, 0x00, 0x00, 0x00, 0x00, 0x00, 0x00, 0x00, 0x00, 0x00,
    0x00, 0x00, 0x00, 0x00, 0x00, 0x00, 0x00, 0x00, 0x00, 0x00, 0x00, 0x00, 0x00, 0x00, 0xE0, 0x01,
    0x00, 0x00, 0xA2, 0x10, 0x11, 0x75, 0x8C, 0x53, 0xF0, 0x7C, 0xEF, 0x74, 0x8F, 0x64, 0x2D, 0x54,
    0xAC, 0x4B, 0x73, 0x7D, 0x52, 0x75, 0x53, 0x75, 0x32, 0x75, 0x12, 0x75, 0xB1, 0x6C, 0xCD, 0x53,
    0xCD, 0x53, 0xD1, 0x6C, 0x32, 0x75, 0xD1, 0x6C, 0x91, 0x64, 0x70, 0x64, 0x50, 0x5C, 0x50, 0x5C,
    0x70, 0x64, 0x90, 0x64, 0x70, 0x64, 0x91, 0x64, 0x6C, 0x4B, 0x8F, 0x64, 0xED, 0x5B, 0xED, 0x5B,
    0xF1, 0x74, 0x6B, 0x4B, 0x11, 0x75, 0xB7, 0x9E, 0xD3, 0x85, 0x35, 0x8E, 0x76, 0x96, 0x55, 0x96,
    0x55, 0x96, 0x34, 0x8E, 0x93, 0x7D, 0x73, 0x7D, 0x32, 0x75, 0x8C, 0x4B, 0x76, 0x96, 0x35, 0x96,
    0x96, 0x96, 0x4E, 0x64, 0x6A, 0x4B, 0x0C, 0x54, 0x6B, 0x43, 0x8A, 0x3B, 0x09, 0x2B, 0xCD, 0x53,
    0x32, 0x75, 0xF1, 0x6C, 0xF2, 0x74, 0xF1, 0x6C, 0x53, 0x7D, 0xCA, 0x42, 0x00, 0x00, 0x00, 0x00,
    0x00, 0x00, 0x00, 0x00, 0x00, 0x00, 0x00, 0x00, 0x00, 0x00, 0x00, 0x00, 0x00, 0x00, 0x00, 0x00,
    0x00, 0x00, 0x00, 0x00, 0x00, 0x00, 0x00, 0x00, 0x00, 0x00, 0x00, 0x00, 0x00, 0x00, 0x00, 0x00,
    0x00, 0x00, 0x00, 0x00, 0x00, 0x00, 0x41, 0x08, 0xC6, 0x29, 0xF0, 0x7C, 0x52, 0x85, 0x8F, 0x64,
    0x6E, 0x64, 0x4E, 0x5C, 0x6B, 0x43, 0x32, 0x75, 0x73, 0x7D, 0x52, 0x75, 0x52, 0x75, 0x32, 0x75,
    0x12, 0x75, 0x32, 0x75, 0x4F, 0x64, 0xCA, 0x42, 0x8C, 0x53, 0xF2, 0x6C, 0x32, 0x75, 0x12, 0x6D,
    0xB1, 0x6C, 0x91, 0x64, 0x90, 0x64, 0x70, 0x64, 0x50, 0x5C, 0x71, 0x5C, 0x48, 0x2A, 0x6B, 0x4B,
    0xF1, 0x7C, 0x32, 0x7D, 0xF1, 0x74, 0x4A, 0x43, 0xD3, 0x85, 0x76, 0x96, 0x76, 0x96, 0x55, 0x96,
    0x55, 0x96, 0x55, 0x96, 0x55, 0x96, 0xF4, 0x85, 0x72, 0x7D, 0xD4, 0x85, 0xCD, 0x5B, 0x6F, 0x64,
    0x55, 0x8E, 0xF4, 0x85, 0xF4, 0x85, 0x14, 0x86, 0x8C, 0x4B, 0xE9, 0x32, 0x6A, 0x3B, 0x4A, 0x33,
    0x26, 0x22, 0xEE, 0x5B, 0x32, 0x75, 0xF1, 0x6C, 0xF2, 0x74, 0xF1, 0x6C, 0x53, 0x7D, 0x89, 0x3A,
    0x00, 0x00, 0x00, 0x00, 0x00, 0x00, 0x00, 0x00, 0x00, 0x00, 0x00, 0x00, 0x00, 0x00, 0x00, 0x00,
    0x00, 0x00, 0x00, 0x00, 0x00, 0x00, 0x00, 0x00, 0x00, 0x00, 0x00, 0x00, 0x00, 0x00, 0x00, 0x00,
    0x00, 0x00, 0x00, 0x00, 0x00, 0x00, 0x00, 0x00, 0xEF, 0x7F, 0x00, 0x00, 0x84, 0x21, 0x51, 0x7D,
    0x11, 0x7D, 0x8F, 0x64, 0x6E, 0x64, 0x2D, 0x54, 0xC9, 0x32, 0x52, 0x75, 0x52, 0x75, 0x52, 0x7D,
    0x72, 0x7D, 0x73, 0x7D, 0x52, 0x7D, 0x11, 0x75, 0x32, 0x7D, 0x73, 0x7D, 0x27, 0x32, 0x44, 0x19,
    0xEA, 0x42, 0xEE, 0x53, 0x6F, 0x64, 0x70, 0x64, 0xB1, 0x6C, 0x91, 0x64, 0xB2, 0x64, 0xEF, 0x53,
    0xC9, 0x3A, 0x31, 0x7D, 0x11, 0x7D, 0xF1, 0x74, 0x6E, 0x64, 0x6B, 0x4B, 0x76, 0x9E, 0x55, 0x96,
    0x55, 0x96, 0x55, 0x96, 0x55, 0x96, 0x55, 0x96, 0x35, 0x8E, 0xB3, 0x85, 0x93, 0x85, 0x93, 0x85,
    0xA5, 0x21, 0xB0, 0x6C, 0x32, 0x75, 0x32, 0x75, 0x32, 0x75, 0x12, 0x75, 0x32, 0x75, 0xAD, 0x53,
    0x67, 0x2A, 0xC9, 0x32, 0xAD, 0x53, 0x12, 0x75, 0xF2, 0x74, 0xF2, 0x74, 0xF2, 0x74, 0xF1, 0x6C,
    0x53, 0x7D, 0x27, 0x32, 0x00, 0x00, 0xFF, 0xFF, 0x00, 0x00, 0x00, 0x00, 0x00, 0x00, 0x00, 0x00,
    0x00, 0x00, 0x00, 0x00, 0x00, 0x00, 0x00, 0x00, 0x00, 0x00, 0x00, 0x00, 0x00, 0x00, 0x00, 0x00,
    0x00, 0x00, 0x00, 0x00, 0x00, 0x00, 0x00, 0x00, 0x00, 0x00, 0x00, 0x00, 0x00, 0x00, 0xFF, 0xFF,
    0x20, 0x00, 0xED, 0x53, 0x52, 0x7D, 0xAF, 0x64, 0xCF, 0x6C, 0xC8, 0x32, 0x2E, 0x5C, 0xB4, 0x85,
    0x52, 0x7D, 0x93, 0x7D, 0x72, 0x7D, 0x72, 0x7D, 0x73, 0x7D, 0x72, 0x7D, 0x52, 0x7D, 0x12, 0x75,
    0xC6, 0x29, 0x00, 0x00, 0x00, 0x00, 0x00, 0x00, 0xE6, 0x29, 0x89, 0x3A, 0x89, 0x32, 0xEB, 0x3A,
    0x6D, 0x4B, 0x69, 0x32, 0xCC, 0x53, 0xF1, 0x74, 0xF1, 0x7C, 0xD0, 0x74, 0xCB, 0x53, 0x6F, 0x64,
    0xB7, 0x9E, 0x35, 0x96, 0x55, 0x96, 0x55, 0x96, 0x55, 0x96, 0x55, 0x96, 0xF4, 0x85, 0x72, 0x7D,
    0xF4, 0x8D, 0xCD, 0x5B, 0xA6, 0x21, 0x90, 0x6C, 0xF2, 0x74, 0xF1, 0x74, 0xF2, 0x74, 0xF1, 0x74,
    0xF1, 0x74, 0x32, 0x7D, 0xB1, 0x6C, 0xF2, 0x74, 0x33, 0x75, 0xF2, 0x74, 0xF2, 0x74, 0xF2, 0x74,
    0xF2, 0x74, 0x12, 0x75, 0x32, 0x75, 0x85, 0x21, 0x00, 0x00, 0x55, 0x55, 0x00, 0x00, 0x00, 0x00,
    0x00, 0x00, 0x00, 0x00, 0x00, 0x00, 0x00, 0x00, 0x00, 0x00, 0x00, 0x00, 0x00, 0x00, 0x00, 0x00,
    0x00, 0x00, 0x00, 0x00, 0x00, 0x00, 0x00, 0x00, 0x00, 0x00, 0x00, 0x00, 0x00, 0x00, 0x00, 0x00,
    0x00, 0x00, 0xFF, 0xFF, 0x00, 0x00, 0xA5, 0x21, 0xED, 0x53, 0xCC, 0x53, 0x2A, 0x43, 0xAC, 0x4B,
    0xD4, 0x85, 0x72, 0x7D, 0x92, 0x85, 0x73, 0x7D, 0x52, 0x75, 0x52, 0x75, 0x52, 0x7D, 0x52, 0x7D,
    0xB4, 0x85, 0xA9, 0x3A, 0x00, 0x00, 0xD3, 0x9C, 0xFF, 0xFF, 0x00, 0x00, 0x68, 0x32, 0xF2, 0x74,
    0xEF, 0x53, 0xAE, 0x4B, 0x8D, 0x4B, 0x85, 0x21, 0xED, 0x5B, 0x6F, 0x64, 0x6F, 0x6C, 0x8E, 0x6C,
    0x6A, 0x4B, 0x72, 0x85, 0x96, 0x9E, 0x55, 0x96, 0x55, 0x96, 0x55, 0x96, 0x55, 0x96, 0x34, 0x8E,
    0x93, 0x7D, 0x93, 0x85, 0x31, 0x75, 0xEB, 0x42, 0x8D, 0x4B, 0x0E, 0x5C, 0x32, 0x75, 0xF1, 0x6C,
    0x12, 0x75, 0x12, 0x75, 0xF2, 0x74, 0xF1, 0x6C, 0x12, 0x75, 0xF2, 0x74, 0xF1, 0x74, 0x12, 0x75,
    0x12, 0x75, 0xF2, 0x74, 0xF1, 0x74, 0x32, 0x75, 0xB0, 0x6C, 0x61, 0x08, 0x00, 0x00, 0xE0, 0x01,
    0x00, 0x00, 0x00, 0x00, 0x00, 0x00, 0x00, 0x00, 0x00, 0x00, 0x00, 0x00, 0x00, 0x00, 0x00, 0x00,
    0x00, 0x00, 0x00, 0x00, 0x00, 0x00, 0x00, 0x00, 0x00, 0x00, 0x00, 0x00, 0x00, 0x00, 0x00, 0x00,
    0x00, 0x00, 0x00, 0x00, 0x00, 0x00, 0xE7, 0x39, 0x00, 0x00, 0x44, 0x19, 0x72, 0x7D, 0x72, 0x7D,
    0x52, 0x7D, 0xF4, 0x85, 0x93, 0x7D, 0x93, 0x85, 0x73, 0x7D, 0x52, 0x75, 0x52, 0x7D, 0x52, 0x7D,
    0x32, 0x75, 0xB3, 0x7D, 0x2F, 0x5C, 0x00, 0x00, 0x00, 0x00, 0x00, 0x00, 0x00, 0x00, 0x2C, 0x33,
    0x00, 0x00, 0xCA, 0x3A, 0xD2, 0x64, 0xB1, 0x64, 0x70, 0x5C, 0xA9, 0x3A, 0x0D, 0x5C, 0xED, 0x5B,
    0x0D, 0x5C, 0x4E, 0x64, 0x4A, 0x4B, 0x35, 0x96, 0x55, 0x96, 0x55, 0x96, 0x55, 0x96, 0x55, 0x96,
    0x35, 0x8E, 0xD3, 0x85, 0x52, 0x7D, 0xF4, 0x8D, 0xA9, 0x3A, 0x08, 0x2A, 0x69, 0x32, 0x4B, 0x4B,
    0x53, 0x75, 0xD1, 0x6C, 0xF2, 0x74, 0xF2, 0x74, 0xF2, 0x74, 0xF2, 0x74, 0xF2, 0x74, 0x12, 0x75,
    0x32, 0x7D, 0x32, 0x75, 0xF2, 0x74, 0xF2, 0x74, 0xF1, 0x6C, 0x53, 0x7D, 0x4C, 0x4B, 0x00, 0x00,
    0x00, 0x00, 0x00, 0x00, 0x00, 0x00, 0x00, 0x00, 0x00, 0x00, 0x00, 0x00, 0x00, 0x00, 0x00, 0x00,
    0x00, 0x00, 0x00, 0x00, 0x00, 0x00, 0x00, 0x00, 0x00, 0x00, 0x00, 0x00, 0x00, 0x00, 0x00, 0x00,
    0x00, 0x00, 0x00, 0x00, 0x00, 0x00, 0x00, 0x00, 0x00, 0x00, 0x00, 0x00, 0xFF, 0xFF, 0x00, 0x00,
    0x6F, 0x64, 0x18, 0xA7, 0x55, 0x8E, 0xB3, 0x85, 0xB3, 0x85, 0x73, 0x7D, 0x32, 0x75, 0x52, 0x7D,
    0x52, 0x75, 0x52, 0x7D, 0x52, 0x7D, 0x93, 0x7D, 0x85, 0x21, 0x00, 0x00, 0xFF, 0xFF, 0x00, 0x00,
    0x00, 0x00, 0x00, 0x00, 0x00, 0x00, 0x00, 0x00, 0x69, 0x32, 0xB1, 0x64, 0x2F, 0x5C, 0x06, 0x2A,
    0x2D, 0x5C, 0x0D, 0x5C, 0x2D, 0x5C, 0x2A, 0x4B, 0xED, 0x5B, 0xB6, 0x9E, 0x55, 0x96, 0x55, 0x96,
    0x55, 0x96, 0x35, 0x8E, 0xD3, 0x85, 0x72, 0x7D, 0xD4, 0x85, 0xF1, 0x74, 0xA2, 0x08, 0x00, 0x00,
    0x00, 0x00, 0x07, 0x2A, 0x33, 0x7D, 0xF1, 0x74, 0xF2, 0x74, 0xF2, 0x74, 0xF2, 0x74, 0xF2, 0x74,
    0x12, 0x75, 0x32, 0x75, 0x32, 0x75, 0xF2, 0x74, 0xF2, 0x74, 0xF2, 0x74, 0xD1, 0x6C, 0x53, 0x7D,
    0x27, 0x32, 0x00, 0x00, 0xFF, 0xFF, 0x00, 0x00, 0x00, 0x00, 0x00, 0x00, 0x00, 0x00, 0x00, 0x00,
    0x00, 0x00, 0x00, 0x00, 0x00, 0x00, 0x00, 0x00, 0x00, 0x00, 0x00, 0x00, 0x00, 0x00, 0x00, 0x00,
    0x00, 0x00, 0x00, 0x00, 0x00, 0x00, 0x00, 0x00, 0x00, 0x00, 0x00, 0x00, 0x00, 0x00, 0x00, 0x00,
    0xAA, 0x52, 0x00, 0x00, 0xC2, 0x08, 0xB3, 0x7D, 0x14, 0x86, 0xB3, 0x85, 0x73, 0x7D, 0x32, 0x75,
    0x73, 0x7D, 0x53, 0x75, 0x52, 0x75, 0x32, 0x75, 0xD4, 0x85, 0x0B, 0x43, 0x00, 0x00, 0x00, 0x00,
    0x00, 0x00, 0x00, 0x00, 0x00, 0x00, 0x00, 0x00, 0xEF, 0x7B, 0x00, 0x00, 0x87, 0x31, 0xA6, 0x29,
    0x27, 0x2A, 0x6F, 0x64, 0x8C, 0x4B, 0x0A, 0x43, 0x0A, 0x43, 0xED, 0x5B, 0x55, 0x96, 0x76, 0x9E,
    0x55, 0x96, 0x55, 0x96, 0x34, 0x8E, 0xD3, 0x85, 0x92, 0x85, 0x93, 0x85, 0xB3, 0x85, 0xC6, 0x21,
    0x00, 0x00, 0xFF, 0xBF, 0x00, 0x00, 0x41, 0x00, 0xEE, 0x5B, 0x73, 0x7D, 0xF2, 0x74, 0xF1, 0x74,
    0x12, 0x75, 0x12, 0x75, 0x12, 0x75, 0x32, 0x75, 0xF1, 0x74, 0xD1, 0x74, 0x12, 0x75, 0xF1, 0x74,
    0x33, 0x75, 0x4F, 0x64, 0xE3, 0x10, 0x00, 0x00, 0x00, 0x00, 0x00, 0x00, 0x00, 0x00, 0x00, 0x00,
    0x00, 0x00, 0x00, 0x00, 0x00, 0x00, 0x00, 0x00, 0x00, 0x00, 0x00, 0x00, 0x00, 0x00, 0x00, 0x00,
    0x00, 0x00, 0x00, 0x00, 0x00, 0x00, 0x00, 0x00, 0x00, 0x00, 0x00, 0x00, 0x00, 0x00, 0x00, 0x00,
    0x00, 0x00, 0x00, 0x00, 0xEF, 0x7B, 0x00, 0x00, 0x6E, 0x73, 0x8D, 0x5B, 0x2F, 0x6C, 0xCD, 0x5B,
    0x52, 0x75, 0x73, 0x7D, 0x8F, 0x64, 0x11, 0x6D, 0x53, 0x75, 0xB4, 0x85, 0x90, 0x64, 0xA2, 0x08,
    0x00, 0x00, 0xAA, 0x52, 0x00, 0x00, 0x00, 0x00, 0x00, 0x00, 0x00, 0x00, 0x00, 0x00, 0x00, 0x00,
    0x20, 0x00, 0x00, 0x00, 0xC2, 0x10, 0x35, 0x8E, 0x15, 0x86, 0x11, 0x75, 0x14, 0x96, 0xB6, 0x9E,
    0x76, 0x9E, 0x55, 0x9E, 0x55, 0x96, 0x34, 0x8E, 0xD3, 0x85, 0x92, 0x85, 0x93, 0x85, 0xF4, 0x8D,
    0x89, 0x3A, 0x00, 0x00, 0x00, 0x00, 0x00, 0x00, 0xE7, 0x3B, 0x00, 0x00, 0x07, 0x2A, 0xB0, 0x6C,
    0xD0, 0x6C, 0x32, 0x75, 0x12, 0x75, 0x11, 0x75, 0x52, 0x7D, 0x11, 0x75, 0x12, 0x75, 0x32, 0x75,
    0xF2, 0x74, 0xF2, 0x74, 0x32, 0x75, 0xE6, 0x29, 0x00, 0x00, 0x55, 0x55, 0x00, 0x00, 0x00, 0x00,
    0x00, 0x00, 0x00, 0x00, 0x00, 0x00, 0x00, 0x00, 0x00, 0x00, 0x00, 0x00, 0x00, 0x00, 0x00, 0x00,
    0x00, 0x00, 0x00, 0x00, 0x00, 0x00, 0x00, 0x00, 0x00, 0x00, 0x00, 0x00, 0x00, 0x00, 0x00, 0x00,
    0x00, 0x00, 0x00, 0x00, 0x00, 0x00, 0x00, 0x00, 0x00, 0x00, 0x00, 0x00, 0xD0, 0x73, 0x2D, 0x63,
    0xDC, 0xDE, 0x78, 0xAD, 0x0E, 0x5C, 0x51, 0x75, 0x14, 0x9D, 0x0F, 0x6C, 0x93, 0x7D, 0x70, 0x64,
    0x64, 0x19, 0x00, 0x00, 0xE7, 0x39, 0x00, 0x00, 0x00, 0x00, 0x00, 0x00, 0x00, 0x00, 0x00, 0x00,
    0x00, 0x00, 0x00, 0x00, 0x00, 0x00, 0x00, 0x00, 0x44, 0x11, 0xF4, 0x7D, 0x96, 0x9E, 0xB6, 0x9E,
    0xB6, 0x9E, 0x96, 0x9E, 0x55, 0x96, 0x55, 0x96, 0x34, 0x86, 0x93, 0x7D, 0x72, 0x7D, 0x93, 0x85,
    0xB4, 0x85, 0xA9, 0x3A, 0x00, 0x00, 0x00, 0x00, 0x00, 0x00, 0x00, 0x00, 0x00, 0x00, 0xFF, 0xFF,
    0x00, 0x00, 0x8A, 0x4A, 0x51, 0x7C, 0xD1, 0x6C, 0xD0, 0x6C, 0x2C, 0x53, 0x2E, 0x64, 0x93, 0x85,
    0xB0, 0x6C, 0x8D, 0x53, 0xF1, 0x6C, 0x94, 0x7D, 0xCA, 0x42, 0x00, 0x00, 0xFF, 0xFF, 0x00, 0x00,
    0x00, 0x00, 0x00, 0x00, 0x00, 0x00, 0x00, 0x00, 0x00, 0x00, 0x00, 0x00, 0x00, 0x00, 0x00, 0x00,
    0x00, 0x00, 0x00, 0x00, 0x00, 0x00, 0x00, 0x00, 0x00, 0x00, 0x00, 0x00, 0x00, 0x00, 0x00, 0x00,
    0x00, 0x00, 0x00, 0x00, 0x00, 0x00, 0x00, 0x00, 0x00, 0x00, 0x00, 0x00, 0x00, 0x00, 0xEB, 0x5A,
    0x00, 0x00, 0xAA, 0x52, 0x56, 0xA5, 0x8F, 0x6B, 0x65, 0x21, 0xA9, 0x42, 0xDC, 0xDE, 0x4E, 0x63,
    0xA5, 0x21, 0xA2, 0x10, 0x00, 0x00, 0xAA, 0x52, 0x00, 0x00, 0x00, 0x00, 0x00, 0x00, 0x00, 0x00,
    0x00, 0x00, 0x00, 0x00, 0x00, 0x00, 0x00, 0x00, 0xFF, 0xFF, 0x00, 0x00, 0x0C, 0x63, 0xB2, 0x7C,
    0x96, 0x9E, 0xF4, 0x8D, 0x6F, 0x74, 0x11, 0x75, 0x76, 0x8E, 0xB3, 0x7D, 0x8F, 0x64, 0x72, 0x7D,
    0xB3, 0x85, 0x73, 0x7D, 0x48, 0x32, 0x00, 0x00, 0x00, 0x00, 0x00, 0x00, 0x00, 0x00, 0x00, 0x00,
    0x00, 0x00, 0xFF, 0xFF, 0x00, 0x00, 0x2D, 0x63, 0xD5, 0x9C, 0x07, 0x32, 0xCA, 0x4A, 0x9C, 0xD6,
    0xAF, 0x6B, 0xCC, 0x53, 0x0F, 0x74, 0xB8, 0xB5, 0x4C, 0x53, 0x6C, 0x4B, 0x61, 0x08, 0x00, 0x00,
    0xAA, 0x02, 0x00, 0x00, 0x00, 0x00, 0x00, 0x00, 0x00, 0x00, 0x00, 0x00, 0x00, 0x00, 0x00, 0x00,
    0x00, 0x00, 0x00, 0x00, 0x00, 0x00, 0x00, 0x00, 0x00, 0x00, 0x00, 0x00, 0x00, 0x00, 0x00, 0x00,
    0x00, 0x00, 0x00, 0x00, 0x00, 0x00, 0x00, 0x00, 0x00, 0x00, 0x00, 0x00, 0x00, 0x00, 0x00, 0x00,
    0x00, 0x00, 0x00, 0x00, 0x00, 0x00, 0x00, 0x00, 0x00, 0x00, 0x00, 0x00, 0x00, 0x00, 0x00, 0x00,
    0x24, 0x21, 0x00, 0x00, 0x00, 0x00, 0x00, 0x00, 0xEF, 0x7B, 0x00, 0x00, 0x00, 0x00, 0x00, 0x00,
    0x00, 0x00, 0x00, 0x00, 0x00, 0x00, 0x00, 0x00, 0x00, 0x00, 0x00, 0x00, 0x00, 0x00, 0x00, 0x00,
    0x52, 0x8C, 0x53, 0x8C, 0x4A, 0x43, 0xF2, 0x8C, 0x3D, 0xEF, 0xF1, 0x73, 0xD0, 0x64, 0x12, 0x7D,
    0xB4, 0x94, 0xCE, 0x5B, 0xD0, 0x6C, 0x07, 0x2A, 0x00, 0x00, 0x00, 0x00, 0x00, 0x00, 0x00, 0x00,
    0x00, 0x00, 0x00, 0x00, 0x00, 0x00, 0x00, 0x00, 0x00, 0x00, 0x00, 0x00, 0x00, 0x00, 0x00, 0x00,
    0x83, 0x18, 0xF0, 0x7B, 0xE8, 0x39, 0x00, 0x00, 0x6A, 0x4A, 0x73, 0x8C, 0x66, 0x31, 0x00, 0x00,
    0x00, 0x00, 0x00, 0x00, 0x00, 0x00, 0x00, 0x00, 0x00, 0x00, 0x00, 0x00, 0x00, 0x00, 0x00, 0x00,
    0x00, 0x00, 0x00, 0x00, 0x00, 0x00, 0x00, 0x00, 0x00, 0x00, 0x00, 0x00, 0x00, 0x00, 0x00, 0x00,
    0x00, 0x00, 0x00, 0x00, 0x00, 0x00, 0x00, 0x00, 0x00, 0x00, 0x00, 0x00, 0x00, 0x00, 0x00, 0x00,
    0x00, 0x00, 0x00, 0x00, 0x00, 0x00, 0x00, 0x00, 0x00, 0x00, 0x00, 0x00, 0x00, 0x00, 0xFF, 0xFF,
    0xEF, 0x7B, 0x00, 0x00, 0x00, 0x00, 0x00, 0x00, 0xFF, 0x7F, 0xA0, 0x02, 0x00, 0x00, 0x00, 0x00,
    0x00, 0x00, 0x00, 0x00, 0x00, 0x00, 0x00, 0x00, 0x00, 0x00, 0x00, 0x00, 0x00, 0x00, 0x00, 0x00,
    0x00, 0x00, 0x00, 0x00, 0x00, 0x00, 0x00, 0x00, 0x00, 0x00, 0x4D, 0x6B, 0x7F, 0xEF, 0xD5, 0x9C,
    0x03, 0x11, 0x8E, 0x6B, 0xF9, 0xBD, 0x45, 0x21, 0x20, 0x00, 0x00, 0x00, 0x00, 0x00, 0x00, 0x00,
    0x00, 0x00, 0x00, 0x00, 0x00, 0x00, 0x00, 0x00, 0x00, 0x00, 0x00, 0x00, 0x00, 0x00, 0x00, 0x00,
    0x00, 0x00, 0x00, 0x00, 0x00, 0x00, 0x00, 0x00, 0x00, 0x00, 0x00, 0x00, 0x00, 0x00, 0x00, 0x00,
    0x00, 0x00, 0x00, 0x00, 0x00, 0x00, 0x00, 0x00, 0x00, 0x00, 0x00, 0x00, 0x00, 0x00, 0x00, 0x00,
    0x00, 0x00, 0x00, 0x00, 0x00, 0x00, 0x00, 0x00, 0x00, 0x00, 0x00, 0x00, 0x00, 0x00, 0x00, 0x00,
    0x00, 0x00, 0x00, 0x00, 0x00, 0x00, 0x00, 0x00, 0x00, 0x00, 0x00, 0x00, 0x00, 0x00, 0x00, 0x00,
    0x00, 0x00, 0x00, 0x00, 0x00, 0x00, 0x00, 0x00, 0x00, 0x00, 0x00, 0x00, 0x00, 0x00, 0x00, 0x00,
    0x00, 0x00, 0x00, 0x00, 0x00, 0x00, 0x00, 0x00, 0xAA, 0x52, 0x00, 0x00, 0x00, 0x00, 0x00, 0x00,
    0x00, 0x00, 0x00, 0x00, 0x00, 0x00, 0x00, 0x00, 0x00, 0x00, 0x00, 0x00, 0x00, 0x00, 0x00, 0x00,
    0x00, 0x00, 0x00, 0x00, 0x00, 0x00, 0x00, 0x00, 0x00, 0x00, 0x00, 0x00, 0x00, 0x00, 0x00, 0x00,
    0xC7, 0x31, 0x00, 0x00, 0x00, 0x00, 0x00, 0x00, 0x00, 0x00, 0x00, 0x00, 0x00, 0x00, 0xEF, 0x7F,
    0x00, 0x00, 0x00, 0x00, 0x00, 0x00, 0x00, 0x00, 0x00, 0x00, 0x00, 0x00, 0x00, 0x00, 0x00, 0x00,
    0x00, 0x00, 0x00, 0x00, 0x00, 0x00, 0x00, 0x00, 0xAA, 0x02, 0xFF, 0xFF, 0x55, 0x55, 0x00, 0x00,
    0x55, 0xAD, 0xFF, 0xFF, 0xE7, 0x39, 0x00, 0x00, 0x00, 0x00, 0x00, 0x00, 0x00, 0x00, 0x00, 0x00,
    0x00, 0x00, 0x00, 0x00, 0x00, 0x00, 0x00, 0x00, 0x00, 0x00, 0x00, 0x00, 0x00, 0x00, 0x00, 0x00,
    0x00, 0x00, 0x00, 0x00, 0x00, 0x00, 0x00, 0x00, 0x00, 0x00, 0x00, 0x00, 0x00, 0x00, 0x00, 0x00,
    0x00, 0x00, 0x00, 0x00, 0x00, 0x00, 0x00, 0x00, 0x00, 0x00, 0x00, 0x00, 0x00, 0x00, 0x00, 0x00,
    0x00, 0x00, 0x00, 0x00, 0x00, 0x00, 0x00, 0x00, 0x00, 0x00, 0x00, 0x00, 0x00, 0x00, 0x00, 0x00,
    0x00, 0x00, 0x00, 0x00, 0x00, 0x00, 0x00, 0x00, 0x00, 0x00, 0x00, 0x00, 0x00, 0x00, 0x00, 0x00,
    0x00, 0x00, 0x00, 0x00, 0x00, 0x00, 0x00, 0x00, 0x00, 0x00, 0x00, 0x00, 0x00, 0x00, 0x00, 0x00,
    0x00, 0x00, 0x00, 0x00, 0x00, 0x00, 0x00, 0x00, 0xE7, 0x39, 0x00, 0x00, 0x00, 0x00, 0xEF, 0x7B,
    0x00, 0x00, 0x00, 0x00, 0x00, 0x00, 0x00, 0x00, 0x00, 0x00, 0x00, 0x00, 0x00, 0x00, 0x00, 0x00,
    0x00, 0x00, 0x00, 0x00, 0x00, 0x00, 0x00, 0x00, 0x00, 0x00, 0x00, 0x00, 0x00, 0x00, 0x00, 0x00,
    0x00, 0x00, 0x00, 0x00, 0x00, 0x00, 0x00, 0x00, 0x00, 0x00, 0x00, 0x00, 0x00, 0x00, 0x00, 0x00,
    0x00, 0x00, 0x00, 0x00, 0x00, 0x00, 0x00, 0x00, 0x00, 0x00, 0x00, 0x00, 0x00, 0x00, 0x00, 0x00,
    0x00, 0x00, 0x00, 0x00, 0x00, 0x00, 0x00, 0x00, 0x00, 0x00, 0x00, 0x00, 0x00, 0x00, 0x00, 0x00,
    0x00, 0x00, 0x00, 0x00, 0x00, 0x00, 0x00, 0x00, 0x00, 0x00, 0x00, 0x00, 0x00, 0x00, 0x00, 0x00,
    0x00, 0x00, 0x00, 0x00, 0x00, 0x00, 0x00, 0x00, 0x00, 0x00, 0x00, 0x00, 0x00, 0x00, 0x00, 0x00,
    0x00, 0x00, 0x00, 0x00, 0x00, 0x00, 0x00, 0x00, 0x00, 0x00, 0x00, 0x00, 0x00, 0x00, 0x00, 0x00,
    0x00, 0x00, 0x00, 0x00, 0x00, 0x00, 0x00, 0x00, 0x00, 0x00, 0x00, 0x00, 0x00, 0x00, 0x00, 0x00,
    0x00, 0x00, 0x00, 0x00, 0x00, 0x00, 0x00, 0x00, 0xEF, 0x39, 0x00, 0x00, 0x00, 0x00, 0x00, 0x00,
    0x00, 0x00, 0x00, 0x00, 0x00, 0x00, 0x00, 0x00, 0x00, 0x00, 0x00, 0x00, 0x00, 0x00, 0x00, 0x00,
    0x00, 0x00, 0x00, 0x00, 0x00, 0x00, 0x00, 0x00, 0x00, 0x00, 0x00, 0x00, 0x00, 0x00, 0x00, 0x00,
    0x00, 0x00, 0x00, 0x00, 0x00, 0x00, 0x00, 0x00, 0x00, 0x00, 0x00, 0x00, 0x00, 0x00, 0x00, 0x00,
    0x00, 0x00, 0x00, 0x00, 0x00, 0x00, 0x00, 0x00, 0x00, 0x00, 0x00, 0x00, 0x00, 0x00, 0x00, 0x00,
    0x00, 0x00, 0x00, 0x00, 0x00, 0x00, 0x00, 0x00, 0x00, 0x00, 0x00, 0x00, 0x00, 0x00, 0x00, 0x00,
    0x00, 0x00, 0x00, 0x00, 0x00, 0x00, 0x00, 0x00, 0x00, 0x00, 0x00, 0x00, 0x00, 0x00, 0x00, 0x00,
    0x00, 0x00, 0x00, 0x00, 0x00, 0x00, 0x00, 0x00, 0x00, 0x00, 0x00, 0x00, 0x00, 0x00, 0x00, 0x00,
    0x00, 0x00, 0x00, 0x00, 0x00, 0x00, 0x00, 0x00, 0x00, 0x00, 0x00, 0x00, 0x00, 0x00, 0x00, 0x00,
    0x00, 0x00, 0x00, 0x00, 0x00, 0x00, 0x00, 0x00, 0x00, 0x00, 0x00, 0x00, 0x00, 0x00, 0x00, 0x00,
    0x00, 0x00, 0x00, 0x00, 0x00, 0x00, 0x00, 0x00, 0x00, 0x00, 0x00, 0x00, 0x00, 0x00, 0x00, 0x00,
    0x00, 0x00, 0x00, 0x00, 0x00, 0x00, 0x00, 0x00, 0x00, 0x00, 0x00, 0x00, 0x00, 0x00, 0x00, 0x00,
    0x00, 0x00, 0x00, 0x00, 0x00, 0x00, 0x00, 0x00, 0x00, 0x00, 0x00, 0x00, 0x00, 0x00, 0x00, 0x00,
    0x00, 0x00, 0x00, 0x00, 0x00, 0x00, 0x00, 0x00, 0x00, 0x00, 0x00, 0x00, 0x00, 0x00, 0x00, 0x00,
    0x00, 0x00, 0x00, 0x00, 0x00, 0x00, 0x00, 0x00, 0x00, 0x00, 0x00, 0x00, 0x00, 0x00, 0x00, 0x00,
    0x00, 0x00, 0x00, 0x00, 0x00, 0x00, 0x00, 0x00, 0x00, 0x00, 0x00, 0x00, 0x00, 0x00, 0x00, 0x00,
    0x00, 0x00, 0x00, 0x00, 0x00, 0x00, 0x00, 0x00, 0x00, 0x00, 0x00, 0x00, 0x00, 0x00, 0x00, 0x00,
    0x00, 0x00, 0x00, 0x00, 0x00, 0x00, 0x00, 0x00, 0x00, 0x00, 0x00, 0x00, 0x00, 0x00, 0x00, 0x00,
    0x00, 0x00, 0x00, 0x00, 0x00, 0x00, 0x00, 0x00, 0x00, 0x00, 0x00, 0x00, 0x00, 0x00, 0x00, 0x00,
    0x00, 0x00, 0x00, 0x00, 0x00, 0x00, 0x00, 0x00, 0x00, 0x00, 0x00, 0x00, 0x00, 0x00, 0x00, 0x00,
    0x00, 0x00, 0x00, 0x00, 0x00, 0x00, 0x00, 0x00, 0x00, 0x00, 0x00, 0x00, 0x00, 0x00, 0x00, 0x00,
    0x00, 0x00, 0x00, 0x00, 0x00, 0x00, 0x00, 0x00, 0x00, 0x00, 0x00, 0x00, 0x00, 0x00, 0x00, 0x00,
    0x00, 0x00, 0x00, 0x00, 0x00, 0x00, 0x00, 0x00, 0x00, 0x00, 0x00, 0x00, 0x00, 0x00, 0x00, 0x00,
    0x00, 0x00, 0x00, 0x00, 0x00, 0x00, 0x00, 0x00, 0x00, 0x00, 0x00, 0x00, 0x00, 0x00, 0x00, 0x00,
    0x00, 0x00, 0x00, 0x00, 0x00, 0x00, 0x00, 0x00, 0x00, 0x00, 0x00, 0x00, 0x00, 0x00, 0x00, 0x00,
    0x00, 0x00, 0x00, 0x00, 0x00, 0x00, 0x00, 0x00, 0x00, 0x00, 0x00, 0x00, 0x00, 0x00, 0x00, 0x00,
    0x00, 0x00, 0x00, 0x00, 0x00, 0x00, 0x00, 0x00, 0x00, 0x00, 0x00, 0x00, 0x00, 0x00, 0x00, 0x00,
    0x00, 0x00, 0x00, 0x00, 0x00, 0x00, 0x00, 0x00, 0x00, 0x00, 0x00, 0x00, 0x00, 0x00, 0x00, 0x00,
    0x00, 0x00, 0x00, 0x00, 0x00, 0x00, 0x00, 0x00, 0x00, 0x00, 0x00, 0x00, 0x00, 0x00, 0x00, 0x00,
    0x00, 0x00, 0x00, 0x00, 0x00, 0x00, 0x00, 0x00, 0x00, 0x00, 0x00, 0x00, 0x00, 0x00, 0x00, 0x00,
    0x00, 0x00, 0x00, 0x00, 0x00, 0x00, 0x00, 0x00, 0x00, 0x00, 0x00, 0x00, 0x00, 0x00, 0x00, 0x00,
    0x00, 0x00, 0x00, 0x00, 0x00, 0x00, 0x00, 0x00, 0x00, 0x00, 0x00, 0x00, 0x00, 0x00, 0x00, 0x00,
    0x00, 0x00, 0x00, 0x00, 0x00, 0x00, 0x00, 0x00, 0x00, 0x00, 0x00, 0x00, 0x00, 0x00, 0x00, 0x00,
    0x00, 0x00, 0x00, 0x00, 0x00, 0x00, 0x00, 0x00, 0x00, 0x00, 0x00, 0x00, 0x00, 0x00, 0x00, 0x00,
    0x00, 0x00, 0x00, 0x00, 0x00, 0x00, 0x00, 0x00, 0x00, 0x00, 0x00, 0x00, 0x00, 0x00, 0x00, 0x00,
    0x00, 0x00, 0x00, 0x00, 0x00, 0x00, 0x00, 0x00, 0x00, 0x00, 0x00, 0x00, 0x00, 0x00, 0x00, 0x00,
    0x00, 0x00, 0x00, 0x00, 0x00, 0x00, 0x00, 0x00, 0x00, 0x00, 0x00, 0x00, 0x00, 0x00, 0x00, 0x00,
    0x00, 0x00, 0x00, 0x00, 0x00, 0x00, 0x00, 0x00, 0x00, 0x00, 0x00, 0x00, 0x00, 0x00, 0x00, 0x00,
    0x00, 0x00, 0x00, 0x00, 0x00, 0x00, 0x00, 0x00, 0x00, 0x00, 0x00, 0x00, 0x00, 0x00, 0x00, 0x00,
    0x00, 0x00, 0x00, 0x00, 0x00, 0x00, 0x00, 0x00, 0x00, 0x00, 0x00, 0x00, 0x00, 0x00, 0x00, 0x00,
    0x00, 0x00, 0x00, 0x00, 0x00, 0x00, 0x00, 0x00, 0x00, 0x00, 0x00, 0x00, 0x00, 0x00, 0x00, 0x00,
    0x00, 0x00, 0x00, 0x00, 0x00, 0x00, 0x00, 0x00, 0x00, 0x00, 0x00, 0x00, 0x00, 0x00, 0x00, 0x00,
    0x00, 0x00, 0x00, 0x00, 0x00, 0x00, 0x00, 0x00, 0x00, 0x00, 0x00, 0x00, 0x00, 0x00, 0x00, 0x00,
    0x00, 0x00, 0x00, 0x00, 0x00, 0x00, 0x00, 0x00, 0x00, 0x00, 0x00, 0x00, 0x00, 0x00, 0x00, 0x00,
    0x00, 0x00, 0x00, 0x00, 0x00, 0x00, 0x00, 0x00, 0x00, 0x00, 0x00, 0x00, 0x00, 0x00, 0x00, 0x00,
    0x00, 0x00, 0x00, 0x00, 0x00, 0x00, 0x00, 0x00, 0x00, 0x00, 0x00, 0x00, 0x00, 0x00, 0x00, 0x00,
    0x00, 0x00, 0x00, 0x00, 0x00, 0x00, 0x00, 0x00, 0x00, 0x00, 0x00, 0x00, 0x00, 0x00, 0x00, 0x00,
    0x00, 0x00, 0x00, 0x00, 0x00, 0x00, 0x00, 0x00, 0x00, 0x00, 0x00, 0x00, 0x00, 0x00, 0x00, 0x00,
    0x00, 0x00, 0x00, 0x00, 0x00, 0x00, 0x00, 0x00, 0x00, 0x00, 0x00, 0x00, 0x00, 0x00, 0x00, 0x00,
    0x00, 0x00, 0x00, 0x00, 0x00, 0x00, 0x00, 0x00, 0x00, 0x00, 0x00, 0x00, 0x00, 0x00, 0x00, 0x00,
    0x00, 0x00, 0x00, 0x00, 0x00, 0x00, 0x00, 0x00, 0x00, 0x00, 0x00, 0x00, 0x00, 0x00, 0x00, 0x00,
    0x00, 0x00, 0x00, 0x00, 0x00, 0x00, 0x00, 0x00, 0x00, 0x00, 0x00, 0x00, 0x00, 0x00, 0x00, 0x00,
    0x00, 0x00, 0x00, 0x00, 0x00, 0x00, 0x00, 0x00, 0x00, 0x00, 0x00, 0x00, 0x00, 0x00, 0x00, 0x00,
    0x00, 0x00, 0x00, 0x00, 0x00, 0x00, 0x00, 0x00, 0x00, 0x00, 0x00, 0x00, 0x00, 0x00, 0x00, 0x00,
    0x00, 0x00, 0x00, 0x00, 0x00, 0x00, 0x00, 0x00, 0x00, 0x00, 0x00, 0x00, 0x00, 0x00, 0x00, 0x00,
    0x00, 0x00, 0x00, 0x00, 0x00, 0x00, 0x00, 0x00, 0x00, 0x00, 0x00, 0x00, 0x00, 0x00, 0x00, 0x00,
    0x00, 0x00, 0x00, 0x00, 0x00, 0x00, 0x00, 0x00, 0x00, 0x00, 0x00, 0x00, 0x00, 0x00, 0x00, 0x00,
    0x00, 0x00, 0x00, 0x00, 0x00, 0x00, 0x00, 0x00, 0x00, 0x00, 0x00, 0x00, 0x00, 0x00, 0x00, 0x00,
    0x00, 0x00, 0x00, 0x00, 0x00, 0x00, 0x00, 0x00, 0x00, 0x00, 0x00, 0x00, 0x00, 0x00, 0x00, 0x00,
    0x00, 0x00, 0x00, 0x00, 0x00, 0x00, 0x00, 0x00, 0x00, 0x00, 0x00, 0x00, 0x00, 0x00, 0x00, 0x00,
    0x00, 0x00, 0x00, 0x00, 0x00, 0x00, 0x00, 0x00, 0x00, 0x00, 0x00, 0x00, 0x00, 0x00, 0x00, 0x00,
    0x00, 0x00, 0x00, 0x00, 0x00, 0x00, 0x00, 0x00, 0x00, 0x00, 0x00, 0x00, 0x00, 0x00, 0x00, 0x00,
    0x00, 0x00, 0x00, 0x00, 0x00, 0x00, 0x00, 0x00, 0x00, 0x00, 0x00, 0x00, 0x00, 0x00, 0x00, 0x00,
    0x00, 0x00, 0x00, 0x00, 0x00, 0x00, 0x00, 0x00, 0x00, 0x00, 0x00, 0x00, 0x00, 0x00, 0x00, 0x00,
    0x00, 0x00, 0x00, 0x00, 0x00, 0x00, 0x00, 0x00, 0x00, 0x00, 0x00, 0x00, 0x00, 0x00, 0x00, 0x00,
    0x00, 0x00, 0x00, 0x00, 0x00, 0x00, 0x00, 0x00, 0x00, 0x00, 0x00, 0x00, 0x00, 0x00, 0x00, 0x00,
    0x00, 0x00, 0x00, 0x00, 0x00, 0x00, 0x00, 0x00, 0x00, 0x00, 0x00, 0x00, 0x00, 0x00, 0x00, 0x00,
    0x00, 0x00, 0x00, 0x00, 0x00, 0x00, 0x00, 0x00, 0x00, 0x00, 0x00, 0x00, 0x00, 0x00, 0x00, 0x00,
    0x00, 0x00, 0x00, 0x00, 0x00, 0x00, 0x00, 0x00, 0x00, 0x00, 0x00, 0x00, 0x00, 0x00, 0x00, 0x00,
    0x00, 0x00, 0x00, 0x00, 0x00, 0x00, 0x00, 0x00, 0x00, 0x00, 0x00, 0x00, 0x00, 0x00, 0x00, 0x00,
    0x00, 0x00, 0x00, 0x00, 0x00, 0x00, 0x00, 0x00, 0x00, 0x00, 0x00, 0x00, 0x00, 0x00, 0x03, 0x02,
    0x00, 0x00, 0x00, 0x00, 0x00, 0x00, 0x00, 0x00, 0x00, 0x00, 0x00, 0x00, 0x00, 0x00, 0x00, 0x00,
    0x00, 0x00, 0x00, 0x00, 0x00, 0x00, 0x00, 0x00, 0x00, 0x00, 0x00, 0x00, 0x00, 0x00, 0x00, 0x00,
    0x00, 0x00, 0x00, 0x00, 0x00, 0x00, 0x00, 0x00, 0x00, 0x00, 0x00, 0x00, 0x00, 0x00, 0x00, 0x00,
    0x00, 0x00, 0x00, 0x00, 0x00, 0x00, 0x00, 0x00, 0x00, 0x00, 0x00, 0x00, 0x00, 0x00, 0x00, 0x00,
    0x00, 0x00, 0x00, 0x00, 0x00, 0x00, 0x00, 0x00, 0x00, 0x00, 0x00, 0x00, 0x00, 0x00, 0x00, 0x01,
    0x00, 0x00, 0x01, 0x00, 0x01, 0x03, 0x04, 0x02, 0x00, 0x00, 0x00, 0x00, 0x00, 0x00, 0x00, 0x00,
    0x00, 0x00, 0x00, 0x00, 0x00, 0x00, 0x00, 0x00, 0x00, 0x00, 0x00, 0x00, 0x00, 0x00, 0x00, 0x00,
    0x00, 0x00, 0x00, 0x00, 0x00, 0x00, 0x00, 0x00, 0x00, 0x00, 0x00, 0x00, 0x00, 0x00, 0x00, 0x00,
    0x00, 0x00, 0x00, 0x00, 0x00, 0x00, 0x00, 0x00, 0x00, 0x00, 0x00, 0x00, 0x00, 0x00, 0x00, 0x00,
    0x00, 0x00, 0x00, 0x00, 0x00, 0x00, 0x00, 0x00, 0x00, 0x00, 0x00, 0x00, 0x00, 0x00, 0x00, 0x00,
    0x01, 0x00, 0x77, 0x2B, 0x00, 0x04, 0x00, 0x00, 0x00, 0x00, 0x00, 0x00, 0x00, 0x00, 0x00, 0x00,
    0x00, 0x00, 0x00, 0x00, 0x00, 0x00, 0x00, 0x00, 0x00, 0x00, 0x00, 0x00, 0x00, 0x00, 0x00, 0x00,
    0x00, 0x00, 0x00, 0x00, 0x00, 0x00, 0x00, 0x00, 0x00, 0x00, 0x00, 0x00, 0x00, 0x00, 0x00, 0x00,
    0x00, 0x00, 0x00, 0x00, 0x00, 0x00, 0x00, 0x00, 0x00, 0x00, 0x00, 0x00, 0x00, 0x00, 0x00, 0x00,
    0x00, 0x00, 0x00, 0x00, 0x00, 0x00, 0x00, 0x00, 0x00, 0x00, 0x00, 0x00, 0x00, 0x00, 0x00, 0x00,
    0x00, 0x03, 0x00, 0x1C, 0xFF, 0xE7, 0x1E, 0x00, 0x03, 0x54, 0x96, 0x36, 0x00, 0x02, 0x00, 0x00,
    0x00, 0x00, 0x00, 0x00, 0x00, 0x00, 0x00, 0x00, 0x00, 0x00, 0x00, 0x00, 0x00, 0x00, 0x00, 0x00,
    0x00, 0x00, 0x00, 0x00, 0x00, 0x00, 0x00, 0x00, 0x00, 0x00, 0x00, 0x00, 0x00, 0x00, 0x00, 0x00,
    0x00, 0x00, 0x00, 0x00, 0x00, 0x00, 0x00, 0x00, 0x00, 0x00, 0x00, 0x00, 0x00, 0x00, 0x00, 0x00,
    0x00, 0x00, 0x00, 0x00, 0x00, 0x00, 0x00, 0x00, 0x00, 0x00, 0x00, 0x00, 0x00, 0x00, 0x00, 0x00,
    0x00, 0x01, 0x04, 0x02, 0x00, 0xBA, 0xFC, 0xFF, 0x89, 0x2C, 0xD0, 0xFF, 0xFF, 0x35, 0x04, 0x06,
    0x00, 0x00, 0x00, 0x00, 0x00, 0x00, 0x00, 0x00, 0x00, 0x00, 0x00, 0x00, 0x00, 0x00, 0x00, 0x00,
    0x00, 0x00, 0x00, 0x00, 0x00, 0x00, 0x00, 0x00, 0x00, 0x00, 0x00, 0x00, 0x00, 0x00, 0x00, 0x00,
    0x00, 0x00, 0x00, 0x00, 0x00, 0x00, 0x00, 0x00, 0x00, 0x00, 0x00, 0x00, 0x00, 0x00, 0x00, 0x00,
    0x00, 0x00, 0x00, 0x00, 0x02, 0x03, 0x03, 0x03, 0x03, 0x04, 0x03, 0x03, 0x02, 0x02, 0x03, 0x03,
    0x04, 0x04, 0x03, 0x00, 0x00, 0x00, 0x96, 0xFF, 0xFB, 0xFE, 0xE8, 0xED, 0xFF, 0xFD, 0xC2, 0x00,
    0x00, 0x00, 0x00, 0x00, 0x00, 0x00, 0x00, 0x00, 0x00, 0x00, 0x00, 0x00, 0x00, 0x00, 0x00, 0x00,
    0x00, 0x00, 0x00, 0x00, 0x00, 0x00, 0x00, 0x00, 0x00, 0x00, 0x00, 0x00, 0x00, 0x00, 0x00, 0x00,
    0x00, 0x00, 0x00, 0x00, 0x00, 0x00, 0x00, 0x00, 0x00, 0x00, 0x00, 0x00, 0x00, 0x00, 0x00, 0x00,
    0x00, 0x00, 0x00, 0x02, 0x04, 0x01, 0x00, 0x00, 0x00, 0x00, 0x00, 0x00, 0x00, 0x00, 0x00, 0x00,
    0x00, 0x00, 0x00, 0x00, 0x00, 0x0D, 0x48, 0xBC, 0xFF, 0xFC, 0xFF, 0xFF, 0xFF, 0xFF, 0xF9, 0xFF,
    0xA4, 0x30, 0x60, 0x4F, 0x02, 0x00, 0x00, 0x00, 0x00, 0x00, 0x00, 0x00, 0x00, 0x00, 0x00, 0x00,
    0x00, 0x00, 0x00, 0x00, 0x00, 0x00, 0x00, 0x00, 0x00, 0x00, 0x00, 0x00, 0x00, 0x00, 0x00, 0x00,
    0x00, 0x00, 0x00, 0x00, 0x00, 0x00, 0x00, 0x00, 0x00, 0x00, 0x00, 0x00, 0x00, 0x00, 0x00, 0x00,
    0x00, 0x00, 0x01, 0x04, 0x01, 0x00, 0x00, 0x00, 0x1E, 0x36, 0x3E, 0x4B, 0x53, 0x55, 0x53, 0x48,
    0x30, 0x31, 0x34, 0x4B, 0x63, 0x84, 0xB1, 0xE2, 0xFF, 0xFF, 0xFD, 0xFF, 0xFF, 0xFF, 0xFE, 0xFE,
    0xFF, 0xFF, 0xFC, 0xFE, 0xFF, 0xC5, 0x02, 0x02, 0x00, 0x00, 0x00, 0x00, 0x00, 0x00, 0x00, 0x00,
    0x00, 0x00, 0x00, 0x00, 0x00, 0x00, 0x00, 0x00, 0x00, 0x00, 0x00, 0x00, 0x00, 0x00, 0x00, 0x00,
    0x00, 0x00, 0x00, 0x00, 0x00, 0x00, 0x00, 0x00, 0x00, 0x00, 0x00, 0x00, 0x00, 0x00, 0x00, 0x00,
    0x00, 0x00, 0x00, 0x03, 0x00, 0x00, 0x00, 0x2A, 0x7C, 0xBF, 0xF6, 0xFF, 0xFF, 0xFF, 0xFF, 0xFF,
    0xFF, 0xFF, 0xFF, 0xFF, 0xFF, 0xFF, 0xFF, 0xFF, 0xFF, 0xFF, 0xFD, 0xFC, 0xFF, 0xFF, 0xFF, 0xFF,
    0xFF, 0xFF, 0xFF, 0xFF, 0xFF, 0xFE, 0xF5, 0x2E, 0x00, 0x03, 0x00, 0x00, 0x00, 0x00, 0x00, 0x00,
    0x00, 0x00, 0x00, 0x00, 0x00, 0x00, 0x00, 0x00, 0x00, 0x00, 0x00, 0x00, 0x00, 0x00, 0x00, 0x00,
    0x00, 0x00, 0x00, 0x00, 0x00, 0x00, 0x00, 0x00, 0x00, 0x00, 0x00, 0x00, 0x00, 0x00, 0x00, 0x00,
    0x00, 0x00, 0x00, 0x02, 0x00, 0x00, 0x0F, 0x65, 0xC0, 0xF9, 0xFF, 0xFF, 0xFF, 0xFE, 0xFD, 0xFC,
    0xFC, 0xFC, 0xFC, 0xFD, 0xFF, 0xFF, 0xFE, 0xFC, 0xFB, 0xFB, 0xFC, 0xFD, 0xFF, 0xFF, 0xFF, 0xFF,
    0xFF, 0xFF, 0xFF, 0xFF, 0xFF, 0xFF, 0xFB, 0xFF, 0xA3, 0x00, 0x03, 0x00, 0x00, 0x00, 0x00, 0x00,
    0x00, 0x00, 0x00, 0x00, 0x00, 0x00, 0x00, 0x00, 0x00, 0x00, 0x00, 0x00, 0x00, 0x00, 0x00, 0x00,
    0x00, 0x00, 0x00, 0x00, 0x00, 0x00, 0x00, 0x00, 0x00, 0x00, 0x00, 0x00, 0x00, 0x00, 0x00, 0x00,
    0x00, 0x00, 0x00, 0x00, 0x03, 0x00, 0x03, 0x6C, 0xE0, 0xFF, 0xFF, 0xFF, 0xFB, 0xFC, 0xFE, 0xFF,
    0xFF, 0xFF, 0xFF, 0xFF, 0xFF, 0xFF, 0xFF, 0xFF, 0xFF, 0xFF, 0xFF, 0xFF, 0xFF, 0xFF, 0xFF, 0xFF,
    0xFF, 0xFF, 0xFF, 0xFF, 0xFF, 0xFF, 0xFF, 0xFF, 0xFC, 0xFF, 0x5C, 0x01, 0x04, 0x00, 0x00, 0x00,
    0x00, 0x00, 0x00, 0x00, 0x00, 0x00, 0x00, 0x00, 0x00, 0x00, 0x00, 0x00, 0x00, 0x00, 0x00, 0x00,
    0x00, 0x00, 0x00, 0x00, 0x00, 0x00, 0x00, 0x00, 0x00, 0x00, 0x00, 0x00, 0x00, 0x00, 0x00, 0x00,
    0x00, 0x00, 0x00, 0x00, 0x00, 0x03, 0x00, 0x27, 0xC4, 0xFF, 0xFF, 0xFB, 0xFC, 0xFE, 0xFF, 0xFF,
    0xFF, 0xFF, 0xFF, 0xFF, 0xFF, 0xFF, 0xFF, 0xFF, 0xFF, 0xFF, 0xFF, 0xFF, 0xFF, 0xFF, 0xFF, 0xFF,
    0xFF, 0xFF, 0xFF, 0xFF, 0xFF, 0xFF, 0xFF, 0xFF, 0xFF, 0xFE, 0xFF, 0xFB, 0x27, 0x00, 0x02, 0x00,
    0x00, 0x00, 0x00, 0x00, 0x00, 0x00, 0x00, 0x00, 0x00, 0x00, 0x00, 0x00, 0x00, 0x00, 0x00, 0x00,
    0x00, 0x00, 0x00, 0x00, 0x00, 0x00, 0x00, 0x00, 0x00, 0x00, 0x00, 0x00, 0x00, 0x00, 0x00, 0x00,
    0x00, 0x00, 0x00, 0x00, 0x00, 0x00, 0x02, 0x00, 0x44, 0xEE, 0xFF, 0xFB, 0xFD, 0xFF, 0xFF, 0xFF,
    0xFF, 0xFF, 0xFF, 0xFF, 0xFF, 0xFF, 0xFF, 0xFF, 0xFF, 0xFF, 0xFF, 0xFF, 0xFF, 0xFF, 0xFF, 0xFF,
    0xFF, 0xFF, 0xFF, 0xFF, 0xFF, 0xFF, 0xFF, 0xFF, 0xFF, 0xFF, 0xFF, 0xFE, 0xFF, 0xF2, 0x18, 0x00,
    0x01, 0x00, 0x00, 0x00, 0x00, 0x00, 0x00, 0x00, 0x00, 0x00, 0x00, 0x00, 0x00, 0x00, 0x00, 0x00,
    0x00, 0x00, 0x00, 0x00, 0x00, 0x00, 0x00, 0x02, 0x03, 0x02, 0x03, 0x04, 0x02, 0x00, 0x00, 0x00,
    0x00, 0x00, 0x00, 0x00, 0x00, 0x00, 0x00, 0x02, 0x00, 0x25, 0xF3, 0xFF, 0xFB, 0xFF, 0xFF, 0xFF,
    0xFF, 0xFF, 0xFF, 0xFF, 0xFF, 0xFF, 0xFF, 0xFF, 0xFF, 0xFF, 0xFF, 0xFF, 0xFF, 0xFF, 0xFF, 0xFF,
    0xFF, 0xFF, 0xFF, 0xFF, 0xFF, 0xFF, 0xFF, 0xFF, 0xFF, 0xFF, 0xFF, 0xFF, 0xFF, 0xFF, 0xFE, 0xFF,
    0x30, 0x00, 0x02, 0x00, 0x00, 0x00, 0x00, 0x00, 0x00, 0x00, 0x00, 0x00, 0x00, 0x00, 0x00, 0x00,
    0x00, 0x00, 0x00, 0x00, 0x00, 0x00, 0x00, 0x00, 0x01, 0x00, 0x00, 0x00, 0x00, 0x00, 0x00, 0x02,
    0x03, 0x00, 0x00, 0x01, 0x01, 0x02, 0x01, 0x01, 0x02, 0x03, 0x03, 0xC4, 0xFF, 0xFB, 0xFF, 0xFF,
    0xFF, 0xFF, 0xFF, 0xFF, 0xFF, 0xFF, 0xFF, 0xFF, 0xFF, 0xFF, 0xFF, 0xFF, 0xFF, 0xFF, 0xFF, 0xFF,
    0xFF, 0xFF, 0xFF, 0xFF, 0xFF, 0xFF, 0xFF, 0xFF, 0xFF, 0xFF, 0xFF, 0xFF, 0xFF, 0xFF, 0xFF, 0xFF,
    0xFB, 0xFF, 0x65, 0x01, 0x04, 0x00, 0x00, 0x00, 0x00, 0x00, 0x00, 0x00, 0x00, 0x00, 0x00, 0x00,
    0x00, 0x00, 0x00, 0x00, 0x00, 0x00, 0x00, 0x00, 0x00, 0x02, 0x00, 0x39, 0xA9, 0xB9, 0xAE, 0x74,
    0x29, 0x00, 0x00, 0x02, 0x02, 0x00, 0x00, 0x00, 0x00, 0x00, 0x00, 0x00, 0x57, 0xFF, 0xFB, 0xFF,
    0xFF, 0xFF, 0xFF, 0xFF, 0xFF, 0xFF, 0xFF, 0xFF, 0xFF, 0xFF, 0xFF, 0xFF, 0xFF, 0xFF, 0xFF, 0xFF,
    0xFF, 0xFF, 0xFF, 0xFF, 0xFF, 0xFF, 0xFF, 0xFF, 0xFF, 0xFF, 0xFF, 0xFF, 0xFF, 0xFF, 0xFF, 0xFF,
    0xFF, 0xFF, 0xFC, 0xFF, 0xB3, 0x00, 0x02, 0x00, 0x00, 0x00, 0x00, 0x00, 0x00, 0x00, 0x00, 0x00,
    0x00, 0x00, 0x00, 0x00, 0x00, 0x00, 0x00, 0x00, 0x00, 0x00, 0x02, 0x02, 0x19, 0xED, 0xFF, 0xFF,
    0xFF, 0xFF, 0xF9, 0xB5, 0x53, 0x00, 0x00, 0x02, 0x10, 0x1B, 0x19, 0x18, 0x16, 0x07, 0xA7, 0xFE,
    0xFB, 0xFF, 0xFF, 0xFF, 0xFF, 0xFF, 0xFF, 0xFF, 0xFF, 0xFF, 0xFF, 0xFF, 0xFF, 0xFF, 0xFF, 0xFF,
    0xFF, 0xFF, 0xFF, 0xFF, 0xFF, 0xFF, 0xFF, 0xFF, 0xFF, 0xFF, 0xFF, 0xFF, 0xFF, 0xFF, 0xFF, 0xFF,
    0xFF, 0xFF, 0xFF, 0xFF, 0xFE, 0xFE, 0xF3, 0x20, 0x00, 0x02, 0x00, 0x00, 0x00, 0x00, 0x00, 0x00,
    0x00, 0x00, 0x00, 0x00, 0x00, 0x00, 0x00, 0x00, 0x00, 0x00, 0x00, 0x00, 0x02, 0x00, 0xAA, 0xFF,
    0xF8, 0xFC, 0xFC, 0xFB, 0xFF, 0xFF, 0xFF, 0xBC, 0xBB, 0xD8, 0xEB, 0xF4, 0xF3, 0xF2, 0xED, 0xDF,
    0xF2, 0xFF, 0xFF, 0xFF, 0xFF, 0xFF, 0xFF, 0xFF, 0xFF, 0xFF, 0xFF, 0xFF, 0xFF, 0xFF, 0xFF, 0xFF,
    0xFF, 0xFF, 0xFF, 0xFF, 0xFF, 0xFF, 0xFF, 0xFF, 0xFF, 0xFF, 0xFF, 0xFF, 0xFF, 0xFF, 0xFF, 0xFF,
    0xFF, 0xFF, 0xFF, 0xFF, 0xFF, 0xFF, 0xFF, 0xFB, 0xFF, 0x93, 0x00, 0x03, 0x00, 0x00, 0x00, 0x00,
    0x00, 0x00, 0x00, 0x00, 0x00, 0x00, 0x00, 0x00, 0x00, 0x00, 0x00, 0x00, 0x00, 0x03, 0x01, 0x34,
    0xFF, 0xFC, 0xFF, 0xFF, 0xFF, 0xFF, 0xFE, 0xFC, 0xFD, 0xFF, 0xFF, 0xFF, 0xFF, 0xFF, 0xFF, 0xFF,
    0xFF, 0xFF, 0xFF, 0xFF, 0xFF, 0xFF, 0xFF, 0xFF, 0xFF, 0xFF, 0xFF, 0xFF, 0xFF, 0xFF, 0xFF, 0xFF,
    0xFF, 0xFF, 0xFF, 0xFF, 0xFF, 0xFF, 0xFF, 0xFF, 0xFF, 0xFF, 0xFF, 0xFF, 0xFF, 0xFF, 0xFF, 0xFF,
    0xFF, 0xFF, 0xFF, 0xFF, 0xFF, 0xFF, 0xFF, 0xFF, 0xFF, 0xFE, 0xFE, 0xEA, 0x0C, 0x01, 0x01, 0x00,
    0x00, 0x00, 0x00, 0x00, 0x00, 0x00, 0x00, 0x00, 0x00, 0x00, 0x00, 0x00, 0x00, 0x00, 0x00, 0x03,
    0x00, 0xAA, 0xFF, 0xFB, 0xFF, 0xFF, 0xFF, 0xFF, 0xFF, 0xFF, 0xFF, 0xFC, 0xFC, 0xFD, 0xFE, 0xFE,
    0xFE, 0xFE, 0xFE, 0xFD, 0xFE, 0xFF, 0xFF, 0xFF, 0xFF, 0xFF, 0xFF, 0xFF, 0xFF, 0xFF, 0xFF, 0xFF,
    0xFF, 0xFF, 0xFF, 0xFF, 0xFF, 0xFF, 0xFF, 0xFF, 0xFF, 0xFF, 0xFF, 0xFF, 0xFF, 0xFF, 0xFF, 0xFF,
    0xFF, 0xFF, 0xFF, 0xFF, 0xFF, 0xFF, 0xFF, 0xFF, 0xFF, 0xFF, 0xFF, 0xFF, 0xFC, 0xFF, 0x83, 0x00,
    0x03, 0x00, 0x00, 0x00, 0x00, 0x00, 0x00, 0x00, 0x00, 0x00, 0x00, 0x00, 0x00, 0x00, 0x00, 0x00,
    0x02, 0x00, 0x24, 0xF6, 0xFE, 0xFE, 0xFF, 0xFF, 0xFF, 0xFF, 0xFF, 0xFF, 0xFF, 0xFF, 0xFF, 0xFF,
    0xFF, 0xFF, 0xFF, 0xFF, 0xFF, 0xFF, 0xFF, 0xFF, 0xFF, 0xFF, 0xFF, 0xFF, 0xFF, 0xFF, 0xFF, 0xFF,
    0xFF, 0xFF, 0xFF, 0xFF, 0xFF, 0xFF, 0xFF, 0xFF, 0xFF, 0xFF, 0xFF, 0xFF, 0xFF, 0xFF, 0xFF, 0xFF,
    0xFF, 0xFF, 0xFF, 0xFF, 0xFF, 0xFF, 0xFF, 0xFF, 0xFF, 0xFF, 0xFF, 0xFF, 0xFF, 0xFF, 0xFE, 0xFD,
    0xFA, 0x2D, 0x00, 0x03, 0x00, 0x00, 0x00, 0x00, 0x00, 0x00, 0x00, 0x00, 0x00, 0x00, 0x00, 0x00,
    0x00, 0x00, 0x04, 0x00, 0x75, 0xFF, 0xFB, 0xFF, 0xFF, 0xFF, 0xFF, 0xFF, 0xFF, 0xFF, 0xFF, 0xFF,
    0xFF, 0xFF, 0xFF, 0xFF, 0xFF, 0xFF, 0xFF, 0xFF, 0xFF, 0xFF, 0xFF, 0xFF, 0xFF, 0xFF, 0xFF, 0xFF,
    0xFF, 0xFF, 0xFF, 0xFF, 0xFF, 0xFF, 0xFF, 0xFF, 0xFF, 0xFF, 0xFF, 0xFF, 0xFF, 0xFF, 0xFF, 0xFF,
    0xFF, 0xFF, 0xFF, 0xFF, 0xFF, 0xFF, 0xFF, 0xFF, 0xFF, 0xFF, 0xFF, 0xFF, 0xFF, 0xFF, 0xFF, 0xFF,
    0xFF, 0xFC, 0xFF, 0xB3, 0x00, 0x03, 0x00, 0x00, 0x00, 0x00, 0x00, 0x00, 0x00, 0x00, 0x00, 0x00,
    0x00, 0x00, 0x00, 0x00, 0x03, 0x00, 0xAA, 0xFE, 0xFB, 0xFF, 0xFF, 0xFF, 0xFF, 0xFF, 0xFF, 0xFF,
    0xFF, 0xFF, 0xFF, 0xFF, 0xFF, 0xFF, 0xFF, 0xFF, 0xFF, 0xFF, 0xFF, 0xFF, 0xFF, 0xFF, 0xFF, 0xFF,
    0xFF, 0xFF, 0xFF, 0xFF, 0xFF, 0xFF, 0xFF, 0xFF, 0xFF, 0xFF, 0xFF, 0xFF, 0xFF, 0xFF, 0xFF, 0xFF,
    0xFF, 0xFF, 0xFF, 0xFF, 0xFF, 0xFF, 0xFF, 0xFF, 0xFF, 0xFF, 0xFF, 0xFF, 0xFF, 0xFF, 0xFF, 0xFF,
    0xFF, 0xFF, 0xFF, 0xFF, 0xFC, 0xFF, 0x56, 0x00, 0x03, 0x00, 0x00, 0x00, 0x00, 0x00, 0x00, 0x00,
    0x00, 0x00, 0x00, 0x00, 0x00, 0x01, 0x00, 0x05, 0xDB, 0xFF, 0xFD, 0xFF, 0xFF, 0xFF, 0xFF, 0xFF,
    0xFF, 0xFF, 0xFF, 0xFF, 0xFF, 0xFF, 0xFF, 0xFF, 0xFF, 0xFF, 0xFF, 0xFF, 0xFF, 0xFF, 0xFF, 0xFF,
    0xFF, 0xFF, 0xFF, 0xFF, 0xFF, 0xFF, 0xFF, 0xFF, 0xFF, 0xFF, 0xFF, 0xFF, 0xFF, 0xFF, 0xFF, 0xFF,
    0xFF, 0xFF, 0xFF, 0xFF, 0xFF, 0xFF, 0xFF, 0xFF, 0xFF, 0xFF, 0xFF, 0xFF, 0xFF, 0xFF, 0xFF, 0xFF,
    0xFF, 0xFF, 0xFF, 0xFF, 0xFF, 0xFF, 0xFD, 0xFE, 0xD9, 0x0C, 0x02, 0x01, 0x00, 0x00, 0x00, 0x00,
    0x00, 0x00, 0x00, 0x00, 0x00, 0x00, 0x00, 0x02, 0x01, 0x09, 0xE9, 0xFF, 0xFE, 0xFF, 0xFF, 0xFF,
    0xFF, 0xFF, 0xFF, 0xFF, 0xFF, 0xFF, 0xFF, 0xFF, 0xFF, 0xFF, 0xFF, 0xFF, 0xFF, 0xFF, 0xFF, 0xFF,
    0xFF, 0xFF, 0xFF, 0xFF, 0xFF, 0xFF, 0xFF, 0xFF, 0xFF, 0xFF, 0xFF, 0xFF, 0xFF, 0xFF, 0xFF, 0xFF,
    0xFF, 0xFF, 0xFF, 0xFF, 0xFF, 0xFF, 0xFF, 0xFF, 0xFF, 0xFF, 0xFF, 0xFF, 0xFF, 0xFF, 0xFF, 0xFF,
    0xFF, 0xFF, 0xFF, 0xFF, 0xFF, 0xFF, 0xFF, 0xFF, 0xFF, 0xFC, 0xFF, 0x65, 0x00, 0x04, 0x00, 0x00,
    0x00, 0x00, 0x00, 0x00, 0x00, 0x00, 0x00, 0x00, 0x00, 0x03, 0x00, 0x8C, 0xFF, 0xFC, 0xFF, 0xFF,
    0xFF, 0xFF, 0xFF, 0xFF, 0xFF, 0xFF, 0xFF, 0xFF, 0xFF, 0xFF, 0xFF, 0xFF, 0xFF, 0xFF, 0xFF, 0xFF,
    0xFF, 0xFF, 0xFF, 0xFF, 0xFF, 0xFF, 0xFF, 0xFF, 0xFF, 0xFF, 0xFF, 0xFF, 0xFF, 0xFF, 0xFF, 0xFF,
    0xFF, 0xFF, 0xFF, 0xFF, 0xFF, 0xFF, 0xFF, 0xFF, 0xFF, 0xFF, 0xFF, 0xFF, 0xFF, 0xFF, 0xFF, 0xFF,
    0xFF, 0xFF, 0xFF, 0xFF, 0xFF, 0xFF, 0xFF, 0xFF, 0xFF, 0xFF, 0xFF, 0xFC, 0xFE, 0xC3, 0x00, 0x02,
    0x00, 0x00, 0x00, 0x00, 0x00, 0x00, 0x00, 0x00, 0x00, 0x00, 0x03, 0x00, 0x4C, 0xFF, 0xFD, 0xFE,
    0xFF, 0xFF, 0xFF, 0xFF, 0xFF, 0xFF, 0xFF, 0xFF, 0xFF, 0xFF, 0xFF, 0xFF, 0xFF, 0xFF, 0xFF, 0xFF,
    0xFF, 0xFF, 0xFF, 0xFF, 0xFF, 0xFF, 0xFF, 0xFF, 0xFF, 0xFF, 0xFF, 0xFF, 0xFF, 0xFF, 0xFF, 0xFF,
    0xFF, 0xFF, 0xFF, 0xFF, 0xFF, 0xFF, 0xFF, 0xFF, 0xFF, 0xFF, 0xFF, 0xFF, 0xFF, 0xFF, 0xFF, 0xFF,
    0xFF, 0xFF, 0xFF, 0xFF, 0xFF, 0xFF, 0xFF, 0xFF, 0xFF, 0xFF, 0xFF, 0xFF, 0xFF, 0xFF, 0xFD, 0xFF,
    0x45, 0x00, 0x03, 0x00, 0x00, 0x00, 0x00, 0x00, 0x00, 0x00, 0x00, 0x00, 0x02, 0x03, 0xD1, 0xFE,
    0xFC, 0xFF, 0xFF, 0xFF, 0xFF, 0xFF, 0xFF, 0xFF, 0xFF, 0xFF, 0xFF, 0xFF, 0xFF, 0xFF, 0xFF, 0xFF,
    0xFF, 0xFF, 0xFF, 0xFF, 0xFF, 0xFF, 0xFF, 0xFF, 0xFF, 0xFF, 0xFF, 0xFF, 0xFF, 0xFF, 0xFF, 0xFF,
    0xFF, 0xFF, 0xFF, 0xFF, 0xFF, 0xFF, 0xFF, 0xFF, 0xFF, 0xFF, 0xFF, 0xFF, 0xFF, 0xFF, 0xFF, 0xFF,
    0xFF, 0xFF, 0xFF, 0xFF, 0xFF, 0xFF, 0xFF, 0xFF, 0xFF, 0xFF, 0xFF, 0xFF, 0xFF, 0xFF, 0xFF, 0xFF,
    0xFB, 0xFF, 0xAE, 0x00, 0x03, 0x00, 0x00, 0x00, 0x00, 0x00, 0x00, 0x00, 0x00, 0x04, 0x00, 0x6A,
    0xFF, 0xFC, 0xFF, 0xFF, 0xFF, 0xFF, 0xFF, 0xFF, 0xFF, 0xFF, 0xFF, 0xFF, 0xFF, 0xFF, 0xFF, 0xFF,
    0xFF, 0xFF, 0xFF, 0xFF, 0xFF, 0xFF, 0xFF, 0xFF, 0xFF, 0xFF, 0xFF, 0xFF, 0xFF, 0xFF, 0xFF, 0xFF,
    0xFF, 0xFF, 0xFF, 0xFF, 0xFF, 0xFF, 0xFF, 0xFF, 0xFF, 0xFF, 0xFF, 0xFF, 0xFF, 0xFF, 0xFF, 0xFF,
    0xFF, 0xFF, 0xFF, 0xFF, 0xFF, 0xFF, 0xFF, 0xFF, 0xFF, 0xFF, 0xFF, 0xFF, 0xFF, 0xFF, 0xFF, 0xFF,
    0xFF, 0xFF, 0xFE, 0xFF, 0xE6, 0x0C, 0x00, 0x01, 0x00, 0x00, 0x00, 0x00, 0x00, 0x00, 0x00, 0x01,
    0x06, 0xDD, 0xFE, 0xFD, 0xFF, 0xFF, 0xFF, 0xFF, 0xFF, 0xFF, 0xFF, 0xFF, 0xFF, 0xFF, 0xFF, 0xFF,
    0xFF, 0xFF, 0xFF, 0xFF, 0xFF, 0xFF, 0xFF, 0xFF, 0xFF, 0xFF, 0xFF, 0xFF, 0xFF, 0xFF, 0xFF, 0xFF,
    0xFF, 0xFF, 0xFF, 0xFF, 0xFF, 0xFF, 0xFF, 0xFF, 0xFF, 0xFF, 0xFF, 0xFF, 0xFF, 0xFF, 0xFF, 0xFF,
    0xFF, 0xFF, 0xFF, 0xFF, 0xFF, 0xFF, 0xFF, 0xFF, 0xFF, 0xFF, 0xFF, 0xFF, 0xFF, 0xFF, 0xFF, 0xFF,
    0xFF, 0xFF, 0xFF, 0xFF, 0xFF, 0xFE, 0xFF, 0x39, 0x00, 0x03, 0x00, 0x00, 0x00, 0x00, 0x00, 0x00,
    0x04, 0x00, 0x4E, 0xFF, 0xFD, 0xFF, 0xFF, 0xFF, 0xFF, 0xFF, 0xFF, 0xFF, 0xFF, 0xFF, 0xFF, 0xFF,
    0xFF, 0xFF, 0xFF, 0xFF, 0xFF, 0xFF, 0xFF, 0xFF, 0xFF, 0xFF, 0xFF, 0xFF, 0xFF, 0xFF, 0xFF, 0xFF,
    0xFF, 0xFF, 0xFF, 0xFF, 0xFF, 0xFF, 0xFF, 0xFF, 0xFF, 0xFF, 0xFF, 0xFF, 0xFF, 0xFF, 0xFF, 0xFF,
    0xFF, 0xFF, 0xFF, 0xFF, 0xFF, 0xFF, 0xFF, 0xFF, 0xFF, 0xFF, 0xFF, 0xFF, 0xFF, 0xFF, 0xFF, 0xFF,
    0xFF, 0xFF, 0xFF, 0xFF, 0xFF, 0xFF, 0xFF, 0xFB, 0xFF, 0x88, 0x00, 0x04, 0x00, 0x00, 0x00, 0x00,
    0x00, 0x00, 0x02, 0x00, 0xBF, 0xFF, 0xFC, 0xFF, 0xFF, 0xFF, 0xFF, 0xFF, 0xFF, 0xFF, 0xFF, 0xFF,
    0xFF, 0xFF, 0xFF, 0xFF, 0xFF, 0xFF, 0xFF, 0xFF, 0xFF, 0xFF, 0xFF, 0xFF, 0xFF, 0xFF, 0xFF, 0xFF,
    0xFF, 0xFF, 0xFF, 0xFF, 0xFF, 0xFF, 0xFF, 0xFF, 0xFF, 0xFF, 0xFF, 0xFF, 0xFF, 0xFF, 0xFF, 0xFF,
    0xFF, 0xFF, 0xFF, 0xFF, 0xFF, 0xFF, 0xFF, 0xFF, 0xFF, 0xFF, 0xFF, 0xFF, 0xFF, 0xFF, 0xFF, 0xFF,
    0xFF, 0xFF, 0xFF, 0xFF, 0xFF, 0xFF, 0xFF, 0xFF, 0xFF, 0xFB, 0xFF, 0xAD, 0x00, 0x03, 0x00, 0x00,
    0x00, 0x00, 0x00, 0x02, 0x00, 0x2F, 0xFD, 0xFE, 0xFF, 0xFF, 0xFF, 0xFF, 0xFF, 0xFF, 0xFF, 0xFF,
    0xFF, 0xFF, 0xFF, 0xFF, 0xFF, 0xFF, 0xFF, 0xFF, 0xFF, 0xFF, 0xFF, 0xFF, 0xFF, 0xFF, 0xFF, 0xFF,
    0xFF, 0xFF, 0xFF, 0xFF, 0xFF, 0xFF, 0xFF, 0xFF, 0xFF, 0xFF, 0xFF, 0xFF, 0xFF, 0xFF, 0xFF, 0xFF,
    0xFF, 0xFF, 0xFF, 0xFF, 0xFF, 0xFF, 0xFF, 0xFF, 0xFF, 0xFF, 0xFF, 0xFF, 0xFF, 0xFF, 0xFF, 0xFF,
    0xFF, 0xFF, 0xFF, 0xFF, 0xFF, 0xFF, 0xFF, 0xFF, 0xFF, 0xFF, 0xFF, 0xFD, 0xFF, 0xD4, 0x04, 0x01,
    0x01, 0x00, 0x00, 0x00, 0x00, 0x04, 0x00, 0x81, 0xFF, 0xFB, 0xFF, 0xFF, 0xFF, 0xFF, 0xFF, 0xFF,
    0xFF, 0xFF, 0xFF, 0xFF, 0xFF, 0xFF, 0xFF, 0xFF, 0xFF, 0xFF, 0xFF, 0xFF, 0xFF, 0xFF, 0xFF, 0xFF,
    0xFF, 0xFF, 0xFF, 0xFF, 0xFF, 0xFF, 0xFF, 0xFF, 0xFF, 0xFF, 0xFF, 0xFF, 0xFF, 0xFF, 0xFF, 0xFF,
    0xFF, 0xFF, 0xFF, 0xFF, 0xFF, 0xFF, 0xFF, 0xFF, 0xFF, 0xFF, 0xFF, 0xFF, 0xFF, 0xFF, 0xFF, 0xFF,
    0xFF, 0xFF, 0xFF, 0xFF, 0xFF, 0xFF, 0xFF, 0xFF, 0xFF, 0xFF, 0xFF, 0xFF, 0xFF, 0xFE, 0xFF, 0xF8,
    0x1D, 0x00, 0x02, 0x00, 0x00, 0x00, 0x00, 0x02, 0x00, 0xBF, 0xFF, 0xFC, 0xFF, 0xFF, 0xFF, 0xFF,
    0xFF, 0xFF, 0xFF, 0xFF, 0xFF, 0xFF, 0xFF, 0xFF, 0xFF, 0xFF, 0xFF, 0xFF, 0xFF, 0xFF, 0xFF, 0xFF,
    0xFF, 0xFF, 0xFF, 0xFF, 0xFF, 0xFF, 0xFF, 0xFF, 0xFF, 0xFF, 0xFF, 0xFF, 0xFF, 0xFF, 0xFF, 0xFF,
    0xFF, 0xFF, 0xFF, 0xFF, 0xFF, 0xFF, 0xFF, 0xFF, 0xFF, 0xFF, 0xFF, 0xFF, 0xFF, 0xFF, 0xFF, 0xFF,
    0xFF, 0xFF, 0xFF, 0xFF, 0xFF, 0xFF, 0xFF, 0xFF, 0xFF, 0xFF, 0xFF, 0xFF, 0xFF, 0xFF, 0xFF, 0xFF,
    0xFF, 0xFE, 0x2B, 0x00, 0x02, 0x00, 0x00, 0x00, 0x02, 0x00, 0x1A, 0xF6, 0xFF, 0xFE, 0xFF, 0xFF,
    0xFF, 0xFF, 0xFF, 0xFF, 0xFF, 0xFF, 0xFF, 0xFF, 0xFF, 0xFF, 0xFF, 0xFF, 0xFF, 0xFF, 0xFF, 0xFF,
    0xFF, 0xFF, 0xFF, 0xFF, 0xFF, 0xFF, 0xFF, 0xFF, 0xFF, 0xFF, 0xFF, 0xFF, 0xFF, 0xFF, 0xFF, 0xFF,
    0xFF, 0xFF, 0xFF, 0xFF, 0xFF, 0xFF, 0xFF, 0xFF, 0xFF, 0xFF, 0xFF, 0xFF, 0xFF, 0xFF, 0xFF, 0xFF,
    0xFF, 0xFF, 0xFF, 0xFF, 0xFF, 0xFF, 0xFF, 0xFF, 0xFF, 0xFF, 0xFF, 0xFF, 0xFF, 0xFF, 0xFF, 0xFF,
    0xFF, 0xFF, 0xFF, 0xFD, 0x2A, 0x00, 0x02, 0x00, 0x00, 0x00, 0x03, 0x00, 0x4C, 0xFF, 0xFC, 0xFF,
    0xFF, 0xFF, 0xFF, 0xFF, 0xFF, 0xFF, 0xFF, 0xFF, 0xFF, 0xFF, 0xFF, 0xFF, 0xFF, 0xFF, 0xFF, 0xFF,
    0xFF, 0xFF, 0xFF, 0xFF, 0xFF, 0xFF, 0xFF, 0xFF, 0xFF, 0xFF, 0xFF, 0xFF, 0xFF, 0xFF, 0xFF, 0xFF,
    0xFF, 0xFF, 0xFF, 0xFF, 0xFF, 0xFF, 0xFF, 0xFF, 0xFF, 0xFF, 0xFF, 0xFF, 0xFF, 0xFF, 0xFF, 0xFF,
    0xFF, 0xFF, 0xFF, 0xFF, 0xFF, 0xFF, 0xFF, 0xFF, 0xFF, 0xFF, 0xFF, 0xFF, 0xFF, 0xFF, 0xFF, 0xFF,
    0xFF, 0xFF, 0xFF, 0xFE, 0xFF, 0xEE, 0x14, 0x00, 0x01, 0x00, 0x00, 0x00, 0x04, 0x00, 0x8D, 0xFF,
    0xFB, 0xFF, 0xFF, 0xFF, 0xFF, 0xFF, 0xFF, 0xFF, 0xFF, 0xFF, 0xFF, 0xFF, 0xFF, 0xFF, 0xFF, 0xFF,
    0xFF, 0xFF, 0xFF, 0xFF, 0xFF, 0xFF, 0xFF, 0xFF, 0xFF, 0xFF, 0xFF, 0xFF, 0xFF, 0xFF, 0xFF, 0xFF,
    0xFF, 0xFF, 0xFF, 0xFF, 0xFF, 0xFF, 0xFF, 0xFF, 0xFF, 0xFF, 0xFF, 0xFF, 0xFF, 0xFF, 0xFF, 0xFF,
    0xFF, 0xFF, 0xFF, 0xFF, 0xFF, 0xFF, 0xFF, 0xFF, 0xFF, 0xFF, 0xFF, 0xFF, 0xFF, 0xFF, 0xFF, 0xFF,
    0xFF, 0xFF, 0xFF, 0xFF, 0xFF, 0xFD, 0xFF, 0xDC, 0x04, 0x00, 0x01, 0x00, 0x00, 0x00, 0x03, 0x00,
    0xB4, 0xFF, 0xFC, 0xFF, 0xFF, 0xFF, 0xFF, 0xFF, 0xFF, 0xFF, 0xFF, 0xFF, 0xFF, 0xFF, 0xFF, 0xFF,
    0xFF, 0xFF, 0xFF, 0xFF, 0xFF, 0xFF, 0xFF, 0xFF, 0xFF, 0xFF, 0xFF, 0xFF, 0xFF, 0xFF, 0xFF, 0xFF,
    0xFF, 0xFF, 0xFF, 0xFF, 0xFF, 0xFF, 0xFF, 0xFF, 0xFF, 0xFF, 0xFF, 0xFF, 0xFF, 0xFF, 0xFF, 0xFF,
    0xFF, 0xFF, 0xFF, 0xFF, 0xFF, 0xFF, 0xFF, 0xFF, 0xFF, 0xFF, 0xFF, 0xFF, 0xFF, 0xFF, 0xFF, 0xFF,
    0xFF, 0xFF, 0xFF, 0xFF, 0xFF, 0xFF, 0xFF, 0xFC, 0xFF, 0xC4, 0x00, 0x01, 0x00, 0x00, 0x00, 0x01,
    0x00, 0x08, 0xDC, 0xFF, 0xFD, 0xFF, 0xFF, 0xFF, 0xFF, 0xFF, 0xFF, 0xFF, 0xFF, 0xFF, 0xFF, 0xFF,
    0xFF, 0xFF, 0xFF, 0xFF, 0xFF, 0xFF, 0xFF, 0xFF, 0xFF, 0xFF, 0xFF, 0xFF, 0xFF, 0xFF, 0xFF, 0xFF,
    0xFF, 0xFF, 0xFF, 0xFF, 0xFF, 0xFF, 0xFF, 0xFF, 0xFF, 0xFF, 0xFF, 0xFF, 0xFF, 0xFF, 0xFF, 0xFF,
    0xFF, 0xFF, 0xFF, 0xFF, 0xFF, 0xFF, 0xFF, 0xFF, 0xFF, 0xFF, 0xFF, 0xFF, 0xFF, 0xFF, 0xFF, 0xFF,
    0xFF, 0xFF, 0xFF, 0xFF, 0xFF, 0xFF, 0xFF, 0xFF, 0xFF, 0xFB, 0xFE, 0x89, 0x00, 0x04, 0x00, 0x00,
    0x00, 0x01, 0x00, 0x17, 0xF3, 0xFF, 0xFE, 0xFF, 0xFF, 0xFF, 0xFF, 0xFF, 0xFF, 0xFF, 0xFF, 0xFF,
    0xFF, 0xFF, 0xFF, 0xFF, 0xFF, 0xFF, 0xFF, 0xFF, 0xFF, 0xFF, 0xFF, 0xFF, 0xFF, 0xFF, 0xFF, 0xFF,
    0xFF, 0xFF, 0xFF, 0xFF, 0xFF, 0xFF, 0xFF, 0xFF, 0xFF, 0xFF, 0xFF, 0xFF, 0xFF, 0xFF, 0xFF, 0xFF,
    0xFF, 0xFF, 0xFF, 0xFF, 0xFF, 0xFF, 0xFF, 0xFF, 0xFF, 0xFF, 0xFF, 0xFF, 0xFF, 0xFF, 0xFF, 0xFF,
    0xFF, 0xFF, 0xFF, 0xFF, 0xFF, 0xFF, 0xFF, 0xFF, 0xFF, 0xFF, 0xFF, 0xFC, 0xFF, 0x4B, 0x00, 0x03,
    0x00, 0x00, 0x00, 0x01, 0x00, 0x16, 0xF0, 0xFF, 0xFE, 0xFF, 0xFF, 0xFF, 0xFF, 0xFF, 0xFF, 0xFF,
    0xFF, 0xFF, 0xFF, 0xFF, 0xFF, 0xFF, 0xFF, 0xFF, 0xFF, 0xFF, 0xFF, 0xFF, 0xFF, 0xFF, 0xFF, 0xFF,
    0xFF, 0xFF, 0xFF, 0xFF, 0xFF, 0xFF, 0xFF, 0xFF, 0xFF, 0xFF, 0xFF, 0xFF, 0xFF, 0xFF, 0xFF, 0xFF,
    0xFF, 0xFF, 0xFF, 0xFF, 0xFF, 0xFF, 0xFF, 0xFF, 0xFF, 0xFF, 0xFF, 0xFF, 0xFF, 0xFF, 0xFF, 0xFF,
    0xFF, 0xFF, 0xFF, 0xFF, 0xFF, 0xFF, 0xFF, 0xFF, 0xFF, 0xFF, 0xFF, 0xFF, 0xFE, 0xFD, 0xEE, 0x17,
    0x00, 0x01, 0x00, 0x00, 0x00, 0x02, 0x00, 0x1E, 0xF6, 0xFF, 0xFE, 0xFF, 0xFF, 0xFF, 0xFF, 0xFF,
    0xFF, 0xFF, 0xFF, 0xFF, 0xFF, 0xFF, 0xFF, 0xFF, 0xFF, 0xFF, 0xFF, 0xFF, 0xFF, 0xFF, 0xFF, 0xFF,
    0xFF, 0xFF, 0xFF, 0xFF, 0xFF, 0xFF, 0xFF, 0xFF, 0xFF, 0xFF, 0xFF, 0xFF, 0xFF, 0xFF, 0xFF, 0xFF,
    0xFF, 0xFF, 0xFF, 0xFF, 0xFF, 0xFF, 0xFF, 0xFF, 0xFF, 0xFF, 0xFF, 0xFF, 0xFF, 0xFF, 0xFF, 0xFF,
    0xFF, 0xFF, 0xFF, 0xFF, 0xFF, 0xFF, 0xFF, 0xFF, 0xFF, 0xFF, 0xFF, 0xFF, 0xFF, 0xFF, 0xFA, 0xFF,
    0x91, 0x00, 0x03, 0x00, 0x00, 0x00, 0x00, 0x01, 0x00, 0x17, 0xF5, 0xFD, 0xFE, 0xFF, 0xFF, 0xFF,
    0xFF, 0xFF, 0xFF, 0xFF, 0xFF, 0xFF, 0xFF, 0xFF, 0xFF, 0xFF, 0xFF, 0xFF, 0xFF, 0xFF, 0xFF, 0xFF,
    0xFF, 0xFF, 0xFF, 0xFF, 0xFF, 0xFF, 0xFF, 0xFF, 0xFF, 0xFF, 0xFF, 0xFF, 0xFF, 0xFF, 0xFF, 0xFF,
    0xFF, 0xFF, 0xFF, 0xFF, 0xFF, 0xFF, 0xFF, 0xFF, 0xFF, 0xFF, 0xFF, 0xFF, 0xFF, 0xFF, 0xFF, 0xFF,
    0xFF, 0xFF, 0xFF, 0xFF, 0xFF, 0xFF, 0xFF, 0xFF, 0xFF, 0xFF, 0xFF, 0xFF, 0xFF, 0xFF, 0xFF, 0xFB,
    0xFF, 0xD5, 0x0E, 0x02, 0x01, 0x00, 0x00, 0x00, 0x00, 0x00, 0x03, 0x00, 0x8D, 0xFF, 0xF9, 0xFF,
    0xFF, 0xFF, 0xFF, 0xFF, 0xFF, 0xFF, 0xFF, 0xFF, 0xFF, 0xFF, 0xFF, 0xFF, 0xFF, 0xFF, 0xFF, 0xFF,
    0xFF, 0xFF, 0xFF, 0xFF, 0xFF, 0xFF, 0xFF, 0xFF, 0xFF, 0xFF, 0xFF, 0xFF, 0xFF, 0xFF, 0xFF, 0xFF,
    0xFF, 0xFF, 0xFF, 0xFF, 0xFF, 0xFF, 0xFF, 0xFF, 0xFF, 0xFF, 0xFF, 0xFF, 0xFF, 0xFF, 0xFF, 0xFF,
    0xFF, 0xFF, 0xFF, 0xFF, 0xFF, 0xFF, 0xFF, 0xFF, 0xFF, 0xFF, 0xFF, 0xFF, 0xFF, 0xFF, 0xFF, 0xFF,
    0xFA, 0xFF, 0xE8, 0x27, 0x00, 0x02, 0x00, 0x00, 0x00, 0x00, 0x00, 0x00, 0x01, 0x02, 0x08, 0xAF,
    0xFF, 0xFB, 0xFE, 0xFF, 0xFF, 0xFF, 0xFF, 0xFF, 0xFF, 0xFF, 0xFF, 0xFF, 0xFF, 0xFF, 0xFF, 0xFF,
    0xFF, 0xFF, 0xFF, 0xFF, 0xFF, 0xFF, 0xFF, 0xFF, 0xFF, 0xFF, 0xFF, 0xFF, 0xFF, 0xFF, 0xFF, 0xFF,
    0xFF, 0xFF, 0xFF, 0xFF, 0xFF, 0xFF, 0xFF, 0xFF, 0xFF, 0xFF, 0xFF, 0xFF, 0xFF, 0xFF, 0xFF, 0xFF,
    0xFF, 0xFF, 0xFF, 0xFF, 0xFF, 0xFF, 0xFF, 0xFF, 0xFF, 0xFF, 0xFF, 0xFF, 0xFF, 0xFF, 0xFF, 0xFF,
    0xFF, 0xFE, 0xFF, 0xD7, 0x2C, 0x00, 0x03, 0x00, 0x00, 0x00, 0x00, 0x00, 0x00, 0x00, 0x00, 0x01,
    0x00, 0x02, 0x95, 0xFF, 0xFD, 0xFD, 0xFF, 0xFF, 0xFF, 0xFF, 0xFF, 0xFF, 0xFF, 0xFF, 0xFF, 0xFF,
    0xFF, 0xFF, 0xFF, 0xFF, 0xFF, 0xFF, 0xFF, 0xFF, 0xFF, 0xFF, 0xFF, 0xFF, 0xFF, 0xFF, 0xFF, 0xFF,
    0xFF, 0xFF, 0xFF, 0xFF, 0xFF, 0xFF, 0xFF, 0xFF, 0xFF, 0xFF, 0xFF, 0xFF, 0xFF, 0xFF, 0xFF, 0xFF,
    0xFF, 0xFF, 0xFF, 0xFF, 0xFF, 0xFF, 0xFF, 0xFF, 0xFF, 0xFF, 0xFF, 0xFF, 0xFF, 0xFF, 0xFF, 0xFF,
    0xFF, 0xFF, 0xFE, 0xFB, 0xA1, 0x14, 0x00, 0x03, 0x00, 0x00, 0x00, 0x00, 0x00, 0x00, 0x00, 0x00,
    0x00, 0x00, 0x01, 0x02, 0x00, 0x78, 0xFF, 0xFF, 0xFC, 0xFE, 0xFF, 0xFF, 0xFF, 0xFF, 0xFF, 0xFF,
    0xFF, 0xFF, 0xFF, 0xFF, 0xFF, 0xFF, 0xFF, 0xFF, 0xFF, 0xFF, 0xFF, 0xFF, 0xFF, 0xFF, 0xFF, 0xFF,
    0xFF, 0xFF, 0xFF, 0xFF, 0xFF, 0xFF, 0xFF, 0xFF, 0xFF, 0xFF, 0xFF, 0xFF, 0xFF, 0xFF, 0xFF, 0xFF,
    0xFF, 0xFF, 0xFF, 0xFF, 0xFF, 0xFF, 0xFF, 0xFF, 0xFF, 0xFF, 0xFF, 0xFF, 0xFF, 0xFF, 0xFF, 0xFF,
    0xFF, 0xFF, 0xFF, 0xFB, 0xFF, 0x93, 0x00, 0x00, 0x02, 0x00, 0x00, 0x00, 0x00, 0x00, 0x00, 0x00,
    0x00, 0x00, 0x00, 0x00, 0x00, 0x01, 0x03, 0x00, 0x45, 0xD6, 0xFF, 0xFF, 0xFC, 0xFF, 0xFF, 0xFF,
    0xFF, 0xFF, 0xFF, 0xFF, 0xFF, 0xFF, 0xFF, 0xFF, 0xFF, 0xFF, 0xFF, 0xFF, 0xFF, 0xFF, 0xFF, 0xFF,
    0xFF, 0xFF, 0xFF, 0xFF, 0xFF, 0xFF, 0xFF, 0xFF, 0xFF, 0xFF, 0xFF, 0xFF, 0xFF, 0xFF, 0xFF, 0xFF,
    0xFF, 0xFF, 0xFF, 0xFF, 0xFF, 0xFF, 0xFF, 0xFF, 0xFF, 0xFF, 0xFF, 0xFF, 0xFF, 0xFF, 0xFF, 0xFF,
    0xFF, 0xFF, 0xFF, 0xFF, 0xFF, 0xFD, 0xFF, 0xC8, 0x08, 0x03, 0x01, 0x00, 0x00, 0x00, 0x00, 0x00,
    0x00, 0x00, 0x00, 0x00, 0x00, 0x00, 0x00, 0x00, 0x00, 0x03, 0x00, 0x08, 0x70, 0xF3, 0xFF, 0xFE,
    0xFF, 0xFF, 0xFF, 0xFF, 0xFF, 0xFF, 0xFF, 0xFF, 0xFF, 0xFF, 0xFF, 0xFF, 0xFF, 0xFF, 0xFF, 0xFF,
    0xFF, 0xFF, 0xFF, 0xFF, 0xFF, 0xFF, 0xFF, 0xFF, 0xFF, 0xFF, 0xFF, 0xFF, 0xFF, 0xFF, 0xFF, 0xFF,
    0xFF, 0xFF, 0xFF, 0xFF, 0xFF, 0xFF, 0xFF, 0xFF, 0xFF, 0xFF, 0xFF, 0xFF, 0xFF, 0xFF, 0xFF, 0xFF,
    0xFF, 0xFF, 0xFF, 0xFF, 0xFF, 0xFF, 0xFF, 0xFF, 0xFC, 0xFF, 0x55, 0x00, 0x04, 0x00, 0x00, 0x00,
    0x00, 0x00, 0x00, 0x00, 0x00, 0x00, 0x00, 0x00, 0x00, 0x00, 0x00, 0x00, 0x03, 0x00, 0x00, 0x2C,
    0xBB, 0xFE, 0xFE, 0xFF, 0xFF, 0xFF, 0xFF, 0xFF, 0xFF, 0xFF, 0xFF, 0xFF, 0xFF, 0xFF, 0xFF, 0xFF,
    0xFF, 0xFF, 0xFF, 0xFF, 0xFF, 0xFF, 0xFF, 0xFF, 0xFF, 0xFF, 0xFF, 0xFF, 0xFF, 0xFF, 0xFF, 0xFF,
    0xFF, 0xFF, 0xFF, 0xFF, 0xFF, 0xFF, 0xFF, 0xFF, 0xFF, 0xFF, 0xFF, 0xFF, 0xFF, 0xFF, 0xFF, 0xFF,
    0xFF, 0xFF, 0xFF, 0xFF, 0xFF, 0xFF, 0xFF, 0xFF, 0xFF, 0xFF, 0xFC, 0xFE, 0xC1, 0x00, 0x02, 0x00,
    0x00, 0x00, 0x00, 0x00, 0x00, 0x00, 0x00, 0x00, 0x00, 0x00, 0x00, 0x00, 0x00, 0x00, 0x00, 0x01,
    0x05, 0x00, 0x20, 0xFE, 0xFF, 0xFE, 0xFF, 0xFF, 0xFF, 0xFF, 0xFF, 0xFF, 0xFF, 0xFF, 0xFF, 0xFF,
    0xFF, 0xFF, 0xFF, 0xFF, 0xFF, 0xFF, 0xFF, 0xFF, 0xFF, 0xFF, 0xFF, 0xFF, 0xFF, 0xFF, 0xFF, 0xFF,
    0xFF, 0xFF, 0xFF, 0xFF, 0xFF, 0xFF, 0xFF, 0xFF, 0xFF, 0xFF, 0xFF, 0xFF, 0xFF, 0xFF, 0xFF, 0xFF,
    0xFF, 0xFF, 0xFF, 0xFF, 0xFF, 0xFF, 0xFF, 0xFF, 0xFF, 0xFF, 0xFF, 0xFF, 0xFE, 0xFE, 0xFB, 0x2B,
    0x00, 0x02, 0x00, 0x00, 0x00, 0x00, 0x00, 0x00, 0x00, 0x00, 0x00, 0x00, 0x00, 0x00, 0x00, 0x00,
    0x00, 0x00, 0x02, 0x02, 0x2C, 0xFE, 0xFF, 0xFE, 0xFF, 0xFF, 0xFF, 0xFF, 0xFF, 0xFF, 0xFF, 0xFF,
    0xFF, 0xFF, 0xFF, 0xFF, 0xFF, 0xFF, 0xFF, 0xFF, 0xFF, 0xFF, 0xFF, 0xFF, 0xFF, 0xFF, 0xFF, 0xFF,
    0xFF, 0xFF, 0xFF, 0xFF, 0xFF, 0xFF, 0xFF, 0xFF, 0xFF, 0xFF, 0xFF, 0xFF, 0xFF, 0xFF, 0xFF, 0xFF,
    0xFF, 0xFF, 0xFF, 0xFF, 0xFF, 0xFF, 0xFF, 0xFF, 0xFF, 0xFF, 0xFF, 0xFF, 0xFF, 0xFF, 0xFF, 0xFB,
    0xFF, 0x65, 0x00, 0x04, 0x00, 0x00, 0x00, 0x00, 0x00, 0x00, 0x00, 0x00, 0x00, 0x00, 0x00, 0x00,
    0x00, 0x00, 0x00, 0x00, 0x02, 0x00, 0x2A, 0xFE, 0xFF, 0xFE, 0xFF, 0xFF, 0xFF, 0xFF, 0xFF, 0xFF,
    0xFF, 0xFF, 0xFF, 0xFF, 0xFF, 0xFF, 0xFF, 0xFF, 0xFF, 0xFF, 0xFF, 0xFF, 0xFF, 0xFF, 0xFF, 0xFF,
    0xFF, 0xFF, 0xFF, 0xFF, 0xFF, 0xFF, 0xFF, 0xFF, 0xFF, 0xFF, 0xFF, 0xFF, 0xFF, 0xFF, 0xFF, 0xFF,
    0xFF, 0xFF, 0xFF, 0xFF, 0xFF, 0xFF, 0xFF, 0xFF, 0xFF, 0xFF, 0xFF, 0xFF, 0xFF, 0xFF, 0xFF, 0xFF,
    0xFF, 0xFB, 0xFF, 0x98, 0x00, 0x03, 0x00, 0x00, 0x00, 0x00, 0x00, 0x00, 0x00, 0x00, 0x00, 0x00,
    0x00, 0x00, 0x00, 0x00, 0x00, 0x00, 0x02, 0x00, 0x1D, 0xF6, 0xFF, 0xFE, 0xFF, 0xFF, 0xFF, 0xFF,
    0xFF, 0xFF, 0xFF, 0xFF, 0xFF, 0xFF, 0xFF, 0xFF, 0xFF, 0xFF, 0xFF, 0xFF, 0xFF, 0xFF, 0xFF, 0xFF,
    0xFF, 0xFF, 0xFF, 0xFF, 0xFF, 0xFF, 0xFF, 0xFF, 0xFF, 0xFF, 0xFF, 0xFF, 0xFF, 0xFF, 0xFF, 0xFF,
    0xFF, 0xFF, 0xFF, 0xFF, 0xFF, 0xFF, 0xFF, 0xFF, 0xFF, 0xFF, 0xFF, 0xFF, 0xFF, 0xFF, 0xFF, 0xFF,
    0xFF, 0xFF, 0xFF, 0xFC, 0xFF, 0xCB, 0x00, 0x01, 0x00, 0x00, 0x00, 0x00, 0x00, 0x00, 0x00, 0x00,
    0x00, 0x00, 0x00, 0x00, 0x00, 0x00, 0x00, 0x00, 0x01, 0x00, 0x11, 0xEB, 0xFF, 0xFE, 0xFF, 0xFF,
    0xFF, 0xFF, 0xFF, 0xFF, 0xFF, 0xFF, 0xFF, 0xFF, 0xFF, 0xFF, 0xFF, 0xFF, 0xFF, 0xFF, 0xFF, 0xFF,
    0xFF, 0xFF, 0xFF, 0xFF, 0xFF, 0xFF, 0xFF, 0xFF, 0xFF, 0xFF, 0xFF, 0xFF, 0xFF, 0xFF, 0xFF, 0xFF,
    0xFF, 0xFF, 0xFF, 0xFF, 0xFF, 0xFF, 0xFF, 0xFF, 0xFF, 0xFF, 0xFF, 0xFF, 0xFF, 0xFF, 0xFF, 0xFF,
    0xFF, 0xFF, 0xFF, 0xFF, 0xFF, 0xFE, 0xFF, 0xE6, 0x0D, 0x00, 0x01, 0x00, 0x00, 0x00, 0x00, 0x00,
    0x00, 0x00, 0x00, 0x00, 0x00, 0x00, 0x00, 0x00, 0x00, 0x00, 0x00, 0x01, 0x00, 0xCA, 0xFF, 0xFC,
    0xFF, 0xFF, 0xFF, 0xFF, 0xFF, 0xFF, 0xFF, 0xFF, 0xFF, 0xFF, 0xFF, 0xFF, 0xFF, 0xFF, 0xFF, 0xFF,
    0xFF, 0xFF, 0xFF, 0xFF, 0xFF, 0xFF, 0xFF, 0xFF, 0xFF, 0xFF, 0xFF, 0xFF, 0xFF, 0xFF, 0xFF, 0xFF,
    0xFF, 0xFF, 0xFF, 0xFF, 0xFF, 0xFF, 0xFF, 0xFF, 0xFF, 0xFF, 0xFF, 0xFF, 0xFF, 0xFF, 0xFF, 0xFF,
    0xFF, 0xFF, 0xFF, 0xFF, 0xFF, 0xFF, 0xFF, 0xFE, 0xFF, 0xFA, 0x23, 0x00, 0x02, 0x00, 0x00, 0x00,
    0x00, 0x00, 0x00, 0x00, 0x00, 0x00, 0x00, 0x00, 0x00, 0x00, 0x00, 0x00, 0x00, 0x03, 0x00, 0xAB,
    0xFE, 0xFB, 0xFF, 0xFF, 0xFF, 0xFF, 0xFF, 0xFF, 0xFF, 0xFF, 0xFF, 0xFF, 0xFF, 0xFF, 0xFF, 0xFF,
    0xFF, 0xFF, 0xFF, 0xFF, 0xFF, 0xFF, 0xFF, 0xFF, 0xFF, 0xFF, 0xFF, 0xFF, 0xFF, 0xFF, 0xFF, 0xFF,
    0xFF, 0xFF, 0xFF, 0xFF, 0xFF, 0xFF, 0xFF, 0xFF, 0xFF, 0xFF, 0xFF, 0xFF, 0xFF, 0xFF, 0xFF, 0xFF,
    0xFF, 0xFF, 0xFF, 0xFF, 0xFF, 0xFF, 0xFF, 0xFF, 0xFF, 0xFE, 0xFF, 0xFA, 0x22, 0x00, 0x02, 0x00,
    0x00, 0x00, 0x00, 0x00, 0x00, 0x00, 0x00, 0x00, 0x00, 0x00, 0x00, 0x00, 0x00, 0x00, 0x00, 0x04,
    0x00, 0x6C, 0xFF, 0xFC, 0xFF, 0xFF, 0xFF, 0xFF, 0xFF, 0xFF, 0xFF, 0xFF, 0xFF, 0xFF, 0xFF, 0xFF,
    0xFF, 0xFF, 0xFE, 0xFB, 0xFD, 0xFF, 0xFF, 0xFF, 0xFF, 0xFF, 0xFF, 0xFF, 0xFF, 0xFF, 0xFF, 0xFF,
    0xFF, 0xFF, 0xFF, 0xFF, 0xFF, 0xFF, 0xFF, 0xFF, 0xFF, 0xFF, 0xFF, 0xFF, 0xFF, 0xFF, 0xFF, 0xFF,
    0xFF, 0xFF, 0xFF, 0xFF, 0xFF, 0xFF, 0xFF, 0xFF, 0xFF, 0xFF, 0xFF, 0xFE, 0xFF, 0xF8, 0x21, 0x00,
    0x02, 0x00, 0x00, 0x00, 0x00, 0x00, 0x00, 0x00, 0x00, 0x00, 0x00, 0x00, 0x00, 0x00, 0x00, 0x00,
    0x00, 0x02, 0x00, 0x19, 0xF1, 0xFF, 0xFE, 0xFF, 0xFF, 0xFF, 0xFF, 0xFF, 0xFF, 0xFF, 0xFF, 0xFF,
    0xFF, 0xFF, 0xFF, 0xFF, 0xFF, 0xFF, 0xFF, 0xFD, 0xFE, 0xFF, 0xFF, 0xFF, 0xFF, 0xFF, 0xFF, 0xFF,
    0xFF, 0xFF, 0xFF, 0xFF, 0xFF, 0xFF, 0xFF, 0xFF, 0xFF, 0xFF, 0xFF, 0xFF, 0xFF, 0xFF, 0xFF, 0xFF,
    0xFF, 0xFF, 0xFF, 0xFF, 0xFF, 0xFF, 0xFF, 0xFF, 0xFF, 0xFF, 0xFF, 0xFF, 0xFF, 0xFE, 0xFF, 0xE8,
    0x0E, 0x00, 0x01, 0x00, 0x00, 0x00, 0x00, 0x00, 0x00, 0x00, 0x00, 0x00, 0x00, 0x00, 0x00, 0x00,
    0x00, 0x00, 0x00, 0x00, 0x02, 0x00, 0xB1, 0xFE, 0xFB, 0xFF, 0xFF, 0xFF, 0xFF, 0xFF, 0xFF, 0xFF,
    0xFF, 0xFF, 0xFF, 0xFF, 0xFE, 0xFE, 0xF3, 0xA4, 0xE4, 0xFF, 0xFF, 0xFF, 0xFF, 0xFF, 0xFF, 0xFF,
    0xFF, 0xFF, 0xFF, 0xFF, 0xFF, 0xFF, 0xFF, 0xFF, 0xFF, 0xFF, 0xFF, 0xFF, 0xFF, 0xFF, 0xFF, 0xFF,
    0xFF, 0xFF, 0xFF, 0xFF, 0xFF, 0xFF, 0xFF, 0xFF, 0xFF, 0xFF, 0xFF, 0xFF, 0xFF, 0xFF, 0xFF, 0xFD,
    0xFF, 0xD4, 0x02, 0x01, 0x01, 0x00, 0x00, 0x00, 0x00, 0x00, 0x00, 0x00, 0x00, 0x00, 0x00, 0x00,
    0x00, 0x00, 0x00, 0x00, 0x00, 0x00, 0x03, 0x01, 0x4C, 0xFF, 0xFD, 0xFF, 0xFF, 0xFF, 0xFF, 0xFF,
    0xFF, 0xFF, 0xFF, 0xFF, 0xFF, 0xFF, 0xFB, 0xFF, 0x86, 0x00, 0x0E, 0x55, 0xF6, 0xFD, 0xFE, 0xFF,
    0xFF, 0xFF, 0xFF, 0xFF, 0xFF, 0xFF, 0xFF, 0xFF, 0xFF, 0xFF, 0xFF, 0xFF, 0xFF, 0xFF, 0xFF, 0xFF,
    0xFE, 0xFC, 0xFD, 0xFF, 0xFF, 0xFF, 0xFF, 0xFF, 0xFF, 0xFF, 0xFF, 0xFF, 0xFF, 0xFF, 0xFF, 0xFF,
    0xFF, 0xFB, 0xFF, 0xB1, 0x00, 0x03, 0x00, 0x00, 0x00, 0x00, 0x00, 0x00, 0x00, 0x00, 0x00, 0x00,
    0x00, 0x00, 0x00, 0x00, 0x00, 0x00, 0x00, 0x00, 0x01, 0x01, 0x08, 0xDC, 0xFF, 0xFD, 0xFF, 0xFF,
    0xFF, 0xFF, 0xFF, 0xFF, 0xFF, 0xFF, 0xFF, 0xFD, 0xFE, 0xD7, 0x0C, 0x05, 0x01, 0x00, 0x8E, 0xFF,
    0xFB, 0xFF, 0xFF, 0xFF, 0xFF, 0xFF, 0xFF, 0xFF, 0xFF, 0xFF, 0xFF, 0xFF, 0xFF, 0xFF, 0xFF, 0xFF,
    0xFF, 0xFF, 0xFF, 0xFF, 0xFF, 0xFE, 0xFF, 0xFF, 0xFF, 0xFF, 0xFF, 0xFF, 0xFF, 0xFF, 0xFF, 0xFF,
    0xFF, 0xFF, 0xFF, 0xFB, 0xFF, 0x77, 0x00, 0x04, 0x00, 0x00, 0x00, 0x00, 0x00, 0x00, 0x00, 0x00,
    0x00, 0x00, 0x00, 0x00, 0x00, 0x00, 0x00, 0x00, 0x00, 0x00, 0x00, 0x04, 0x00, 0x6C, 0xFF, 0xFC,
    0xFF, 0xFF, 0xFF, 0xFF, 0xFF, 0xFF, 0xFF, 0xFF, 0xFF, 0xFC, 0xFF, 0x50, 0x00, 0x04, 0x02, 0x05,
    0x09, 0xC6, 0xFF, 0xFA, 0xFE, 0xFF, 0xFF, 0xFF, 0xFF, 0xFF, 0xFF, 0xFF, 0xFF, 0xFF, 0xFF, 0xFF,
    0xFF, 0xFF, 0xFE, 0xFD, 0xFA, 0xC7, 0xE1, 0xFF, 0xFE, 0xFF, 0xFF, 0xFF, 0xFF, 0xFF, 0xFF, 0xFF,
    0xFF, 0xFF, 0xFF, 0xFF, 0xFE, 0xFE, 0xFB, 0x25, 0x00, 0x02, 0x00, 0x00, 0x00, 0x00, 0x00, 0x00,
    0x00, 0x00, 0x00, 0x00, 0x00, 0x00, 0x00, 0x00, 0x00, 0x00, 0x00, 0x00, 0x00, 0x01, 0x01, 0x11,
    0xED, 0xFF, 0xFE, 0xFF, 0xFF, 0xFF, 0xFF, 0xFF, 0xFF, 0xFF, 0xFC, 0xFF, 0xCF, 0x03, 0x02, 0x00,
    0x00, 0x01, 0x00, 0x12, 0xDB, 0xFF, 0xFF, 0xFF, 0xFF, 0xFF, 0xFF, 0xFF, 0xFF, 0xFF, 0xFF, 0xFF,
    0xFF, 0xFF, 0xFF, 0xFF, 0xFA, 0xFF, 0x78, 0x00, 0x0A, 0xB2, 0xFF, 0xFC, 0xFF, 0xFF, 0xFF, 0xFF,
    0xFF, 0xFF, 0xFF, 0xFF, 0xFF, 0xFF, 0xFC, 0xFE, 0xC9, 0x01, 0x02, 0x00, 0x00, 0x00, 0x00, 0x00,
    0x00, 0x00, 0x00, 0x00, 0x00, 0x00, 0x00, 0x00, 0x00, 0x00, 0x00, 0x00, 0x00, 0x00, 0x00, 0x00,
    0x03, 0x00, 0x91, 0xFF, 0xFB, 0xFF, 0xFF, 0xFF, 0xFF, 0xFF, 0xFF, 0xFE, 0xFC, 0xF8, 0x35, 0x00,
    0x03, 0x00, 0x00, 0x00, 0x02, 0x00, 0xBD, 0xBB, 0xD7, 0xFF, 0xFE, 0xFF, 0xFF, 0xFF, 0xFF, 0xFF,
    0xFF, 0xFF, 0xFF, 0xFF, 0xFF, 0xFB, 0xFF, 0xBC, 0x03, 0x04, 0x00, 0x33, 0xFD, 0xFC, 0xFE, 0xFF,
    0xFF, 0xFF, 0xFF, 0xFF, 0xFF, 0xFF, 0xFF, 0xFF, 0xFB, 0xFF, 0x47, 0x00, 0x03, 0x00, 0x00, 0x00,
    0x00, 0x00, 0x00, 0x00, 0x00, 0x00, 0x00, 0x00, 0x00, 0x00, 0x00, 0x00, 0x00, 0x00, 0x00, 0x00,
    0x00, 0x00, 0x04, 0x00, 0x83, 0xFF, 0xFA, 0xFC, 0xFC, 0xFE, 0xFF, 0xFE, 0xFC, 0xFB, 0xFF, 0x64,
    0x00, 0x03, 0x00, 0x00, 0x00, 0x00, 0x00, 0x01, 0x20, 0x00, 0x62, 0xFF, 0xFB, 0xFF, 0xFF, 0xFF,
    0xFF, 0xFF, 0xFF, 0xFF, 0xFF, 0xFF, 0xFC, 0xFF, 0xE5, 0x1D, 0x00, 0x02, 0x04, 0x00, 0x8D, 0xFF,
    0xFB, 0xFD, 0xFF, 0xFF, 0xFF, 0xFF, 0xFF, 0xFF, 0xFF, 0xFA, 0xFF, 0xA9, 0x00, 0x03, 0x00, 0x00,
    0x00, 0x00, 0x00, 0x00, 0x00, 0x00, 0x00, 0x00, 0x00, 0x00, 0x00, 0x00, 0x00, 0x00, 0x00, 0x00,
    0x00, 0x00, 0x00, 0x01, 0x00, 0x06, 0xDB, 0xF7, 0xFF, 0xFF, 0xFF, 0xFF, 0xFC, 0xFF, 0xFF, 0xFF,
    0x88, 0x00, 0x04, 0x00, 0x00, 0x00, 0x00, 0x00, 0x00, 0x00, 0x00, 0x00, 0x7C, 0xFE, 0xFA, 0xFF,
    0xFF, 0xFF, 0xFF, 0xFF, 0xFF, 0xFF, 0xFF, 0xFB, 0xFF, 0xF5, 0x37, 0x00, 0x03, 0x00, 0x01, 0x02,
    0x04, 0xD3, 0xFF, 0xFF, 0xFE, 0xFC, 0xFB, 0xFC, 0xFC, 0xFC, 0xFA, 0xFF, 0xE6, 0x16, 0x02, 0x02,
    0x00, 0x00, 0x00, 0x00, 0x00, 0x00, 0x00, 0x00, 0x00, 0x00, 0x00, 0x00, 0x00, 0x00, 0x00, 0x00,
    0x00, 0x00, 0x00, 0x00, 0x00, 0x00, 0x00, 0x08, 0x40, 0xD7, 0xEB, 0xB1, 0xBB, 0xFE, 0xFF, 0xEA,
    0xBC, 0x45, 0x00, 0x03, 0x00, 0x00, 0x00, 0x00, 0x00, 0x00, 0x00, 0x01, 0x03, 0x0B, 0xCF, 0xFF,
    0xFE, 0xFE, 0xFF, 0xFE, 0xFB, 0xFD, 0xFF, 0xFC, 0xFF, 0xFF, 0xE4, 0x3B, 0x00, 0x03, 0x00, 0x00,
    0x00, 0x02, 0x00, 0xB8, 0xF2, 0xDC, 0xFF, 0xFF, 0xFF, 0xFF, 0xFF, 0xFF, 0xFF, 0xE5, 0x42, 0x00,
    0x03, 0x00, 0x00, 0x00, 0x00, 0x00, 0x00, 0x00, 0x00, 0x00, 0x00, 0x00, 0x00, 0x00, 0x00, 0x00,
    0x00, 0x00, 0x00, 0x00, 0x00, 0x00, 0x00, 0x00, 0x00, 0x00, 0x00, 0x4B, 0x14, 0x00, 0x00, 0x3A,
    0x54, 0x13, 0x00, 0x00, 0x02, 0x00, 0x00, 0x00, 0x00, 0x00, 0x00, 0x00, 0x00, 0x03, 0x00, 0x31,
    0xFF, 0xEA, 0xF8, 0xFF, 0xFB, 0xFF, 0xFF, 0xFF, 0xFD, 0xFF, 0xFC, 0xA9, 0x1B, 0x00, 0x03, 0x00,
    0x00, 0x00, 0x00, 0x00, 0x01, 0x25, 0x1C, 0x07, 0x5E, 0xB6, 0x9D, 0x5C, 0x95, 0xC0, 0x62, 0x10,
    0x00, 0x02, 0x00, 0x00, 0x00, 0x00, 0x00, 0x00, 0x00, 0x00, 0x00, 0x00, 0x00, 0x00, 0x00, 0x00,
    0x00, 0x00, 0x00, 0x00, 0x00, 0x00, 0x00, 0x00, 0x00, 0x00, 0x00, 0x00, 0x02, 0x00, 0x00, 0x02,
    0x02, 0x00, 0x00, 0x00, 0x02, 0x03, 0x00, 0x00, 0x00, 0x00, 0x00, 0x00, 0x00, 0x00, 0x00, 0x00,
    0x00, 0x06, 0x26, 0x12, 0x23, 0xD1, 0xFF, 0xE6, 0x93, 0xD8, 0xFF, 0x97, 0x2A, 0x00, 0x00, 0x03,
    0x00, 0x00, 0x00, 0x00, 0x00, 0x00, 0x00, 0x00, 0x00, 0x00, 0x00, 0x00, 0x00, 0x00, 0x00, 0x00,
    0x00, 0x00, 0x02, 0x00, 0x00, 0x00, 0x00, 0x00, 0x00, 0x00, 0x00, 0x00, 0x00, 0x00, 0x00, 0x00,
    0x00, 0x00, 0x00, 0x00, 0x00, 0x00, 0x00, 0x00, 0x00, 0x00, 0x00, 0x00, 0x00, 0x00, 0x00, 0x03,
    0x01, 0x00, 0x00, 0x03, 0x03, 0x01, 0x00, 0x00, 0x00, 0x00, 0x00, 0x00, 0x00, 0x00, 0x00, 0x00,
    0x00, 0x00, 0x00, 0x00, 0x00, 0x00, 0x00, 0x28, 0x6C, 0x14, 0x00, 0x1A, 0x4D, 0x00, 0x00, 0x02,
    0x01, 0x00, 0x00, 0x00, 0x00, 0x00, 0x00, 0x00, 0x00, 0x02, 0x02, 0x01, 0x03, 0x02, 0x03, 0x04,
    0x03, 0x01, 0x04, 0x01, 0x00, 0x00, 0x00, 0x00, 0x00, 0x00, 0x00, 0x00, 0x00, 0x00, 0x00, 0x00,
    0x00, 0x00, 0x00, 0x00, 0x00, 0x00, 0x00, 0x00, 0x00, 0x00, 0x00, 0x00, 0x00, 0x00, 0x00, 0x00,
    0x00, 0x00, 0x00, 0x00, 0x00, 0x00, 0x00, 0x00, 0x00, 0x00, 0x00, 0x00, 0x00, 0x00, 0x00, 0x00,
    0x00, 0x00, 0x00, 0x00, 0x00, 0x00, 0x02, 0x01, 0x02, 0x00, 0x00, 0x00, 0x04, 0x00, 0x00, 0x02,
    0x02, 0x00, 0x00, 0x00, 0x00, 0x00, 0x00, 0x00, 0x00, 0x00, 0x00, 0x00, 0x00, 0x00, 0x00, 0x00,
    0x00, 0x00, 0x00, 0x00, 0x00, 0x00, 0x00, 0x00, 0x00, 0x00, 0x00, 0x00, 0x00, 0x00, 0x00, 0x00,
    0x00, 0x00, 0x00, 0x00, 0x00, 0x00, 0x00, 0x00, 0x00, 0x00, 0x00, 0x00, 0x00, 0x00, 0x00, 0x00,
    0x00, 0x00, 0x00, 0x00, 0x00, 0x00, 0x00, 0x00, 0x00, 0x00, 0x00, 0x00, 0x00, 0x00, 0x00, 0x00,
    0x00, 0x00, 0x00, 0x00, 0x00, 0x00, 0x00, 0x00, 0x00, 0x00, 0x00, 0x02, 0x04, 0x01, 0x00, 0x01,
    0x03, 0x00, 0x00, 0x00, 0x00, 0x00, 0x00, 0x00, 0x00, 0x00, 0x00, 0x00, 0x00, 0x00, 0x00, 0x00,
    0x00, 0x00, 0x00, 0x00, 0x00, 0x00, 0x00, 0x00, 0x00, 0x00, 0x00, 0x00, 0x00, 0x00, 0x00, 0x00,
    0x00, 0x00, 0x00, 0x00, 0x00, 0x00, 0x00, 0x00, 0x00, 0x00, 0x00, 0x00, 0x00, 0x00, 0x00, 0x00,
    0x00, 0x00, 0x00, 0x00, 0x00, 0x00, 0x00, 0x00, 0x00, 0x00, 0x00, 0x00, 0x00, 0x00, 0x00, 0x00,
    0x00, 0x00, 0x00, 0x00, 0x00, 0x00, 0x00, 0x00, 0x00, 0x00, 0x00, 0x00, 0x00, 0x00, 0x00, 0x00,
    0x00, 0x00, 0x00, 0x00, 0x00, 0x00, 0x00, 0x00, 0x00, 0x00, 0x00, 0x00, 0x00, 0x00, 0x00, 0x00,
    0x00, 0x00, 0x00, 0x00, 0x00, 0x00, 0x00, 0x00, 0x00, 0x00, 0x00, 0x00, 0x00, 0x00, 0x00, 0x00,
    0x00, 0x00, 0x00, 0x00, 0x00, 0x00, 0x00, 0x00, 0x00, 0x00, 0x00, 0x00, 0x00, 0x00, 0x00, 0x00,
    0x00, 0x00, 0x00, 0x00, 0x00, 0x00, 0x00, 0x00, 0x00, 0x00, 0x00, 0x00, 0x00, 0x00, 0x00, 0x00,
    0x00, 0x00, 0x00, 0x00, 0x00, 0x00, 0x00, 0x00, 0x00, 0x00, 0x00, 0x00, 0x00, 0x00, 0x00, 0x00,
    0x00, 0x00, 0x00, 0x00, 0x00, 0x00, 0x00, 0x00, 0x00, 0x00, 0x00, 0x00, 0x00, 0x00, 0x00, 0x00,
    0x00, 0x00, 0x00, 0x00, 0x00, 0x00, 0x00, 0x00, 0x00, 0x00, 0x00, 0x00, 0x00, 0x00, 0x00, 0x00,
    0x00, 0x00, 0x00, 0x00, 0x00, 0x00, 0x00, 0x00, 0x00, 0x00, 0x00, 0x00, 0x00, 0x00, 0x00, 0x00,
    0x00, 0x00, 0x00, 0x00, 0x00, 0x00, 0x00, 0x00, 0x00, 0x00, 0x00, 0x00, 0x00, 0x00, 0x00, 0x00,
    0x00, 0x00, 0x00, 0x00, 0x00, 0x00, 0x00, 0x00, 0x00, 0x00, 0x00, 0x00, 0x00, 0x00, 0x00, 0x00,
    0x00, 0x00, 0x00, 0x00, 0x00, 0x00, 0x00, 0x00, 0x00, 0x00, 0x00, 0x00, 0x00, 0x00, 0x00, 0x00,
    0x00, 0x00, 0x00, 0x00, 0x00, 0x00, 0x00, 0x00, 0x00, 0x00, 0x00, 0x00, 0x00, 0x00, 0x00, 0x00,
    0x00, 0x00, 0x00, 0x00, 0x00, 0x00, 0x00, 0x00, 0x00, 0x00, 0x00, 0x00, 0x00, 0x00, 0x00, 0x00,
    0x00, 0x00, 0x00, 0x00, 0x00, 0x00, 0x00, 0x00, 0x00, 0x00, 0x00, 0x00, 0x00, 0x00, 0x00, 0x00,
    0x00, 0x00, 0x00, 0x00, 0x00, 0x00, 0x00, 0x00, 0x00, 0x00, 0x00, 0x00, 0x00, 0x00, 0x00, 0x00,
    0x00, 0x00, 0x00, 0x00, 0x00, 0x00, 0x00, 0x00, 0x00, 0x00, 0x00, 0x00, 0x00, 0x00, 0x00, 0x00,
    0x00, 0x00, 0x00, 0x00, 0x00, 0x00, 0x00, 0x00, 0x00, 0x00, 0x00, 0x00, 0x00, 0x00, 0x00, 0x00,
    0x00, 0x00, 0x00, 0x00, 0x00, 0x00, 0x00, 0x00, 0x00, 0x00, 0x00, 0x00,
};

const lv_image_dsc_t bulbasaur_small = {
    .header = {
        .magic = LV_IMAGE_HEADER_MAGIC,
        .cf = LV_COLOR_FORMAT_RGB565A8,
        .flags = 0,
        .w = 82,
        .h = 82,
        .stride = 164,
    },
    .data_size = sizeof(bulbasaur_small_map),
    .data = bulbasaur_small_map,
};

// Source: https://www.pokemon.com/static-assets/content-assets/cms2/img/pokedex/full/007.png
static LV_ATTRIBUTE_MEM_ALIGN LV_ATTRIBUTE_LARGE_CONST const uint8_t squirtle_large_map[] = {
    0x00, 0x00, 0x00, 0x00, 0x00, 0x00, 0x00, 0x00, 0x00, 0x00, 0x00, 0x00, 0x00, 0x00, 0x00, 0x00,
    0x00, 0x00, 0x00, 0x00, 0x00, 0x00, 0x00, 0x00, 0x00, 0x00, 0x00, 0x00, 0x00, 0x00, 0x00, 0x00,
    0x00, 0x00, 0x00, 0x00, 0x00, 0x00, 0x00, 0x00, 0x00, 0x00, 0x00, 0x00, 0x00, 0x00, 0x00, 0x00,
    0x00, 0x00, 0x00, 0x00, 0x00, 0x00, 0x00, 0x00, 0x00, 0x00, 0x00, 0x00, 0x00, 0x00, 0x00, 0x00,
    0x00, 0x00, 0x00, 0x00, 0x00, 0x00, 0x00, 0x00, 0x00, 0x00, 0x00, 0x00, 0x00, 0x00, 0x00, 0x00,
    0x00, 0x00, 0x00, 0x00, 0x00, 0x00, 0x00, 0x00, 0x00, 0x00, 0x00, 0x00, 0x00, 0x00, 0x00, 0x00,
    0x00, 0x00, 0x00, 0x00, 0x00, 0x00, 0x00, 0x00, 0x00, 0x00, 0x00, 0x00, 0x00, 0x00, 0x00, 0x00,
    0x00, 0x00, 0x00, 0x00, 0x00, 0x00, 0x00, 0x00, 0x00, 0x00, 0x00, 0x00, 0x00, 0x00, 0x00, 0x00,
    0x00, 0x00, 0x00, 0x00, 0x00, 0x00, 0x00, 0x00, 0x00, 0x00, 0x00, 0x00, 0x00, 0x00, 0x00, 0x00,
    0x00, 0x00, 0x00, 0x00, 0x00, 0x00, 0x00, 0x00, 0x00, 0x00, 0x00, 0x00, 0x00, 0x00, 0x00, 0x00,
    0x00, 0x00, 0x00, 0x00, 0x00, 0x00, 0x00, 0x00, 0x00, 0x00, 0x00, 0x00, 0x00, 0x00, 0x00, 0x00,
    0x00, 0x00, 0x00, 0x00, 0x00, 0x00, 0x00, 0x00, 0x00, 0x00, 0x00, 0x00, 0x00, 0x00, 0x00, 0x00,
    0x00, 0x00, 0x00, 0x00, 0x00, 0x00, 0x00, 0x00, 0x00, 0x00, 0x00, 0x00, 0x00, 0x00, 0x00, 0x00,
    0x00, 0x00, 0x00, 0x00, 0x00, 0x00, 0x00, 0x00, 0x00, 0x00, 0x00, 0x00, 0x00, 0x00, 0x00, 0x00,
    0x00, 0x00, 0x00, 0x00, 0x00, 0x00, 0x00, 0x00, 0x00, 0x00, 0x00, 0x00, 0x00, 0x00, 0x00, 0x00,
    0x00, 0x00, 0x00, 0x00, 0x00, 0x00, 0x00, 0x00, 0x00, 0x00, 0x00, 0x00, 0x00, 0x00, 0x00, 0x00,
    0x00, 0x00, 0x00, 0x00, 0x00, 0x00, 0x00, 0x00, 0x00, 0x00, 0x00, 0x00, 0x00, 0x00, 0x00, 0x00,
    0x00, 0x00, 0x00, 0x00, 0x00, 0x00, 0x00, 0x00, 0x00, 0x00, 0x00, 0x00, 0x00, 0x00, 0x00, 0x00,
    0x00, 0x00, 0x00, 0x00, 0x00, 0x00, 0x00, 0x00, 0x00, 0x00, 0x00, 0x00, 0x00, 0x00, 0x00, 0x00,
    0x00, 0x00, 0x00, 0x00, 0x00, 0x00, 0x00, 0x00, 0x00, 0x00, 0x00, 0x00, 0x00, 0x00, 0x00, 0x00,
    0x00, 0x00, 0x00, 0x00, 0x00, 0x00, 0x00, 0x00, 0x00, 0x00, 0x00, 0x00, 0x00, 0x00, 0x00, 0x00,
    0x00, 0x00, 0x00, 0x00, 0x00, 0x00, 0x00, 0x00, 0x00, 0x00, 0x00, 0x00, 0x00, 0x00, 0x00, 0x00,
    0x00, 0x00, 0x00, 0x00, 0x00, 0x00, 0x00, 0x00, 0x00, 0x00, 0x00, 0x00, 0x00, 0x00, 0x00, 0x00,
    0x00, 0x00, 0x00, 0x00, 0x00, 0x00, 0x00, 0x00, 0x00, 0x00, 0x00, 0x00, 0x00, 0x00, 0x00, 0x00,
    0x00, 0x00, 0x00, 0x00, 0x00, 0x00, 0x00, 0x00, 0x00, 0x00, 0x00, 0x00, 0x00, 0x00, 0x00, 0x00,
    0x00, 0x00, 0x00, 0x00, 0x00, 0x00, 0x00, 0x00, 0x00, 0x00, 0x00, 0x00, 0x00, 0x00, 0x00, 0x00,
    0x00, 0x00, 0x00, 0x00, 0x00, 0x00, 0x00, 0x00, 0x00, 0x00, 0x00, 0x00, 0x00, 0x00, 0x00, 0x00,
    0x00, 0x00, 0x00, 0x00, 0x00, 0x00, 0x00, 0x00, 0x00, 0x00, 0x00, 0x00, 0x00, 0x00, 0x00, 0x00,
    0x00, 0x00, 0x00, 0x00, 0x00, 0x00, 0x00, 0x00, 0x00, 0x00, 0x00, 0x00, 0x00, 0x00, 0x00, 0x00,
    0x00, 0x00, 0x00, 0x00, 0x00, 0x00, 0x00, 0x00, 0x00, 0x00, 0x00, 0x00, 0x00, 0x00, 0x00, 0x00,
    0x00, 0x00, 0x00, 0x00, 0x00, 0x00, 0x00, 0x00, 0x00, 0x00, 0x00, 0x00, 0x00, 0x00, 0x00, 0x00,
    0x00, 0x00, 0x00, 0x00, 0x00, 0x00, 0x00, 0x00, 0x00, 0x00, 0x00, 0x00, 0x00, 0x00, 0x00, 0x00,
    0x00, 0x00, 0x00, 0x00, 0x00, 0x00, 0x00, 0x00, 0x00, 0x00, 0x00, 0x00, 0x00, 0x00, 0x00, 0x00,
    0x00, 0x00, 0x00, 0x00, 0x00, 0x00, 0x00, 0x00, 0x00, 0x00, 0x00, 0x00, 0x00, 0x00, 0x00, 0x00,
    0x00, 0x00, 0x00, 0x00, 0x00, 0x00, 0x00, 0x00, 0x00, 0x00, 0x00, 0x00, 0x00, 0x00, 0x00, 0x00,
    0x00, 0x00, 0x00, 0x00, 0x00, 0x00, 0x00, 0x00, 0x00, 0x00, 0x00, 0x00, 0x00, 0x00, 0x00, 0x00,
    0x00, 0x00, 0x00, 0x00, 0x00, 0x00, 0x00, 0x00, 0x00, 0x00, 0x00, 0x00, 0x00, 0x00, 0x00, 0x00,
    0x00, 0x00, 0x00, 0x00, 0x00, 0x00, 0x00, 0x00, 0x00, 0x00, 0x00, 0x00, 0x00, 0x00, 0x00, 0x00,
    0x00, 0x00, 0x00, 0x00, 0x00, 0x00, 0x00, 0x00, 0x00, 0x00, 0x00, 0x00, 0x00, 0x00, 0x00, 0x00,
    0x00, 0x00, 0x00, 0x00, 0x00, 0x00, 0x00, 0x00, 0x00, 0x00, 0x00, 0x00, 0x00, 0x00, 0x00, 0x00,
    0x00, 0x00, 0x00, 0x00, 0x00, 0x00, 0x00, 0x00, 0x00, 0x00, 0x00, 0x00, 0x00, 0x00, 0x00, 0x00,
    0x00, 0x00, 0x00, 0x00, 0x00, 0x00, 0x00, 0x00, 0x00, 0x00, 0x00, 0x00, 0x00, 0x00, 0x00, 0x00,
    0x00, 0x00, 0x00, 0x00, 0x00, 0x00, 0x00, 0x00, 0x00, 0x00, 0x00, 0x00, 0x00, 0x00, 0x00, 0x00,
    0x00, 0x00, 0x00, 0x00, 0x00, 0x00, 0x00, 0x00, 0x00, 0x00, 0x00, 0x00, 0x00, 0x00, 0x00, 0x00,
    0x00, 0x00, 0x00, 0x00, 0x00, 0x00, 0x00, 0x00, 0x00, 0x00, 0x00, 0x00, 0x00, 0x00, 0x00, 0x00,
    0x00, 0x00, 0x00, 0x00, 0x00, 0x00, 0x00, 0x00, 0x00, 0x00, 0x00, 0x00, 0x00, 0x00, 0x00, 0x00,
    0x00, 0x00, 0x00, 0x00, 0x00, 0x00, 0x00, 0x00, 0xEF, 0x3B, 0xFF, 0xAF, 0xFF, 0xFF, 0xFF, 0xFF,
    0xFF, 0xFF, 0xFF, 0xFF, 0x55, 0xAD, 0xEF, 0x3B, 0xE7, 0x39, 0x00, 0x00, 0x00, 0x00, 0x00, 0x00,
    0x00, 0x00, 0x00, 0x00, 0x00, 0x00, 0x00, 0x00, 0x00, 0x00, 0x00, 0x00, 0x00, 0x00, 0x00, 0x00,
    0x00, 0x00, 0x00, 0x00, 0x00, 0x00, 0x00, 0x00, 0x00, 0x00, 0x00, 0x00, 0x00, 0x00, 0x00, 0x00,
    0x00, 0x00, 0x00, 0x00, 0x00, 0x00, 0x00, 0x00, 0x00, 0x00, 0x00, 0x00, 0x00, 0x00, 0x00, 0x00,
    0x00, 0x00, 0x00, 0x00, 0x00, 0x00, 0x00, 0x00, 0x00, 0x00, 0x00, 0x00, 0x00, 0x00, 0x00, 0x00,
    0x00, 0x00, 0x00, 0x00, 0x00, 0x00, 0x00, 0x00, 0x00, 0x00, 0x00, 0x00, 0x00, 0x00, 0x00, 0x00,
    0x00, 0x00, 0x00, 0x00, 0x00, 0x00, 0x00, 0x00, 0x00, 0x00, 0x00, 0x00, 0x00, 0x00, 0x00, 0x00,
    0x00, 0x00, 0x00, 0x00, 0x00, 0x00, 0x00, 0x00, 0x00, 0x00, 0x00, 0x00, 0x00, 0x00, 0x00, 0x00,
    0x00, 0x00, 0x00, 0x00, 0x00, 0x00, 0x00, 0x00, 0x00, 0x00, 0x00, 0x00, 0x00, 0x00, 0x00, 0x00,
    0x00, 0x00, 0x00, 0x00, 0x00, 0x00, 0x00, 0x00, 0x00, 0x00, 0x00, 0x00, 0x00, 0x00, 0x00, 0x00,
    0x00, 0x00, 0x00, 0x00, 0x00, 0x00, 0x00, 0x00, 0x00, 0x00, 0x00, 0x00, 0x00, 0x00, 0x00, 0x00,
    0x00, 0x00, 0x00, 0x00, 0x00, 0x00, 0x00, 0x00, 0x00, 0x00, 0x00, 0x00, 0x00, 0x00, 0x00, 0x00,
    0x00, 0x00, 0x00, 0x00, 0x00, 0x00, 0x00, 0x00, 0x00, 0x00, 0x00, 0x00, 0xEF, 0x3B, 0xFF, 0xFF,
    0x00, 0x00, 0x00, 0x00, 0x00, 0x00, 0x00, 0x00, 0x00, 0x00, 0x00, 0x00, 0x00, 0x00, 0x00, 0x00,
    0x00, 0x00, 0x00, 0x00, 0x00, 0x00, 0x00, 0x00, 0xFF, 0xFF, 0xE7, 0x39, 0x00, 0x00, 0x00, 0x00,
    0x00, 0x00, 0x00, 0x00, 0x00, 0x00, 0x00, 0x00, 0x00, 0x00, 0x00, 0x00, 0x00, 0x00, 0x00, 0x00,
    0x00, 0x00, 0x00, 0x00, 0x00, 0x00, 0x00, 0x00, 0x00, 0x00, 0x00, 0x00, 0x00, 0x00, 0x00, 0x00,
    0x00, 0x00, 0x00, 0x00, 0x00, 0x00, 0x00, 0x00, 0x00, 0x00, 0x00, 0x00, 0x00, 0x00, 0x00, 0x00,
    0x00, 0x00, 0x00, 0x00, 0x00, 0x00, 0x00, 0x00, 0x00, 0x00, 0x00, 0x00, 0x00, 0x00, 0x00, 0x00,
    0x00, 0x00, 0x00, 0x00, 0x00, 0x00, 0x00, 0x00, 0x00, 0x00, 0x00, 0x00, 0x00, 0x00, 0x00, 0x00,
    0x00, 0x00, 0x00, 0x00, 0x00, 0x00, 0x00, 0x00, 0x00, 0x00, 0x00, 0x00, 0x00, 0x00, 0x00, 0x00,
    0x00, 0x00, 0x00, 0x00, 0x00, 0x00, 0x00, 0x00, 0x00, 0x00, 0x00, 0x00, 0x00, 0x00, 0x00, 0x00,
    0x00, 0x00, 0x00, 0x00, 0x00, 0x00, 0x00, 0x00, 0x00, 0x00, 0x00, 0x00, 0x00, 0x00, 0x00, 0x00,
    0x00, 0x00, 0x00, 0x00, 0x00, 0x00, 0x00, 0x00, 0x00, 0x00, 0x00, 0x00, 0x00, 0x00, 0x00, 0x00,
    0x00, 0x00, 0x00, 0x00, 0x00, 0x00, 0x00, 0x00, 0x00, 0x00, 0x00, 0x00, 0x00, 0x00, 0x00, 0x00,
    0x00, 0x00, 0x00, 0x00, 0x00, 0x00, 0x00, 0x00, 0x00, 0x00, 0x00, 0x00, 0x00, 0x00, 0x00, 0x00,
    0x00, 0x00, 0x00, 0x00, 0xFF, 0xFF, 0x00, 0x00, 0x00, 0x00, 0x00, 0x00, 0x00, 0x00, 0x00, 0x00,
    0x08, 0x2A, 0x2D, 0x43, 0x8F, 0x4B, 0xD0, 0x53, 0x31, 0x5C, 0x4D, 0x4B, 0x29, 0x32, 0x09, 0x2A,
    0xC3, 0x10, 0x00, 0x00, 0x00, 0x00, 0x00, 0x00, 0x00, 0x00, 0xAA, 0x52, 0x00, 0x00, 0x00, 0x00,
    0x00, 0x00, 0x00, 0x00, 0x00, 0x00, 0x00, 0x00, 0x00, 0x00, 0x00, 0x00, 0x00, 0x00, 0x00, 0x00,
    0x00, 0x00, 0x00, 0x00, 0x00, 0x00, 0x00, 0x00, 0x00, 0x00, 0x00, 0x00, 0x00, 0x00, 0x00, 0x00,
    0x00, 0x00, 0x00, 0x00, 0x00, 0x00, 0x00, 0x00, 0x00, 0x00, 0x00, 0x00, 0x00, 0x00, 0x00, 0x00,
    0x00, 0x00, 0x00, 0x00, 0x00, 0x00, 0x00, 0x00, 0x00, 0x00, 0x00, 0x00, 0x00, 0x00, 0x00, 0x00,
    0x00, 0x00, 0x00, 0x00, 0x00, 0x00, 0x00, 0x00, 0x00, 0x00, 0x00, 0x00, 0x00, 0x00, 0x00, 0x00,
    0x00, 0x00, 0x00, 0x00, 0x00, 0x00, 0x00, 0x00, 0x00, 0x00, 0x00, 0x00, 0x00, 0x00, 0x00, 0x00,
    0x00, 0x00, 0x00, 0x00, 0x00, 0x00, 0x00, 0x00, 0x00, 0x00, 0x00, 0x00, 0x00, 0x00, 0x00, 0x00,
    0x00, 0x00, 0x00, 0x00, 0x00, 0x00, 0x00, 0x00, 0x00, 0x00, 0x00, 0x00, 0x00, 0x00, 0x00, 0x00,
    0x00, 0x00, 0x00, 0x00, 0x00, 0x00, 0x00, 0x00, 0x00, 0x00, 0x00, 0x00, 0x00, 0x00, 0x00, 0x00,
    0x00, 0x00, 0x00, 0x00, 0x00, 0x00, 0x00, 0x00, 0x00, 0x00, 0x00, 0x00, 0x00, 0x00, 0x00, 0x00,
    0x00, 0x00, 0x00, 0x00, 0x00, 0x00, 0x00, 0x00, 0x00, 0x00, 0x00, 0x00, 0xFF, 0xFF, 0x00, 0x00,
    0x00, 0x00, 0x00, 0x00, 0xE8, 0x29, 0x8F, 0x53, 0x93, 0x6C, 0x97, 0x85, 0x9B, 0x9E, 0xDC, 0x9E,
    0xFD, 0x9E, 0xFD, 0x9E, 0xFD, 0x9E, 0xFD, 0x9E, 0xBC, 0x96, 0x7B, 0x96, 0xD8, 0x85, 0xB4, 0x6C,
    0x8F, 0x53, 0x25, 0x19, 0x00, 0x00, 0x00, 0x00, 0x00, 0x00, 0xAA, 0x52, 0x00, 0x00, 0x00, 0x00,
    0x00, 0x00, 0x00, 0x00, 0x00, 0x00, 0x00, 0x00, 0x00, 0x00, 0x00, 0x00, 0x00, 0x00, 0x00, 0x00,
    0x00, 0x00, 0x00, 0x00, 0x00, 0x00, 0x00, 0x00, 0x00, 0x00, 0x00, 0x00, 0x00, 0x00, 0x00, 0x00,
    0x00, 0x00, 0x00, 0x00, 0x00, 0x00, 0x00, 0x00, 0x00, 0x00, 0x00, 0x00, 0x00, 0x00, 0x00, 0x00,
    0x00, 0x00, 0x00, 0x00, 0x00, 0x00, 0x00, 0x00, 0x00, 0x00, 0x00, 0x00, 0x00, 0x00, 0x00, 0x00,
    0x00, 0x00, 0x00, 0x00, 0x00, 0x00, 0x00, 0x00, 0x00, 0x00, 0x00, 0x00, 0x00, 0x00, 0x00, 0x00,
    0x00, 0x00, 0x00, 0x00, 0x00, 0x00, 0x00, 0x00, 0x00, 0x00, 0x00, 0x00, 0x00, 0x00, 0x00, 0x00,
    0x00, 0x00, 0x00, 0x00, 0x00, 0x00, 0x00, 0x00, 0x00, 0x00, 0x00, 0x00, 0x00, 0x00, 0x00, 0x00,
    0x00, 0x00, 0x00, 0x00, 0x00, 0x00, 0x00, 0x00, 0x00, 0x00, 0x00, 0x00, 0x00, 0x00, 0x00, 0x00,
    0x00, 0x00, 0x00, 0x00, 0x00, 0x00, 0x00, 0x00, 0x00, 0x00, 0x00, 0x00, 0x00, 0x00, 0x00, 0x00,
    0x00, 0x00, 0x00, 0x00, 0x00, 0x00, 0x00, 0x00, 0x00, 0x00, 0x00, 0x00, 0x00, 0x00, 0x00, 0x00,
    0x00, 0x00, 0x00, 0x00, 0xAA, 0x52, 0x00, 0x00, 0x00, 0x00, 0x00, 0x00, 0x6A, 0x3A, 0x93, 0x74,
    0xDC, 0xAE, 0x5E, 0xBF, 0x5E, 0xBF, 0x3D, 0xBF, 0xDC, 0xAE, 0x9B, 0x9E, 0x7B, 0x96, 0x5B, 0x8E,
    0x5B, 0x8E, 0x5B, 0x8E, 0x5B, 0x8E, 0x5B, 0x96, 0x7B, 0x96, 0x9C, 0x9E, 0xBC, 0x9E, 0xD9, 0x85,
    0xF0, 0x5B, 0x45, 0x19, 0x00, 0x00, 0x00, 0x00, 0x00, 0x00, 0x00, 0x00, 0x00, 0x00, 0x00, 0x00,
    0x00, 0x00, 0x00, 0x00, 0x00, 0x00, 0x00, 0x00, 0x00, 0x00, 0x00, 0x00, 0x00, 0x00, 0x00, 0x00,
    0x00, 0x00, 0x00, 0x00, 0x00, 0x00, 0x00, 0x00, 0x00, 0x00, 0x00, 0x00, 0x00, 0x00, 0x00, 0x00,
    0x00, 0x00, 0x00, 0x00, 0x00, 0x00, 0x00, 0x00, 0x00, 0x00, 0x00, 0x00, 0x00, 0x00, 0x00, 0x00,
    0x00, 0x00, 0x00, 0x00, 0x00, 0x00, 0x00, 0x00, 0x00, 0x00, 0x00, 0x00, 0x00, 0x00, 0x00, 0x00,
    0x00, 0x00, 0x00, 0x00, 0x00, 0x00, 0x00, 0x00, 0x00, 0x00, 0x00, 0x00, 0x00, 0x00, 0x00, 0x00,
    0x00, 0x00, 0x00, 0x00, 0x00, 0x00, 0x00, 0x00, 0x00, 0x00, 0x00, 0x00, 0x00, 0x00, 0x00, 0x00,
    0x00, 0x00, 0x00, 0x00, 0x00, 0x00, 0x00, 0x00, 0x00, 0x00, 0x00, 0x00, 0x00, 0x00, 0x00, 0x00,
    0x00, 0x00, 0x00, 0x00, 0x00, 0x00, 0x00, 0x00, 0x00, 0x00, 0x00, 0x00, 0x00, 0x00, 0x00, 0x00,
    0x00, 0x00, 0x00, 0x00, 0x00, 0x00, 0x00, 0x00, 0x00, 0x00, 0x00, 0x00, 0x00, 0x00, 0x00, 0x00,
    0x00, 0x00, 0x00, 0x00, 0x00, 0x00, 0x00, 0x00, 0x00, 0x00, 0x00, 0x00, 0x00, 0x00, 0xFF, 0xFF,
    0x00, 0x00, 0x00, 0x00, 0x0D, 0x4B, 0x97, 0x95, 0x5E, 0xCF, 0x7F, 0xCF, 0x1D, 0xBF, 0xFC, 0xBE,
    0xFC, 0xBE, 0xDC, 0xB6, 0x9B, 0x9E, 0x7B, 0x8E, 0x5B, 0x96, 0x5B, 0x8E, 0x5B, 0x8E, 0x5A, 0x8E,
    0x3A, 0x8E, 0x3A, 0x96, 0x3A, 0x96, 0x1A, 0x8E, 0x3A, 0x8E, 0x5A, 0x96, 0x9C, 0x9E, 0xF9, 0x8D,
    0x8F, 0x53, 0xC3, 0x10, 0x00, 0x00, 0x00, 0x00, 0xE7, 0x39, 0x00, 0x00, 0x00, 0x00, 0x00, 0x00,
    0x00, 0x00, 0x00, 0x00, 0x00, 0x00, 0x00, 0x00, 0x00, 0x00, 0x00, 0x00, 0x00, 0x00, 0x00, 0x00,
    0x00, 0x00, 0x00, 0x00, 0x00, 0x00, 0x00, 0x00, 0x00, 0x00, 0x00, 0x00, 0x00, 0x00, 0x00, 0x00,
    0x00, 0x00, 0x00, 0x00, 0x00, 0x00, 0x00, 0x00, 0x00, 0x00, 0x00, 0x00, 0x00, 0x00, 0x00, 0x00,
    0x00, 0x00, 0x00, 0x00, 0x00, 0x00, 0x00, 0x00, 0x00, 0x00, 0x00, 0x00, 0x00, 0x00, 0x00, 0x00,
    0x00, 0x00, 0x00, 0x00, 0x00, 0x00, 0x00, 0x00, 0x00, 0x00, 0x00, 0x00, 0x00, 0x00, 0x00, 0x00,
    0x00, 0x00, 0x00, 0x00, 0x00, 0x00, 0x00, 0x00, 0x00, 0x00, 0x00, 0x00, 0x00, 0x00, 0x00, 0x00,
    0x00, 0x00, 0x00, 0x00, 0x00, 0x00, 0x00, 0x00, 0x00, 0x00, 0x00, 0x00, 0x00, 0x00, 0x00, 0x00,
    0x00, 0x00, 0x00, 0x00, 0x00, 0x00, 0x00, 0x00, 0x00, 0x00, 0x00, 0x00, 0x00, 0x00, 0x00, 0x00,
    0x00, 0x00, 0x00, 0x00, 0x00, 0x00, 0x00, 0x00, 0x00, 0x00, 0x00, 0x00, 0x00, 0x00, 0x00, 0x00,
    0x00, 0x00, 0x00, 0x00, 0x00, 0x00, 0x00, 0x00, 0x00, 0x00, 0x00, 0x00, 0xA2, 0x08, 0x52, 0x6C,
    0x7F, 0xCF, 0x7E, 0xDF, 0x3D, 0xD7, 0x1D, 0xCF, 0xFC, 0xBE, 0xFC, 0xB6, 0xFC, 0xBE, 0xBC, 0xA6,
    0x5B, 0x96, 0x5B, 0x96, 0x5A, 0x8E, 0x5A, 0x8E, 0x3A, 0x96, 0x3A, 0x96, 0x3A, 0x96, 0x3A, 0x96,
    0x3A, 0x8E, 0x3A, 0x8E, 0x1A, 0x8E, 0x19, 0x8E, 0xF9, 0x8D, 0x5B, 0x96, 0xBC, 0x9E, 0xD8, 0x85,
    0x2D, 0x4B, 0x00, 0x00, 0x00, 0x00, 0xAA, 0x52, 0x00, 0x00, 0x00, 0x00, 0x00, 0x00, 0x00, 0x00,
    0x00, 0x00, 0x00, 0x00, 0x00, 0x00, 0x00, 0x00, 0x00, 0x00, 0x00, 0x00, 0x00, 0x00, 0x00, 0x00,
    0x00, 0x00, 0x00, 0x00, 0x00, 0x00, 0x00, 0x00, 0x00, 0x00, 0x00, 0x00, 0x00, 0x00, 0x00, 0x00,
    0x00, 0x00, 0x00, 0x00, 0x00, 0x00, 0x00, 0x00, 0x00, 0x00, 0x00, 0x00, 0x00, 0x00, 0x00, 0x00,
    0x00, 0x00, 0x00, 0x00, 0x00, 0x00, 0x00, 0x00, 0x00, 0x00, 0x00, 0x00, 0x00, 0x00, 0x00, 0x00,
    0x00, 0x00, 0x00, 0x00, 0x00, 0x00, 0x00, 0x00, 0x00, 0x00, 0x00, 0x00, 0x00, 0x00, 0x00, 0x00,
    0x00, 0x00, 0x00, 0x00, 0x00, 0x00, 0x00, 0x00, 0x00, 0x00, 0x00, 0x00, 0x00, 0x00, 0x00, 0x00,
    0x00, 0x00, 0x00, 0x00, 0x00, 0x00, 0x00, 0x00, 0x00, 0x00, 0x00, 0x00, 0x00, 0x00, 0x00, 0x00,
    0x00, 0x00, 0x00, 0x00, 0x00, 0x00, 0x00, 0x00, 0x00, 0x00, 0x00, 0x00, 0x00, 0x00, 0x00, 0x00,
    0x00, 0x00, 0x00, 0x00, 0x00, 0x00, 0x00, 0x00, 0x00, 0x00, 0x00, 0x00, 0x00, 0x00, 0x00, 0x00,
    0x00, 0x00, 0x00, 0x00, 0x00, 0x00, 0x86, 0x21, 0x77, 0x85, 0x7E, 0xCF, 0x3D, 0xD7, 0x1D, 0xCF,
    0x3D, 0xCF, 0xFC, 0xBE, 0xFC, 0xB6, 0xFC, 0xBE, 0x9B, 0xA6, 0x5A, 0x8E, 0x5A, 0x8E, 0x5A, 0x8E,
    0x3A, 0x96, 0x3A, 0x8E, 0x3A, 0x8E, 0x3A, 0x8E, 0x1A, 0x8E, 0x19, 0x8E, 0x19, 0x8E, 0x19, 0x8E,
    0x19, 0x8E, 0x19, 0x8E, 0x19, 0x8E, 0x19, 0x8E, 0xF9, 0x8D, 0x5A, 0x96, 0x9C, 0x9E, 0x93, 0x6C,
    0xA2, 0x08, 0x00, 0x00, 0xE7, 0x39, 0x00, 0x00, 0x00, 0x00, 0x00, 0x00, 0x00, 0x00, 0x00, 0x00,
    0x00, 0x00, 0x00, 0x00, 0x00, 0x00, 0x00, 0x00, 0x00, 0x00, 0x00, 0x00, 0x00, 0x00, 0x00, 0x00,
    0x00, 0x00, 0x00, 0x00, 0x00, 0x00, 0x00, 0x00, 0x00, 0x00, 0x00, 0x00, 0x00, 0x00, 0x00, 0x00,
    0x00, 0x00, 0x00, 0x00, 0x00, 0x00, 0x00, 0x00, 0x00, 0x00, 0x00, 0x00, 0x00, 0x00, 0x00, 0x00,
    0x00, 0x00, 0x00, 0x00, 0x00, 0x00, 0x00, 0x00, 0x00, 0x00, 0x00, 0x00, 0x00, 0x00, 0x00, 0x00,
    0x00, 0x00, 0x00, 0x00, 0x00, 0x00, 0x00, 0x00, 0x00, 0x00, 0x00, 0x00, 0x00, 0x00, 0x00, 0x00,
    0x00, 0x00, 0x00, 0x00, 0x00, 0x00, 0x00, 0x00, 0x00, 0x00, 0x00, 0x00, 0x00, 0x00, 0x00, 0x00,
    0x00, 0x00, 0x00, 0x00, 0x00, 0x00, 0x00, 0x00, 0x00, 0x00, 0x00, 0x00, 0x00, 0x00, 0x00, 0x00,
    0x00, 0x00, 0x00, 0x00, 0x00, 0x00, 0x00, 0x00, 0x00, 0x00, 0x00, 0x00, 0x00, 0x00, 0x00, 0x00,
    0x00, 0x00, 0x00, 0x00, 0x00, 0x00, 0x00, 0x00, 0x00, 0x00, 0x00, 0x00, 0x00, 0x00, 0x00, 0x00,
    0x4E, 0x4B, 0x3A, 0x96, 0xDC, 0xAE, 0xDC, 0xC6, 0x1D, 0xCF, 0x1D, 0xC7, 0xFC, 0xBE, 0xDC, 0xB6,
    0xDC, 0xB6, 0x7B, 0x9E, 0x3A, 0x8E, 0x3A, 0x8E, 0x3A, 0x96, 0x3A, 0x8E, 0x3A, 0x8E, 0x3A, 0x8E,
    0x3A, 0x8E, 0x19, 0x8E, 0x3A, 0x96, 0x5A, 0x96, 0x19, 0x8E, 0x19, 0x8E, 0x19, 0x8E, 0x19, 0x8E,
    0x19, 0x8E, 0x19, 0x8E, 0x3A, 0x8E, 0xF9, 0x8D, 0xB8, 0x7D, 0x5B, 0x96, 0x73, 0x64, 0x61, 0x08,
    0x00, 0x00, 0xE7, 0x39, 0x00, 0x00, 0x00, 0x00, 0x00, 0x00, 0x00, 0x00, 0x00, 0x00, 0x00, 0x00,
    0x00, 0x00, 0x00, 0x00, 0x00, 0x00, 0x00, 0x00, 0x00, 0x00, 0x00, 0x00, 0x00, 0x00, 0x00, 0x00,
    0x00, 0x00, 0x00, 0x00, 0x00, 0x00, 0x00, 0x00, 0x00, 0x00, 0x00, 0x00, 0x00, 0x00, 0x00, 0x00,
    0x00, 0x00, 0x00, 0x00, 0x00, 0x00, 0x00, 0x00, 0x00, 0x00, 0x00, 0x00, 0x00, 0x00, 0x00, 0x00,
    0x00, 0x00, 0x00, 0x00, 0x00, 0x00, 0x00, 0x00, 0x00, 0x00, 0x00, 0x00, 0x00, 0x00, 0x00, 0x00,
    0x00, 0x00, 0x00, 0x00, 0x00, 0x00, 0x00, 0x00, 0x00, 0x00, 0x00, 0x00, 0x00, 0x00, 0x00, 0x00,
    0x00, 0x00, 0x00, 0x00, 0x00, 0x00, 0x00, 0x00, 0x00, 0x00, 0x00, 0x00, 0x00, 0x00, 0x00, 0x00,
    0x00, 0x00, 0x00, 0x00, 0x00, 0x00, 0x00, 0x00, 0x00, 0x00, 0x00, 0x00, 0x00, 0x00, 0x00, 0x00,
    0x00, 0x00, 0x00, 0x00, 0x00, 0x00, 0x00, 0x00, 0x00, 0x00, 0x00, 0x00, 0x00, 0x00, 0x00, 0x00,
    0x00, 0x00, 0x00, 0x00, 0x00, 0x00, 0x00, 0x00, 0x00, 0x00, 0xCC, 0x42, 0xDD, 0xA6, 0x5B, 0x96,
    0x5A, 0x9E, 0xDC, 0xB6, 0xDC, 0xBE, 0xDC, 0xB6, 0xBC, 0xB6, 0x9B, 0xA6, 0x5A, 0x96, 0x3A, 0x8E,
    0x3A, 0x96, 0x3A, 0x96, 0x3A, 0x8E, 0x3A, 0x8E, 0x1A, 0x8E, 0x19, 0x8E, 0x19, 0x8E, 0x5A, 0x96,
    0xF9, 0x8D, 0xF4, 0x74, 0xF9, 0x8D, 0x19, 0x8E, 0x19, 0x8E, 0x19, 0x8E, 0x3A, 0x8E, 0xF9, 0x85,
    0x19, 0x8E, 0x19, 0x8E, 0x98, 0x7D, 0x57, 0x75, 0x1A, 0x86, 0xF1, 0x5B, 0x00, 0x00, 0x00, 0x00,
    0xAA, 0x02, 0x00, 0x00, 0x00, 0x00, 0x00, 0x00, 0x00, 0x00, 0x00, 0x00, 0x00, 0x00, 0x00, 0x00,
    0x00, 0x00, 0x00, 0x00, 0x00, 0x00, 0x00, 0x00, 0x00, 0x00, 0x00, 0x00, 0x00, 0x00, 0x00, 0x00,
    0x00, 0x00, 0x00, 0x00, 0x00, 0x00, 0x00, 0x00, 0x00, 0x00, 0x00, 0x00, 0x00, 0x00, 0x00, 0x00,
    0x00, 0x00, 0x00, 0x00, 0x00, 0x00, 0x00, 0x00, 0x00, 0x00, 0x00, 0x00, 0x00, 0x00, 0x00, 0x00,
    0x00, 0x00, 0x00, 0x00, 0x00, 0x00, 0x00, 0x00, 0x00, 0x00, 0x00, 0x00, 0x00, 0x00, 0x00, 0x00,
    0x00, 0x00, 0x00, 0x00, 0x00, 0x00, 0x00, 0x00, 0x00, 0x00, 0x00, 0x00, 0x00, 0x00, 0x00, 0x00,
    0x00, 0x00, 0x00, 0x00, 0x00, 0x00, 0x00, 0x00, 0x00, 0x00, 0x00, 0x00, 0x00, 0x00, 0x00, 0x00,
    0x00, 0x00, 0x00, 0x00, 0x00, 0x00, 0x00, 0x00, 0x00, 0x00, 0x00, 0x00, 0x00, 0x00, 0x00, 0x00,
    0x00, 0x00, 0x00, 0x00, 0x00, 0x00, 0x00, 0x00, 0x00, 0x00, 0x00, 0x00, 0x00, 0x00, 0x00, 0x00,
    0xFF, 0xFF, 0x00, 0x00, 0x4A, 0x32, 0xDD, 0xA6, 0x77, 0x7D, 0x56, 0x7D, 0x5B, 0x96, 0x5A, 0x9E,
    0x7B, 0xA6, 0x7B, 0x9E, 0x5A, 0x96, 0x3A, 0x8E, 0x3A, 0x8E, 0x3A, 0x96, 0x3A, 0x8E, 0x3A, 0x8E,
    0x1A, 0x8E, 0x19, 0x8E, 0x19, 0x8E, 0x19, 0x8E, 0x3A, 0x96, 0x77, 0x7D, 0x11, 0x5C, 0xB8, 0x85,
    0x7B, 0x9E, 0x5A, 0x96, 0x7B, 0x96, 0x7B, 0x96, 0x1A, 0x8E, 0xD8, 0x85, 0x77, 0x75, 0x98, 0x7D,
    0x77, 0x7D, 0x77, 0x7D, 0x57, 0x75, 0xF9, 0x85, 0x8F, 0x4B, 0x00, 0x00, 0x00, 0x00, 0x00, 0x00,
    0x00, 0x00, 0x00, 0x00, 0x00, 0x00, 0x00, 0x00, 0x00, 0x00, 0x00, 0x00, 0x00, 0x00, 0x00, 0x00,
    0x00, 0x00, 0x00, 0x00, 0x00, 0x00, 0x00, 0x00, 0x00, 0x00, 0x00, 0x00, 0x00, 0x00, 0x00, 0x00,
    0x00, 0x00, 0x00, 0x00, 0x00, 0x00, 0x00, 0x00, 0x00, 0x00, 0x00, 0x00, 0x00, 0x00, 0x00, 0x00,
    0x00, 0x00, 0x00, 0x00, 0x00, 0x00, 0x00, 0x00, 0x00, 0x00, 0x00, 0x00, 0x00, 0x00, 0x00, 0x00,
    0x00, 0x00, 0x00, 0x00, 0x00, 0x00, 0x00, 0x00, 0x00, 0x00, 0x00, 0x00, 0x00, 0x00, 0x00, 0x00,
    0x00, 0x00, 0x00, 0x00, 0x00, 0x00, 0x00, 0x00, 0x00, 0x00, 0x00, 0x00, 0x00, 0x00, 0x00, 0x00,
    0x00, 0x00, 0x00, 0x00, 0x00, 0x00, 0x00, 0x00, 0x00, 0x00, 0x00, 0x00, 0x00, 0x00, 0x00, 0x00,
    0x00, 0x00, 0x00, 0x00, 0x00, 0x00, 0x00, 0x00, 0x00, 0x00, 0x00, 0x00, 0x00, 0x00, 0x00, 0x00,
    0x00, 0x00, 0x00, 0x00, 0x00, 0x00, 0x00, 0x00, 0x00, 0x00, 0xE7, 0x39, 0x00, 0x00, 0x04, 0x19,
    0xD4, 0x6C, 0x97, 0x85, 0x73, 0x64, 0xD8, 0x85, 0x5A, 0x96, 0x3A, 0x8E, 0x3A, 0x8E, 0x3A, 0x8E,
    0x3A, 0x8E, 0x3A, 0x8E, 0x3A, 0x8E, 0x3A, 0x8E, 0x1A, 0x8E, 0x19, 0x8E, 0x19, 0x8E, 0x19, 0x8E,
    0x19, 0x8E, 0x19, 0x8E, 0x3A, 0x96, 0x77, 0x85, 0xD8, 0x8D, 0x9C, 0x9E, 0xF5, 0x74, 0x72, 0x6C,
    0xF0, 0x5B, 0x35, 0x75, 0x7B, 0x96, 0x98, 0x85, 0x77, 0x75, 0x77, 0x75, 0x77, 0x7D, 0x77, 0x7D,
    0x77, 0x75, 0x77, 0x75, 0xFA, 0x85, 0xCC, 0x3A, 0x00, 0x00, 0xFF, 0x7F, 0x00, 0x00, 0x00, 0x00,
    0x00, 0x00, 0x00, 0x00, 0x00, 0x00, 0x00, 0x00, 0x00, 0x00, 0x00, 0x00, 0x00, 0x00, 0x00, 0x00,
    0x00, 0x00, 0x00, 0x00, 0x00, 0x00, 0x00, 0x00, 0x00, 0x00, 0x00, 0x00, 0x00, 0x00, 0x00, 0x00,
    0x00, 0x00, 0x00, 0x00, 0x00, 0x00, 0x00, 0x00, 0x00, 0x00, 0x00, 0x00, 0x00, 0x00, 0x00, 0x00,
    0x00, 0x00, 0x00, 0x00, 0x00, 0x00, 0x00, 0x00, 0x00, 0x00, 0x00, 0x00, 0x00, 0x00, 0x00, 0x00,
    0x00, 0x00, 0x00, 0x00, 0x00, 0x00, 0x00, 0x00, 0x00, 0x00, 0x00, 0x00, 0x00, 0x00, 0x00, 0x00,
    0x00, 0x00, 0x00, 0x00, 0x00, 0x00, 0x00, 0x00, 0x00, 0x00, 0x00, 0x00, 0x00, 0x00, 0x00, 0x00,
    0x00, 0x00, 0x00, 0x00, 0x00, 0x00, 0x00, 0x00, 0x00, 0x00, 0x00, 0x00, 0x00, 0x00, 0x00, 0x00,
    0x00, 0x00, 0x00, 0x00, 0x00, 0x00, 0x00, 0x00, 0x00, 0x00, 0x00, 0x00, 0x00, 0x00, 0x00, 0x00,
    0x00, 0x00, 0x00, 0x00, 0x00, 0x00, 0x00, 0x00, 0x00, 0x00, 0x45, 0x19, 0xAB, 0x42, 0x52, 0x64,
    0xF9, 0x85, 0x3A, 0x96, 0x3A, 0x8E, 0x3A, 0x96, 0x3A, 0x96, 0x3A, 0x96, 0x3A, 0x96, 0x1A, 0x8E,
    0x1A, 0x8E, 0x1A, 0x8E, 0x19, 0x8E, 0x3A, 0x8E, 0x3A, 0x8E, 0x3A, 0x96, 0x3A, 0x8E, 0x1A, 0x8E,
    0x5A, 0x9E, 0xBB, 0xB6, 0x7B, 0x9E, 0x8F, 0x53, 0x55, 0xA5, 0x3D, 0xEF, 0xDB, 0xDE, 0x08, 0x3A,
    0x93, 0x6C, 0x3A, 0x8E, 0x57, 0x75, 0x77, 0x75, 0x77, 0x75, 0x77, 0x75, 0x77, 0x75, 0x77, 0x75,
    0x98, 0x7D, 0x77, 0x7D, 0x46, 0x19, 0x00, 0x00, 0xB5, 0x52, 0x00, 0x00, 0x00, 0x00, 0x00, 0x00,
    0x00, 0x00, 0x00, 0x00, 0x00, 0x00, 0x00, 0x00, 0x00, 0x00, 0x00, 0x00, 0x00, 0x00, 0x00, 0x00,
    0x00, 0x00, 0x00, 0x00, 0x00, 0x00, 0x00, 0x00, 0x00, 0x00, 0x00, 0x00, 0x00, 0x00, 0x00, 0x00,
    0x00, 0x00, 0x00, 0x00, 0x00, 0x00, 0x00, 0x00, 0x00, 0x00, 0x00, 0x00, 0x00, 0x00, 0x00, 0x00,
    0x00, 0x00, 0x00, 0x00, 0x00, 0x00, 0x00, 0x00, 0x00, 0x00, 0x00, 0x00, 0x00, 0x00, 0x00, 0x00,
    0x00, 0x00, 0x00, 0x00, 0x00, 0x00, 0x00, 0x00, 0x00, 0x00, 0x00, 0x00, 0x00, 0x00, 0x00, 0x00,
    0x00, 0x00, 0x00, 0x00, 0x00, 0x00, 0x00, 0x00, 0x00, 0x00, 0x00, 0x00, 0x00, 0x00, 0x00, 0x00,
    0x00, 0x00, 0x00, 0x00, 0x00, 0x00, 0x00, 0x00, 0x00, 0x00, 0x00, 0x00, 0x00, 0x00, 0x00, 0x00,
    0x00, 0x00, 0x00, 0x00, 0x00, 0x00, 0x00, 0x00, 0x00, 0x00, 0x00, 0x00, 0x00, 0x00, 0x00, 0x00,
    0x00, 0x00, 0xE7, 0x39, 0x00, 0x00, 0xE8, 0x39, 0xB2, 0x9C, 0xD4, 0x64, 0x3A, 0x8E, 0x1A, 0x96,
    0x3A, 0x8E, 0x3A, 0x96, 0x3A, 0x96, 0x3A, 0x96, 0x3A, 0x8E, 0x3A, 0x8E, 0x3A, 0x8E, 0x3A, 0x8E,
    0x3A, 0x8E, 0x3A, 0x96, 0x3A, 0x96, 0x3A, 0x96, 0x1A, 0x8E, 0x3A, 0x96, 0x7A, 0xAE, 0x1D, 0xBF,
    0x6A, 0x32, 0xCF, 0x7B, 0xFF, 0xFF, 0xFF, 0xFF, 0xFF, 0xFF, 0x96, 0xB5, 0xA2, 0x08, 0xF9, 0x85,
    0x77, 0x7D, 0x77, 0x75, 0x77, 0x7D, 0x77, 0x75, 0x77, 0x75, 0x77, 0x75, 0x57, 0x75, 0xFA, 0x85,
    0x11, 0x5C, 0x00, 0x00, 0xFF, 0xFF, 0x00, 0x00, 0x00, 0x00, 0x00, 0x00, 0x00, 0x00, 0x00, 0x00,
    0x00, 0x00, 0x00, 0x00, 0x00, 0x00, 0x00, 0x00, 0x00, 0x00, 0x00, 0x00, 0x00, 0x00, 0x00, 0x00,
    0x00, 0x00, 0x00, 0x00, 0x00, 0x00, 0x00, 0x00, 0x00, 0x00, 0x00, 0x00, 0x00, 0x00, 0x00, 0x00,
    0x00, 0x00, 0x00, 0x00, 0x00, 0x00, 0x00, 0x00, 0x00, 0x00, 0x00, 0x00, 0x00, 0x00, 0x00, 0x00,
    0x00, 0x00, 0x00, 0x00, 0x00, 0x00, 0x00, 0x00, 0x00, 0x00, 0x00, 0x00, 0x00, 0x00, 0x00, 0x00,
    0x00, 0x00, 0x00, 0x00, 0x00, 0x00, 0x00, 0x00, 0x00, 0x00, 0x00, 0x00, 0x00, 0x00, 0x00, 0x00,
    0x00, 0x00, 0x00, 0x00, 0x00, 0x00, 0x00, 0x00, 0x00, 0x00, 0x00, 0x00, 0x00, 0x00, 0x00, 0x00,
    0x00, 0x00, 0x00, 0x00, 0x00, 0x00, 0x00, 0x00, 0x00, 0x00, 0x00, 0x00, 0x00, 0x00, 0x00, 0x00,
    0x00, 0x00, 0x00, 0x00, 0x00, 0x00, 0x00, 0x00, 0x00, 0x00, 0x00, 0x00, 0x00, 0x00, 0xFF, 0xFF,
    0xA2, 0x00, 0xB3, 0x94, 0xF8, 0xBD, 0xB4, 0x5C, 0x3A, 0x96, 0x3A, 0x96, 0x3A, 0x96, 0x3A, 0x96,
    0x1A, 0x8E, 0x1A, 0x8E, 0x3A, 0x8E, 0x3A, 0x8E, 0x3A, 0x8E, 0x3A, 0x8E, 0x3A, 0x96, 0x3A, 0x96,
    0x3A, 0x8E, 0x1A, 0x8E, 0x19, 0x8E, 0x3A, 0x96, 0xBC, 0xAE, 0xD4, 0x74, 0x00, 0x00, 0x15, 0xA5,
    0xFF, 0xFF, 0xBE, 0xF7, 0xFF, 0xFF, 0x7A, 0xCE, 0x00, 0x00, 0x11, 0x5C, 0xD9, 0x85, 0x77, 0x75,
    0x77, 0x75, 0x77, 0x75, 0x98, 0x7D, 0x77, 0x75, 0x57, 0x6D, 0xB8, 0x75, 0xFA, 0x85, 0xE8, 0x29,
    0x00, 0x00, 0x55, 0xAD, 0x00, 0x00, 0x00, 0x00, 0x00, 0x00, 0x00, 0x00, 0x00, 0x00, 0x00, 0x00,
    0x00, 0x00, 0x00, 0x00, 0x00, 0x00, 0x00, 0x00, 0x00, 0x00, 0x00, 0x00, 0x00, 0x00, 0x00, 0x00,
    0x00, 0x00, 0x00, 0x00, 0x00, 0x00, 0x00, 0x00, 0x00, 0x00, 0x00, 0x00, 0x00, 0x00, 0x00, 0x00,
    0x00, 0x00, 0x00, 0x00, 0x00, 0x00, 0x00, 0x00, 0x00, 0x00, 0x00, 0x00, 0x00, 0x00, 0x00, 0x00,
    0x00, 0x00, 0x00, 0x00, 0x00, 0x00, 0x00, 0x00, 0x00, 0x00, 0x00, 0x00, 0x00, 0x00, 0x00, 0x00,
    0x00, 0x00, 0x00, 0x00, 0x00, 0x00, 0x00, 0x00, 0x00, 0x00, 0x00, 0x00, 0x00, 0x00, 0x00, 0x00,
    0x00, 0x00, 0x00, 0x00, 0x00, 0x00, 0x00, 0x00, 0x00, 0x00, 0x00, 0x00, 0x00, 0x00, 0x00, 0x00,
    0x00, 0x00, 0x00, 0x00, 0x00, 0x00, 0x00, 0x00, 0x00, 0x00, 0x00, 0x00, 0x00, 0x00, 0x00, 0x00,
    0x00, 0x00, 0x00, 0x00, 0x00, 0x00, 0x00, 0x00, 0x00, 0x00, 0x00, 0x00, 0x00, 0x00, 0xB3, 0x9C,
    0x76, 0xA5, 0x36, 0x75, 0x3A, 0x96, 0x3A, 0x96, 0x1A, 0x96, 0x3A, 0x8E, 0x1A, 0x8E, 0x1A, 0x8E,
    0x19, 0x8E, 0x19, 0x8E, 0x19, 0x8E, 0x19, 0x8E, 0x3A, 0x8E, 0x3A, 0x96, 0x3A, 0x8E, 0x3A, 0x8E,
    0x1A, 0x8E, 0x5A, 0x9E, 0x5A, 0x96, 0x66, 0x29, 0x20, 0x08, 0x08, 0x3A, 0x5D, 0xE7, 0xFF, 0xFF,
    0xFF, 0xFF, 0x2D, 0x63, 0x61, 0x10, 0xF1, 0x5B, 0xB9, 0x7D, 0x77, 0x75, 0x98, 0x7D, 0x98, 0x75,
    0x57, 0x75, 0x98, 0x75, 0x36, 0x6D, 0x37, 0x6D, 0xF9, 0x85, 0xF1, 0x53, 0x00, 0x00, 0x00, 0x00,
    0x00, 0x00, 0x00, 0x00, 0x00, 0x00, 0x00, 0x00, 0x00, 0x00, 0x00, 0x00, 0x00, 0x00, 0x00, 0x00,
    0x00, 0x00, 0x00, 0x00, 0x00, 0x00, 0x00, 0x00, 0x00, 0x00, 0x00, 0x00, 0x00, 0x00, 0x00, 0x00,
    0x00, 0x00, 0x00, 0x00, 0x00, 0x00, 0x00, 0x00, 0x00, 0x00, 0x00, 0x00, 0x00, 0x00, 0x00, 0x00,
    0x00, 0x00, 0x00, 0x00, 0x00, 0x00, 0x00, 0x00, 0x00, 0x00, 0x00, 0x00, 0x00, 0x00, 0x00, 0x00,
    0x00, 0x00, 0x00, 0x00, 0x00, 0x00, 0x00, 0x00, 0x00, 0x00, 0x00, 0x00, 0x00, 0x00, 0x00, 0x00,
    0x00, 0x00, 0x00, 0x00, 0x00, 0x00, 0x00, 0x00, 0x00, 0x00, 0x00, 0x00, 0x00, 0x00, 0x00, 0x00,
    0x00, 0x00, 0x00, 0x00, 0x00, 0x00, 0x00, 0x00, 0x00, 0x00, 0x00, 0x00, 0x00, 0x00, 0x00, 0x00,
    0x00, 0x00, 0x00, 0x00, 0x00, 0x00, 0x00, 0x00, 0x00, 0x00, 0x00, 0x00, 0x00, 0x00, 0x00, 0x00,
    0x00, 0x00, 0x00, 0x00, 0xFF, 0xFF, 0x00, 0x00, 0x88, 0x61, 0x2A, 0x5A, 0xAF, 0x5B, 0x3A, 0x96,
    0x1A, 0x8E, 0x3A, 0x96, 0x1A, 0x96, 0x3A, 0x8E, 0x1A, 0x8E, 0x1A, 0x8E, 0x19, 0x8E, 0x19, 0x8E,
    0x1A, 0x8E, 0x3A, 0x8E, 0x3A, 0x8E, 0x5B, 0x96, 0x5B, 0x96, 0x5A, 0x96, 0x1A, 0x8E, 0x9B, 0x9E,
    0x93, 0x6C, 0x41, 0x18, 0x82, 0x18, 0x00, 0x00, 0x04, 0x19, 0x4D, 0x63, 0x4A, 0x4A, 0x62, 0x18,
    0x25, 0x29, 0xAF, 0x5B, 0x98, 0x75, 0x98, 0x7D, 0x98, 0x7D, 0x77, 0x75, 0x16, 0x6D, 0x57, 0x75,
    0x37, 0x6D, 0x16, 0x65, 0x57, 0x75, 0x57, 0x75, 0x66, 0x21, 0x00, 0x00, 0xE7, 0x39, 0x00, 0x00,
    0x00, 0x00, 0x00, 0x00, 0x00, 0x00, 0x00, 0x00, 0x00, 0x00, 0x00, 0x00, 0x00, 0x00, 0x00, 0x00,
    0x00, 0x00, 0x00, 0x00, 0x00, 0x00, 0x00, 0x00, 0x00, 0x00, 0x00, 0x00, 0x00, 0x00, 0x00, 0x00,
    0x00, 0x00, 0x00, 0x00, 0x00, 0x00, 0x00, 0x00, 0x00, 0x00, 0x00, 0x00, 0x00, 0x00, 0x00, 0x00,
    0x00, 0x00, 0x00, 0x00, 0x00, 0x00, 0x00, 0x00, 0x00, 0x00, 0x00, 0x00, 0x00, 0x00, 0x00, 0x00,
    0x00, 0x00, 0x00, 0x00, 0x00, 0x00, 0x00, 0x00, 0x00, 0x00, 0x00, 0x00, 0x00, 0x00, 0x00, 0x00,
    0x00, 0x00, 0x00, 0x00, 0x00, 0x00, 0x00, 0x00, 0x00, 0x00, 0x00, 0x00, 0x00, 0x00, 0x00, 0x00,
    0x00, 0x00, 0x00, 0x00, 0x00, 0x00, 0x00, 0x00, 0x00, 0x00, 0x00, 0x00, 0x00, 0x00, 0x00, 0x00,
    0x00, 0x00, 0x00, 0x00, 0x00, 0x00, 0x00, 0x00, 0x00, 0x00, 0x00, 0x00, 0x00, 0x00, 0x00, 0x50,
    0x00, 0x00, 0xA3, 0x20, 0xAE, 0x92, 0x00, 0x08, 0x0D, 0x43, 0xBC, 0x9E, 0x19, 0x8E, 0x3A, 0x8E,
    0x1A, 0x96, 0x3A, 0x8E, 0x1A, 0x8E, 0x1A, 0x8E, 0x19, 0x8E, 0x19, 0x8E, 0x3A, 0x8E, 0x3A, 0x8E,
    0x5A, 0x8E, 0x5A, 0x96, 0x3A, 0x96, 0x3A, 0x96, 0x19, 0x8E, 0x9B, 0x9E, 0xEC, 0x42, 0x41, 0x18,
    0x41, 0x08, 0x00, 0x00, 0x00, 0x00, 0x00, 0x00, 0x62, 0x18, 0xA3, 0x28, 0x25, 0x29, 0x2E, 0x53,
    0x77, 0x75, 0xB8, 0x7D, 0x78, 0x75, 0x37, 0x6D, 0x16, 0x65, 0x36, 0x6D, 0x37, 0x6D, 0x16, 0x65,
    0xF6, 0x64, 0x78, 0x75, 0xAB, 0x3A, 0x00, 0x00, 0xFF, 0xFF, 0x00, 0x00, 0x00, 0x00, 0x00, 0x00,
    0x00, 0x00, 0x00, 0x00, 0x00, 0x00, 0x00, 0x00, 0x00, 0x00, 0x00, 0x00, 0x00, 0x00, 0x00, 0x00,
    0x00, 0x00, 0x00, 0x00, 0x00, 0x00, 0x00, 0x00, 0x00, 0x00, 0x00, 0x00, 0x00, 0x00, 0x00, 0x00,
    0x00, 0x00, 0x00, 0x00, 0x00, 0x00, 0x00, 0x00, 0x00, 0x00, 0x00, 0x00, 0x00, 0x00, 0x00, 0x00,
    0x00, 0x00, 0x00, 0x00, 0x00, 0x00, 0x00, 0x00, 0x00, 0x00, 0x00, 0x00, 0x00, 0x00, 0x00, 0x00,
    0x00, 0x00, 0x00, 0x00, 0x00, 0x00, 0x00, 0x00, 0x00, 0x00, 0x00, 0x00, 0x00, 0x00, 0x00, 0x00,
    0x00, 0x00, 0x00, 0x00, 0x00, 0x00, 0x00, 0x00, 0x00, 0x00, 0x00, 0x00, 0x00, 0x00, 0x00, 0x00,
    0x00, 0x00, 0x00, 0x00, 0x00, 0x00, 0x00, 0x00, 0x00, 0x00, 0x00, 0x00, 0x00, 0x00, 0x00, 0x00,
    0x00, 0x00, 0x00, 0x00, 0x00, 0x00, 0x00, 0x00, 0x00, 0x00, 0xE7, 0x39, 0x00, 0x00, 0x05, 0x39,
    0x6C, 0x8A, 0x00, 0x00, 0x93, 0x6C, 0x9B, 0x96, 0x1A, 0x8E, 0x3A, 0x8E, 0x3A, 0x96, 0x1A, 0x8E,
    0x1A, 0x8E, 0x1A, 0x8E, 0x1A, 0x8E, 0x19, 0x8E, 0x3A, 0x8E, 0x3A, 0x8E, 0x1A, 0x8E, 0x1A, 0x8E,
    0x1A, 0x96, 0x19, 0x96, 0x19, 0x96, 0x5A, 0x96, 0xC7, 0x31, 0x62, 0x18, 0x20, 0x00, 0x00, 0x00,
    0x20, 0x00, 0x20, 0x00, 0xC3, 0x20, 0xC4, 0x38, 0x8B, 0x62, 0xD0, 0x63, 0x57, 0x6D, 0xB9, 0x7D,
    0x37, 0x6D, 0x16, 0x65, 0x16, 0x65, 0x16, 0x65, 0x37, 0x6D, 0x16, 0x65, 0xF6, 0x64, 0x57, 0x6D,
    0x6F, 0x43, 0x00, 0x00, 0x00, 0x00, 0x00, 0x00, 0x00, 0x00, 0x00, 0x00, 0x00, 0x00, 0x00, 0x00,
    0x00, 0x00, 0x00, 0x00, 0x00, 0x00, 0x00, 0x00, 0x00, 0x00, 0x00, 0x00, 0x00, 0x00, 0x00, 0x00,
    0x00, 0x00, 0x00, 0x00, 0x00, 0x00, 0x00, 0x00, 0x00, 0x00, 0x00, 0x00, 0x00, 0x00, 0x00, 0x00,
    0x00, 0x00, 0x00, 0x00, 0x00, 0x00, 0x00, 0x00, 0x00, 0x00, 0x00, 0x00, 0x00, 0x00, 0x00, 0x00,
    0x00, 0x00, 0x00, 0x00, 0x00, 0x00, 0x00, 0x00, 0x00, 0x00, 0x00, 0x00, 0x00, 0x00, 0x00, 0x00,
    0x00, 0x00, 0x00, 0x00, 0x00, 0x00, 0x00, 0x00, 0x00, 0x00, 0x00, 0x00, 0x00, 0x00, 0x00, 0x00,
    0x00, 0x00, 0x00, 0x00, 0x00, 0x00, 0x00, 0x00, 0x00, 0x00, 0x00, 0x00, 0x00, 0x00, 0x00, 0x00,
    0x00, 0x00, 0x00, 0x00, 0x00, 0x00, 0x00, 0x00, 0x00, 0x00, 0x00, 0x00, 0x00, 0x00, 0x00, 0x00,
    0x00, 0x00, 0x00, 0x00, 0x00, 0x00, 0xFF, 0xFB, 0x00, 0x00, 0x87, 0x51, 0x4B, 0x82, 0x41, 0x00,
    0xB8, 0x85, 0x5B, 0x96, 0x3A, 0x8E, 0x3A, 0x8E, 0x3A, 0x96, 0x3A, 0x96, 0x1A, 0x8E, 0x1A, 0x8E,
    0x1A, 0x8E, 0x1A, 0x8E, 0x1A, 0x8E, 0x19, 0x8E, 0x1A, 0x96, 0x1A, 0x96, 0x3A, 0x8E, 0x1A, 0x8E,
    0x5A, 0x96, 0xB8, 0x85, 0xE4, 0x20, 0x82, 0x20, 0x00, 0x00, 0x00, 0x00, 0x00, 0x00, 0x20, 0x00,
    0xA9, 0x69, 0x6D, 0xA2, 0xB0, 0x93, 0x11, 0x6C, 0x57, 0x6D, 0x98, 0x75, 0x37, 0x65, 0x16, 0x65,
    0x16, 0x65, 0x16, 0x65, 0x16, 0x6D, 0x16, 0x65, 0xF6, 0x64, 0x37, 0x6D, 0x53, 0x54, 0x00, 0x00,
    0x00, 0x00, 0x00, 0x00, 0x00, 0x00, 0x00, 0x00, 0x00, 0x00, 0x00, 0x00, 0x00, 0x00, 0x00, 0x00,
    0x00, 0x00, 0x00, 0x00, 0x00, 0x00, 0x00, 0x00, 0x00, 0x00, 0x00, 0x00, 0x00, 0x00, 0x00, 0x00,
    0x00, 0x00, 0x00, 0x00, 0x00, 0x00, 0x00, 0x00, 0x00, 0x00, 0x00, 0x00, 0x00, 0x00, 0x00, 0x00,
    0x00, 0x00, 0x00, 0x00, 0x00, 0x00, 0x00, 0x00, 0x00, 0x00, 0x00, 0x00, 0x00, 0x00, 0x00, 0x00,
    0x00, 0x00, 0x00, 0x00, 0x00, 0x00, 0x00, 0x00, 0x00, 0x00, 0x00, 0x00, 0x00, 0x00, 0x00, 0x00,
    0x00, 0x00, 0x00, 0x00, 0x00, 0x00, 0x00, 0x00, 0x00, 0x00, 0x00, 0x00, 0x00, 0x00, 0x00, 0x00,
    0x00, 0x00, 0x00, 0x00, 0x00, 0x00, 0x00, 0x00, 0x00, 0x00, 0x00, 0x00, 0x00, 0x00, 0x00, 0x00,
    0x00, 0x00, 0x00, 0x00, 0x00, 0x00, 0x00, 0x00, 0x00, 0x00, 0x00, 0x00, 0x00, 0x00, 0x00, 0x00,
    0x00, 0x00, 0xFF, 0xFF, 0xEF, 0x03, 0x4A, 0x6A, 0x2F, 0xA3, 0xA7, 0x29, 0x3A, 0x8E, 0x3A, 0x96,
    0x3A, 0x8E, 0x3A, 0x8E, 0x3A, 0x8E, 0x3A, 0x96, 0x1A, 0x8E, 0x1A, 0x8E, 0x3A, 0x8E, 0x1A, 0x8E,
    0x1A, 0x8E, 0x1A, 0x8E, 0x3A, 0x96, 0x3A, 0x96, 0x3A, 0x96, 0x1A, 0x8E, 0x7B, 0x96, 0xD4, 0x6C,
    0x62, 0x18, 0xA3, 0x20, 0x00, 0x00, 0x00, 0x00, 0x00, 0x00, 0x62, 0x18, 0xCE, 0xA2, 0xEF, 0xA2,
    0x93, 0x9C, 0x32, 0x6C, 0x16, 0x5D, 0x37, 0x6D, 0x36, 0x65, 0x16, 0x65, 0x16, 0x65, 0x16, 0x65,
    0x16, 0x65, 0x16, 0x65, 0xF6, 0x64, 0x36, 0x6D, 0xD5, 0x64, 0xE4, 0x10, 0x00, 0x00, 0xE7, 0x39,
    0x00, 0x00, 0x00, 0x00, 0x00, 0x00, 0x00, 0x00, 0x00, 0x00, 0x00, 0x00, 0x00, 0x00, 0x00, 0x00,
    0x00, 0x00, 0x00, 0x00, 0x00, 0x00, 0x00, 0x00, 0x00, 0x00, 0x00, 0x00, 0x00, 0x00, 0x00, 0x00,
    0x00, 0x00, 0x00, 0x00, 0x00, 0x00, 0x00, 0x00, 0x00, 0x00, 0x00, 0x00, 0x00, 0x00, 0x00, 0x00,
    0x00, 0x00, 0x00, 0x00, 0x00, 0x00, 0x00, 0x00, 0x00, 0x00, 0x00, 0x00, 0x00, 0x00, 0x00, 0x00,
    0x00, 0x00, 0x00, 0x00, 0x00, 0x00, 0x00, 0x00, 0x00, 0x00, 0x00, 0x00, 0x00, 0x00, 0x00, 0x00,
    0x00, 0x00, 0x00, 0x00, 0x00, 0x00, 0x00, 0x00, 0x00, 0x00, 0x00, 0x00, 0x00, 0x00, 0x00, 0x00,
    0x00, 0x00, 0x00, 0x00, 0x00, 0x00, 0x00, 0x00, 0x00, 0x00, 0x00, 0x00, 0x00, 0x00, 0x00, 0x00,
    0x00, 0x00, 0x00, 0x00, 0x00, 0x00, 0x00, 0x00, 0x00, 0x00, 0x00, 0x00, 0x00, 0x00, 0xFF, 0xFF,
    0x00, 0x00, 0x2A, 0x62, 0x70, 0xB3, 0x4E, 0x5B, 0x9C, 0x96, 0x1A, 0x8E, 0x3A, 0x8E, 0x3A, 0x8E,
    0x3A, 0x8E, 0x3A, 0x96, 0x3A, 0x96, 0x3A, 0x96, 0x3A, 0x8E, 0x1A, 0x8E, 0x1A, 0x8E, 0x3A, 0x96,
    0x3A, 0x96, 0x3A, 0x96, 0x3A, 0x96, 0x3A, 0x8E, 0x9B, 0x96, 0xD4, 0x6C, 0x62, 0x18, 0x05, 0x41,
    0x41, 0x08, 0x00, 0x00, 0x82, 0x10, 0xA8, 0x61, 0x71, 0xBB, 0xAD, 0x8A, 0x76, 0xAD, 0x31, 0x6C,
    0x16, 0x5D, 0x36, 0x65, 0x16, 0x65, 0x16, 0x65, 0x16, 0x65, 0x16, 0x65, 0x16, 0x65, 0x16, 0x65,
    0x16, 0x65, 0x16, 0x65, 0x37, 0x6D, 0x09, 0x2A, 0x00, 0x00, 0x55, 0x55, 0x00, 0x00, 0x00, 0x00,
    0x00, 0x00, 0x00, 0x00, 0x00, 0x00, 0x00, 0x00, 0x00, 0x00, 0x00, 0x00, 0x00, 0x00, 0x00, 0x00,
    0x00, 0x00, 0x00, 0x00, 0x00, 0x00, 0x00, 0x00, 0x00, 0x00, 0x00, 0x00, 0x00, 0x00, 0x00, 0x00,
    0x00, 0x00, 0x00, 0x00, 0x00, 0x00, 0x00, 0x00, 0x00, 0x00, 0x00, 0x00, 0x00, 0x00, 0x00, 0x00,
    0x00, 0x00, 0x00, 0x00, 0x00, 0x00, 0x00, 0x00, 0x00, 0x00, 0x00, 0x00, 0x00, 0x00, 0x00, 0x00,
    0x00, 0x00, 0x00, 0x00, 0x00, 0x00, 0x00, 0x00, 0x00, 0x00, 0x00, 0x00, 0x00, 0x00, 0x00, 0x00,
    0x00, 0x00, 0x00, 0x00, 0x00, 0x00, 0x00, 0x00, 0x00, 0x00, 0x00, 0x00, 0x00, 0x00, 0x00, 0x00,
    0x00, 0x00, 0x00, 0x00, 0x00, 0x00, 0x00, 0x00, 0x00, 0x00, 0x00, 0x00, 0x00, 0x00, 0x00, 0x00,
    0x00, 0x00, 0x00, 0x00, 0x00, 0x00, 0x00, 0x00, 0x00, 0x00, 0x00, 0x00, 0xA2, 0x08, 0x67, 0x39,
    0x4C, 0x92, 0x52, 0x64, 0x9C, 0x9E, 0x1A, 0x8E, 0x3A, 0x8E, 0x3A, 0x8E, 0x3A, 0x8E, 0x3A, 0x96,
    0x3A, 0x96, 0x1A, 0x96, 0x1A, 0x96, 0x3A, 0x96, 0x3A, 0x96, 0x3A, 0x96, 0x3A, 0x96, 0x3A, 0x96,
    0x3A, 0x96, 0x3A, 0x8E, 0x9C, 0x9E, 0xD4, 0x6C, 0x47, 0x51, 0xAE, 0xA2, 0x87, 0x59, 0xA3, 0x20,
    0x8C, 0x7A, 0x91, 0xB3, 0x71, 0xBB, 0x2E, 0x8B, 0x7A, 0xCE, 0x32, 0x64, 0x37, 0x65, 0x16, 0x65,
    0x16, 0x65, 0x16, 0x65, 0x16, 0x65, 0x16, 0x65, 0x16, 0x65, 0x16, 0x65, 0xF6, 0x64, 0xF6, 0x64,
    0x57, 0x6D, 0x49, 0x2A, 0x00, 0x00, 0xFF, 0x7F, 0x00, 0x00, 0x00, 0x00, 0x00, 0x00, 0x00, 0x00,
    0x00, 0x00, 0x00, 0x00, 0x00, 0x00, 0x00, 0x00, 0x00, 0x00, 0x00, 0x00, 0x00, 0x00, 0x00, 0x00,
    0x00, 0x00, 0x00, 0x00, 0x00, 0x00, 0x00, 0x00, 0x00, 0x00, 0x00, 0x00, 0x00, 0x00, 0x00, 0x00,
    0x00, 0x00, 0x00, 0x00, 0x00, 0x00, 0x00, 0x00, 0x00, 0x00, 0x00, 0x00, 0x00, 0x00, 0x00, 0x00,
    0x00, 0x00, 0x00, 0x00, 0x00, 0x00, 0x00, 0x00, 0x00, 0x00, 0x00, 0x00, 0x00, 0x00, 0x00, 0x00,
    0x00, 0x00, 0x00, 0x00, 0x00, 0x00, 0x00, 0x00, 0x00, 0x00, 0x00, 0x00, 0x00, 0x00, 0x00, 0x00,
    0x00, 0x00, 0x00, 0x00, 0x00, 0x00, 0x00, 0x00, 0x00, 0x00, 0x00, 0x00, 0x00, 0x00, 0x00, 0x00,
    0x00, 0x00, 0x00, 0x00, 0x00, 0x00, 0x00, 0x00, 0x00, 0x00, 0x00, 0x00, 0x00, 0x00, 0x00, 0x00,
    0x00, 0x00, 0x00, 0x00, 0xFF, 0xFF, 0x00, 0x00, 0xF0, 0x5B, 0xB4, 0x74, 0x6B, 0x52, 0x19, 0x8E,
    0x3A, 0x96, 0x3A, 0x8E, 0x3A, 0x96, 0x1A, 0x8E, 0x3A, 0x96, 0x3A, 0x96, 0x3A, 0x96, 0x1A, 0x96,
    0x3A, 0x96, 0x3A, 0x96, 0x3A, 0x96, 0x3A, 0x96, 0x3A, 0x96, 0x3A, 0x96, 0x3A, 0x8E, 0x3A, 0x8E,
    0x9C, 0x96, 0x15, 0x6D, 0xA9, 0x71, 0x92, 0xC3, 0x71, 0xBB, 0x30, 0xAB, 0x13, 0xBC, 0x75, 0xC4,
    0x30, 0xAB, 0x93, 0xA4, 0xFB, 0xDE, 0xF1, 0x4B, 0x57, 0x6D, 0x16, 0x65, 0x16, 0x65, 0x16, 0x65,
    0x16, 0x65, 0x16, 0x65, 0x16, 0x65, 0xF6, 0x64, 0xF6, 0x64, 0xF6, 0x64, 0x57, 0x6D, 0x4A, 0x2A,
    0x00, 0x00, 0xFF, 0x7F, 0x00, 0x00, 0x00, 0x00, 0x00, 0x00, 0x00, 0x00, 0x00, 0x00, 0x00, 0x00,
    0x00, 0x00, 0x00, 0x00, 0x00, 0x00, 0x00, 0x00, 0x00, 0x00, 0x00, 0x00, 0x00, 0x00, 0x00, 0x00,
    0x00, 0x00, 0x00, 0x00, 0x00, 0x00, 0x00, 0x00, 0x00, 0x00, 0x00, 0x00, 0x00, 0x00, 0x00, 0x00,
    0x00, 0x00, 0x00, 0x00, 0x00, 0x00, 0x00, 0x00, 0x00, 0x00, 0x00, 0x00, 0x00, 0x00, 0x00, 0x00,
    0x00, 0x00, 0x00, 0x00, 0x00, 0x00, 0x00, 0x00, 0x00, 0x00, 0x00, 0x00, 0x00, 0x00, 0x00, 0x00,
    0x00, 0x00, 0x00, 0x00, 0x00, 0x00, 0x00, 0x00, 0x00, 0x00, 0x00, 0x00, 0x00, 0x00, 0x00, 0x00,
    0x00, 0x00, 0x00, 0x00, 0x00, 0x00, 0x00, 0x00, 0x00, 0x00, 0x00, 0x00, 0x00, 0x00, 0x00, 0x00,
    0x00, 0x00, 0x00, 0x00, 0x00, 0x00, 0x00, 0x00, 0x00, 0x00, 0x00, 0x00, 0x00, 0x00, 0xAA, 0x52,
    0x00, 0x00, 0x66, 0x21, 0x19, 0x8E, 0x9C, 0x9E, 0xBC, 0xAE, 0x5A, 0x96, 0x1A, 0x8E, 0x3A, 0x8E,
    0x1A, 0x8E, 0x3A, 0x96, 0x3A, 0x8E, 0x3A, 0x8E, 0x3A, 0x8E, 0x3A, 0x8E, 0x3A, 0x96, 0x3A, 0x96,
    0x3A, 0x96, 0x3A, 0x96, 0x3A, 0x96, 0x3A, 0x8E, 0x5A, 0x96, 0x5A, 0x96, 0x5B, 0x96, 0x5B, 0x8E,
    0xAF, 0x5B, 0xAC, 0x72, 0x8D, 0x82, 0xCE, 0x92, 0x2F, 0xA3, 0x71, 0xB3, 0x4C, 0x82, 0xFB, 0xDE,
    0x76, 0xA5, 0x94, 0x54, 0x37, 0x6D, 0x16, 0x65, 0x16, 0x65, 0x16, 0x65, 0xF6, 0x64, 0xF6, 0x64,
    0xF6, 0x64, 0xF6, 0x64, 0xF6, 0x64, 0xF5, 0x64, 0x57, 0x6D, 0x6B, 0x32, 0x00, 0x00, 0x5F, 0x55,
    0x00, 0x00, 0x00, 0x00, 0x00, 0x00, 0x00, 0x00, 0x00, 0x00, 0x00, 0x00, 0x00, 0x00, 0x00, 0x00,
    0x00, 0x00, 0x00, 0x00, 0x00, 0x00, 0x00, 0x00, 0x00, 0x00, 0x00, 0x00, 0x00, 0x00, 0x00, 0x00,
    0x00, 0x00, 0x00, 0x00, 0x00, 0x00, 0x00, 0x00, 0x00, 0x00, 0x00, 0x00, 0x00, 0x00, 0x00, 0x00,
    0x00, 0x00, 0x00, 0x00, 0x00, 0x00, 0x00, 0x00, 0x00, 0x00, 0x00, 0x00, 0x00, 0x00, 0x00, 0x00,
    0x00, 0x00, 0x00, 0x00, 0x00, 0x00, 0x00, 0x00, 0x00, 0x00, 0x00, 0x00, 0x00, 0x00, 0x00, 0x00,
    0x00, 0x00, 0x00, 0x00, 0x00, 0x00, 0x00, 0x00, 0x00, 0x00, 0x00, 0x00, 0x00, 0x00, 0x00, 0x00,
    0x00, 0x00, 0x00, 0x00, 0x00, 0x00, 0x00, 0x00, 0x00, 0x00, 0x00, 0x00, 0x00, 0x00, 0x00, 0x00,
    0x00, 0x00, 0x00, 0x00, 0x00, 0x00, 0x00, 0x00, 0x00, 0x00, 0x00, 0x00, 0x00, 0x00, 0x6E, 0x4B,
    0xBC, 0x9E, 0xB7, 0x95, 0x19, 0xA6, 0x3A, 0x96, 0x1A, 0x8E, 0x1A, 0x8E, 0x3A, 0x96, 0xD8, 0x8D,
    0x19, 0x8E, 0x3A, 0x8E, 0x1A, 0x8E, 0x1A, 0x8E, 0x3A, 0x96, 0x3A, 0x96, 0x3A, 0x96, 0x3A, 0x96,
    0x3A, 0x96, 0x3A, 0x96, 0x5A, 0x96, 0x5B, 0x96, 0x5B, 0x96, 0x7B, 0x96, 0xBC, 0x96, 0x19, 0x86,
    0x97, 0x7D, 0x35, 0x75, 0xB4, 0x6C, 0xF1, 0x63, 0xB0, 0x5B, 0xB8, 0x95, 0x74, 0x5C, 0x36, 0x65,
    0x16, 0x65, 0x16, 0x65, 0x16, 0x65, 0xF6, 0x64, 0xF6, 0x64, 0xF6, 0x64, 0xF6, 0x64, 0xF5, 0x64,
    0xF5, 0x64, 0xF5, 0x64, 0x36, 0x6D, 0xC8, 0x21, 0x00, 0x00, 0xFF, 0x7F, 0x00, 0x00, 0x00, 0x00,
    0x00, 0x00, 0x00, 0x00, 0x00, 0x00, 0x00, 0x00, 0x00, 0x00, 0x00, 0x00, 0x00, 0x00, 0x00, 0x00,
    0x00, 0x00, 0x00, 0x00, 0x00, 0x00, 0x00, 0x00, 0x00, 0x00, 0x00, 0x00, 0x00, 0x00, 0x00, 0x00,
    0x00, 0x00, 0x00, 0x00, 0x00, 0x00, 0x00, 0x00, 0x00, 0x00, 0x00, 0x00, 0x00, 0x00, 0x00, 0x00,
    0x00, 0x00, 0x00, 0x00, 0x00, 0x00, 0x00, 0x00, 0x00, 0x00, 0x00, 0x00, 0x00, 0x00, 0x00, 0x00,
    0x00, 0x00, 0x00, 0x00, 0x00, 0x00, 0x00, 0x00, 0x00, 0x00, 0x00, 0x00, 0x00, 0x00, 0x00, 0x00,
    0x00, 0x00, 0x00, 0x00, 0x00, 0x00, 0x00, 0x00, 0x00, 0x00, 0x00, 0x00, 0x00, 0x00, 0x00, 0x00,
    0x00, 0x00, 0x00, 0x00, 0x00, 0x00, 0x00, 0x00, 0x00, 0x00, 0x00, 0x00, 0x00, 0x00, 0x00, 0x00,
    0x00, 0x00, 0x00, 0x00, 0x00, 0x00, 0x00, 0x00, 0x00, 0x00, 0xD4, 0x6C, 0xFD, 0xA6, 0x3A, 0xA6,
    0x19, 0x9E, 0x3A, 0x8E, 0x1A, 0x8E, 0x3A, 0x96, 0xB8, 0x85, 0x72, 0x64, 0x3A, 0x96, 0x19, 0x8E,
    0x3A, 0x96, 0x3A, 0x96, 0x3A, 0x96, 0x3A, 0x96, 0x3A, 0x8E, 0x3A, 0x8E, 0x3A, 0x8E, 0x5A, 0x8E,
    0x5B, 0x8E, 0x5B, 0x96, 0x5B, 0x96, 0x5B, 0x96, 0x5A, 0x8E, 0x7B, 0x96, 0x9C, 0x96, 0xBC, 0x96,
    0xBC, 0x96, 0xBC, 0x96, 0x9C, 0x8E, 0xB9, 0x7D, 0x78, 0x75, 0x16, 0x65, 0x16, 0x65, 0xF6, 0x64,
    0xF6, 0x64, 0xF6, 0x64, 0xF5, 0x64, 0xF5, 0x64, 0xF5, 0x64, 0xF5, 0x64, 0xF5, 0x64, 0xF6, 0x64,
    0xD5, 0x64, 0xE4, 0x10, 0x00, 0x00, 0xEF, 0x7B, 0x00, 0x00, 0x00, 0x00, 0x00, 0x00, 0x00, 0x00,
    0x00, 0x00, 0x00, 0x00, 0x00, 0x00, 0x00, 0x00, 0x00, 0x00, 0x00, 0x00, 0x00, 0x00, 0x00, 0x00,
    0x00, 0x00, 0x00, 0x00, 0x00, 0x00, 0x00, 0x00, 0x00, 0x00, 0x00, 0x00, 0x00, 0x00, 0x00, 0x00,
    0x00, 0x00, 0x00, 0x00, 0x00, 0x00, 0x00, 0x00, 0x00, 0x00, 0x00, 0x00, 0x00, 0x00, 0x00, 0x00,
    0x00, 0x00, 0x00, 0x00, 0x00, 0x00, 0x00, 0x00, 0x00, 0x00, 0x00, 0x00, 0x00, 0x00, 0x00, 0x00,
    0x00, 0x00, 0x00, 0x00, 0x00, 0x00, 0x00, 0x00, 0x00, 0x00, 0x00, 0x00, 0x00, 0x00, 0x00, 0x00,
    0x00, 0x00, 0x00, 0x00, 0x00, 0x00, 0x00, 0x00, 0x00, 0x00, 0x00, 0x00, 0x00, 0x00, 0x00, 0x00,
    0x00, 0x00, 0x00, 0x00, 0x00, 0x00, 0x00, 0x00, 0x00, 0x00, 0x00, 0x00, 0x00, 0x00, 0x00, 0x00,
    0x00, 0x00, 0x00, 0x00, 0x00, 0x00, 0xEC, 0x42, 0x52, 0x64, 0x76, 0x8D, 0xBC, 0xAE, 0xF9, 0x8D,
    0x3A, 0x8E, 0x3A, 0x8E, 0xF9, 0x8D, 0x3A, 0x96, 0x3A, 0x96, 0x5A, 0x96, 0xF9, 0x8D, 0xF9, 0x8D,
    0x3A, 0x8E, 0x5A, 0x96, 0x7B, 0x96, 0x7B, 0x96, 0x9C, 0x96, 0x9C, 0x96, 0x7B, 0x96, 0x5B, 0x96,
    0x5B, 0x96, 0x5B, 0x96, 0x5B, 0x96, 0x5A, 0x96, 0x5A, 0x96, 0x5A, 0x96, 0x5B, 0x8E, 0x5B, 0x96,
    0x3A, 0x8E, 0xF9, 0x85, 0x57, 0x75, 0xF5, 0x64, 0xF5, 0x64, 0x16, 0x6D, 0xF5, 0x64, 0xF5, 0x64,
    0xF5, 0x64, 0xF5, 0x64, 0xF5, 0x64, 0xF5, 0x64, 0xD5, 0x64, 0x16, 0x6D, 0x32, 0x54, 0x00, 0x00,
    0x00, 0x00, 0x00, 0x00, 0x00, 0x00, 0x00, 0x00, 0x00, 0x00, 0x00, 0x00, 0x00, 0x00, 0x00, 0x00,
    0x00, 0x00, 0x00, 0x00, 0x00, 0x00, 0x00, 0x00, 0x00, 0x00, 0x00, 0x00, 0x00, 0x00, 0x00, 0x00,
    0x00, 0x00, 0x00, 0x00, 0x00, 0x00, 0x00, 0x00, 0x00, 0x00, 0x00, 0x00, 0x00, 0x00, 0x00, 0x00,
    0x00, 0x00, 0x00, 0x00, 0x00, 0x00, 0x00, 0x00, 0x00, 0x00, 0x00, 0x00, 0x00, 0x00, 0x00, 0x00,
    0x00, 0x00, 0x00, 0x00, 0x00, 0x00, 0x00, 0x00, 0x00, 0x00, 0x00, 0x00, 0x00, 0x00, 0x00, 0x00,
    0x00, 0x00, 0x00, 0x00, 0x00, 0x00, 0x00, 0x00, 0x00, 0x00, 0x00, 0x00, 0x00, 0x00, 0x00, 0x00,
    0x00, 0x00, 0x00, 0x00, 0x00, 0x00, 0x00, 0x00, 0x00, 0x00, 0x00, 0x00, 0x00, 0x00, 0x00, 0x00,
    0x00, 0x00, 0x00, 0x00, 0x00, 0x00, 0x00, 0x00, 0x00, 0x00, 0x00, 0x00, 0x00, 0x00, 0xFF, 0xFF,
    0x00, 0x00, 0x4A, 0x32, 0x73, 0x5C, 0x0D, 0x3B, 0x36, 0x7D, 0x9B, 0x9E, 0x19, 0x8E, 0x19, 0x8E,
    0x5A, 0x96, 0x3A, 0x8E, 0x77, 0x7D, 0xD1, 0x53, 0xAB, 0x3A, 0x4E, 0x43, 0xB0, 0x4B, 0xAF, 0x4B,
    0xF1, 0x53, 0x52, 0x5C, 0x93, 0x64, 0xD5, 0x6C, 0x36, 0x75, 0x98, 0x7D, 0xD9, 0x85, 0x3A, 0x8E,
    0x5B, 0x8E, 0x5B, 0x8E, 0x7B, 0x8E, 0x7B, 0x96, 0x5B, 0x8E, 0x1A, 0x86, 0xB8, 0x75, 0x37, 0x6D,
    0xF6, 0x64, 0x36, 0x6D, 0x36, 0x6D, 0x53, 0x5C, 0xD5, 0x64, 0xF5, 0x64, 0xF5, 0x64, 0xF5, 0x64,
    0xF5, 0x64, 0xF5, 0x64, 0xD5, 0x64, 0x37, 0x6D, 0x8F, 0x4B, 0x00, 0x00, 0x00, 0x00, 0x00, 0x00,
    0x00, 0x00, 0x00, 0x00, 0x00, 0x00, 0x00, 0x00, 0x00, 0x00, 0x00, 0x00, 0x00, 0x00, 0x00, 0x00,
    0x00, 0x00, 0x00, 0x00, 0x00, 0x00, 0x00, 0x00, 0x00, 0x00, 0x00, 0x00, 0x00, 0x00, 0x00, 0x00,
    0x00, 0x00, 0x00, 0x00, 0x00, 0x00, 0x00, 0x00, 0x00, 0x00, 0x00, 0x00, 0x00, 0x00, 0x00, 0x00,
    0x00, 0x00, 0x00, 0x00, 0x00, 0x00, 0x00, 0x00, 0x00, 0x00, 0x00, 0x00, 0x00, 0x00, 0x00, 0x00,
    0x00, 0x00, 0x00, 0x00, 0x00, 0x00, 0x00, 0x00, 0x00, 0x00, 0x00, 0x00, 0x00, 0x00, 0x00, 0x00,
    0x00, 0x00, 0x00, 0x00, 0x00, 0x00, 0x00, 0x00, 0x00, 0x00, 0x00, 0x00, 0x00, 0x00, 0x00, 0x00,
    0x00, 0x00, 0x00, 0x00, 0x00, 0x00, 0x00, 0x00, 0x00, 0x00, 0x00, 0x00, 0x00, 0x00, 0x00, 0x00,
    0x00, 0x00, 0x00, 0x00, 0x00, 0x00, 0x00, 0x00, 0x00, 0x00, 0xE7, 0x39, 0x00, 0x00, 0x66, 0x19,
    0x57, 0x6D, 0x37, 0x6D, 0x2E, 0x43, 0xF5, 0x74, 0x9B, 0x96, 0x3A, 0x8E, 0x15, 0x6D, 0xB0, 0x4B,
    0x0D, 0x3B, 0xF1, 0x53, 0xD5, 0x64, 0xF5, 0x64, 0xB4, 0x64, 0x73, 0x5C, 0x12, 0x54, 0xB0, 0x4B,
    0x6F, 0x43, 0x4F, 0x43, 0x2E, 0x3B, 0x0D, 0x3B, 0x2E, 0x43, 0x6F, 0x43, 0xB0, 0x4B, 0x12, 0x54,
    0x73, 0x5C, 0xD5, 0x64, 0xF6, 0x64, 0xD5, 0x64, 0xD5, 0x64, 0xD5, 0x64, 0x94, 0x5C, 0x12, 0x54,
    0x4E, 0x43, 0x8F, 0x4B, 0xF5, 0x64, 0xF5, 0x64, 0xF5, 0x64, 0xF5, 0x64, 0xF5, 0x64, 0xF5, 0x64,
    0xD5, 0x64, 0x37, 0x6D, 0x8B, 0x32, 0x00, 0x00, 0xFF, 0xFF, 0x00, 0x00, 0x00, 0x00, 0x00, 0x00,
    0x00, 0x00, 0x00, 0x00, 0x00, 0x00, 0x00, 0x00, 0x00, 0x00, 0x00, 0x00, 0x00, 0x00, 0x00, 0x00,
    0x00, 0x00, 0x00, 0x00, 0x00, 0x00, 0x00, 0x00, 0x00, 0x00, 0x00, 0x00, 0x00, 0x00, 0x00, 0x00,
    0x00, 0x00, 0x00, 0x00, 0x00, 0x00, 0x00, 0x00, 0x00, 0x00, 0x00, 0x00, 0x00, 0x00, 0x00, 0x00,
    0x00, 0x00, 0x00, 0x00, 0x00, 0x00, 0x00, 0x00, 0x00, 0x00, 0x00, 0x00, 0x00, 0x00, 0x00, 0x00,
    0x00, 0x00, 0x00, 0x00, 0x00, 0x00, 0x00, 0x00, 0x00, 0x00, 0x00, 0x00, 0x00, 0x00, 0x00, 0x00,
    0x00, 0x00, 0x00, 0x00, 0x00, 0x00, 0x00, 0x00, 0x00, 0x00, 0x00, 0x00, 0x00, 0x00, 0x00, 0x00,
    0x00, 0x00, 0x00, 0x00, 0x00, 0x00, 0x00, 0x00, 0x00, 0x00, 0x00, 0x00, 0x00, 0x00, 0x00, 0x00,
    0x00, 0x00, 0x00, 0x00, 0x00, 0x00, 0x00, 0x00, 0xFF, 0xFF, 0x00, 0x00, 0x6F, 0x43, 0x98, 0x75,
    0x16, 0x65, 0xD0, 0x4B, 0x6F, 0x4B, 0x6F, 0x4B, 0x2E, 0x43, 0x12, 0x54, 0xF5, 0x64, 0x16, 0x6D,
    0xF5, 0x64, 0xF5, 0x64, 0xF6, 0x64, 0x16, 0x6D, 0x36, 0x6D, 0x37, 0x6D, 0x57, 0x6D, 0x57, 0x6D,
    0x37, 0x6D, 0x16, 0x65, 0xF5, 0x64, 0x94, 0x5C, 0x53, 0x54, 0x32, 0x54, 0xD1, 0x4B, 0x8F, 0x43,
    0x2E, 0x43, 0xEC, 0x3A, 0x0D, 0x43, 0x2D, 0x43, 0x4E, 0x43, 0xB0, 0x4B, 0x73, 0x5C, 0x16, 0x6D,
    0xF5, 0x64, 0xF5, 0x64, 0xF5, 0x64, 0xF5, 0x64, 0xF5, 0x64, 0xF5, 0x64, 0x16, 0x6D, 0xB4, 0x64,
    0xC3, 0x08, 0x00, 0x00, 0xE7, 0x01, 0x00, 0x00, 0x00, 0x00, 0x00, 0x00, 0x00, 0x00, 0x00, 0x00,
    0x00, 0x00, 0x00, 0x00, 0x00, 0x00, 0x00, 0x00, 0x00, 0x00, 0x00, 0x00, 0x00, 0x00, 0x00, 0x00,
    0x00, 0x00, 0x00, 0x00, 0x00, 0x00, 0x00, 0x00, 0x00, 0x00, 0x00, 0x00, 0x00, 0x00, 0x00, 0x00,
    0x00, 0x00, 0x00, 0x00, 0x00, 0x00, 0x00, 0x00, 0x00, 0x00, 0x00, 0x00, 0x00, 0x00, 0x00, 0x00,
    0x00, 0x00, 0x00, 0x00, 0x00, 0x00, 0x00, 0x00, 0x00, 0x00, 0x00, 0x00, 0x00, 0x00, 0x00, 0x00,
    0x00, 0x00, 0x00, 0x00, 0x00, 0x00, 0x00, 0x00, 0x00, 0x00, 0x00, 0x00, 0x00, 0x00, 0x00, 0x00,
    0x00, 0x00, 0x00, 0x00, 0x00, 0x00, 0x00, 0x00, 0x00, 0x00, 0x00, 0x00, 0x00, 0x00, 0x00, 0x00,
    0x00, 0x00, 0x00, 0x00, 0x00, 0x00, 0x00, 0x00, 0x00, 0x00, 0x00, 0x00, 0x00, 0x00, 0x00, 0x00,
    0x00, 0x00, 0x00, 0x00, 0xE7, 0x01, 0x00, 0x00, 0x82, 0x08, 0x32, 0x54, 0x36, 0x6D, 0x16, 0x6D,
    0x94, 0x5C, 0xB4, 0x5C, 0x36, 0x6D, 0x16, 0x6D, 0xF5, 0x64, 0xD5, 0x64, 0xF5, 0x64, 0xF5, 0x64,
    0xF5, 0x64, 0xF5, 0x64, 0xF5, 0x64, 0xF5, 0x64, 0xF5, 0x64, 0xF5, 0x64, 0xF6, 0x64, 0xF6, 0x64,
    0x16, 0x65, 0x37, 0x6D, 0x57, 0x6D, 0x57, 0x6D, 0x57, 0x6D, 0x37, 0x6D, 0x36, 0x6D, 0x16, 0x6D,
    0x16, 0x6D, 0x16, 0x6D, 0x16, 0x6D, 0x36, 0x6D, 0x16, 0x65, 0xD5, 0x64, 0xF5, 0x64, 0xF5, 0x64,
    0xF5, 0x64, 0xF6, 0x64, 0xF6, 0x64, 0xF6, 0x64, 0x78, 0x6D, 0xCC, 0x3A, 0x00, 0x00, 0x00, 0x00,
    0x00, 0x00, 0x00, 0x00, 0x00, 0x00, 0x00, 0x00, 0x00, 0x00, 0x00, 0x00, 0x00, 0x00, 0x00, 0x00,
    0x00, 0x00, 0x00, 0x00, 0x00, 0x00, 0x00, 0x00, 0x00, 0x00, 0x00, 0x00, 0x00, 0x00, 0x00, 0x00,
    0x00, 0x00, 0x00, 0x00, 0x00, 0x00, 0x00, 0x00, 0x00, 0x00, 0x00, 0x00, 0x00, 0x00, 0x00, 0x00,
    0x00, 0x00, 0x00, 0x00, 0x00, 0x00, 0x00, 0x00, 0x00, 0x00, 0x00, 0x00, 0x00, 0x00, 0x00, 0x00,
    0x00, 0x00, 0x00, 0x00, 0x00, 0x00, 0x00, 0x00, 0x00, 0x00, 0x00, 0x00, 0x00, 0x00, 0x00, 0x00,
    0x00, 0x00, 0x00, 0x00, 0x00, 0x00, 0x00, 0x00, 0x00, 0x00, 0x00, 0x00, 0x00, 0x00, 0x00, 0x00,
    0x00, 0x00, 0x00, 0x00, 0x00, 0x00, 0x00, 0x00, 0x00, 0x00, 0x00, 0x00, 0x00, 0x00, 0x00, 0x00,
    0x00, 0x00, 0x00, 0x00, 0x00, 0x00, 0x00, 0x00, 0x00, 0x00, 0x00, 0x00, 0x00, 0x00, 0x00, 0x00,
    0x00, 0x00, 0x55, 0x55, 0x00, 0x00, 0x66, 0x19, 0x36, 0x6D, 0xF5, 0x64, 0x16, 0x6D, 0xF6, 0x64,
    0xD5, 0x64, 0xD5, 0x64, 0xF5, 0x64, 0xF5, 0x64, 0xF5, 0x64, 0xF5, 0x64, 0xF5, 0x64, 0xF5, 0x64,
    0xF6, 0x64, 0xF5, 0x64, 0xF6, 0x64, 0x16, 0x65, 0x16, 0x65, 0x16, 0x65, 0x16, 0x65, 0x16, 0x65,
    0x16, 0x65, 0xF6, 0x64, 0xF5, 0x64, 0xD5, 0x64, 0xD5, 0x64, 0xD5, 0x64, 0xD5, 0x64, 0xD5, 0x64,
    0xD5, 0x64, 0xD5, 0x64, 0xF5, 0x64, 0xF5, 0x64, 0xF5, 0x64, 0xF6, 0x64, 0xF6, 0x64, 0x16, 0x65,
    0x16, 0x65, 0x17, 0x6D, 0x16, 0x65, 0x04, 0x11, 0x00, 0x00, 0xEF, 0x7B, 0x00, 0x00, 0x00, 0x00,
    0x00, 0x00, 0x00, 0x00, 0x00, 0x00, 0x00, 0x00, 0x00, 0x00, 0x00, 0x00, 0x00, 0x00, 0x00, 0x00,
    0x00, 0x00, 0x00, 0x00, 0x00, 0x00, 0x00, 0x00, 0x00, 0x00, 0x00, 0x00, 0x00, 0x00, 0x00, 0x00,
    0x00, 0x00, 0x00, 0x00, 0x00, 0x00, 0x00, 0x00, 0x00, 0x00, 0x00, 0x00, 0x00, 0x00, 0x00, 0x00,
    0x00, 0x00, 0x00, 0x00, 0x00, 0x00, 0x00, 0x00, 0x00, 0x00, 0x00, 0x00, 0x00, 0x00, 0x00, 0x00,
    0x00, 0x00, 0x00, 0x00, 0x00, 0x00, 0x00, 0x00, 0x00, 0x00, 0x00, 0x00, 0x00, 0x00, 0x00, 0x00,
    0x00, 0x00, 0x00, 0x00, 0x00, 0x00, 0x00, 0x00, 0x00, 0x00, 0x00, 0x00, 0x00, 0x00, 0x00, 0x00,
    0x00, 0x00, 0x00, 0x00, 0x00, 0x00, 0x00, 0x00, 0x00, 0x00, 0x00, 0x00, 0x00, 0x00, 0x00, 0x00,
    0x00, 0x00, 0x00, 0x00, 0x00, 0x00, 0x00, 0x00, 0x00, 0x00, 0x00, 0x00, 0x00, 0x00, 0x00, 0x00,
    0xFF, 0xFF, 0x00, 0x00, 0xAB, 0x3A, 0x77, 0x75, 0xD5, 0x64, 0xF5, 0x64, 0xF5, 0x6C, 0xF5, 0x64,
    0xF5, 0x64, 0xF5, 0x64, 0xF5, 0x64, 0xF5, 0x64, 0xF5, 0x64, 0xF5, 0x64, 0xF5, 0x64, 0xF6, 0x64,
    0x16, 0x65, 0x16, 0x65, 0x16, 0x65, 0x16, 0x65, 0x16, 0x65, 0x16, 0x65, 0xF6, 0x64, 0xF6, 0x64,
    0xF5, 0x64, 0xF5, 0x64, 0xF5, 0x64, 0xF6, 0x64, 0x16, 0x65, 0x16, 0x65, 0xF6, 0x64, 0xF6, 0x64,
    0xF6, 0x64, 0xF6, 0x64, 0xF6, 0x64, 0xF6, 0x64, 0xF6, 0x64, 0xF6, 0x64, 0xD5, 0x64, 0x37, 0x6D,
    0x2E, 0x43, 0xE3, 0x20, 0x0F, 0x00, 0xEF, 0x7B, 0x00, 0x00, 0x00, 0x00, 0x00, 0x00, 0x00, 0x00,
    0x00, 0x00, 0x00, 0x00, 0x00, 0x00, 0x00, 0x00, 0x00, 0x00, 0x00, 0x00, 0x00, 0x00, 0x00, 0x00,
    0x00, 0x00, 0x00, 0x00, 0x00, 0x00, 0x00, 0x00, 0x00, 0x00, 0x00, 0x00, 0x00, 0x00, 0x00, 0x00,
    0x00, 0x00, 0x00, 0x00, 0x00, 0x00, 0x00, 0x00, 0x00, 0x00, 0x00, 0x00, 0x00, 0x00, 0x00, 0x00,
    0x00, 0x00, 0x00, 0x00, 0x00, 0x00, 0x00, 0x00, 0x00, 0x00, 0x00, 0x00, 0x00, 0x00, 0x00, 0x00,
    0x00, 0x00, 0x00, 0x00, 0x00, 0x00, 0x00, 0x00, 0x00, 0x00, 0x00, 0x00, 0x00, 0x00, 0x00, 0x00,
    0x00, 0x00, 0x00, 0x00, 0x00, 0x00, 0x00, 0x00, 0x00, 0x00, 0x00, 0x00, 0x00, 0x00, 0x00, 0x00,
    0x00, 0x00, 0x00, 0x00, 0x00, 0x00, 0x00, 0x00, 0x00, 0x00, 0x00, 0x00, 0x00, 0x00, 0x00, 0x00,
    0x00, 0x00, 0x00, 0x00, 0x00, 0x00, 0x00, 0x00, 0x00, 0x00, 0x00, 0x00, 0x00, 0x00, 0x00, 0x00,
    0x00, 0x00, 0x4E, 0x4B, 0xB8, 0x7D, 0xF5, 0x6C, 0x16, 0x6D, 0x16, 0x6D, 0xF5, 0x64, 0xD5, 0x64,
    0xF5, 0x64, 0xF5, 0x64, 0xF5, 0x64, 0xF5, 0x64, 0xF5, 0x64, 0xF6, 0x64, 0x16, 0x65, 0x16, 0x65,
    0x16, 0x65, 0xF6, 0x64, 0xF6, 0x64, 0x16, 0x65, 0x16, 0x65, 0xF6, 0x64, 0x16, 0x65, 0x16, 0x65,
    0x16, 0x65, 0x16, 0x65, 0x16, 0x65, 0x16, 0x65, 0xF6, 0x64, 0xF6, 0x64, 0xF5, 0x64, 0xF5, 0x64,
    0xF5, 0x64, 0xF5, 0x64, 0xF5, 0x64, 0xD5, 0x64, 0x37, 0x6D, 0xF1, 0x4B, 0xB3, 0x94, 0xD3, 0x9C,
    0x00, 0x00, 0xFF, 0xFF, 0x00, 0x00, 0x00, 0x00, 0x00, 0x00, 0x00, 0x00, 0x00, 0x00, 0x00, 0x00,
    0x00, 0x00, 0x00, 0x00, 0x00, 0x00, 0x00, 0x00, 0x00, 0x00, 0x00, 0x00, 0x00, 0x00, 0x00, 0x00,
    0x00, 0x00, 0x00, 0x00, 0x00, 0x00, 0x00, 0x00, 0x00, 0x00, 0x00, 0x00, 0x00, 0x00, 0x00, 0x00,
    0x00, 0x00, 0x00, 0x00, 0x00, 0x00, 0x00, 0x00, 0x00, 0x00, 0x00, 0x00, 0x00, 0x00, 0x00, 0x00,
    0x00, 0x00, 0x00, 0x00, 0x00, 0x00, 0x00, 0x00, 0x00, 0x00, 0x00, 0x00, 0x00, 0x00, 0x00, 0x00,
    0x00, 0x00, 0x00, 0x00, 0x00, 0x00, 0x00, 0x00, 0x00, 0x00, 0x00, 0x00, 0x00, 0x00, 0x00, 0x00,
    0x00, 0x00, 0x00, 0x00, 0x00, 0x00, 0x00, 0x00, 0x00, 0x00, 0x00, 0x00, 0x00, 0x00, 0x00, 0x00,
    0x00, 0x00, 0x00, 0x00, 0x00, 0x00, 0x00, 0x00, 0x00, 0x00, 0x00, 0x00, 0x00, 0x00, 0x00, 0x00,
    0x00, 0x00, 0x00, 0x00, 0x00, 0x00, 0x00, 0x00, 0x00, 0x00, 0x00, 0x00, 0x00, 0x00, 0x00, 0x00,
    0x6E, 0x4B, 0xD9, 0x7D, 0x57, 0x75, 0x57, 0x75, 0x57, 0x75, 0x16, 0x6D, 0xD5, 0x64, 0xF5, 0x64,
    0xF5, 0x64, 0xF6, 0x64, 0xF6, 0x64, 0xF6, 0x64, 0x16, 0x65, 0xF6, 0x64, 0xF6, 0x64, 0xF6, 0x64,
    0x16, 0x65, 0x16, 0x65, 0x16, 0x65, 0x16, 0x65, 0x16, 0x65, 0x16, 0x65, 0x16, 0x65, 0x16, 0x65,
    0xF6, 0x64, 0xF6, 0x64, 0xF5, 0x64, 0xF5, 0x64, 0xF5, 0x64, 0xF5, 0x64, 0xF5, 0x64, 0xF5, 0x64,
    0xD5, 0x64, 0x36, 0x6D, 0x94, 0x5C, 0x0D, 0x53, 0xDF, 0xFF, 0x4D, 0x63, 0x00, 0x00, 0x20, 0x00,
    0x00, 0x00, 0x00, 0x00, 0x00, 0x00, 0x00, 0x00, 0x00, 0x00, 0x00, 0x00, 0x00, 0x00, 0x00, 0x00,
    0x00, 0x00, 0x00, 0x00, 0x00, 0x00, 0x00, 0x00, 0x00, 0x00, 0x00, 0x00, 0x00, 0x00, 0x00, 0x00,
    0x00, 0x00, 0x00, 0x00, 0x00, 0x00, 0x00, 0x00, 0x00, 0x00, 0x00, 0x00, 0x00, 0x00, 0x00, 0x00,
    0x00, 0x00, 0x00, 0x00, 0x00, 0x00, 0x00, 0x00, 0x00, 0x00, 0x00, 0x00, 0x00, 0x00, 0x00, 0x00,
    0x00, 0x00, 0x00, 0x00, 0x00, 0x00, 0x00, 0x00, 0x00, 0x00, 0x00, 0x00, 0x00, 0x00, 0x00, 0x00,
    0x00, 0x00, 0x00, 0x00, 0x00, 0x00, 0x00, 0x00, 0x00, 0x00, 0x00, 0x00, 0x00, 0x00, 0x00, 0x00,
    0x00, 0x00, 0x00, 0x00, 0x00, 0x00, 0x00, 0x00, 0x00, 0x00, 0x00, 0x00, 0x00, 0x00, 0x00, 0x00,
    0x00, 0x00, 0x00, 0x00, 0x00, 0x00, 0x00, 0x00, 0x00, 0x00, 0x00, 0x00, 0x00, 0x00, 0x00, 0x00,
    0x00, 0x00, 0x00, 0x00, 0x00, 0x00, 0x00, 0x00, 0x0A, 0x00, 0x00, 0x00, 0x00, 0x00, 0x2D, 0x43,
    0xF9, 0x85, 0x98, 0x7D, 0x57, 0x75, 0x77, 0x75, 0x36, 0x6D, 0xF5, 0x64, 0xF5, 0x64, 0xF5, 0x64,
    0xF5, 0x64, 0xF6, 0x64, 0xF6, 0x64, 0xF6, 0x64, 0xF6, 0x64, 0xF6, 0x64, 0xF6, 0x64, 0x16, 0x65,
    0x16, 0x65, 0x16, 0x65, 0x16, 0x65, 0x16, 0x65, 0xF6, 0x64, 0xF6, 0x64, 0xF5, 0x64, 0xF5, 0x64,
    0xF5, 0x64, 0xF5, 0x64, 0xF5, 0x64, 0xF5, 0x64, 0xF5, 0x64, 0xD5, 0x64, 0x37, 0x6D, 0x74, 0x5C,
    0x8A, 0x42, 0x18, 0xC6, 0xFC, 0xDE, 0xCA, 0x6A, 0x28, 0x5A, 0x00, 0x00, 0x00, 0x00, 0x00, 0x00,
    0x00, 0x00, 0x00, 0x00, 0x00, 0x00, 0x00, 0x00, 0x00, 0x00, 0x00, 0x00, 0x00, 0x00, 0x00, 0x00,
    0x00, 0x00, 0x00, 0x00, 0x00, 0x00, 0x00, 0x00, 0x00, 0x00, 0x00, 0x00, 0x00, 0x00, 0x00, 0x00,
    0x00, 0x00, 0x00, 0x00, 0x00, 0x00, 0x00, 0x00, 0x00, 0x00, 0x00, 0x00, 0x00, 0x00, 0x00, 0x00,
    0x00, 0x00, 0x00, 0x00, 0x00, 0x00, 0x00, 0x00, 0x00, 0x00, 0x00, 0x00, 0x00, 0x00, 0x00, 0x00,
    0x00, 0x00, 0x00, 0x00, 0x00, 0x00, 0x00, 0x00, 0x00, 0x00, 0x00, 0x00, 0x00, 0x00, 0x00, 0x00,
    0x00, 0x00, 0x00, 0x00, 0x00, 0x00, 0x00, 0x00, 0x00, 0x00, 0x00, 0x00, 0x00, 0x00, 0x00, 0x00,
    0x00, 0x00, 0x00, 0x00, 0x00, 0x00, 0x00, 0x00, 0x00, 0x00, 0x00, 0x00, 0x00, 0x00, 0x00, 0x00,
    0x00, 0x00, 0x00, 0x00, 0x00, 0x00, 0x00, 0x00, 0x00, 0x00, 0x00, 0x00, 0x00, 0x00, 0x00, 0x00,
    0x00, 0x00, 0x00, 0x00, 0x00, 0x00, 0xE7, 0x01, 0x00, 0x00, 0x00, 0x00, 0xAB, 0x3A, 0x98, 0x7D,
    0xD9, 0x7D, 0x77, 0x75, 0x77, 0x75, 0x57, 0x75, 0x16, 0x6D, 0xF6, 0x64, 0x16, 0x65, 0x16, 0x65,
    0xF6, 0x64, 0xF5, 0x64, 0xF6, 0x64, 0xF5, 0x64, 0xF5, 0x64, 0xF5, 0x64, 0xF5, 0x64, 0xF6, 0x64,
    0xF6, 0x64, 0xF5, 0x64, 0xF5, 0x64, 0xF5, 0x64, 0xF5, 0x64, 0xF5, 0x64, 0xF5, 0x64, 0xF5, 0x64,
    0xF5, 0x64, 0xF5, 0x64, 0xD5, 0x64, 0x57, 0x6D, 0x32, 0x54, 0x6A, 0x42, 0x55, 0xAD, 0xFC, 0xDE,
    0x14, 0xA5, 0x2B, 0x8B, 0x12, 0xCD, 0x24, 0x29, 0x00, 0x00, 0x00, 0x00, 0x00, 0x00, 0x00, 0x00,
    0x00, 0x00, 0x00, 0x00, 0x00, 0x00, 0x00, 0x00, 0x00, 0x00, 0x00, 0x00, 0x00, 0x00, 0x00, 0x00,
    0x00, 0x00, 0x00, 0x00, 0x00, 0x00, 0x00, 0x00, 0x00, 0x00, 0x00, 0x00, 0x00, 0x00, 0x00, 0x00,
    0x00, 0x00, 0x00, 0x00, 0x00, 0x00, 0x00, 0x00, 0x00, 0x00, 0x00, 0x00, 0x00, 0x00, 0x00, 0x00,
    0x00, 0x00, 0x00, 0x00, 0x00, 0x00, 0x00, 0x00, 0x00, 0x00, 0x00, 0x00, 0x00, 0x00, 0x00, 0x00,
    0x00, 0x00, 0x00, 0x00, 0x00, 0x00, 0x00, 0x00, 0x00, 0x00, 0x00, 0x00, 0x00, 0x00, 0x00, 0x00,
    0x00, 0x00, 0x00, 0x00, 0x00, 0x00, 0x00, 0x00, 0x00, 0x00, 0x00, 0x00, 0x00, 0x00, 0x00, 0x00,
    0x00, 0x00, 0x00, 0x00, 0x00, 0x00, 0x00, 0x00, 0x00, 0x00, 0x00, 0x00, 0x00, 0x00, 0x00, 0x00,
    0x00, 0x00, 0x00, 0x00, 0x00, 0x00, 0x00, 0x00, 0x00, 0x00, 0x00, 0x00, 0x00, 0x00, 0x00, 0x00,
    0x00, 0x00, 0xE7, 0x39, 0xFF, 0xFF, 0x20, 0x00, 0x00, 0x00, 0x86, 0x21, 0xF1, 0x53, 0xB8, 0x7D,
    0xB8, 0x7D, 0x57, 0x75, 0x57, 0x75, 0x37, 0x6D, 0x16, 0x65, 0xF6, 0x64, 0xF6, 0x64, 0xF6, 0x64,
    0xF5, 0x64, 0xF5, 0x64, 0xF5, 0x64, 0xF5, 0x64, 0xF5, 0x64, 0xF5, 0x64, 0xF5, 0x64, 0xF5, 0x64,
    0xF5, 0x64, 0xF5, 0x64, 0xF5, 0x64, 0xF5, 0x64, 0xF5, 0x64, 0xF6, 0x64, 0xF5, 0x64, 0xF6, 0x64,
    0x58, 0x6D, 0xD1, 0x43, 0xCB, 0x52, 0xB7, 0xB5, 0xB7, 0xB5, 0x7A, 0xC6, 0xAE, 0x73, 0xC9, 0x8A,
    0x6F, 0xBC, 0x4F, 0xAC, 0xA2, 0x18, 0x00, 0x00, 0xAA, 0x52, 0x00, 0x00, 0x00, 0x00, 0x00, 0x00,
    0x00, 0x00, 0x00, 0x00, 0x00, 0x00, 0x00, 0x00, 0x00, 0x00, 0x00, 0x00, 0x00, 0x00, 0x00, 0x00,
    0x00, 0x00, 0x00, 0x00, 0x00, 0x00, 0x00, 0x00, 0x00, 0x00, 0x00, 0x00, 0x00, 0x00, 0x00, 0x00,
    0x00, 0x00, 0x00, 0x00, 0x00, 0x00, 0x00, 0x00, 0x00, 0x00, 0x00, 0x00, 0x00, 0x00, 0x00, 0x00,
    0x00, 0x00, 0x00, 0x00, 0x00, 0x00, 0x00, 0x00, 0x00, 0x00, 0x00, 0x00, 0x00, 0x00, 0x00, 0x00,
    0x00, 0x00, 0x00, 0x00, 0x00, 0x00, 0x00, 0x00, 0x00, 0x00, 0x00, 0x00, 0x00, 0x00, 0x00, 0x00,
    0x00, 0x00, 0x00, 0x00, 0x00, 0x00, 0x00, 0x00, 0x00, 0x00, 0x00, 0x00, 0x00, 0x00, 0x00, 0x00,
    0x00, 0x00, 0x00, 0x00, 0x00, 0x00, 0x00, 0x00, 0x00, 0x00, 0x00, 0x00, 0x00, 0x00, 0x00, 0x00,
    0x00, 0x00, 0x00, 0x00, 0x00, 0x00, 0x00, 0x00, 0xE7, 0x39, 0x00, 0x00, 0x00, 0x00, 0x00, 0x00,
    0x00, 0x00, 0x00, 0x00, 0x66, 0x19, 0x8B, 0x32, 0x8B, 0x32, 0xAC, 0x3A, 0x32, 0x54, 0x57, 0x6D,
    0x57, 0x6D, 0x16, 0x6D, 0xF6, 0x64, 0xF5, 0x64, 0xF5, 0x64, 0xF6, 0x64, 0xF5, 0x64, 0xF5, 0x64,
    0xF5, 0x64, 0xF5, 0x64, 0xF5, 0x64, 0xF5, 0x64, 0xF5, 0x64, 0xF5, 0x64, 0xF5, 0x64, 0xF5, 0x64,
    0xF5, 0x64, 0xF6, 0x64, 0xF5, 0x64, 0xF6, 0x64, 0x57, 0x6D, 0xF6, 0x64, 0xD0, 0x5B, 0x85, 0x39,
    0x72, 0x94, 0x18, 0xC6, 0xF8, 0xBD, 0x59, 0xC6, 0xAA, 0x5A, 0x2A, 0x9B, 0x8C, 0xA3, 0x4F, 0xBC,
    0x0E, 0xA4, 0x81, 0x10, 0x00, 0x00, 0xE7, 0x39, 0x00, 0x00, 0x00, 0x00, 0x00, 0x00, 0x00, 0x00,
    0x00, 0x00, 0x00, 0x00, 0x00, 0x00, 0x00, 0x00, 0x00, 0x00, 0x00, 0x00, 0x00, 0x00, 0x00, 0x00,
    0x00, 0x00, 0x00, 0x00, 0x00, 0x00, 0x00, 0x00, 0x00, 0x00, 0x00, 0x00, 0x00, 0x00, 0x00, 0x00,
    0x00, 0x00, 0x00, 0x00, 0x00, 0x00, 0x00, 0x00, 0x00, 0x00, 0x00, 0x00, 0x00, 0x00, 0x00, 0x00,
    0x00, 0x00, 0x00, 0x00, 0x00, 0x00, 0x00, 0x00, 0x00, 0x00, 0x00, 0x00, 0x00, 0x00, 0x00, 0x00,
    0x00, 0x00, 0x00, 0x00, 0x00, 0x00, 0x00, 0x00, 0x00, 0x00, 0x00, 0x00, 0x00, 0x00, 0x00, 0x00,
    0x00, 0x00, 0x00, 0x00, 0x00, 0x00, 0x00, 0x00, 0x00, 0x00, 0x00, 0x00, 0x00, 0x00, 0x00, 0x00,
    0x00, 0x00, 0x00, 0x00, 0x00, 0x00, 0x00, 0x00, 0x00, 0x00, 0x00, 0x00, 0x00, 0x00, 0x00, 0x00,
    0xB5, 0x52, 0x00, 0x00, 0x00, 0x00, 0x00, 0x00, 0x00, 0x00, 0xE4, 0x10, 0xCC, 0x42, 0x93, 0x6C,
    0xB8, 0x7D, 0x98, 0x75, 0xB9, 0x75, 0x29, 0x32, 0x47, 0x52, 0x4D, 0x53, 0xF1, 0x4B, 0xB5, 0x5C,
    0x37, 0x6D, 0x57, 0x6D, 0x36, 0x6D, 0xF6, 0x6C, 0xF5, 0x64, 0xF5, 0x64, 0xF5, 0x64, 0xF5, 0x64,
    0xF5, 0x64, 0xF5, 0x64, 0xF5, 0x64, 0xF5, 0x64, 0xF5, 0x64, 0xF5, 0x64, 0xF6, 0x64, 0x16, 0x6D,
    0x78, 0x6D, 0x37, 0x6D, 0x6F, 0x43, 0x45, 0x19, 0xEB, 0x52, 0x6E, 0x53, 0x0D, 0x43, 0x6E, 0x53,
    0x4D, 0x63, 0x55, 0xA5, 0x8E, 0x73, 0xC9, 0x8A, 0xCC, 0xAB, 0x6B, 0xA3, 0xB1, 0xC4, 0x2B, 0x7B,
    0x00, 0x00, 0x00, 0x00, 0x00, 0x00, 0x00, 0x00, 0x00, 0x00, 0x00, 0x00, 0x00, 0x00, 0x00, 0x00,
    0x00, 0x00, 0x00, 0x00, 0x00, 0x00, 0x00, 0x00, 0x00, 0x00, 0x00, 0x00, 0x00, 0x00, 0x00, 0x00,
    0x00, 0x00, 0x00, 0x00, 0x00, 0x00, 0x00, 0x00, 0x00, 0x00, 0x00, 0x00, 0x00, 0x00, 0x00, 0x00,
    0x00, 0x00, 0x00, 0x00, 0x00, 0x00, 0x00, 0x00, 0x00, 0x00, 0x00, 0x00, 0x00, 0x00, 0x00, 0x00,
    0x00, 0x00, 0x00, 0x00, 0x00, 0x00, 0x00, 0x00, 0x00, 0x00, 0x00, 0x00, 0x00, 0x00, 0x00, 0x00,
    0x00, 0x00, 0x00, 0x00, 0x00, 0x00, 0x00, 0x00, 0x00, 0x00, 0x00, 0x00, 0x00, 0x00, 0x00, 0x00,
    0x00, 0x00, 0x00, 0x00, 0x00, 0x00, 0x00, 0x00, 0x00, 0x00, 0x00, 0x00, 0x00, 0x00, 0x00, 0x00,
    0x00, 0x00, 0x00, 0x00, 0x00, 0x00, 0x00, 0x00, 0xFF, 0xFF, 0x00, 0x00, 0x00, 0x00, 0x00, 0x00,
    0x82, 0x08, 0xCC, 0x42, 0x52, 0x64, 0xD8, 0x85, 0x9B, 0x9E, 0x9C, 0x9E, 0x5A, 0x96, 0xD9, 0x85,
    0x4E, 0x4B, 0xB0, 0x9C, 0xF4, 0xCD, 0x11, 0xAD, 0xCD, 0x83, 0xAA, 0x52, 0x2D, 0x4B, 0x8F, 0x4B,
    0x32, 0x54, 0xD5, 0x5C, 0x16, 0x65, 0x37, 0x6D, 0x37, 0x6D, 0x36, 0x6D, 0x36, 0x6D, 0x37, 0x6D,
    0x37, 0x6D, 0x37, 0x6D, 0x37, 0x6D, 0x37, 0x65, 0x16, 0x65, 0xB5, 0x5C, 0x0D, 0x3B, 0x8B, 0x32,
    0x6F, 0x4B, 0x73, 0x5C, 0x37, 0x65, 0x37, 0x65, 0x57, 0x65, 0x16, 0x65, 0x53, 0x4C, 0xAB, 0x3A,
    0x8A, 0x4A, 0xA9, 0x7A, 0xED, 0xB3, 0x8C, 0xA3, 0x8C, 0xA3, 0xF2, 0xCC, 0x48, 0x52, 0x00, 0x00,
    0x55, 0xFD, 0x00, 0x00, 0x00, 0x00, 0x00, 0x00, 0x00, 0x00, 0x00, 0x00, 0x00, 0x00, 0x00, 0x00,
    0x00, 0x00, 0x00, 0x00, 0x00, 0x00, 0x00, 0x00, 0x00, 0x00, 0x00, 0x00, 0x00, 0x00, 0x00, 0x00,
    0x00, 0x00, 0x00, 0x00, 0x00, 0x00, 0x00, 0x00, 0x00, 0x00, 0x00, 0x00, 0x00, 0x00, 0x00, 0x00,
    0x00, 0x00, 0x00, 0x00, 0x00, 0x00, 0x00, 0x00, 0x00, 0x00, 0x00, 0x00, 0x00, 0x00, 0x00, 0x00,
    0x00, 0x00, 0x00, 0x00, 0x00, 0x00, 0x00, 0x00, 0x00, 0x00, 0x00, 0x00, 0x00, 0x00, 0x00, 0x00,
    0x00, 0x00, 0x00, 0x00, 0x00, 0x00, 0x00, 0x00, 0x00, 0x00, 0x00, 0x00, 0x00, 0x00, 0x00, 0x00,
    0x00, 0x00, 0x00, 0x00, 0x00, 0x00, 0x00, 0x00, 0x00, 0x00, 0x00, 0x00, 0x00, 0x00, 0x00, 0x00,
    0xFF, 0xFF, 0x00, 0x00, 0x00, 0x00, 0x00, 0x00, 0x86, 0x21, 0x0D, 0x43, 0x97, 0x85, 0xBC, 0x9E,
    0x9C, 0x9E, 0x7B, 0x96, 0x3A, 0x8E, 0x19, 0x8E, 0x9C, 0x96, 0xF0, 0x53, 0x6E, 0x9C, 0xF4, 0xCD,
    0x52, 0xB5, 0x93, 0xBD, 0xD4, 0xC5, 0xB3, 0xC5, 0x11, 0xAD, 0x4E, 0x94, 0x6C, 0x73, 0x2C, 0x5B,
    0x2D, 0x53, 0x8E, 0x53, 0xB0, 0x4B, 0xF1, 0x53, 0x11, 0x54, 0xF1, 0x4B, 0xD0, 0x4B, 0x6F, 0x43,
    0x2E, 0x43, 0x0C, 0x4B, 0x8E, 0x63, 0x44, 0x29, 0x8B, 0x3A, 0xF9, 0x8D, 0xDD, 0x9E, 0x5B, 0x8E,
    0x98, 0x75, 0x16, 0x65, 0x16, 0x65, 0x16, 0x65, 0x57, 0x6D, 0x78, 0x6D, 0x2E, 0x3B, 0x44, 0x39,
    0x4B, 0x93, 0x8C, 0x9B, 0xAC, 0xAB, 0xED, 0xB3, 0x91, 0xB4, 0xE3, 0x20, 0x00, 0x00, 0xE7, 0x39,
    0x00, 0x00, 0x00, 0x00, 0x00, 0x00, 0x00, 0x00, 0x00, 0x00, 0x00, 0x00, 0x00, 0x00, 0x00, 0x00,
    0x00, 0x00, 0x00, 0x00, 0x00, 0x00, 0x00, 0x00, 0x00, 0x00, 0x00, 0x00, 0x00, 0x00, 0x00, 0x00,
    0x00, 0x00, 0x00, 0x00, 0x00, 0x00, 0x00, 0x00, 0x00, 0x00, 0x00, 0x00, 0x00, 0x00, 0x00, 0x00,
    0x00, 0x00, 0x00, 0x00, 0x00, 0x00, 0x00, 0x00, 0x00, 0x00, 0x00, 0x00, 0x00, 0x00, 0x00, 0x00,
    0x00, 0x00, 0x00, 0x00, 0x00, 0x00, 0x00, 0x00, 0x00, 0x00, 0x00, 0x00, 0x00, 0x00, 0x00, 0x00,
    0x00, 0x00, 0x00, 0x00, 0x00, 0x00, 0x00, 0x00, 0x00, 0x00, 0x00, 0x00, 0x00, 0x00, 0x00, 0x00,
    0x00, 0x00, 0x00, 0x00, 0x00, 0x00, 0x00, 0x00, 0xAA, 0x52, 0x00, 0x00, 0x00, 0x00, 0x00, 0x00,
    0x49, 0x32, 0x73, 0x64, 0x1A, 0x8E, 0xDC, 0xAE, 0xBC, 0xA6, 0x3A, 0x96, 0x1A, 0x8E, 0x3A, 0x96,
    0x3A, 0x8E, 0x9C, 0x9E, 0xB4, 0x64, 0x2E, 0x8C, 0xB7, 0xEE, 0x14, 0xD6, 0x93, 0xBD, 0x72, 0xB5,
    0x72, 0xB5, 0x73, 0xB5, 0x93, 0xBD, 0xB4, 0xC5, 0xD4, 0xC5, 0x93, 0xBD, 0x31, 0xB5, 0x11, 0xAD,
    0xB0, 0xA4, 0x6F, 0x94, 0x0E, 0x84, 0xED, 0x83, 0xED, 0x83, 0x2E, 0x8C, 0x6F, 0x9C, 0x72, 0xBD,
    0x6B, 0x7B, 0x8F, 0x53, 0x1E, 0x9F, 0x9B, 0x96, 0x5B, 0x96, 0x7B, 0x96, 0x3A, 0x8E, 0x98, 0x75,
    0x37, 0x65, 0x16, 0x65, 0x16, 0x65, 0x16, 0x65, 0xB9, 0x75, 0xCC, 0x32, 0x44, 0x41, 0xCA, 0x72,
    0xC9, 0x72, 0x8C, 0xA3, 0xB0, 0xC4, 0x0B, 0x7B, 0x00, 0x00, 0x00, 0x00, 0x00, 0x00, 0x00, 0x00,
    0x00, 0x00, 0x00, 0x00, 0x00, 0x00, 0x00, 0x00, 0x00, 0x00, 0x00, 0x00, 0x00, 0x00, 0x00, 0x00,
    0x00, 0x00, 0x00, 0x00, 0x00, 0x00, 0x00, 0x00, 0x00, 0x00, 0x00, 0x00, 0x00, 0x00, 0x00, 0x00,
    0x00, 0x00, 0x00, 0x00, 0x00, 0x00, 0x00, 0x00, 0x00, 0x00, 0x00, 0x00, 0x00, 0x00, 0x00, 0x00,
    0x00, 0x00, 0x00, 0x00, 0x00, 0x00, 0x00, 0x00, 0x00, 0x00, 0x00, 0x00, 0x00, 0x00, 0x00, 0x00,
    0x00, 0x00, 0x00, 0x00, 0x00, 0x00, 0x00, 0x00, 0x00, 0x00, 0x00, 0x00, 0x00, 0x00, 0x00, 0x00,
    0x00, 0x00, 0x00, 0x00, 0x00, 0x00, 0x00, 0x00, 0x00, 0x00, 0x00, 0x00, 0x00, 0x00, 0x00, 0x00,
    0x00, 0x00, 0x00, 0x00, 0x00, 0x00, 0x00, 0x00, 0x45, 0x19, 0x31, 0x6C, 0xDC, 0xAE, 0xFD, 0xB6,
    0xBC, 0xB6, 0x5A, 0xA6, 0x3A, 0x96, 0x3A, 0x96, 0x3A, 0x96, 0x3A, 0x8E, 0x5B, 0x96, 0xD9, 0x85,
    0xEE, 0x7B, 0x96, 0xEE, 0x55, 0xD6, 0x76, 0xDE, 0x55, 0xDE, 0xB3, 0xC5, 0x72, 0xB5, 0x73, 0xBD,
    0x73, 0xBD, 0x73, 0xB5, 0x52, 0xB5, 0x72, 0xB5, 0x73, 0xB5, 0x93, 0xBD, 0xB3, 0xBD, 0x93, 0xBD,
    0x73, 0xB5, 0x73, 0xB5, 0x73, 0xB5, 0x53, 0xB5, 0xB4, 0xBD, 0xB0, 0xA4, 0x6E, 0x4B, 0xBC, 0x96,
    0x7B, 0x96, 0x9B, 0xA6, 0x9B, 0x9E, 0x7B, 0x96, 0x7B, 0x96, 0x1A, 0x86, 0x98, 0x75, 0x57, 0x6D,
    0x16, 0x65, 0x16, 0x65, 0x16, 0x65, 0x37, 0x65, 0x69, 0x4A, 0xCC, 0xAB, 0xCA, 0x72, 0x07, 0x52,
    0x4B, 0x93, 0xF2, 0xCC, 0xE7, 0x49, 0x00, 0x00, 0xFF, 0xFF, 0x00, 0x00, 0x00, 0x00, 0x00, 0x00,
    0x00, 0x00, 0x00, 0x00, 0x00, 0x00, 0x00, 0x00, 0x00, 0x00, 0x00, 0x00, 0x00, 0x00, 0x00, 0x00,
    0x00, 0x00, 0x00, 0x00, 0x00, 0x00, 0x00, 0x00, 0x00, 0x00, 0x00, 0x00, 0x00, 0x00, 0x00, 0x00,
    0x00, 0x00, 0x00, 0x00, 0x00, 0x00, 0x00, 0x00, 0x00, 0x00, 0x00, 0x00, 0x00, 0x00, 0x00, 0x00,
    0x00, 0x00, 0x00, 0x00, 0x00, 0x00, 0x00, 0x00, 0x00, 0x00, 0x00, 0x00, 0x00, 0x00, 0x00, 0x00,
    0x00, 0x00, 0x00, 0x00, 0x00, 0x00, 0x00, 0x00, 0x00, 0x00, 0x00, 0x00, 0x00, 0x00, 0x00, 0x00,
    0x00, 0x00, 0x00, 0x00, 0x00, 0x00, 0x00, 0x00, 0x00, 0x00, 0xE7, 0x01, 0x00, 0x00, 0x00, 0x00,
    0x04, 0x11, 0x8E, 0x53, 0x5A, 0xA6, 0x1D, 0xBF, 0xBB, 0xB6, 0x9B, 0xAE, 0x5A, 0x9E, 0x3A, 0x8E,
    0x3A, 0x96, 0x3A, 0x96, 0x3A, 0x8E, 0x3A, 0x8E, 0x9C, 0x96, 0x51, 0x74, 0xF4, 0xD5, 0x96, 0xDE,
    0x76, 0xDE, 0xB7, 0xE6, 0xF8, 0xE6, 0xB7, 0xE6, 0x15, 0xCE, 0x93, 0xBD, 0x72, 0xB5, 0x73, 0xBD,
    0x72, 0xB5, 0x72, 0xB5, 0x52, 0xB5, 0x72, 0xB5, 0x73, 0xBD, 0x52, 0xB5, 0x32, 0xAD, 0x12, 0xAD,
    0x12, 0xAD, 0x52, 0xB5, 0x11, 0xAD, 0x69, 0x42, 0x5B, 0x8E, 0xBC, 0xAE, 0xDC, 0xB6, 0xFC, 0xB6,
    0x9B, 0x9E, 0x7B, 0x8E, 0x7B, 0x96, 0x5A, 0x8E, 0xB8, 0x7D, 0x98, 0x75, 0x37, 0x6D, 0x16, 0x65,
    0x16, 0x65, 0x57, 0x6D, 0xB0, 0x43, 0x27, 0x6A, 0x2E, 0xC4, 0x2A, 0x8B, 0x85, 0x41, 0x2B, 0x83,
    0x2F, 0xA4, 0x00, 0x00, 0x00, 0x00, 0x00, 0x00, 0x00, 0x00, 0x00, 0x00, 0x00, 0x00, 0x00, 0x00,
    0x00, 0x00, 0x00, 0x00, 0x00, 0x00, 0x00, 0x00, 0x00, 0x00, 0x00, 0x00, 0x00, 0x00, 0x00, 0x00,
    0x00, 0x00, 0x00, 0x00, 0x00, 0x00, 0x00, 0x00, 0x00, 0x00, 0x00, 0x00, 0x00, 0x00, 0x00, 0x00,
    0x00, 0x00, 0x00, 0x00, 0x00, 0x00, 0x00, 0x00, 0x00, 0x00, 0x00, 0x00, 0x00, 0x00, 0x00, 0x00,
    0x00, 0x00, 0x00, 0x00, 0x00, 0x00, 0x00, 0x00, 0x00, 0x00, 0x00, 0x00, 0x00, 0x00, 0x00, 0x00,
    0x00, 0x00, 0x00, 0x00, 0x00, 0x00, 0x00, 0x00, 0x00, 0x00, 0x00, 0x00, 0x00, 0x00, 0x55, 0xAD,
    0xFF, 0xAF, 0xFF, 0xFF, 0x00, 0x00, 0x00, 0x00, 0x00, 0x00, 0xAB, 0x3A, 0xB8, 0x85, 0x1D, 0xB7,
    0xDC, 0xBE, 0x9B, 0xB6, 0x9B, 0xAE, 0x5A, 0x96, 0x3A, 0x8E, 0x3A, 0x96, 0x3A, 0x96, 0x3A, 0x96,
    0x1A, 0x8E, 0xBC, 0x9E, 0x53, 0x5C, 0xED, 0x8B, 0x18, 0xF7, 0x56, 0xD6, 0xB8, 0xE6, 0xF9, 0xE6,
    0x19, 0xEF, 0x19, 0xEF, 0xF8, 0xE6, 0x76, 0xD6, 0xB3, 0xBD, 0x52, 0xB5, 0x72, 0xB5, 0x72, 0xB5,
    0x52, 0xB5, 0x72, 0xB5, 0x73, 0xBD, 0x72, 0xB5, 0x52, 0xB5, 0x32, 0xAD, 0x32, 0xAD, 0xB4, 0xC5,
    0x88, 0x5A, 0x94, 0x64, 0xDD, 0xA6, 0xDC, 0xB6, 0xFC, 0xBE, 0xFC, 0xBE, 0x9B, 0xA6, 0x5B, 0x8E,
    0x7B, 0x96, 0x5A, 0x8E, 0xD9, 0x7D, 0xB8, 0x7D, 0x57, 0x75, 0x16, 0x65, 0x16, 0x65, 0x16, 0x6D,
    0xB5, 0x5C, 0xC7, 0x41, 0x8B, 0xAB, 0xAC, 0xAB, 0x8C, 0xA3, 0xE6, 0x51, 0xEE, 0x9B, 0x28, 0x52,
    0x00, 0x00, 0xFF, 0xFF, 0x00, 0x00, 0x00, 0x00, 0x00, 0x00, 0x00, 0x00, 0x00, 0x00, 0x00, 0x00,
    0x00, 0x00, 0x00, 0x00, 0x00, 0x00, 0x00, 0x00, 0x00, 0x00, 0x00, 0x00, 0x00, 0x00, 0x00, 0x00,
    0x00, 0x00, 0x00, 0x00, 0x00, 0x00, 0x00, 0x00, 0x00, 0x00, 0x00, 0x00, 0x00, 0x00, 0x00, 0x00,
    0x00, 0x00, 0x00, 0x00, 0x00, 0x00, 0x00, 0x00, 0x00, 0x00, 0x00, 0x00, 0x00, 0x00, 0x00, 0x00,
    0x00, 0x00, 0x00, 0x00, 0x00, 0x00, 0x00, 0x00, 0x00, 0x00, 0x00, 0x00, 0x00, 0x00, 0x00, 0x00,
    0x00, 0x00, 0x00, 0x00, 0x00, 0x00, 0x00, 0x00, 0x00, 0x00, 0x00, 0x00, 0x00, 0x00, 0x00, 0x00,
    0x00, 0x00, 0xA2, 0x08, 0xD0, 0x53, 0x7B, 0x96, 0x9B, 0xA6, 0x7B, 0xB6, 0x9B, 0xAE, 0x9B, 0xAE,
    0x5A, 0x96, 0x3A, 0x8E, 0x3A, 0x96, 0x3A, 0x96, 0x3A, 0x96, 0x3A, 0x96, 0x5A, 0x96, 0xF9, 0x85,
    0xCA, 0x52, 0x0A, 0x6B, 0x52, 0xB5, 0x19, 0xEF, 0x19, 0xEF, 0xF8, 0xE6, 0xF8, 0xEE, 0x19, 0xEF,
    0xF9, 0xEE, 0x19, 0xEF, 0x97, 0xDE, 0xD4, 0xC5, 0x72, 0xB5, 0x52, 0xB5, 0x52, 0xB5, 0x52, 0xB5,
    0x73, 0xBD, 0x73, 0xBD, 0x72, 0xB5, 0x52, 0xB5, 0x93, 0xBD, 0xD0, 0xA4, 0xCB, 0x42, 0xBC, 0x96,
    0x7B, 0xA6, 0xFC, 0xBE, 0xFC, 0xB6, 0xFC, 0xBE, 0x7B, 0x9E, 0x5B, 0x8E, 0x5B, 0x96, 0x5B, 0x8E,
    0xF9, 0x85, 0xD9, 0x85, 0x77, 0x75, 0xF6, 0x64, 0xF6, 0x64, 0xF5, 0x64, 0x57, 0x6D, 0xAB, 0x3A,
    0x09, 0x93, 0xAC, 0xAB, 0xAC, 0xAB, 0xAC, 0xAB, 0x68, 0x6A, 0x89, 0x62, 0x61, 0x10, 0x00, 0x00,
    0x00, 0x00, 0x00, 0x00, 0x00, 0x00, 0x00, 0x00, 0x00, 0x00, 0x00, 0x00, 0x00, 0x00, 0x00, 0x00,
    0x00, 0x00, 0x00, 0x00, 0x00, 0x00, 0x00, 0x00, 0x00, 0x00, 0x00, 0x00, 0x00, 0x00, 0x00, 0x00,
    0x00, 0x00, 0x00, 0x00, 0x00, 0x00, 0x00, 0x00, 0x00, 0x00, 0x00, 0x00, 0x00, 0x00, 0x00, 0x00,
    0x00, 0x00, 0x00, 0x00, 0x00, 0x00, 0x00, 0x00, 0x00, 0x00, 0x00, 0x00, 0x00, 0x00, 0x00, 0x00,
    0x00, 0x00, 0x00, 0x00, 0x00, 0x00, 0x00, 0x00, 0x00, 0x00, 0x00, 0x00, 0x00, 0x00, 0x00, 0x00,
    0x00, 0x00, 0x00, 0x00, 0x00, 0x00, 0x49, 0x3A, 0x2D, 0x4B, 0xD0, 0x5B, 0x2D, 0x4B, 0x36, 0x7D,
    0x9C, 0x9E, 0x3A, 0x8E, 0x5A, 0x9E, 0x7A, 0xA6, 0x5A, 0x96, 0x3A, 0x96, 0x3A, 0x8E, 0x3A, 0x8E,
    0x3A, 0x8E, 0x3A, 0x8E, 0x3A, 0x8E, 0x1A, 0x8E, 0x9B, 0x96, 0xCF, 0x5B, 0xD3, 0xCD, 0xD7, 0xEE,
    0x90, 0x94, 0xF1, 0xA4, 0xD7, 0xE6, 0x7A, 0xF7, 0x5A, 0xF7, 0x19, 0xEF, 0xF8, 0xE6, 0xF8, 0xE6,
    0xD8, 0xE6, 0x76, 0xDE, 0x14, 0xD6, 0xB3, 0xC5, 0x72, 0xB5, 0x52, 0xB5, 0x72, 0xBD, 0x73, 0xBD,
    0x73, 0xBD, 0x52, 0xB5, 0xD4, 0xC5, 0xEA, 0x62, 0xD5, 0x6C, 0x9C, 0x9E, 0x9B, 0xAE, 0xFC, 0xBE,
    0xDC, 0xB6, 0xBC, 0xAE, 0x5B, 0x96, 0x5A, 0x8E, 0x5B, 0x96, 0x5A, 0x8E, 0x3A, 0x8E, 0x1A, 0x8E,
    0x57, 0x75, 0xF6, 0x64, 0x16, 0x65, 0xF6, 0x64, 0x78, 0x6D, 0x4E, 0x43, 0xC9, 0x8A, 0xCC, 0xAB,
    0x8C, 0xA3, 0x8C, 0xAB, 0xCC, 0xAB, 0x48, 0x62, 0x41, 0x08, 0x00, 0x00, 0x00, 0x00, 0x00, 0x00,
    0x00, 0x00, 0x00, 0x00, 0x00, 0x00, 0x00, 0x00, 0x00, 0x00, 0x00, 0x00, 0x00, 0x00, 0x00, 0x00,
    0x00, 0x00, 0x00, 0x00, 0x00, 0x00, 0x00, 0x00, 0x00, 0x00, 0x00, 0x00, 0x00, 0x00, 0x00, 0x00,
    0x00, 0x00, 0x00, 0x00, 0x00, 0x00, 0x00, 0x00, 0x00, 0x00, 0x00, 0x00, 0x00, 0x00, 0x00, 0x00,
    0x00, 0x00, 0x00, 0x00, 0x00, 0x00, 0x00, 0x00, 0x00, 0x00, 0x00, 0x00, 0x00, 0x00, 0x00, 0x00,
    0x00, 0x00, 0x00, 0x00, 0x00, 0x00, 0x00, 0x00, 0x00, 0x00, 0x00, 0x00, 0x00, 0x00, 0x00, 0x00,
    0xAF, 0x5B, 0x3D, 0xBF, 0x7B, 0x96, 0x5B, 0x96, 0x7B, 0x96, 0x7B, 0x96, 0x19, 0x8E, 0xF9, 0x8D,
    0x3A, 0x8E, 0x1A, 0x8E, 0x1A, 0x8E, 0x3A, 0x8E, 0x3A, 0x8E, 0x3A, 0x8E, 0x3A, 0x8E, 0x3A, 0x96,
    0x3A, 0x8E, 0x5A, 0x96, 0x98, 0x7D, 0x2E, 0x84, 0xD6, 0xEE, 0x96, 0xE6, 0x5A, 0xF7, 0x56, 0xD6,
    0x4F, 0x8C, 0x90, 0x9C, 0x15, 0xCE, 0xF8, 0xE6, 0x5A, 0xF7, 0x5A, 0xF7, 0xF9, 0xE6, 0x76, 0xDE,
    0x55, 0xDE, 0x55, 0xD6, 0x14, 0xCE, 0xB3, 0xBD, 0x93, 0xBD, 0x72, 0xB5, 0x52, 0xB5, 0x93, 0xBD,
    0xD0, 0xA4, 0xEB, 0x4A, 0x9C, 0x96, 0x3A, 0x8E, 0x9B, 0xA6, 0xDC, 0xB6, 0x7B, 0x9E, 0x5A, 0x96,
    0x3A, 0x96, 0x3A, 0x96, 0x3A, 0x8E, 0x3A, 0x8E, 0x3A, 0x8E, 0x19, 0x8E, 0x57, 0x75, 0x16, 0x65,
    0x36, 0x65, 0x16, 0x65, 0x78, 0x6D, 0x4E, 0x3B, 0x27, 0x6A, 0xED, 0xB3, 0x8C, 0xA3, 0x8C, 0xA3,
    0xAC, 0xAB, 0x0E, 0xAC, 0xA2, 0x18, 0x00, 0x78, 0xFF, 0xFF, 0x00, 0x00, 0x00, 0x00, 0x00, 0x00,
    0x00, 0x00, 0x00, 0x00, 0x00, 0x00, 0x00, 0x00, 0x00, 0x00, 0x00, 0x00, 0x00, 0x00, 0x00, 0x00,
    0x00, 0x00, 0x00, 0x00, 0x00, 0x00, 0x00, 0x00, 0x00, 0x00, 0x00, 0x00, 0x00, 0x00, 0x00, 0x00,
    0x00, 0x00, 0x00, 0x00, 0x00, 0x00, 0x00, 0x00, 0x00, 0x00, 0x00, 0x00, 0x00, 0x00, 0x00, 0x00,
    0x00, 0x00, 0x00, 0x00, 0x00, 0x00, 0x00, 0x00, 0x00, 0x00, 0x00, 0x00, 0x00, 0x00, 0x00, 0x00,
    0x00, 0x00, 0x00, 0x00, 0x00, 0x00, 0x00, 0x00, 0xFF, 0xFF, 0x00, 0x00, 0x0D, 0x53, 0x5A, 0x96,
    0x16, 0x6D, 0xF5, 0x6C, 0x16, 0x6D, 0xD9, 0x85, 0x52, 0x64, 0xD8, 0x85, 0x3A, 0x96, 0x1A, 0x8E,
    0x3A, 0x96, 0x3A, 0x96, 0x3A, 0x96, 0x3A, 0x96, 0x3A, 0x96, 0x3A, 0x96, 0x19, 0x8E, 0x9B, 0x96,
    0x11, 0x64, 0x71, 0xC5, 0xD7, 0xEE, 0xD7, 0xE6, 0xF8, 0xE6, 0x39, 0xF7, 0x39, 0xEF, 0xF5, 0xC5,
    0x90, 0x94, 0xCE, 0x7B, 0xD1, 0x9C, 0x52, 0xAD, 0xF5, 0xC5, 0x35, 0xD6, 0xB7, 0xEE, 0xD7, 0xEE,
    0xF7, 0xEE, 0xB6, 0xE6, 0xB6, 0xE6, 0x76, 0xDE, 0x35, 0xD6, 0x76, 0xDE, 0x6B, 0x73, 0xD5, 0x6C,
    0x9B, 0x9E, 0x3A, 0x8E, 0x5A, 0x96, 0x5A, 0x96, 0x3A, 0x8E, 0x3A, 0x96, 0x3A, 0x96, 0x3A, 0x8E,
    0x3A, 0x8E, 0x1A, 0x8E, 0x3A, 0x8E, 0x1A, 0x8E, 0x77, 0x75, 0x36, 0x65, 0x37, 0x6D, 0x16, 0x6D,
    0x57, 0x6D, 0x4E, 0x43, 0x65, 0x41, 0xAC, 0xAB, 0x8C, 0xA3, 0xAC, 0xA3, 0x6B, 0xA3, 0x6F, 0xBC,
    0xEB, 0x72, 0x00, 0x00, 0x00, 0x00, 0x00, 0x00, 0x00, 0x00, 0x00, 0x00, 0x00, 0x00, 0x00, 0x00,
    0x00, 0x00, 0x00, 0x00, 0x00, 0x00, 0x00, 0x00, 0x00, 0x00, 0x00, 0x00, 0x00, 0x00, 0x00, 0x00,
    0x00, 0x00, 0x00, 0x00, 0x00, 0x00, 0x00, 0x00, 0x00, 0x00, 0x00, 0x00, 0x00, 0x00, 0x00, 0x00,
    0x00, 0x00, 0x00, 0x00, 0x00, 0x00, 0x00, 0x00, 0x00, 0x00, 0x00, 0x00, 0x00, 0x00, 0x00, 0x00,
    0x00, 0x00, 0x00, 0x00, 0x00, 0x00, 0x00, 0x00, 0x00, 0x00, 0x00, 0x00, 0x00, 0x00, 0x00, 0x00,
    0x00, 0x00, 0x00, 0x00, 0x00, 0x00, 0x00, 0x00, 0x00, 0x00, 0x2E, 0x43, 0x37, 0x6D, 0xD5, 0x64,
    0x36, 0x6D, 0x6F, 0x43, 0xB3, 0x74, 0x7B, 0x96, 0x19, 0x8E, 0x1A, 0x8E, 0x1A, 0x96, 0x3A, 0x96,
    0x5A, 0x96, 0x5B, 0x96, 0x5B, 0x96, 0x5B, 0x96, 0x5A, 0x96, 0x1A, 0x86, 0xEE, 0x73, 0xB6, 0xEE,
    0x96, 0xDE, 0xF8, 0xE6, 0xF9, 0xEE, 0xF9, 0xEE, 0xF9, 0xEE, 0x5A, 0xF7, 0x7A, 0xF7, 0x19, 0xEF,
    0x97, 0xD6, 0x73, 0xB5, 0x6F, 0x94, 0xCD, 0x83, 0xEA, 0x62, 0xAC, 0x83, 0x8F, 0x9C, 0x11, 0xAD,
    0x11, 0xB5, 0x72, 0xBD, 0x10, 0xAD, 0x4E, 0x94, 0xAA, 0x4A, 0x3A, 0x8E, 0x3A, 0x96, 0x3A, 0x96,
    0x3A, 0x8E, 0x3A, 0x8E, 0x3A, 0x8E, 0x3A, 0x8E, 0x3A, 0x8E, 0x1A, 0x8E, 0x1A, 0x8E, 0x3A, 0x8E,
    0x5A, 0x96, 0xF9, 0x85, 0x57, 0x6D, 0x36, 0x6D, 0x36, 0x75, 0x16, 0x6D, 0xF6, 0x64, 0x6E, 0x53,
    0x0C, 0x6B, 0x0A, 0x93, 0xAC, 0xAB, 0xAC, 0xA3, 0x8C, 0xAB, 0x0D, 0xB4, 0x90, 0xB4, 0x82, 0x10,
    0x00, 0x00, 0xAA, 0x52, 0x00, 0x00, 0x00, 0x00, 0x00, 0x00, 0x00, 0x00, 0x00, 0x00, 0x00, 0x00,
    0x00, 0x00, 0x00, 0x00, 0x00, 0x00, 0x00, 0x00, 0x00, 0x00, 0x00, 0x00, 0x00, 0x00, 0x00, 0x00,
    0x00, 0x00, 0x00, 0x00, 0x00, 0x00, 0x00, 0x00, 0x00, 0x00, 0x00, 0x00, 0x00, 0x00, 0x00, 0x00,
    0x00, 0x00, 0x00, 0x00, 0x00, 0x00, 0x00, 0x00, 0x00, 0x00, 0x00, 0x00, 0x00, 0x00, 0x00, 0x00,
    0x00, 0x00, 0x00, 0x00, 0x00, 0x00, 0x00, 0x00, 0x00, 0x00, 0x00, 0x00, 0x00, 0x00, 0x00, 0x00,
    0x00, 0x00, 0xAA, 0x52, 0x00, 0x00, 0x04, 0x11, 0xB4, 0x64, 0x36, 0x6D, 0x53, 0x5C, 0xF0, 0x63,
    0x1D, 0xBF, 0x3A, 0x96, 0x1A, 0x8E, 0x3A, 0x8E, 0x5A, 0x96, 0x7B, 0x96, 0x7B, 0x96, 0x7B, 0x96,
    0x7B, 0x96, 0x5A, 0x8E, 0x9B, 0x9E, 0x93, 0x64, 0xAF, 0xA4, 0xF7, 0xEE, 0x96, 0xDE, 0xF8, 0xE6,
    0xF9, 0xEE, 0x19, 0xEF, 0x19, 0xEF, 0xF8, 0xEE, 0xF8, 0xE6, 0xF8, 0xEE, 0x19, 0xEF, 0x3A, 0xEF,
    0xF8, 0xEE, 0x96, 0xE6, 0x89, 0x52, 0xD1, 0xA4, 0xB3, 0xBD, 0x11, 0xAD, 0x6F, 0x94, 0x4E, 0x94,
    0x8F, 0x9C, 0x2A, 0x73, 0x2D, 0x43, 0xBC, 0x9E, 0x1A, 0x8E, 0x3A, 0x8E, 0x19, 0x8E, 0x3A, 0x8E,
    0x3A, 0x8E, 0x1A, 0x8E, 0x19, 0x8E, 0x1A, 0x8E, 0x1A, 0x8E, 0x3A, 0x8E, 0x19, 0x8E, 0x97, 0x7D,
    0x56, 0x75, 0x57, 0x75, 0x77, 0x75, 0x57, 0x75, 0xD5, 0x5C, 0xEC, 0x52, 0x51, 0x8C, 0xA8, 0x7A,
    0xCC, 0xB3, 0xAC, 0xA3, 0xEE, 0xAB, 0xED, 0xAB, 0x12, 0xC5, 0xE7, 0x49, 0x00, 0x00, 0x00, 0x00,
    0x00, 0x00, 0x00, 0x00, 0x00, 0x00, 0x00, 0x00, 0x00, 0x00, 0x00, 0x00, 0x00, 0x00, 0x00, 0x00,
    0x00, 0x00, 0x00, 0x00, 0x00, 0x00, 0x00, 0x00, 0x00, 0x00, 0x00, 0x00, 0x00, 0x00, 0x00, 0x00,
    0x00, 0x00, 0x00, 0x00, 0x00, 0x00, 0x00, 0x00, 0x00, 0x00, 0x00, 0x00, 0x00, 0x00, 0x00, 0x00,
    0x00, 0x00, 0x00, 0x00, 0x00, 0x00, 0x00, 0x00, 0x00, 0x00, 0x00, 0x00, 0x00, 0x00, 0x00, 0x00,
    0x00, 0x00, 0x00, 0x00, 0x00, 0x00, 0x00, 0x00, 0x00, 0x00, 0x00, 0x00, 0x00, 0x00, 0xEF, 0x7B,
    0x00, 0x00, 0xC3, 0x10, 0xD5, 0x64, 0x37, 0x6D, 0xF1, 0x4B, 0x2D, 0x53, 0xD8, 0x95, 0xF9, 0x8D,
    0x3A, 0x96, 0x5A, 0x8E, 0x5B, 0x8E, 0x7B, 0x96, 0x7B, 0x96, 0x7B, 0x96, 0x5B, 0x96, 0x3A, 0x8E,
    0x9C, 0x96, 0x4D, 0x53, 0xB2, 0xCD, 0xB6, 0xE6, 0xB7, 0xE6, 0xF8, 0xE6, 0xF8, 0xEE, 0x19, 0xEF,
    0xF9, 0xEE, 0xF9, 0xEE, 0x19, 0xEF, 0x19, 0xEF, 0xF8, 0xE6, 0x98, 0xDE, 0x56, 0xDE, 0x55, 0xDE,
    0xAC, 0x7B, 0x96, 0xE6, 0xF7, 0xEE, 0xF7, 0xF6, 0x17, 0xF7, 0xB6, 0xEE, 0x38, 0xFF, 0x4E, 0x94,
    0xF5, 0x6C, 0x7B, 0x96, 0x19, 0x8E, 0x3A, 0x96, 0x9B, 0x9E, 0x5A, 0x96, 0x19, 0x8E, 0x19, 0x8E,
    0x19, 0x8E, 0x19, 0x8E, 0x19, 0x8E, 0x3A, 0x96, 0xD8, 0x85, 0x57, 0x75, 0x77, 0x75, 0x77, 0x75,
    0x77, 0x75, 0x98, 0x7D, 0x11, 0x4C, 0xF0, 0x7B, 0x55, 0xA5, 0x68, 0x72, 0xCC, 0xB3, 0xAC, 0xAB,
    0x70, 0xB4, 0x4F, 0xB4, 0x12, 0xCD, 0x6C, 0x83, 0x00, 0x00, 0x00, 0x00, 0x00, 0x00, 0x00, 0x00,
    0x00, 0x00, 0x00, 0x00, 0x00, 0x00, 0x00, 0x00, 0x00, 0x00, 0x00, 0x00, 0x00, 0x00, 0x00, 0x00,
    0x00, 0x00, 0x00, 0x00, 0x00, 0x00, 0x00, 0x00, 0x00, 0x00, 0x00, 0x00, 0x00, 0x00, 0x00, 0x00,
    0x00, 0x00, 0x00, 0x00, 0x00, 0x00, 0x00, 0x00, 0x00, 0x00, 0x00, 0x00, 0x00, 0x00, 0x00, 0x00,
    0x00, 0x00, 0x00, 0x00, 0x00, 0x00, 0x00, 0x00, 0x00, 0x00, 0x00, 0x00, 0x00, 0x00, 0x00, 0x00,
    0x00, 0x00, 0x00, 0x00, 0x00, 0x00, 0x00, 0x00, 0xAA, 0x02, 0x00, 0x00, 0x00, 0x00, 0x6F, 0x4B,
    0x16, 0x6D, 0xD5, 0x64, 0x16, 0x65, 0x6F, 0x43, 0x8B, 0x32, 0x8B, 0x32, 0xD4, 0x6C, 0x5A, 0x96,
    0x3A, 0x96, 0x5B, 0x96, 0x7B, 0x96, 0x7B, 0x96, 0x5B, 0x8E, 0x5B, 0x96, 0x3A, 0x8E, 0x2C, 0x5B,
    0x95, 0xE6, 0x96, 0xE6, 0xB7, 0xE6, 0xF8, 0xEE, 0x18, 0xEF, 0xF9, 0xEE, 0xF9, 0xEE, 0xF9, 0xEE,
    0x19, 0xEF, 0x19, 0xEF, 0xF9, 0xE6, 0x98, 0xDE, 0x76, 0xDE, 0x14, 0xCE, 0xCD, 0x83, 0x96, 0xE6,
    0x96, 0xE6, 0x75, 0xE6, 0x96, 0xE6, 0x55, 0xDE, 0x75, 0xE6, 0x0B, 0x5B, 0xF9, 0x85, 0x3A, 0x96,
    0x5A, 0x96, 0x19, 0x8E, 0x8F, 0x53, 0x56, 0x7D, 0x5A, 0x96, 0x19, 0x8E, 0x19, 0x8E, 0x19, 0x8E,
    0x19, 0x96, 0x19, 0x8E, 0x97, 0x7D, 0x77, 0x7D, 0x77, 0x75, 0x77, 0x75, 0x57, 0x75, 0xD9, 0x7D,
    0x2D, 0x43, 0x35, 0xA5, 0xB7, 0xAD, 0x68, 0x72, 0xCD, 0xB3, 0xCD, 0xAB, 0xB1, 0xBC, 0xB1, 0xBC,
    0xF2, 0xC4, 0x2F, 0xA4, 0x00, 0x00, 0x00, 0x00, 0x00, 0x00, 0x00, 0x00, 0x00, 0x00, 0x00, 0x00,
    0x00, 0x00, 0x00, 0x00, 0x00, 0x00, 0x00, 0x00, 0x00, 0x00, 0x00, 0x00, 0x00, 0x00, 0x00, 0x00,
    0x00, 0x00, 0x00, 0x00, 0x00, 0x00, 0x00, 0x00, 0x00, 0x00, 0x00, 0x00, 0x00, 0x00, 0x00, 0x00,
    0x00, 0x00, 0x00, 0x00, 0x00, 0x00, 0x00, 0x00, 0x00, 0x00, 0x00, 0x00, 0x00, 0x00, 0x00, 0x00,
    0x00, 0x00, 0x00, 0x00, 0x00, 0x00, 0x00, 0x00, 0x00, 0x00, 0x00, 0x00, 0x00, 0x00, 0x00, 0x00,
    0x00, 0x00, 0xEF, 0x7B, 0x00, 0x00, 0xE4, 0x18, 0xD4, 0x7C, 0x1A, 0x8E, 0xD5, 0x64, 0xD5, 0x64,
    0xF5, 0x64, 0x37, 0x6D, 0x37, 0x6D, 0xF5, 0x64, 0xF6, 0x64, 0x77, 0x75, 0xD8, 0x85, 0x1A, 0x86,
    0x5A, 0x8E, 0x7B, 0x8E, 0x7B, 0x96, 0xBC, 0x9E, 0x36, 0x6D, 0xCC, 0x7B, 0xF7, 0xEE, 0x75, 0xDE,
    0xD8, 0xE6, 0x18, 0xEF, 0x18, 0xEF, 0xF9, 0xEE, 0xF9, 0xEE, 0x19, 0xEF, 0x19, 0xEF, 0x19, 0xEF,
    0xD8, 0xE6, 0x76, 0xDE, 0x76, 0xDE, 0x73, 0xBD, 0xAC, 0x7B, 0xD7, 0xEE, 0x96, 0xE6, 0x75, 0xDE,
    0x96, 0xE6, 0x96, 0xE6, 0xD3, 0xCD, 0x6E, 0x53, 0x7B, 0x96, 0x5A, 0x96, 0x97, 0x85, 0x2D, 0x53,
    0x14, 0x8D, 0x2D, 0x4B, 0x5A, 0x96, 0x19, 0x8E, 0x19, 0x8E, 0x19, 0x8E, 0x19, 0x8E, 0x98, 0x7D,
    0x77, 0x75, 0x77, 0x7D, 0x77, 0x75, 0x77, 0x75, 0x77, 0x7D, 0x36, 0x6D, 0x0C, 0x53, 0x59, 0xC6,
    0x76, 0xAD, 0x88, 0x72, 0xED, 0xB3, 0xCD, 0xAB, 0xB1, 0xBC, 0xD2, 0xBC, 0xF2, 0xC4, 0xD1, 0xBC,
    0x45, 0x31, 0x00, 0x00, 0xE7, 0x39, 0x00, 0x00, 0x00, 0x00, 0x00, 0x00, 0x00, 0x00, 0x00, 0x00,
    0x00, 0x00, 0x00, 0x00, 0x00, 0x00, 0x00, 0x00, 0x00, 0x00, 0x00, 0x00, 0x00, 0x00, 0x00, 0x00,
    0x00, 0x00, 0x00, 0x00, 0x00, 0x00, 0x00, 0x00, 0x00, 0x00, 0x00, 0x00, 0x00, 0x00, 0x00, 0x00,
    0x00, 0x00, 0x00, 0x00, 0x00, 0x00, 0x00, 0x00, 0x00, 0x00, 0x00, 0x00, 0x00, 0x00, 0x00, 0x00,
    0x00, 0x00, 0x00, 0x00, 0x00, 0x00, 0x00, 0x00, 0x00, 0x00, 0x00, 0x00, 0x00, 0x00, 0x00, 0x00,
    0x00, 0x00, 0x6E, 0x5B, 0x9F, 0xC7, 0xD8, 0x85, 0x16, 0x6D, 0x36, 0x6D, 0x16, 0x6D, 0xF6, 0x64,
    0xD5, 0x64, 0xF6, 0x64, 0xF5, 0x64, 0xD5, 0x64, 0x16, 0x65, 0x36, 0x6D, 0x57, 0x6D, 0x97, 0x75,
    0x98, 0x75, 0x3A, 0x86, 0x6F, 0x43, 0x88, 0x5A, 0x17, 0xF7, 0x75, 0xDE, 0xD7, 0xE6, 0x18, 0xEF,
    0x19, 0xEF, 0xF9, 0xEE, 0xF8, 0xEE, 0x19, 0xEF, 0x19, 0xEF, 0xF8, 0xEE, 0xD8, 0xE6, 0x55, 0xDE,
    0x96, 0xE6, 0x52, 0xB5, 0x2E, 0x94, 0xF7, 0xF6, 0x75, 0xDE, 0x75, 0xDE, 0x75, 0xDE, 0xB7, 0xE6,
    0xF0, 0xAC, 0x31, 0x64, 0x9C, 0x9E, 0xF9, 0x8D, 0x0C, 0x43, 0x97, 0x95, 0x7B, 0x96, 0x2D, 0x43,
    0x35, 0x7D, 0x5A, 0x96, 0x19, 0x8E, 0x3A, 0x96, 0xB8, 0x85, 0x57, 0x75, 0x77, 0x7D, 0x77, 0x75,
    0x77, 0x75, 0x57, 0x75, 0xD9, 0x85, 0x4E, 0x4B, 0x71, 0x8C, 0x9A, 0xCE, 0x14, 0x9D, 0x88, 0x7A,
    0xED, 0xB3, 0xEE, 0xAB, 0xB1, 0xBC, 0xD2, 0xBC, 0xD2, 0xC4, 0x12, 0xC5, 0xC6, 0x41, 0x00, 0x00,
    0xAA, 0xAA, 0x00, 0x00, 0x00, 0x00, 0x00, 0x00, 0x00, 0x00, 0x00, 0x00, 0x00, 0x00, 0x00, 0x00,
    0x00, 0x00, 0x00, 0x00, 0x00, 0x00, 0x00, 0x00, 0x00, 0x00, 0x00, 0x00, 0x00, 0x00, 0x00, 0x00,
    0x00, 0x00, 0x00, 0x00, 0x00, 0x00, 0x00, 0x00, 0x00, 0x00, 0x00, 0x00, 0x00, 0x00, 0x00, 0x00,
    0x00, 0x00, 0x00, 0x00, 0x00, 0x00, 0x00, 0x00, 0x00, 0x00, 0x00, 0x00, 0x00, 0x00, 0x00, 0x00,
    0x00, 0x00, 0x00, 0x00, 0x00, 0x00, 0x00, 0x00, 0x00, 0x00, 0xFF, 0x07, 0x00, 0x00, 0xE4, 0x10,
    0x8A, 0x3A, 0x4E, 0x43, 0xF1, 0x53, 0x73, 0x5C, 0xD5, 0x64, 0x16, 0x6D, 0x57, 0x6D, 0x57, 0x6D,
    0x58, 0x6D, 0x78, 0x6D, 0x78, 0x6D, 0x78, 0x6D, 0x78, 0x6D, 0x78, 0x6D, 0x37, 0x6D, 0x37, 0x65,
    0xCC, 0x42, 0x88, 0x5A, 0x55, 0xDE, 0x96, 0xE6, 0xB6, 0xE6, 0xF8, 0xEE, 0xF9, 0xEE, 0xF9, 0xEE,
    0xF8, 0xE6, 0xF8, 0xEE, 0x19, 0xEF, 0xD7, 0xEE, 0xB7, 0xE6, 0x75, 0xDE, 0xD6, 0xEE, 0x31, 0xB5,
    0xD0, 0xA4, 0xF7, 0xF6, 0x75, 0xDE, 0x75, 0xDE, 0x55, 0xDE, 0xD7, 0xEE, 0x6F, 0x9C, 0xD4, 0x6C,
    0xBC, 0x9E, 0x11, 0x5C, 0x56, 0x7D, 0xB8, 0x7D, 0xF6, 0x64, 0x12, 0x54, 0x31, 0x64, 0x7B, 0x9E,
    0x19, 0x8E, 0xD8, 0x85, 0x98, 0x7D, 0x97, 0x7D, 0x77, 0x75, 0x77, 0x75, 0x57, 0x75, 0xB8, 0x7D,
    0x93, 0x5C, 0x2D, 0x63, 0xF8, 0xBD, 0x7A, 0xCE, 0xD3, 0x9C, 0xA8, 0x82, 0xED, 0xB3, 0xED, 0xAB,
    0x90, 0xBC, 0xD2, 0xBC, 0xD1, 0xBC, 0x33, 0xCD, 0x48, 0x5A, 0x00, 0x00, 0xFF, 0xFF, 0x00, 0x00,
    0x00, 0x00, 0x00, 0x00, 0x00, 0x00, 0x00, 0x00, 0x00, 0x00, 0x00, 0x00, 0x00, 0x00, 0x00, 0x00,
    0x00, 0x00, 0x00, 0x00, 0x00, 0x00, 0x00, 0x00, 0x00, 0x00, 0x00, 0x00, 0x00, 0x00, 0x00, 0x00,
    0x00, 0x00, 0x00, 0x00, 0x00, 0x00, 0x00, 0x00, 0x00, 0x00, 0x00, 0x00, 0x00, 0x00, 0x00, 0x00,
    0x00, 0x00, 0x00, 0x00, 0x00, 0x00, 0x00, 0x00, 0x00, 0x00, 0x00, 0x00, 0x00, 0x00, 0x00, 0x00,
    0x00, 0x00, 0x00, 0x00, 0x00, 0x00, 0x00, 0x00, 0x00, 0x00, 0x00, 0x00, 0x00, 0x00, 0x00, 0x00,
    0x00, 0x00, 0x62, 0x08, 0x46, 0x19, 0xE8, 0x21, 0x6B, 0x32, 0xCC, 0x3A, 0xEC, 0x3A, 0xAC, 0x32,
    0xAC, 0x32, 0xAB, 0x32, 0x8B, 0x32, 0xAB, 0x32, 0x8B, 0x32, 0x66, 0x19, 0xE6, 0x41, 0x8F, 0x9C,
    0xD0, 0xA4, 0xF7, 0xEE, 0x96, 0xE6, 0xF8, 0xE6, 0xF8, 0xE6, 0xF8, 0xE6, 0xD8, 0xE6, 0xD7, 0xE6,
    0xF7, 0xEE, 0xB6, 0xE6, 0x96, 0xE6, 0x96, 0xE6, 0xF7, 0xF6, 0xD0, 0xA4, 0xD0, 0xA4, 0xF7, 0xEE,
    0x75, 0xDE, 0x75, 0xDE, 0x55, 0xDE, 0x96, 0xE6, 0xCA, 0x52, 0x97, 0x7D, 0x5A, 0x96, 0x1A, 0x8E,
    0xB8, 0x7D, 0xD5, 0x64, 0x16, 0x6D, 0xD5, 0x64, 0x15, 0x75, 0x5A, 0x96, 0xD9, 0x85, 0x36, 0x75,
    0xF5, 0x6C, 0x36, 0x75, 0x98, 0x7D, 0x77, 0x75, 0x97, 0x7D, 0x36, 0x6D, 0xAB, 0x42, 0x96, 0xB5,
    0xD7, 0xB5, 0x1C, 0xDF, 0x71, 0x8C, 0xC9, 0x8A, 0xED, 0xB3, 0xED, 0xAB, 0x90, 0xB4, 0xD2, 0xBC,
    0xD1, 0xBC, 0x33, 0xCD, 0x48, 0x5A, 0x00, 0x00, 0xFF, 0xFF, 0x00, 0x00, 0x00, 0x00, 0x00, 0x00,
    0x00, 0x00, 0x00, 0x00, 0x00, 0x00, 0x00, 0x00, 0x00, 0x00, 0x00, 0x00, 0x00, 0x00, 0x00, 0x00,
    0x00, 0x00, 0x00, 0x00, 0x00, 0x00, 0x00, 0x00, 0x00, 0x00, 0x00, 0x00, 0x00, 0x00, 0x00, 0x00,
    0x00, 0x00, 0x00, 0x00, 0x00, 0x00, 0x00, 0x00, 0x00, 0x00, 0x00, 0x00, 0x00, 0x00, 0x00, 0x00,
    0x00, 0x00, 0x00, 0x00, 0x00, 0x00, 0x00, 0x00, 0x00, 0x00, 0x00, 0x00, 0x00, 0x00, 0x00, 0x00,
    0x00, 0x00, 0x00, 0x00, 0x00, 0x00, 0xFF, 0xFF, 0x00, 0x00, 0x00, 0x00, 0x00, 0x00, 0x00, 0x00,
    0x00, 0x00, 0x00, 0x00, 0x00, 0x00, 0x00, 0x00, 0x00, 0x00, 0x00, 0x00, 0x00, 0x00, 0x00, 0x00,
    0x00, 0x00, 0x00, 0x00, 0x00, 0x00, 0x00, 0x00, 0x8B, 0x7B, 0x55, 0xDE, 0x8C, 0x7B, 0xD6, 0xEE,
    0x96, 0xE6, 0xD8, 0xE6, 0xD8, 0xE6, 0xD8, 0xE6, 0x97, 0xE6, 0x96, 0xE6, 0x96, 0xE6, 0x76, 0xDE,
    0x55, 0xDE, 0x55, 0xDE, 0xF7, 0xEE, 0x6F, 0x9C, 0xD0, 0xA4, 0xD7, 0xEE, 0x75, 0xDE, 0x55, 0xDE,
    0xB7, 0xE6, 0xCD, 0x83, 0xD4, 0x74, 0x9C, 0x9E, 0xF9, 0x8D, 0x98, 0x7D, 0x16, 0x6D, 0xF5, 0x64,
    0xF5, 0x64, 0xF6, 0x64, 0x19, 0x8E, 0xF9, 0x8D, 0xF1, 0x53, 0xAF, 0x53, 0x11, 0x64, 0xD0, 0x5B,
    0x32, 0x5C, 0x98, 0x7D, 0xF9, 0x85, 0xCB, 0x42, 0xD3, 0x9C, 0xF8, 0xBD, 0xD7, 0xB5, 0x9F, 0xF7,
    0x30, 0x8C, 0x2A, 0x9B, 0xCD, 0xAB, 0xCD, 0xAB, 0x4F, 0xB4, 0xD2, 0xBC, 0xD1, 0xBC, 0x33, 0xCD,
    0x48, 0x5A, 0x00, 0x00, 0xFF, 0xFF, 0x00, 0x00, 0x00, 0x00, 0x00, 0x00, 0x00, 0x00, 0x00, 0x00,
    0x00, 0x00, 0x00, 0x00, 0x00, 0x00, 0x00, 0x00, 0x00, 0x00, 0x00, 0x00, 0x00, 0x00, 0x00, 0x00,
    0x00, 0x00, 0x00, 0x00, 0x00, 0x00, 0x00, 0x00, 0x00, 0x00, 0x00, 0x00, 0x00, 0x00, 0x00, 0x00,
    0x00, 0x00, 0x00, 0x00, 0x00, 0x00, 0x00, 0x00, 0x00, 0x00, 0x00, 0x00, 0x00, 0x00, 0x00, 0x00,
    0x00, 0x00, 0x00, 0x00, 0x00, 0x00, 0x00, 0x00, 0x00, 0x00, 0x00, 0x00, 0x00, 0x00, 0x00, 0x00,
    0x00, 0x00, 0x00, 0x00, 0x00, 0x00, 0x00, 0x00, 0x00, 0x00, 0xE7, 0x01, 0xE7, 0x39, 0xEF, 0x39,
    0x55, 0x55, 0xFF, 0xFF, 0x00, 0x00, 0x00, 0x00, 0x00, 0x00, 0x00, 0x00, 0x00, 0x00, 0xFF, 0xFF,
    0xFF, 0xFF, 0x63, 0x08, 0xAC, 0x7B, 0x38, 0xF7, 0xCD, 0x83, 0xF3, 0xCD, 0xB6, 0xE6, 0xB8, 0xDE,
    0xB8, 0xDE, 0xB8, 0xDE, 0x76, 0xDE, 0x96, 0xE6, 0x76, 0xDE, 0x55, 0xDE, 0x55, 0xDE, 0x75, 0xDE,
    0xF7, 0xEE, 0x2E, 0x8C, 0x31, 0xB5, 0xD7, 0xEE, 0x75, 0xE6, 0xD7, 0xEE, 0xF1, 0xAC, 0x11, 0x6C,
    0xDC, 0xAE, 0x77, 0x7D, 0x36, 0x6D, 0xF6, 0x64, 0xF6, 0x64, 0xF6, 0x64, 0xF5, 0x64, 0xF5, 0x64,
    0x57, 0x75, 0x98, 0x7D, 0x77, 0x7D, 0xF9, 0x8D, 0xDC, 0xAE, 0x76, 0x8D, 0x2D, 0x43, 0x5B, 0x86,
    0x4A, 0x2A, 0x28, 0x42, 0x59, 0xC6, 0x76, 0xAD, 0x59, 0xC6, 0x9F, 0xF7, 0x6D, 0x7B, 0x6B, 0xA3,
    0xCD, 0xAB, 0xCD, 0xAB, 0x4F, 0xB4, 0xD1, 0xBC, 0xB1, 0xBC, 0x12, 0xCD, 0x48, 0x52, 0x00, 0x00,
    0xFF, 0xFF, 0x00, 0x00, 0x00, 0x00, 0x00, 0x00, 0x00, 0x00, 0x00, 0x00, 0x00, 0x00, 0x00, 0x00,
    0x00, 0x00, 0x00, 0x00, 0x00, 0x00, 0x00, 0x00, 0x00, 0x00, 0x00, 0x00, 0x00, 0x00, 0x00, 0x00,
    0x00, 0x00, 0x00, 0x00, 0x00, 0x00, 0x00, 0x00, 0x00, 0x00, 0x00, 0x00, 0x00, 0x00, 0x00, 0x00,
    0x00, 0x00, 0x00, 0x00, 0x00, 0x00, 0x00, 0x00, 0x00, 0x00, 0x00, 0x00, 0x00, 0x00, 0x00, 0x00,
    0x00, 0x00, 0x00, 0x00, 0x00, 0x00, 0x00, 0x00, 0x00, 0x00, 0x00, 0x00, 0x00, 0x00, 0x00, 0x00,
    0x00, 0x00, 0x00, 0x00, 0x00, 0x00, 0x00, 0x00, 0x00, 0x00, 0x00, 0x00, 0x00, 0x00, 0x00, 0x00,
    0x00, 0x00, 0x00, 0x00, 0x00, 0x00, 0x00, 0x00, 0x00, 0x00, 0x00, 0x00, 0x00, 0x00, 0x00, 0x00,
    0xED, 0x8B, 0x38, 0xFF, 0x32, 0xB5, 0xB0, 0xA4, 0xD7, 0xEE, 0x97, 0xDE, 0xB8, 0xE6, 0x97, 0xDE,
    0x96, 0xE6, 0x96, 0xE6, 0x75, 0xDE, 0x75, 0xDE, 0x96, 0xE6, 0x96, 0xE6, 0xD7, 0xEE, 0x0D, 0x8C,
    0xF4, 0xCD, 0xB6, 0xE6, 0xB6, 0xE6, 0x34, 0xDE, 0x0C, 0x5B, 0x5B, 0x96, 0x98, 0x75, 0x57, 0x6D,
    0x16, 0x6D, 0xF5, 0x64, 0xF5, 0x64, 0xF6, 0x64, 0xF6, 0x64, 0xF6, 0x64, 0xF5, 0x64, 0xF5, 0x64,
    0x16, 0x65, 0xF5, 0x64, 0x57, 0x75, 0x4E, 0x4B, 0x94, 0x5C, 0xCF, 0x5B, 0x88, 0x5A, 0xAF, 0x73,
    0x18, 0xBE, 0x96, 0xAD, 0xDB, 0xD6, 0xDB, 0xD6, 0x89, 0x6A, 0xAC, 0xAB, 0xAC, 0xA3, 0xCD, 0xAB,
    0x2E, 0xB4, 0xD1, 0xBC, 0x90, 0xBC, 0xB0, 0xC4, 0x07, 0x4A, 0x00, 0x00, 0xFF, 0xFF, 0x00, 0x00,
    0x00, 0x00, 0x00, 0x00, 0x00, 0x00, 0x00, 0x00, 0x00, 0x00, 0x00, 0x00, 0x00, 0x00, 0x00, 0x00,
    0x00, 0x00, 0x00, 0x00, 0x00, 0x00, 0x00, 0x00, 0x00, 0x00, 0x00, 0x00, 0x00, 0x00, 0x00, 0x00,
    0x00, 0x00, 0x00, 0x00, 0x00, 0x00, 0x00, 0x00, 0x00, 0x00, 0x00, 0x00, 0x00, 0x00, 0x00, 0x00,
    0x00, 0x00, 0x00, 0x00, 0x00, 0x00, 0x00, 0x00, 0x00, 0x00, 0x00, 0x00, 0x00, 0x00, 0x00, 0x00,
    0x00, 0x00, 0x00, 0x00, 0x00, 0x00, 0x00, 0x00, 0x00, 0x00, 0x00, 0x00, 0x00, 0x00, 0x00, 0x00,
    0x00, 0x00, 0x00, 0x00, 0x00, 0x00, 0x00, 0x00, 0x00, 0x00, 0x00, 0x00, 0x00, 0x00, 0x00, 0x00,
    0x00, 0x00, 0x00, 0x00, 0x00, 0x00, 0x00, 0x00, 0x00, 0x00, 0x00, 0x00, 0xCC, 0x83, 0x17, 0xF7,
    0x55, 0xDE, 0x2E, 0x94, 0x75, 0xDE, 0x97, 0xDE, 0x97, 0xDE, 0x96, 0xDE, 0x96, 0xE6, 0xB6, 0xE6,
    0x96, 0xE6, 0x96, 0xE6, 0x96, 0xE6, 0x96, 0xE6, 0xB6, 0xE6, 0xED, 0x83, 0x55, 0xDE, 0x96, 0xE6,
    0xB6, 0xE6, 0xD3, 0xCD, 0x07, 0x3A, 0x6E, 0x53, 0x4E, 0x4B, 0x8F, 0x43, 0x94, 0x5C, 0x37, 0x6D,
    0x16, 0x6D, 0xF5, 0x64, 0xF5, 0x64, 0xD5, 0x64, 0xF5, 0x64, 0xF5, 0x64, 0xF5, 0x64, 0x37, 0x6D,
    0xD5, 0x64, 0x90, 0x4B, 0xEB, 0x4A, 0xF0, 0xAC, 0x4F, 0x94, 0xD3, 0x94, 0xF8, 0xBD, 0x96, 0xAD,
    0x3D, 0xE7, 0xD7, 0xB5, 0x48, 0x6A, 0xCD, 0xB3, 0x8C, 0xA3, 0xAC, 0xAB, 0x0E, 0xAC, 0xD1, 0xBC,
    0x70, 0xB4, 0x2E, 0xB4, 0xA6, 0x41, 0x00, 0x00, 0x4A, 0xAD, 0x00, 0x00, 0x00, 0x00, 0x00, 0x00,
    0x00, 0x00, 0x00, 0x00, 0x00, 0x00, 0x00, 0x00, 0x00, 0x00, 0x00, 0x00, 0x00, 0x00, 0x00, 0x00,
    0x00, 0x00, 0x00, 0x00, 0x00, 0x00, 0x00, 0x00, 0x00, 0x00, 0x00, 0x00, 0x00, 0x00, 0x00, 0x00,
    0x00, 0x00, 0x00, 0x00, 0x00, 0x00, 0x00, 0x00, 0x00, 0x00, 0x00, 0x00, 0x00, 0x00, 0x00, 0x00,
    0x00, 0x00, 0x00, 0x00, 0x00, 0x00, 0x00, 0x00, 0x00, 0x00, 0x00, 0x00, 0x00, 0x00, 0x00, 0x00,
    0x00, 0x00, 0x00, 0x00, 0x00, 0x00, 0x00, 0x00, 0x00, 0x00, 0x00, 0x00, 0x00, 0x00, 0x00, 0x00,
    0x00, 0x00, 0x00, 0x00, 0x00, 0x00, 0x00, 0x00, 0x00, 0x00, 0x00, 0x00, 0x00, 0x00, 0x00, 0x00,
    0x00, 0x00, 0x00, 0x00, 0x00, 0x00, 0x00, 0x00, 0x8C, 0x7B, 0x17, 0xF7, 0xD6, 0xEE, 0x8F, 0x9C,
    0xF3, 0xCD, 0x18, 0xF7, 0x96, 0xE6, 0x75, 0xE6, 0x95, 0xE6, 0x96, 0xE6, 0x96, 0xE6, 0x96, 0xE6,
    0x75, 0xE6, 0x96, 0xE6, 0x96, 0xDE, 0x0D, 0x8C, 0x96, 0xE6, 0x96, 0xE6, 0x96, 0xE6, 0x96, 0xE6,
    0xF5, 0xD5, 0xB3, 0xC5, 0xB3, 0xCD, 0xB0, 0xA4, 0x4C, 0x63, 0x4E, 0x43, 0x53, 0x54, 0x16, 0x65,
    0x37, 0x6D, 0x57, 0x6D, 0x57, 0x6D, 0x57, 0x6D, 0x16, 0x65, 0x74, 0x54, 0x4E, 0x4B, 0xCD, 0x7B,
    0x31, 0xB5, 0xF4, 0xCD, 0x8C, 0x73, 0x35, 0xA5, 0xD7, 0xB5, 0x96, 0xAD, 0x7E, 0xEF, 0xF4, 0x9C,
    0x88, 0x6A, 0xCD, 0xAB, 0x8C, 0xA3, 0xAC, 0xAB, 0x0E, 0xAC, 0x70, 0xB4, 0x0E, 0xB4, 0xCC, 0xAB,
    0x24, 0x39, 0x00, 0x00, 0xE7, 0x79, 0x00, 0x00, 0x00, 0x00, 0x00, 0x00, 0x00, 0x00, 0x00, 0x00,
    0x00, 0x00, 0x00, 0x00, 0x00, 0x00, 0x00, 0x00, 0x00, 0x00, 0x00, 0x00, 0xE7, 0x01, 0xE7, 0x39,
    0xE7, 0x01, 0x00, 0x00, 0x00, 0x00, 0x00, 0x00, 0x00, 0x00, 0x00, 0x00, 0x00, 0x00, 0x00, 0x00,
    0x00, 0x00, 0x00, 0x00, 0x00, 0x00, 0x00, 0x00, 0x00, 0x00, 0x00, 0x00, 0x00, 0x00, 0x00, 0x00,
    0x00, 0x00, 0x00, 0x00, 0x00, 0x00, 0x00, 0x00, 0x00, 0x00, 0x00, 0x00, 0x00, 0x00, 0x00, 0x00,
    0x00, 0x00, 0x00, 0x00, 0x00, 0x00, 0x00, 0x00, 0x00, 0x00, 0x00, 0x00, 0x00, 0x00, 0x00, 0x00,
    0x00, 0x00, 0x00, 0x00, 0x00, 0x00, 0x00, 0x00, 0x00, 0x00, 0x00, 0x00, 0x00, 0x00, 0x00, 0x00,
    0xFF, 0xFF, 0x00, 0x00, 0x4B, 0x73, 0x17, 0xF7, 0xF7, 0xF6, 0xB0, 0xA4, 0xEA, 0x62, 0xD3, 0xC5,
    0x34, 0xD6, 0xB6, 0xE6, 0xF7, 0xEE, 0xF7, 0xEE, 0xB6, 0xEE, 0x96, 0xE6, 0x75, 0xDE, 0x95, 0xE6,
    0x35, 0xD6, 0xED, 0x83, 0xD6, 0xEE, 0x96, 0xE6, 0x96, 0xE6, 0x76, 0xDE, 0x56, 0xD6, 0x76, 0xDE,
    0x76, 0xDE, 0x97, 0xE6, 0x76, 0xE6, 0x31, 0xB5, 0xAD, 0x7B, 0x0C, 0x53, 0x6E, 0x4B, 0x6F, 0x43,
    0x4E, 0x3B, 0x6F, 0x43, 0x2D, 0x4B, 0x8D, 0x73, 0xD0, 0xA4, 0xB3, 0xC5, 0x73, 0xB5, 0x93, 0xBD,
    0x8D, 0x73, 0x76, 0xA5, 0xD7, 0xB5, 0x96, 0xAD, 0x9E, 0xEF, 0x51, 0x8C, 0x68, 0x6A, 0xAD, 0xA3,
    0x8C, 0xAB, 0xAC, 0xA3, 0xEE, 0xAB, 0xCD, 0xAB, 0xAC, 0xAB, 0x6B, 0x9B, 0x81, 0x18, 0x00, 0x00,
    0xE7, 0x39, 0x00, 0x00, 0x00, 0x00, 0x00, 0x00, 0x00, 0x00, 0x00, 0x00, 0x00, 0x00, 0x00, 0x00,
    0xAA, 0x52, 0x00, 0x00, 0x00, 0x00, 0x00, 0x00, 0x00, 0x00, 0x00, 0x00, 0x00, 0x00, 0x00, 0x00,
    0x00, 0x00, 0x00, 0x00, 0xAA, 0x02, 0x00, 0x00, 0x00, 0x00, 0x00, 0x00, 0x00, 0x00, 0x00, 0x00,
    0x00, 0x00, 0x00, 0x00, 0x00, 0x00, 0x00, 0x00, 0x00, 0x00, 0x00, 0x00, 0x00, 0x00, 0x00, 0x00,
    0x00, 0x00, 0x00, 0x00, 0x00, 0x00, 0x00, 0x00, 0x00, 0x00, 0x00, 0x00, 0x00, 0x00, 0x00, 0x00,
    0x00, 0x00, 0x00, 0x00, 0x00, 0x00, 0x00, 0x00, 0x00, 0x00, 0x00, 0x00, 0x00, 0x00, 0x00, 0x00,
    0x00, 0x00, 0x00, 0x00, 0x00, 0x00, 0x00, 0x00, 0x00, 0x00, 0x00, 0x00, 0xF5, 0xFF, 0x00, 0x00,
    0xC9, 0x5A, 0xF7, 0xEE, 0x17, 0xF7, 0xAF, 0x9C, 0xAC, 0x7B, 0xF1, 0xA4, 0xAD, 0x7B, 0xED, 0x83,
    0x0E, 0x8C, 0x11, 0xAD, 0xD3, 0xCD, 0x75, 0xDE, 0xB6, 0xE6, 0xF7, 0xEE, 0x55, 0xDE, 0x6F, 0x9C,
    0x17, 0xF7, 0x76, 0xDE, 0x96, 0xE6, 0x75, 0xDE, 0x35, 0xD6, 0x35, 0xD6, 0x35, 0xD6, 0x15, 0xD6,
    0x35, 0xD6, 0x76, 0xDE, 0x96, 0xE6, 0x35, 0xDE, 0x31, 0xB5, 0x27, 0x4A, 0x4E, 0x94, 0x8F, 0x9C,
    0x12, 0xAD, 0x93, 0xBD, 0x93, 0xBD, 0x52, 0xB5, 0x52, 0xB5, 0x93, 0xBD, 0x6C, 0x73, 0x76, 0xAD,
    0xD7, 0xB5, 0xB7, 0xB5, 0x7E, 0xEF, 0x51, 0x8C, 0x88, 0x6A, 0xAD, 0x9B, 0x8C, 0xA3, 0xAC, 0xAB,
    0xCD, 0xAB, 0x8C, 0xA3, 0xED, 0xB3, 0xE6, 0x59, 0x00, 0x00, 0x00, 0x00, 0x00, 0x00, 0x00, 0x00,
    0x00, 0x00, 0x00, 0x00, 0x00, 0x00, 0x00, 0x00, 0xFF, 0xFF, 0x00, 0x00, 0x00, 0x00, 0x00, 0x00,
    0x00, 0x00, 0x00, 0x00, 0x62, 0x08, 0x24, 0x19, 0x62, 0x08, 0x00, 0x00, 0x00, 0x00, 0x00, 0x00,
    0x00, 0x00, 0x00, 0x00, 0x00, 0x00, 0x00, 0x00, 0x00, 0x00, 0x00, 0x00, 0x00, 0x00, 0x00, 0x00,
    0x00, 0x00, 0x00, 0x00, 0x00, 0x00, 0x00, 0x00, 0x00, 0x00, 0x00, 0x00, 0x00, 0x00, 0x00, 0x00,
    0x00, 0x00, 0x00, 0x00, 0x00, 0x00, 0x00, 0x00, 0x00, 0x00, 0x00, 0x00, 0x00, 0x00, 0x00, 0x00,
    0x00, 0x00, 0x00, 0x00, 0x00, 0x00, 0x00, 0x00, 0x00, 0x00, 0x00, 0x00, 0x00, 0x00, 0x00, 0x00,
    0x00, 0x00, 0x00, 0x00, 0x00, 0x00, 0x00, 0x00, 0xEF, 0x7B, 0x00, 0x00, 0x06, 0x42, 0x96, 0xE6,
    0xF7, 0xF6, 0x0D, 0x8C, 0x14, 0xCE, 0xF8, 0xEE, 0x96, 0xDE, 0xF5, 0xCD, 0x52, 0xB5, 0x4E, 0x94,
    0x8C, 0x7B, 0xCD, 0x83, 0xED, 0x83, 0x6F, 0x94, 0xED, 0x83, 0xAC, 0x7B, 0x55, 0xDE, 0x35, 0xD6,
    0xB6, 0xEE, 0xD7, 0xEE, 0x96, 0xE6, 0x76, 0xDE, 0x96, 0xDE, 0x96, 0xE6, 0x96, 0xE6, 0x76, 0xDE,
    0x56, 0xDE, 0xF8, 0xEE, 0xD1, 0xA4, 0xF1, 0xA4, 0xF8, 0xEE, 0xF5, 0xC5, 0x33, 0xAD, 0x52, 0xB5,
    0x72, 0xB5, 0x72, 0xB5, 0x52, 0xB5, 0xB3, 0xBD, 0x6C, 0x73, 0x35, 0xA5, 0xD7, 0xB5, 0x96, 0xAD,
    0x7E, 0xEF, 0x51, 0x8C, 0xA9, 0x72, 0x8D, 0x93, 0x6C, 0x93, 0x8C, 0xAB, 0x8C, 0xA3, 0xAC, 0xAB,
    0x4B, 0x9B, 0x85, 0x49, 0x81, 0x18, 0x00, 0x00, 0x00, 0x00, 0x00, 0x00, 0x00, 0x00, 0x00, 0x00,
    0xAA, 0x02, 0x00, 0x00, 0x00, 0x00, 0x00, 0x00, 0x45, 0x19, 0x49, 0x32, 0xAF, 0x53, 0xD4, 0x74,
    0x97, 0x85, 0xF9, 0x8D, 0x77, 0x7D, 0xF5, 0x74, 0x8F, 0x4B, 0x4A, 0x32, 0x04, 0x11, 0x00, 0x00,
    0x00, 0x00, 0xAA, 0x52, 0x00, 0x00, 0x00, 0x00, 0x00, 0x00, 0x00, 0x00, 0x00, 0x00, 0x00, 0x00,
    0x00, 0x00, 0x00, 0x00, 0x00, 0x00, 0x00, 0x00, 0x00, 0x00, 0x00, 0x00, 0x00, 0x00, 0x00, 0x00,
    0x00, 0x00, 0x00, 0x00, 0x00, 0x00, 0x00, 0x00, 0x00, 0x00, 0x00, 0x00, 0x00, 0x00, 0x00, 0x00,
    0x00, 0x00, 0x00, 0x00, 0x00, 0x00, 0x00, 0x00, 0x00, 0x00, 0x00, 0x00, 0x00, 0x00, 0x00, 0x00,
    0x00, 0x00, 0x00, 0x00, 0xE7, 0x39, 0x00, 0x00, 0xE2, 0x18, 0x14, 0xD6, 0x75, 0xDE, 0x6B, 0x73,
    0x76, 0xDE, 0x35, 0xD6, 0x55, 0xDE, 0x76, 0xDE, 0xB6, 0xE6, 0xF7, 0xF6, 0xD6, 0xEE, 0x75, 0xDE,
    0x14, 0xD6, 0xD3, 0xC5, 0xCD, 0x83, 0x48, 0x4A, 0x6F, 0x94, 0xAD, 0x7B, 0xAD, 0x7B, 0x0E, 0x8C,
    0x0E, 0x8C, 0x6F, 0x94, 0x70, 0x9C, 0xB0, 0x9C, 0xB0, 0xA4, 0xF1, 0xA4, 0xF1, 0xA4, 0xB0, 0x9C,
    0xAA, 0x5A, 0x56, 0xD6, 0x15, 0xCE, 0x73, 0xB5, 0x52, 0xB5, 0x72, 0xB5, 0x72, 0xB5, 0x72, 0xB5,
    0x52, 0xB5, 0xB3, 0xC5, 0x8C, 0x73, 0x92, 0x8C, 0xF8, 0xBD, 0x96, 0xAD, 0x5D, 0xE7, 0xB2, 0x94,
    0xA9, 0x72, 0x8D, 0x93, 0x6C, 0x8B, 0x8C, 0x9B, 0x8C, 0xAB, 0xAC, 0xAB, 0x27, 0x6A, 0x48, 0x6A,
    0x61, 0x10, 0x00, 0x00, 0x00, 0x00, 0x00, 0x00, 0x00, 0x00, 0x55, 0x55, 0x00, 0x00, 0x00, 0x00,
    0xCB, 0x3A, 0xB3, 0x6C, 0x19, 0x8E, 0x7B, 0x96, 0x9C, 0x9E, 0x7B, 0x9E, 0x7B, 0x96, 0x5B, 0x96,
    0x7B, 0x96, 0x9B, 0x96, 0x9B, 0x96, 0x1A, 0x86, 0xB5, 0x64, 0xED, 0x3A, 0x41, 0x00, 0x00, 0x00,
    0xEF, 0x7B, 0x00, 0x00, 0x00, 0x00, 0x00, 0x00, 0x00, 0x00, 0x00, 0x00, 0x00, 0x00, 0x00, 0x00,
    0x00, 0x00, 0x00, 0x00, 0x00, 0x00, 0x00, 0x00, 0x00, 0x00, 0x00, 0x00, 0x00, 0x00, 0x00, 0x00,
    0x00, 0x00, 0x00, 0x00, 0x00, 0x00, 0x00, 0x00, 0x00, 0x00, 0x00, 0x00, 0x00, 0x00, 0x00, 0x00,
    0x00, 0x00, 0x00, 0x00, 0x00, 0x00, 0x00, 0x00, 0x00, 0x00, 0x00, 0x00, 0x00, 0x00, 0x00, 0x00,
    0x00, 0x00, 0xFF, 0xFF, 0x20, 0x00, 0x72, 0xBD, 0x72, 0xBD, 0x2E, 0x94, 0xB7, 0xE6, 0x55, 0xDE,
    0x55, 0xDE, 0x55, 0xDE, 0x75, 0xE6, 0x96, 0xE6, 0x76, 0xE6, 0x96, 0xE6, 0x76, 0xDE, 0xB7, 0xE6,
    0xB3, 0xC5, 0x0E, 0x8C, 0x18, 0xF7, 0x76, 0xDE, 0x15, 0xCE, 0x14, 0xCE, 0x52, 0xB5, 0xF1, 0xA4,
    0x12, 0xAD, 0x11, 0xAD, 0xD0, 0xA4, 0xF1, 0xAC, 0x11, 0xAD, 0x11, 0xAD, 0xA9, 0x5A, 0xD0, 0xA4,
    0x56, 0xD6, 0x52, 0xB5, 0x73, 0xBD, 0x73, 0xBD, 0x72, 0xB5, 0x72, 0xB5, 0x72, 0xB5, 0xD4, 0xC5,
    0xCC, 0x83, 0xF0, 0x7B, 0x18, 0xBE, 0x76, 0xAD, 0xFC, 0xDE, 0x35, 0xA5, 0x89, 0x72, 0x8D, 0x93,
    0x6C, 0x8B, 0x4C, 0x8B, 0xCD, 0xAB, 0x47, 0x6A, 0xEA, 0x82, 0x48, 0x5A, 0x00, 0x00, 0x00, 0x00,
    0x00, 0x00, 0x00, 0x00, 0xFF, 0x7F, 0x00, 0x00, 0x61, 0x08, 0x11, 0x5C, 0x9B, 0x9E, 0x7B, 0x96,
    0x3A, 0x96, 0x19, 0x8E, 0x19, 0x8E, 0x19, 0x8E, 0x1A, 0x8E, 0x3A, 0x8E, 0x3A, 0x8E, 0x19, 0x8E,
    0x19, 0x8E, 0xF9, 0x8D, 0x57, 0x75, 0x57, 0x6D, 0xD1, 0x53, 0xE3, 0x10, 0x00, 0x00, 0xAA, 0x02,
    0x00, 0x00, 0x00, 0x00, 0x00, 0x00, 0x00, 0x00, 0x00, 0x00, 0x00, 0x00, 0x00, 0x00, 0x00, 0x00,
    0x00, 0x00, 0x00, 0x00, 0x00, 0x00, 0x00, 0x00, 0x00, 0x00, 0x00, 0x00, 0x00, 0x00, 0x00, 0x00,
    0x00, 0x00, 0x00, 0x00, 0x00, 0x00, 0x00, 0x00, 0x00, 0x00, 0x00, 0x00, 0x00, 0x00, 0x00, 0x00,
    0x00, 0x00, 0x00, 0x00, 0x00, 0x00, 0x00, 0x00, 0x00, 0x00, 0x00, 0x00, 0x00, 0x00, 0x20, 0x00,
    0x00, 0x00, 0x4B, 0x73, 0x8F, 0x9C, 0x72, 0xBD, 0x96, 0xE6, 0x55, 0xD6, 0x55, 0xDE, 0x96, 0xE6,
    0x96, 0xE6, 0x55, 0xD6, 0x35, 0xD6, 0x35, 0xD6, 0x35, 0xD6, 0x76, 0xDE, 0x32, 0xB5, 0xEE, 0x8B,
    0xB6, 0xE6, 0x75, 0xDE, 0x76, 0xE6, 0xD6, 0xEE, 0xB6, 0xE6, 0x96, 0xE6, 0x76, 0xDE, 0x96, 0xE6,
    0x96, 0xE6, 0xB6, 0xE6, 0x96, 0xE6, 0xB7, 0xE6, 0x96, 0xE6, 0x6B, 0x73, 0x31, 0xAD, 0x73, 0xBD,
    0x72, 0xB5, 0x72, 0xB5, 0x73, 0xB5, 0x52, 0xB5, 0x52, 0xB5, 0x93, 0xBD, 0x6F, 0x9C, 0x0C, 0x5B,
    0x18, 0xBE, 0x96, 0xAD, 0x7A, 0xCE, 0xD7, 0xB5, 0x68, 0x62, 0x8D, 0x93, 0x4C, 0x8B, 0xAD, 0x93,
    0xA9, 0x72, 0x48, 0x62, 0xCD, 0x9B, 0x85, 0x39, 0x00, 0x00, 0xFF, 0xFF, 0x00, 0x00, 0x55, 0x55,
    0x00, 0x00, 0x04, 0x19, 0xD4, 0x74, 0x9B, 0x9E, 0x19, 0x8E, 0x19, 0x8E, 0x1A, 0x8E, 0x1A, 0x8E,
    0x3A, 0x8E, 0x1A, 0x96, 0x1A, 0x8E, 0x3A, 0x96, 0x3A, 0x96, 0x1A, 0x8E, 0x3A, 0x96, 0xF9, 0x85,
    0x16, 0x6D, 0xD5, 0x64, 0x78, 0x6D, 0x53, 0x5C, 0xA3, 0x08, 0x00, 0x00, 0xAA, 0x02, 0x00, 0x00,
    0x00, 0x00, 0x00, 0x00, 0x00, 0x00, 0x00, 0x00, 0x00, 0x00, 0x00, 0x00, 0x00, 0x00, 0x00, 0x00,
    0x00, 0x00, 0x00, 0x00, 0x00, 0x00, 0x00, 0x00, 0x00, 0x00, 0x00, 0x00, 0x00, 0x00, 0x00, 0x00,
    0x00, 0x00, 0x00, 0x00, 0x00, 0x00, 0x00, 0x00, 0x00, 0x00, 0x00, 0x00, 0x00, 0x00, 0x00, 0x00,
    0x00, 0x00, 0x00, 0x00, 0x00, 0x00, 0x00, 0x00, 0x55, 0xAD, 0x00, 0x00, 0x49, 0x32, 0xEC, 0x4A,
    0x0A, 0x6B, 0x75, 0xDE, 0x76, 0xDE, 0x75, 0xDE, 0x96, 0xE6, 0x96, 0xE6, 0x35, 0xD6, 0x35, 0xD6,
    0x35, 0xD6, 0x35, 0xD6, 0x35, 0xD6, 0x96, 0xE6, 0x52, 0xB5, 0x2E, 0x8C, 0xD7, 0xEE, 0x75, 0xDE,
    0x55, 0xD6, 0x76, 0xDE, 0x55, 0xDE, 0x35, 0xD6, 0x35, 0xD6, 0x55, 0xD6, 0x75, 0xDE, 0x75, 0xDE,
    0x55, 0xDE, 0x35, 0xD6, 0x56, 0xDE, 0x73, 0xBD, 0x4B, 0x6B, 0x73, 0xBD, 0x52, 0xB5, 0x32, 0xAD,
    0x53, 0xAD, 0x73, 0xB5, 0x73, 0xBD, 0xB3, 0xC5, 0xB3, 0xC5, 0x89, 0x52, 0xB7, 0xAD, 0xD7, 0xB5,
    0xF8, 0xBD, 0x5A, 0xC6, 0x69, 0x5A, 0x4C, 0x8B, 0x8D, 0x93, 0xAA, 0x72, 0x27, 0x5A, 0x8D, 0x93,
    0x6C, 0x8B, 0xE3, 0x20, 0x00, 0x00, 0xE7, 0x39, 0xEF, 0x3B, 0x00, 0x00, 0x04, 0x19, 0x77, 0x7D,
    0x9B, 0x9E, 0xF9, 0x8D, 0x19, 0x8E, 0x19, 0x8E, 0x1A, 0x8E, 0x1A, 0x8E, 0x1A, 0x8E, 0x1A, 0x8E,
    0x1A, 0x8E, 0x1A, 0x96, 0x3A, 0x8E, 0x3A, 0x8E, 0xF9, 0x8D, 0x78, 0x7D, 0x16, 0x6D, 0x16, 0x65,
    0xF6, 0x64, 0x98, 0x6D, 0xCC, 0x3A, 0x00, 0x00, 0xFF, 0xFF, 0x00, 0x00, 0x00, 0x00, 0x00, 0x00,
    0x00, 0x00, 0x00, 0x00, 0x00, 0x00, 0x00, 0x00, 0x00, 0x00, 0x00, 0x00, 0x00, 0x00, 0x00, 0x00,
    0x00, 0x00, 0x00, 0x00, 0x00, 0x00, 0x00, 0x00, 0x00, 0x00, 0x00, 0x00, 0x00, 0x00, 0x00, 0x00,
    0x00, 0x00, 0x00, 0x00, 0x00, 0x00, 0x00, 0x00, 0x00, 0x00, 0x00, 0x00, 0x00, 0x00, 0x00, 0x00,
    0x00, 0x00, 0x55, 0x55, 0x00, 0x00, 0x86, 0x21, 0x9B, 0x9E, 0x93, 0x64, 0xE9, 0x6A, 0x38, 0xF7,
    0x75, 0xDE, 0x96, 0xE6, 0x96, 0xE6, 0x55, 0xDE, 0x35, 0xD6, 0x35, 0xD6, 0x35, 0xD6, 0x55, 0xDE,
    0x75, 0xDE, 0x96, 0xE6, 0x72, 0xBD, 0x0E, 0x8C, 0xD7, 0xEE, 0x75, 0xDE, 0x55, 0xD6, 0x55, 0xDE,
    0x76, 0xDE, 0x55, 0xDE, 0x55, 0xDE, 0x75, 0xDE, 0x75, 0xDE, 0x75, 0xDE, 0x55, 0xDE, 0x35, 0xD6,
    0xB4, 0xC5, 0x93, 0xBD, 0x6F, 0x94, 0xCD, 0x7B, 0xB4, 0xBD, 0x53, 0xB5, 0xF1, 0xAC, 0x2E, 0x8C,
    0xAD, 0x73, 0xCD, 0x73, 0x2F, 0x84, 0xA6, 0x31, 0x6D, 0x6B, 0xF8, 0xBD, 0xF8, 0xBD, 0xBB, 0xCE,
    0x2C, 0x6B, 0x2B, 0x8B, 0xCA, 0x72, 0xE7, 0x51, 0x8C, 0x93, 0x8C, 0x93, 0xCA, 0x72, 0x00, 0x00,
    0x00, 0x00, 0x24, 0x21, 0x00, 0x00, 0x82, 0x08, 0xF4, 0x74, 0xBC, 0x9E, 0xF9, 0x8D, 0x19, 0x8E,
    0x19, 0x8E, 0x19, 0x8E, 0x1A, 0x8E, 0x1A, 0x8E, 0x1A, 0x96, 0x3A, 0x96, 0x3A, 0x96, 0x3A, 0x96,
    0x19, 0x8E, 0xD8, 0x85, 0x57, 0x75, 0x16, 0x6D, 0x16, 0x65, 0x16, 0x65, 0xF6, 0x64, 0x16, 0x65,
    0xF6, 0x64, 0x86, 0x19, 0x00, 0x00, 0x55, 0x55, 0x00, 0x00, 0x00, 0x00, 0x00, 0x00, 0x00, 0x00,
    0x00, 0x00, 0x00, 0x00, 0x00, 0x00, 0x00, 0x00, 0x00, 0x00, 0x00, 0x00, 0x00, 0x00, 0x00, 0x00,
    0x00, 0x00, 0x00, 0x00, 0x00, 0x00, 0x00, 0x00, 0x00, 0x00, 0x00, 0x00, 0x00, 0x00, 0x00, 0x00,
    0x00, 0x00, 0x00, 0x00, 0x00, 0x00, 0x00, 0x00, 0x00, 0x00, 0x00, 0x00, 0x00, 0x00, 0x00, 0x00,
    0x00, 0x00, 0xD4, 0x74, 0xBC, 0xA6, 0xF9, 0x8D, 0x2C, 0x5B, 0x95, 0xE6, 0x96, 0xE6, 0x96, 0xE6,
    0xB6, 0xE6, 0x96, 0xE6, 0x76, 0xDE, 0x76, 0xDE, 0x76, 0xDE, 0x96, 0xE6, 0x96, 0xE6, 0x96, 0xE6,
    0x73, 0xBD, 0x0E, 0x8C, 0xB7, 0xE6, 0x75, 0xDE, 0x55, 0xDE, 0x55, 0xD6, 0x76, 0xDE, 0x55, 0xDE,
    0x75, 0xDE, 0x75, 0xDE, 0x75, 0xDE, 0x55, 0xDE, 0x35, 0xD6, 0xD4, 0xC5, 0x53, 0xB5, 0x12, 0xAD,
    0x73, 0xB5, 0xED, 0x83, 0x8C, 0x7B, 0xEE, 0x83, 0x8E, 0x5B, 0x72, 0x64, 0x57, 0x7D, 0x98, 0x7D,
    0xB8, 0x85, 0x77, 0x7D, 0x52, 0x64, 0x8E, 0x5B, 0x51, 0x8C, 0xFC, 0xDE, 0x72, 0x8C, 0xA5, 0x41,
    0x48, 0x62, 0x8C, 0x93, 0x4C, 0x8B, 0xAD, 0x9B, 0xE6, 0x49, 0x00, 0x00, 0x55, 0xAD, 0x00, 0x00,
    0x00, 0x00, 0xB0, 0x53, 0x7B, 0x96, 0x19, 0x8E, 0x3A, 0x96, 0x3A, 0x96, 0x3A, 0x8E, 0x3A, 0x8E,
    0x3A, 0x96, 0x3A, 0x96, 0x3A, 0x96, 0x1A, 0x8E, 0xF9, 0x8D, 0xB8, 0x85, 0x77, 0x7D, 0x16, 0x6D,
    0xF5, 0x64, 0xF5, 0x64, 0xF5, 0x64, 0xF5, 0x64, 0xF5, 0x64, 0xF5, 0x64, 0x57, 0x6D, 0xB0, 0x4B,
    0x00, 0x00, 0x00, 0x00, 0x00, 0x00, 0x00, 0x00, 0x00, 0x00, 0x00, 0x00, 0x00, 0x00, 0x00, 0x00,
    0x00, 0x00, 0x00, 0x00, 0x00, 0x00, 0x00, 0x00, 0x00, 0x00, 0x00, 0x00, 0x00, 0x00, 0x00, 0x00,
    0x00, 0x00, 0x00, 0x00, 0x00, 0x00, 0x00, 0x00, 0x00, 0x00, 0x00, 0x00, 0x00, 0x00, 0x00, 0x00,
    0x00, 0x00, 0x00, 0x00, 0x00, 0x00, 0x00, 0x00, 0xFF, 0xFF, 0x00, 0x00, 0xEC, 0x4A, 0xFC, 0xB6,
    0x3A, 0x9E, 0xBC, 0xA6, 0x52, 0x64, 0xAF, 0xA4, 0x17, 0xF7, 0x75, 0xDE, 0x96, 0xE6, 0x96, 0xE6,
    0x96, 0xE6, 0xB6, 0xE6, 0xB6, 0xE6, 0xB6, 0xE6, 0x96, 0xE6, 0x96, 0xE6, 0x93, 0xBD, 0x0E, 0x8C,
    0xB6, 0xE6, 0x75, 0xDE, 0x55, 0xDE, 0x55, 0xDE, 0x76, 0xE6, 0x75, 0xDE, 0x75, 0xDE, 0x75, 0xDE,
    0x75, 0xDE, 0x35, 0xD6, 0xF4, 0xC5, 0x73, 0xB5, 0x32, 0xAD, 0x12, 0xAD, 0x73, 0xB5, 0xD0, 0xA4,
    0xE8, 0x31, 0x36, 0x75, 0x7B, 0x96, 0x9B, 0x96, 0x7B, 0x96, 0x5A, 0x96, 0x5A, 0x96, 0x5A, 0x96,
    0x7B, 0x96, 0x3A, 0x8E, 0xF0, 0x5B, 0x92, 0x8C, 0x18, 0xBE, 0x65, 0x31, 0xAD, 0x9B, 0x6C, 0x8B,
    0x6C, 0x8B, 0x6C, 0x8B, 0xC3, 0x20, 0x00, 0x00, 0xFF, 0xBF, 0x00, 0x00, 0xCC, 0x3A, 0xD9, 0x85,
    0x77, 0x7D, 0xB8, 0x85, 0xD9, 0x85, 0xF9, 0x8D, 0x19, 0x8E, 0x19, 0x8E, 0xF9, 0x8D, 0xD9, 0x85,
    0xB8, 0x85, 0x77, 0x7D, 0x57, 0x75, 0x16, 0x6D, 0xF5, 0x64, 0xF5, 0x64, 0xF5, 0x64, 0xF5, 0x64,
    0xF5, 0x64, 0xF5, 0x64, 0xF5, 0x64, 0xF6, 0x64, 0x36, 0x65, 0x16, 0x65, 0x46, 0x19, 0x00, 0x00,
    0xE7, 0x39, 0x00, 0x00, 0x00, 0x00, 0x00, 0x00, 0x00, 0x00, 0x00, 0x00, 0x00, 0x00, 0x00, 0x00,
    0x00, 0x00, 0x00, 0x00, 0x00, 0x00, 0x00, 0x00, 0x00, 0x00, 0x00, 0x00, 0x00, 0x00, 0x00, 0x00,
    0x00, 0x00, 0x00, 0x00, 0x00, 0x00, 0x00, 0x00, 0x00, 0x00, 0x00, 0x00, 0x00, 0x00, 0x00, 0x00,
    0x00, 0x00, 0xAA, 0x52, 0x00, 0x00, 0xA2, 0x10, 0xD8, 0x9D, 0xDC, 0xB6, 0x7A, 0xA6, 0x5A, 0x9E,
    0x5B, 0x96, 0x4C, 0x5B, 0x75, 0xE6, 0x76, 0xDE, 0x55, 0xDE, 0x75, 0xDE, 0x75, 0xDE, 0x96, 0xE6,
    0x96, 0xE6, 0x96, 0xE6, 0x96, 0xE6, 0x96, 0xE6, 0xB3, 0xC5, 0xED, 0x8B, 0xD7, 0xEE, 0x75, 0xE6,
    0x76, 0xDE, 0x55, 0xDE, 0x96, 0xE6, 0x75, 0xDE, 0x75, 0xDE, 0x75, 0xDE, 0x35, 0xD6, 0xD4, 0xC5,
    0x53, 0xB5, 0x32, 0xAD, 0x12, 0xAD, 0x53, 0xB5, 0xD0, 0xA4, 0x6D, 0x5B, 0x9B, 0x8E, 0xDC, 0x9E,
    0x5B, 0x96, 0x5A, 0x8E, 0x5A, 0x96, 0x3A, 0x96, 0x3A, 0x8E, 0x3A, 0x8E, 0x3A, 0x8E, 0x5B, 0x96,
    0xDD, 0x9E, 0x11, 0x54, 0xB3, 0x94, 0x2C, 0x73, 0x2B, 0x8B, 0x6C, 0x8B, 0x8D, 0x93, 0xA9, 0x72,
    0x00, 0x00, 0xFF, 0xFF, 0x00, 0x00, 0xE8, 0x29, 0x36, 0x6D, 0x36, 0x6D, 0x36, 0x75, 0x57, 0x75,
    0x57, 0x75, 0x57, 0x75, 0x77, 0x75, 0x57, 0x75, 0x57, 0x75, 0x36, 0x6D, 0x16, 0x6D, 0x57, 0x6D,
    0x57, 0x6D, 0x37, 0x6D, 0x37, 0x6D, 0xF6, 0x64, 0xD5, 0x64, 0xF5, 0x64, 0xF5, 0x64, 0xF5, 0x64,
    0xF6, 0x64, 0x16, 0x65, 0x16, 0x65, 0x57, 0x6D, 0x8B, 0x32, 0x00, 0x00, 0xFF, 0xFF, 0x00, 0x00,
    0x00, 0x00, 0x00, 0x00, 0x00, 0x00, 0x00, 0x00, 0x00, 0x00, 0x00, 0x00, 0x00, 0x00, 0x00, 0x00,
    0x00, 0x00, 0x00, 0x00, 0x00, 0x00, 0x00, 0x00, 0x00, 0x00, 0x00, 0x00, 0x00, 0x00, 0x00, 0x00,
    0x00, 0x00, 0x00, 0x00, 0x00, 0x00, 0x00, 0x00, 0x00, 0x00, 0x00, 0x00, 0x00, 0x00, 0x00, 0x00,
    0x00, 0x00, 0xCB, 0x4A, 0x3E, 0xC7, 0x9B, 0xAE, 0x9B, 0xAE, 0x7A, 0xA6, 0xBC, 0xA6, 0x94, 0x6C,
    0x2E, 0x94, 0xD7, 0xEE, 0x35, 0xD6, 0x55, 0xDE, 0x75, 0xDE, 0x95, 0xE6, 0x75, 0xDE, 0x96, 0xE6,
    0x96, 0xE6, 0xD6, 0xEE, 0xF4, 0xCD, 0xCC, 0x83, 0xF7, 0xF6, 0x96, 0xE6, 0x96, 0xE6, 0x75, 0xDE,
    0x96, 0xE6, 0x96, 0xE6, 0x75, 0xDE, 0x35, 0xD6, 0xB3, 0xC5, 0x53, 0xB5, 0x32, 0xAD, 0x32, 0xAD,
    0x32, 0xAD, 0x72, 0xBD, 0x6C, 0x63, 0x3A, 0x86, 0xBC, 0x96, 0x7B, 0x96, 0x7B, 0x96, 0x5B, 0x96,
    0x5A, 0x96, 0x5A, 0x96, 0x3A, 0x96, 0x5A, 0x96, 0x5B, 0x96, 0x5B, 0x8E, 0x5A, 0x96, 0x3A, 0x8E,
    0x8F, 0x53, 0x0C, 0x63, 0xEA, 0x7A, 0x6C, 0x93, 0xAD, 0x9B, 0xA5, 0x41, 0x00, 0x00, 0x00, 0x00,
    0x24, 0x11, 0x94, 0x5C, 0x16, 0x6D, 0xD5, 0x64, 0xF6, 0x64, 0xF6, 0x64, 0x16, 0x65, 0x16, 0x65,
    0x16, 0x65, 0x16, 0x65, 0xF6, 0x64, 0x37, 0x6D, 0x16, 0x65, 0x11, 0x54, 0x6F, 0x43, 0x6F, 0x43,
    0xD0, 0x4B, 0x94, 0x5C, 0x16, 0x6D, 0xD5, 0x64, 0xF5, 0x64, 0xF5, 0x64, 0xF5, 0x64, 0xF5, 0x64,
    0xD5, 0x64, 0x37, 0x6D, 0x0D, 0x3B, 0x00, 0x00, 0x00, 0x00, 0x00, 0x00, 0x00, 0x00, 0x00, 0x00,
    0x00, 0x00, 0x00, 0x00, 0x00, 0x00, 0x00, 0x00, 0x00, 0x00, 0x00, 0x00, 0x00, 0x00, 0x00, 0x00,
    0x00, 0x00, 0x00, 0x00, 0x00, 0x00, 0x00, 0x00, 0x00, 0x00, 0x00, 0x00, 0x00, 0x00, 0x00, 0x00,
    0x00, 0x00, 0x00, 0x00, 0x00, 0x00, 0x00, 0x00, 0xAA, 0x52, 0x00, 0x00, 0xE3, 0x18, 0x19, 0xA6,
    0xDC, 0xBE, 0xBB, 0xB6, 0xBB, 0xB6, 0x9B, 0xAE, 0x7A, 0xA6, 0x9B, 0x9E, 0x2D, 0x53, 0x72, 0xBD,
    0x76, 0xDE, 0x55, 0xDE, 0x96, 0xE6, 0x96, 0xE6, 0x76, 0xDE, 0x96, 0xE6, 0x96, 0xE6, 0xB6, 0xE6,
    0x14, 0xD6, 0xAC, 0x7B, 0xD6, 0xEE, 0xB6, 0xE6, 0xB6, 0xE6, 0x96, 0xE6, 0x96, 0xE6, 0x75, 0xDE,
    0x14, 0xCE, 0x93, 0xBD, 0x52, 0xB5, 0x32, 0xB5, 0x52, 0xB5, 0x32, 0xAD, 0xD4, 0xC5, 0x6C, 0x73,
    0x36, 0x75, 0xDD, 0x9E, 0x5B, 0x96, 0x5B, 0x96, 0x3A, 0x8E, 0x3A, 0x96, 0x3A, 0x96, 0x3A, 0x8E,
    0x3A, 0x8E, 0x3A, 0x8E, 0x3A, 0x8E, 0x19, 0x8E, 0x19, 0x8E, 0x19, 0x8E, 0x98, 0x7D, 0x08, 0x32,
    0x68, 0x6A, 0xAD, 0x9B, 0x0B, 0x83, 0x82, 0x10, 0x00, 0x00, 0x00, 0x00, 0xD1, 0x4B, 0x57, 0x6D,
    0xD5, 0x64, 0xF6, 0x64, 0xF6, 0x64, 0xF6, 0x64, 0x16, 0x65, 0x16, 0x65, 0x16, 0x65, 0xF6, 0x64,
    0x57, 0x6D, 0x12, 0x54, 0xAB, 0x32, 0x4E, 0x43, 0x11, 0x54, 0x32, 0x54, 0xF1, 0x53, 0x0D, 0x3B,
    0xD0, 0x4B, 0x16, 0x6D, 0xD5, 0x64, 0xF5, 0x64, 0xF5, 0x64, 0xF5, 0x64, 0xD5, 0x64, 0x37, 0x6D,
    0x4E, 0x43, 0x00, 0x00, 0x00, 0x00, 0x00, 0x00, 0x00, 0x00, 0x00, 0x00, 0x00, 0x00, 0x00, 0x00,
    0x00, 0x00, 0x00, 0x00, 0x00, 0x00, 0x00, 0x00, 0x00, 0x00, 0x00, 0x00, 0x00, 0x00, 0x00, 0x00,
    0x00, 0x00, 0x00, 0x00, 0x00, 0x00, 0x00, 0x00, 0x00, 0x00, 0x00, 0x00, 0x00, 0x00, 0x00, 0x00,
    0x00, 0x00, 0x00, 0x00, 0x00, 0x00, 0x00, 0x00, 0x4D, 0x53, 0x5E, 0xC7, 0x9B, 0xB6, 0xBC, 0xB6,
    0xBC, 0xB6, 0xBB, 0xB6, 0x7B, 0xA6, 0x5B, 0x96, 0xB8, 0x85, 0xEA, 0x5A, 0xB3, 0xC5, 0xF4, 0xC5,
    0x34, 0xD6, 0x55, 0xD6, 0x55, 0xDE, 0x96, 0xE6, 0x96, 0xE6, 0xB6, 0xE6, 0x14, 0xD6, 0x8C, 0x7B,
    0xB6, 0xEE, 0x95, 0xE6, 0x75, 0xDE, 0x35, 0xD6, 0xF4, 0xCD, 0x93, 0xBD, 0x93, 0xBD, 0x72, 0xB5,
    0x72, 0xB5, 0x52, 0xB5, 0x52, 0xB5, 0xB4, 0xC5, 0x4E, 0x9C, 0x8F, 0x53, 0xBC, 0x9E, 0x3A, 0x8E,
    0x3A, 0x96, 0x3A, 0x8E, 0x3A, 0x8E, 0x3A, 0x8E, 0x3A, 0x8E, 0x3A, 0x8E, 0x3A, 0x8E, 0x1A, 0x8E,
    0x19, 0x8E, 0x19, 0x8E, 0x19, 0x8E, 0x19, 0x8E, 0x3A, 0x8E, 0xED, 0x3A, 0xC6, 0x51, 0xEE, 0xA3,
    0xC6, 0x49, 0x00, 0x00, 0x00, 0x00, 0x0D, 0x3B, 0x57, 0x6D, 0xF5, 0x64, 0xF6, 0x64, 0x16, 0x65,
    0x16, 0x65, 0x16, 0x65, 0x16, 0x65, 0x16, 0x65, 0xF6, 0x64, 0x57, 0x6D, 0xD1, 0x4B, 0xED, 0x3A,
    0xF6, 0x64, 0x57, 0x6D, 0x37, 0x6D, 0x37, 0x6D, 0x37, 0x6D, 0x37, 0x6D, 0xB0, 0x4B, 0x32, 0x54,
    0x16, 0x6D, 0xD5, 0x64, 0xF5, 0x64, 0xF5, 0x64, 0xD5, 0x64, 0x37, 0x6D, 0x6F, 0x4B, 0x00, 0x00,
    0x00, 0x00, 0x00, 0x00, 0x00, 0x00, 0x00, 0x00, 0x00, 0x00, 0x00, 0x00, 0x00, 0x00, 0x00, 0x00,
    0x00, 0x00, 0x00, 0x00, 0x00, 0x00, 0x00, 0x00, 0x00, 0x00, 0x00, 0x00, 0x00, 0x00, 0x00, 0x00,
    0x00, 0x00, 0x00, 0x00, 0x00, 0x00, 0x00, 0x00, 0x00, 0x00, 0x00, 0x00, 0x00, 0x00, 0x00, 0x00,
    0x00, 0x00, 0x00, 0x00, 0x56, 0x8D, 0x3D, 0xBF, 0xBC, 0xB6, 0xDC, 0xB6, 0xBC, 0xB6, 0xBC, 0xB6,
    0x7B, 0xA6, 0x1A, 0x8E, 0x9B, 0x9E, 0x94, 0x6C, 0x6B, 0x73, 0xD4, 0xC5, 0x72, 0xB5, 0x93, 0xBD,
    0xB3, 0xBD, 0xD3, 0xC5, 0xF4, 0xCD, 0x55, 0xD6, 0x55, 0xD6, 0x0A, 0x6B, 0x14, 0xCE, 0xD4, 0xC5,
    0x93, 0xBD, 0x73, 0xBD, 0x72, 0xB5, 0x52, 0xB5, 0x73, 0xBD, 0x73, 0xBD, 0x73, 0xBD, 0x73, 0xBD,
    0x73, 0xB5, 0x93, 0xBD, 0xEA, 0x52, 0xF9, 0x85, 0x5A, 0x96, 0x3A, 0x96, 0x3A, 0x96, 0x3A, 0x96,
    0x3A, 0x8E, 0x1A, 0x8E, 0x1A, 0x8E, 0x1A, 0x8E, 0x3A, 0x8E, 0x3A, 0x8E, 0x1A, 0x8E, 0x3A, 0x8E,
    0x3A, 0x8E, 0x3A, 0x8E, 0x1A, 0x8E, 0xD5, 0x64, 0xE7, 0x49, 0x6C, 0x8B, 0x82, 0x18, 0x00, 0x00,
    0x4E, 0x43, 0x78, 0x6D, 0xF6, 0x64, 0x16, 0x65, 0x16, 0x65, 0x16, 0x65, 0x16, 0x65, 0x16, 0x65,
    0x16, 0x65, 0x16, 0x65, 0x37, 0x6D, 0x73, 0x5C, 0x2D, 0x3B, 0x78, 0x6D, 0x16, 0x65, 0xF6, 0x64,
    0xF6, 0x64, 0xF6, 0x64, 0xF5, 0x64, 0xF6, 0x64, 0x16, 0x65, 0x94, 0x5C, 0xF5, 0x64, 0xF5, 0x64,
    0xF5, 0x64, 0xF5, 0x64, 0xD5, 0x64, 0x37, 0x6D, 0x6F, 0x43, 0x00, 0x00, 0x00, 0x00, 0x00, 0x00,
    0x00, 0x00, 0x00, 0x00, 0x00, 0x00, 0x00, 0x00, 0x00, 0x00, 0x00, 0x00, 0x00, 0x00, 0x00, 0x00,
    0x00, 0x00, 0x00, 0x00, 0x00, 0x00, 0x00, 0x00, 0x00, 0x00, 0x00, 0x00, 0x00, 0x00, 0x00, 0x00,
    0x00, 0x00, 0x00, 0x00, 0x00, 0x00, 0x00, 0x00, 0x00, 0x00, 0xE7, 0x39, 0x00, 0x00, 0x25, 0x19,
    0x9B, 0xAE, 0xFD, 0xBE, 0xDC, 0xB6, 0xDC, 0xB6, 0xDC, 0xB6, 0xBC, 0xB6, 0x5A, 0x9E, 0x3A, 0x8E,
    0x1A, 0x8E, 0x9B, 0x9E, 0x6E, 0x53, 0x0E, 0x8C, 0xB4, 0xBD, 0x52, 0xB5, 0x93, 0xBD, 0xB3, 0xBD,
    0xB3, 0xBD, 0xF1, 0xA4, 0xED, 0x83, 0x27, 0x4A, 0xED, 0x83, 0x93, 0xBD, 0xB3, 0xBD, 0x52, 0xB5,
    0x72, 0xB5, 0x72, 0xB5, 0x73, 0xBD, 0x73, 0xBD, 0x73, 0xBD, 0x73, 0xB5, 0xB4, 0xC5, 0x4E, 0x94,
    0x11, 0x5C, 0x9C, 0x9E, 0x1A, 0x8E, 0x3A, 0x96, 0x3A, 0x96, 0x3A, 0x96, 0x3A, 0x8E, 0x3A, 0x8E,
    0x3A, 0x96, 0x3A, 0x96, 0x3A, 0x96, 0x3A, 0x8E, 0x5A, 0x8E, 0x5A, 0x96, 0x5B, 0x96, 0x5B, 0x96,
    0x3A, 0x8E, 0xD9, 0x7D, 0x4A, 0x3A, 0xC2, 0x28, 0xC3, 0x08, 0xB0, 0x4B, 0x78, 0x6D, 0xF6, 0x64,
    0x16, 0x65, 0x16, 0x65, 0x16, 0x65, 0x16, 0x65, 0x16, 0x65, 0x16, 0x65, 0x16, 0x65, 0x16, 0x65,
    0x57, 0x6D, 0x2E, 0x43, 0xD5, 0x64, 0x37, 0x6D, 0x16, 0x65, 0x16, 0x65, 0x16, 0x65, 0xF6, 0x64,
    0xF6, 0x64, 0xF6, 0x64, 0xF5, 0x64, 0xF6, 0x64, 0xF5, 0x64, 0xF5, 0x64, 0xF5, 0x64, 0xF5, 0x64,
    0xD5, 0x64, 0x37, 0x6D, 0xED, 0x3A, 0x00, 0x00, 0x00, 0x00, 0x00, 0x00, 0x00, 0x00, 0x00, 0x00,
    0x00, 0x00, 0x00, 0x00, 0x00, 0x00, 0x00, 0x00, 0x00, 0x00, 0x00, 0x00, 0x00, 0x00, 0x00, 0x00,
    0x00, 0x00, 0x00, 0x00, 0x00, 0x00, 0x00, 0x00, 0x00, 0x00, 0x00, 0x00, 0x00, 0x00, 0x00, 0x00,
    0x00, 0x00, 0x00, 0x00, 0x00, 0x00, 0x00, 0x00, 0x00, 0x00, 0x8B, 0x42, 0x5E, 0xC7, 0xDC, 0xB6,
    0xDC, 0xB6, 0xDC, 0xB6, 0xDC, 0xB6, 0x9B, 0xA6, 0x3A, 0x8E, 0x3A, 0x96, 0x3A, 0x8E, 0x19, 0x8E,
    0xB8, 0x7D, 0xCC, 0x42, 0x8F, 0x9C, 0xF4, 0xC5, 0x31, 0xAD, 0x6F, 0x94, 0x6C, 0x73, 0x8C, 0x7B,
    0xB0, 0x9C, 0x93, 0xBD, 0x6F, 0x94, 0x0A, 0x63, 0x2E, 0x8C, 0xB4, 0xC5, 0xB3, 0xBD, 0x72, 0xB5,
    0x52, 0xB5, 0x72, 0xB5, 0x73, 0xBD, 0x73, 0xB5, 0xB3, 0xC5, 0x6C, 0x63, 0x1A, 0x8E, 0x5A, 0x96,
    0x3A, 0x96, 0x3A, 0x96, 0x3A, 0x96, 0x3A, 0x96, 0x3A, 0x8E, 0x3A, 0x8E, 0x3A, 0x96, 0x5A, 0x96,
    0x5A, 0x96, 0x5B, 0x8E, 0x7B, 0x96, 0x7B, 0x96, 0x7B, 0x96, 0x7B, 0x96, 0x5A, 0x8E, 0xFA, 0x85,
    0x8F, 0x43, 0xC3, 0x08, 0x53, 0x5C, 0x78, 0x6D, 0xF6, 0x64, 0x16, 0x65, 0x16, 0x65, 0x16, 0x65,
    0x16, 0x65, 0x16, 0x65, 0x16, 0x65, 0x16, 0x65, 0x16, 0x65, 0x37, 0x65, 0xD5, 0x5C, 0xED, 0x3A,
    0x57, 0x6D, 0x16, 0x65, 0x16, 0x65, 0x16, 0x65, 0xF6, 0x64, 0xF6, 0x64, 0xF6, 0x64, 0xF6, 0x64,
    0xF6, 0x64, 0xF6, 0x64, 0xF6, 0x64, 0xF5, 0x64, 0xF5, 0x64, 0xF5, 0x64, 0xD5, 0x64, 0x57, 0x6D,
    0x8B, 0x32, 0x00, 0x00, 0x00, 0x00, 0x00, 0x00, 0x00, 0x00, 0x00, 0x00, 0x00, 0x00, 0x00, 0x00,
    0x00, 0x00, 0x00, 0x00, 0x00, 0x00, 0x00, 0x00, 0x00, 0x00, 0x00, 0x00, 0x00, 0x00, 0x00, 0x00,
    0x00, 0x00, 0x00, 0x00, 0x00, 0x00, 0x00, 0x00, 0x00, 0x00, 0x00, 0x00, 0x00, 0x00, 0x00, 0x00,
    0x00, 0x00, 0x00, 0x00, 0x00, 0x00, 0x6E, 0x53, 0x7F, 0xC7, 0xDC, 0xB6, 0xFC, 0xBE, 0xFC, 0xB6,
    0x9B, 0xA6, 0x5A, 0x96, 0x3A, 0x8E, 0x3A, 0x96, 0x3A, 0x96, 0xD9, 0x85, 0x77, 0x75, 0x16, 0x6D,
    0xEC, 0x4A, 0x6B, 0x7B, 0xCD, 0x7B, 0x4F, 0x94, 0x52, 0xB5, 0xD4, 0xC5, 0xB3, 0xBD, 0x52, 0xB5,
    0xB3, 0xC5, 0x73, 0xBD, 0x6C, 0x73, 0x0A, 0x63, 0x6F, 0x94, 0x73, 0xBD, 0xB3, 0xC5, 0xB3, 0xBD,
    0x73, 0xBD, 0x93, 0xBD, 0x8F, 0x9C, 0x4E, 0x53, 0xBC, 0x9E, 0x3A, 0x96, 0x3A, 0x96, 0x3A, 0x96,
    0x3A, 0x8E, 0x3A, 0x8E, 0x3A, 0x96, 0x3A, 0x96, 0x19, 0x8E, 0x3A, 0x8E, 0x3A, 0x8E, 0x3A, 0x8E,
    0x5A, 0x8E, 0x5B, 0x96, 0x5A, 0x96, 0x3A, 0x8E, 0x3A, 0x96, 0xB8, 0x7D, 0x32, 0x54, 0x2E, 0x43,
    0x78, 0x6D, 0xF6, 0x64, 0x16, 0x65, 0x16, 0x65, 0x16, 0x65, 0x16, 0x65, 0x16, 0x65, 0x16, 0x65,
    0x16, 0x65, 0x16, 0x65, 0x16, 0x65, 0x57, 0x6D, 0x32, 0x54, 0xAB, 0x32, 0x78, 0x6D, 0xF6, 0x64,
    0x16, 0x65, 0x16, 0x65, 0xF6, 0x64, 0xF6, 0x64, 0xF6, 0x64, 0xF6, 0x64, 0xF6, 0x64, 0xF6, 0x64,
    0xF6, 0x64, 0xF6, 0x64, 0xF5, 0x64, 0xF6, 0x64, 0xF6, 0x64, 0x57, 0x6D, 0x4A, 0x32, 0x00, 0x00,
    0xFF, 0xFF, 0x00, 0x00, 0x00, 0x00, 0x00, 0x00, 0x00, 0x00, 0x00, 0x00, 0x00, 0x00, 0x00, 0x00,
    0x00, 0x00, 0x00, 0x00, 0x00, 0x00, 0x00, 0x00, 0x00, 0x00, 0x00, 0x00, 0x00, 0x00, 0x00, 0x00,
    0x00, 0x00, 0x00, 0x00, 0x00, 0x00, 0x00, 0x00, 0x00, 0x00, 0x00, 0x00, 0x00, 0x00, 0x00, 0x00,
    0x00, 0x00, 0x11, 0x5C, 0x3E, 0xB7, 0xDC, 0xB6, 0xDC, 0xAE, 0x9B, 0x9E, 0x5A, 0x8E, 0x3A, 0x8E,
    0x3A, 0x96, 0x3A, 0x96, 0x1A, 0x8E, 0x78, 0x7D, 0x36, 0x6D, 0x36, 0x6D, 0xD5, 0x5C, 0x8A, 0x3A,
    0x31, 0xB5, 0x55, 0xD6, 0x93, 0xBD, 0x52, 0xB5, 0x52, 0xB5, 0x72, 0xB5, 0x52, 0xB5, 0x73, 0xBD,
    0xB4, 0xC5, 0xD1, 0xA4, 0x4B, 0x73, 0x2A, 0x6B, 0xAD, 0x7B, 0x90, 0x9C, 0x52, 0xB5, 0x35, 0xD6,
    0xCC, 0x83, 0xF0, 0x53, 0xBC, 0x9E, 0x1A, 0x8E, 0x3A, 0x8E, 0x3A, 0x8E, 0x3A, 0x8E, 0x3A, 0x8E,
    0x1A, 0x8E, 0x1A, 0x96, 0x3A, 0x96, 0x1A, 0x8E, 0x1A, 0x8E, 0x3A, 0x8E, 0x3A, 0x8E, 0x3A, 0x8E,
    0x3A, 0x96, 0x3A, 0x96, 0x3A, 0x96, 0xB8, 0x7D, 0xB4, 0x5C, 0x8B, 0x32, 0x37, 0x6D, 0x16, 0x65,
    0x16, 0x65, 0x16, 0x65, 0x16, 0x65, 0x16, 0x65, 0x16, 0x65, 0x16, 0x65, 0x16, 0x65, 0x16, 0x65,
    0x16, 0x65, 0x57, 0x6D, 0x12, 0x54, 0xED, 0x3A, 0x78, 0x6D, 0xF6, 0x64, 0x16, 0x65, 0x16, 0x65,
    0xF6, 0x64, 0xF6, 0x64, 0xF6, 0x64, 0xF6, 0x64, 0xF6, 0x64, 0xF6, 0x64, 0xF6, 0x64, 0xF6, 0x64,
    0xF6, 0x64, 0xF5, 0x64, 0x16, 0x6D, 0xB5, 0x64, 0xE4, 0x10, 0x00, 0x00, 0xE7, 0x01, 0x00, 0x00,
    0x00, 0x00, 0x00, 0x00, 0x00, 0x00, 0x00, 0x00, 0x00, 0x00, 0x00, 0x00, 0x00, 0x00, 0x00, 0x00,
    0x00, 0x00, 0x00, 0x00, 0x00, 0x00, 0x00, 0x00, 0x00, 0x00, 0x00, 0x00, 0x00, 0x00, 0x00, 0x00,
    0x00, 0x00, 0x00, 0x00, 0x00, 0x00, 0x00, 0x00, 0x00, 0x00, 0x00, 0x00, 0x00, 0x00, 0x52, 0x64,
    0xDD, 0x9E, 0x5B, 0x96, 0x5B, 0x96, 0x5B, 0x8E, 0x5A, 0x96, 0x5A, 0x96, 0x3A, 0x8E, 0x3A, 0x8E,
    0xB9, 0x85, 0x57, 0x75, 0x16, 0x6D, 0xF5, 0x64, 0x16, 0x6D, 0x16, 0x65, 0x0C, 0x43, 0x2E, 0x94,
    0xD4, 0xC5, 0x72, 0xB5, 0x52, 0xB5, 0x52, 0xB5, 0x72, 0xB5, 0x73, 0xBD, 0x52, 0xB5, 0x73, 0xBD,
    0xB3, 0xBD, 0x52, 0xB5, 0x8F, 0x9C, 0x6C, 0x73, 0xEA, 0x62, 0xED, 0x83, 0x07, 0x4A, 0x11, 0x5C,
    0xBC, 0x9E, 0x1A, 0x8E, 0x3A, 0x8E, 0x3A, 0x8E, 0x3A, 0x8E, 0x3A, 0x96, 0x5A, 0x9E, 0x3A, 0x96,
    0x1A, 0x8E, 0x3A, 0x96, 0x3A, 0x8E, 0x3A, 0x8E, 0x3A, 0x8E, 0x3A, 0x96, 0x3A, 0x96, 0x3A, 0x8E,
    0x5A, 0x96, 0x98, 0x7D, 0x16, 0x65, 0xCC, 0x32, 0xF6, 0x64, 0x36, 0x65, 0x16, 0x65, 0x16, 0x65,
    0x16, 0x65, 0x16, 0x65, 0x16, 0x65, 0x16, 0x65, 0x16, 0x65, 0x16, 0x65, 0x16, 0x65, 0x37, 0x6D,
    0x94, 0x5C, 0x0D, 0x3B, 0x57, 0x6D, 0xF6, 0x64, 0xF6, 0x64, 0xF6, 0x64, 0xF6, 0x64, 0xF6, 0x64,
    0xF6, 0x64, 0xF6, 0x64, 0xF6, 0x64, 0xF6, 0x64, 0xF6, 0x64, 0xF6, 0x64, 0xF6, 0x64, 0xD5, 0x64,
    0x57, 0x6D, 0x0E, 0x43, 0x00, 0x00, 0x00, 0x00, 0x00, 0x00, 0x00, 0x00, 0x00, 0x00, 0x00, 0x00,
    0x00, 0x00, 0x00, 0x00, 0x00, 0x00, 0x00, 0x00, 0x00, 0x00, 0x00, 0x00, 0x00, 0x00, 0x00, 0x00,
    0x00, 0x00, 0x00, 0x00, 0x00, 0x00, 0x00, 0x00, 0x00, 0x00, 0x00, 0x00, 0x00, 0x00, 0x00, 0x00,
    0x00, 0x00, 0x00, 0x00, 0x00, 0x00, 0x00, 0x00, 0x00, 0x00, 0x52, 0x64, 0xFD, 0x9E, 0x3A, 0x8E,
    0x5B, 0x96, 0x5B, 0x96, 0x5A, 0x96, 0xF9, 0x85, 0xD9, 0x85, 0xD9, 0x85, 0x57, 0x75, 0x36, 0x6D,
    0xF6, 0x6C, 0xF6, 0x64, 0xF5, 0x64, 0x16, 0x6D, 0x37, 0x65, 0x4E, 0x43, 0x6C, 0x73, 0x52, 0xB5,
    0xD4, 0xC5, 0xB3, 0xBD, 0x72, 0xBD, 0x52, 0xB5, 0x72, 0xB5, 0x52, 0xB5, 0x52, 0xB5, 0x72, 0xB5,
    0x93, 0xBD, 0xB4, 0xC5, 0x72, 0xB5, 0xD0, 0xA4, 0xA8, 0x5A, 0x6E, 0x4B, 0xBC, 0x9E, 0x19, 0x8E,
    0x3A, 0x8E, 0x1A, 0x8E, 0x3A, 0x96, 0x9B, 0xAE, 0xBB, 0xB6, 0x7B, 0xA6, 0x3A, 0x96, 0x3A, 0x8E,
    0x3A, 0x8E, 0x3A, 0x8E, 0x3A, 0x96, 0x3A, 0x96, 0x3A, 0x8E, 0x5A, 0x96, 0x5A, 0x8E, 0x98, 0x7D,
    0x37, 0x6D, 0xCC, 0x3A, 0xD5, 0x64, 0x37, 0x65, 0x16, 0x65, 0x16, 0x65, 0x16, 0x65, 0x16, 0x65,
    0x16, 0x65, 0x16, 0x65, 0x16, 0x65, 0x16, 0x65, 0x16, 0x65, 0x16, 0x65, 0x16, 0x65, 0xCC, 0x3A,
    0xF6, 0x64, 0xF6, 0x64, 0xF6, 0x64, 0xF6, 0x64, 0xF6, 0x64, 0xF6, 0x64, 0xF6, 0x64, 0xF6, 0x64,
    0xF6, 0x64, 0xF6, 0x64, 0xF6, 0x64, 0xF5, 0x64, 0xF6, 0x64, 0x16, 0x65, 0x16, 0x65, 0x66, 0x19,
    0x00, 0x00, 0xB5, 0x52, 0x00, 0x00, 0x00, 0x00, 0x00, 0x00, 0x00, 0x00, 0x00, 0x00, 0x00, 0x00,
    0x00, 0x00, 0x00, 0x00, 0x00, 0x00, 0x00, 0x00, 0x00, 0x00, 0x00, 0x00, 0x00, 0x00, 0x00, 0x00,
    0x00, 0x00, 0x00, 0x00, 0x00, 0x00, 0x00, 0x00, 0x00, 0x00, 0x00, 0x00, 0x00, 0x00, 0x00, 0x00,
    0x00, 0x00, 0x00, 0x00, 0x00, 0x00, 0x73, 0x64, 0x9C, 0x96, 0x5A, 0x8E, 0x5B, 0x96, 0x3A, 0x8E,
    0xD9, 0x85, 0x78, 0x75, 0x78, 0x7D, 0x57, 0x75, 0x36, 0x6D, 0x16, 0x6D, 0xF6, 0x64, 0xF6, 0x64,
    0xF6, 0x64, 0xF5, 0x64, 0xF5, 0x64, 0x57, 0x6D, 0x33, 0x54, 0x04, 0x21, 0x2B, 0x6B, 0xD0, 0xA4,
    0xD4, 0xC5, 0xD4, 0xC5, 0x93, 0xBD, 0x72, 0xB5, 0x52, 0xB5, 0x72, 0xB5, 0x52, 0xB5, 0x52, 0xB5,
    0x52, 0xB5, 0xB4, 0xC5, 0xD4, 0xC5, 0xEB, 0x52, 0x1A, 0x8E, 0x3A, 0x96, 0x1A, 0x8E, 0x19, 0x8E,
    0x5A, 0x9E, 0xBB, 0xB6, 0xBB, 0xB6, 0xBB, 0xB6, 0x5A, 0x9E, 0x3A, 0x8E, 0x3A, 0x8E, 0x3A, 0x8E,
    0x3A, 0x96, 0x3A, 0x96, 0x3A, 0x8E, 0x5A, 0x96, 0x3A, 0x8E, 0x98, 0x75, 0x57, 0x6D, 0xED, 0x3A,
    0xD5, 0x64, 0x37, 0x65, 0x16, 0x65, 0x16, 0x65, 0x16, 0x65, 0x16, 0x65, 0x16, 0x65, 0x16, 0x65,
    0x16, 0x65, 0x16, 0x65, 0x16, 0x65, 0xF6, 0x64, 0x57, 0x6D, 0x6F, 0x43, 0xF1, 0x53, 0x57, 0x6D,
    0xD5, 0x64, 0xF6, 0x64, 0xF5, 0x64, 0xF5, 0x64, 0xF5, 0x64, 0xF5, 0x64, 0xF5, 0x64, 0xF6, 0x64,
    0xF6, 0x64, 0xF6, 0x64, 0xD5, 0x64, 0x78, 0x6D, 0xEC, 0x3A, 0x00, 0x00, 0xFF, 0xFF, 0x00, 0x00,
    0x00, 0x00, 0x00, 0x00, 0x00, 0x00, 0x00, 0x00, 0x00, 0x00, 0x00, 0x00, 0x00, 0x00, 0x00, 0x00,
    0x00, 0x00, 0x00, 0x00, 0x00, 0x00, 0x00, 0x00, 0x00, 0x00, 0x00, 0x00, 0x00, 0x00, 0x00, 0x00,
    0x00, 0x00, 0x00, 0x00, 0x00, 0x00, 0x00, 0x00, 0x00, 0x00, 0x00, 0x00, 0x00, 0x00, 0x00, 0x00,
    0x00, 0x00, 0x11, 0x54, 0xFA, 0x85, 0xB8, 0x7D, 0xB8, 0x7D, 0x98, 0x7D, 0x77, 0x75, 0x77, 0x75,
    0x57, 0x75, 0x36, 0x6D, 0x16, 0x6D, 0xF6, 0x64, 0xF6, 0x64, 0xF6, 0x64, 0xF6, 0x64, 0xF6, 0x64,
    0xD5, 0x64, 0x37, 0x6D, 0x0D, 0x43, 0x00, 0x00, 0x00, 0x00, 0x81, 0x10, 0xC9, 0x5A, 0xCD, 0x83,
    0xD0, 0xA4, 0x93, 0xBD, 0xD4, 0xC5, 0xD4, 0xC5, 0xD4, 0xC5, 0xD4, 0xC5, 0xD4, 0xC5, 0x52, 0xB5,
    0x11, 0xAD, 0xE6, 0x41, 0x32, 0x5C, 0x9B, 0x9E, 0x19, 0x8E, 0x19, 0x8E, 0x3A, 0x96, 0x9B, 0xB6,
    0x9B, 0xB6, 0xBB, 0xB6, 0x5A, 0x9E, 0x3A, 0x8E, 0x3A, 0x8E, 0x3A, 0x96, 0x3A, 0x96, 0x3A, 0x8E,
    0x3A, 0x96, 0x5B, 0x96, 0x1A, 0x86, 0x77, 0x75, 0x57, 0x6D, 0x0D, 0x3B, 0xB4, 0x5C, 0x37, 0x65,
    0x16, 0x65, 0x16, 0x65, 0x16, 0x65, 0x16, 0x65, 0x16, 0x65, 0x16, 0x65, 0x16, 0x65, 0x16, 0x65,
    0x16, 0x65, 0xF6, 0x64, 0xF6, 0x64, 0x16, 0x65, 0xED, 0x3A, 0x53, 0x5C, 0x57, 0x6D, 0xD5, 0x64,
    0xD5, 0x64, 0xF5, 0x64, 0xF5, 0x64, 0xF5, 0x64, 0xF5, 0x64, 0xF5, 0x64, 0xF6, 0x64, 0xD5, 0x64,
    0x77, 0x75, 0x32, 0x54, 0x61, 0x08, 0x00, 0x00, 0xAA, 0x02, 0x00, 0x00, 0x00, 0x00, 0x00, 0x00,
    0x00, 0x00, 0x00, 0x00, 0x00, 0x00, 0x00, 0x00, 0x00, 0x00, 0x00, 0x00, 0x00, 0x00, 0x00, 0x00,
    0x00, 0x00, 0x00, 0x00, 0x00, 0x00, 0x00, 0x00, 0x00, 0x00, 0x00, 0x00, 0x00, 0x00, 0x00, 0x00,
    0x00, 0x00, 0x00, 0x00, 0x00, 0x00, 0x00, 0x00, 0x00, 0x00, 0xFF, 0xFF, 0x61, 0x08, 0x6E, 0x4B,
    0x1A, 0x86, 0x77, 0x75, 0x77, 0x75, 0x77, 0x75, 0x57, 0x75, 0x57, 0x75, 0x36, 0x6D, 0x16, 0x6D,
    0xF6, 0x64, 0xF5, 0x64, 0xF6, 0x64, 0xF6, 0x64, 0xF6, 0x64, 0xF5, 0x64, 0x37, 0x6D, 0x32, 0x54,
    0x00, 0x00, 0x00, 0x00, 0x00, 0x00, 0x00, 0x00, 0x00, 0x00, 0x00, 0x00, 0x61, 0x08, 0x07, 0x42,
    0x68, 0x52, 0x68, 0x52, 0xEA, 0x62, 0xA9, 0x5A, 0xC6, 0x39, 0x2C, 0x63, 0xF0, 0x7B, 0x72, 0x8C,
    0x0D, 0x53, 0x3A, 0x8E, 0x19, 0x8E, 0x19, 0x8E, 0x19, 0x8E, 0x5A, 0xA6, 0x9B, 0xB6, 0x9B, 0xB6,
    0x5A, 0x96, 0x1A, 0x8E, 0x3A, 0x8E, 0x3A, 0x8E, 0x3A, 0x96, 0x3A, 0x8E, 0x5A, 0x96, 0x3A, 0x8E,
    0xD9, 0x7D, 0x37, 0x6D, 0x58, 0x6D, 0x0D, 0x3B, 0x94, 0x5C, 0x37, 0x6D, 0x16, 0x65, 0x16, 0x65,
    0x16, 0x65, 0x16, 0x65, 0x16, 0x65, 0x16, 0x65, 0x16, 0x65, 0xF6, 0x64, 0xF6, 0x64, 0xF6, 0x64,
    0xF5, 0x64, 0x16, 0x6D, 0xB4, 0x64, 0x29, 0x2A, 0xD0, 0x4B, 0x57, 0x6D, 0x16, 0x65, 0xD5, 0x64,
    0xD5, 0x64, 0xD5, 0x64, 0xF5, 0x64, 0xF5, 0x64, 0xF5, 0x64, 0x37, 0x6D, 0x73, 0x5C, 0x45, 0x19,
    0x00, 0x00, 0xB5, 0x52, 0x00, 0x00, 0x00, 0x00, 0x00, 0x00, 0x00, 0x00, 0x00, 0x00, 0x00, 0x00,
    0x00, 0x00, 0x00, 0x00, 0x00, 0x00, 0x00, 0x00, 0x00, 0x00, 0x00, 0x00, 0x00, 0x00, 0x00, 0x00,
    0x00, 0x00, 0x00, 0x00, 0x00, 0x00, 0x00, 0x00, 0x00, 0x00, 0x00, 0x00, 0x00, 0x00, 0x00, 0x00,
    0x00, 0x00, 0x00, 0x00, 0xB5, 0x52, 0x00, 0x00, 0x00, 0x00, 0xCC, 0x3A, 0xF9, 0x85, 0x77, 0x75,
    0x77, 0x75, 0x57, 0x75, 0x36, 0x6D, 0x16, 0x6D, 0xF6, 0x6C, 0xF5, 0x64, 0xF5, 0x64, 0xF5, 0x64,
    0xF5, 0x64, 0xF5, 0x64, 0xF5, 0x64, 0xF5, 0x64, 0x57, 0x6D, 0x6A, 0x32, 0x00, 0x00, 0xF7, 0x7B,
    0x00, 0x00, 0xA0, 0x52, 0xFF, 0xFF, 0x00, 0x00, 0x00, 0x00, 0x00, 0x00, 0x00, 0x00, 0x00, 0x00,
    0x00, 0x00, 0x00, 0x00, 0x00, 0x00, 0xC7, 0x31, 0xEC, 0x5A, 0x4D, 0x63, 0xE3, 0x18, 0x31, 0x64,
    0x9B, 0x9E, 0x19, 0x8E, 0x19, 0x8E, 0x39, 0x8E, 0x5A, 0x9E, 0x3A, 0x96, 0x1A, 0x8E, 0x1A, 0x8E,
    0x3A, 0x8E, 0x3A, 0x8E, 0x3A, 0x96, 0x3A, 0x8E, 0x5A, 0x96, 0xF9, 0x85, 0x98, 0x75, 0x16, 0x65,
    0x57, 0x6D, 0x2E, 0x3B, 0x94, 0x5C, 0x37, 0x65, 0xF6, 0x64, 0x16, 0x65, 0x16, 0x65, 0x16, 0x65,
    0xF6, 0x64, 0xF6, 0x64, 0xF6, 0x64, 0xF5, 0x64, 0xF5, 0x64, 0xF5, 0x64, 0xF6, 0x64, 0xF5, 0x64,
    0x16, 0x6D, 0xF5, 0x64, 0xAB, 0x32, 0xCC, 0x3A, 0x73, 0x5C, 0x16, 0x6D, 0x37, 0x6D, 0x16, 0x6D,
    0x16, 0x6D, 0x57, 0x6D, 0x77, 0x6D, 0xB0, 0x4B, 0xA2, 0x08, 0x00, 0x00, 0xEF, 0x7B, 0x00, 0x00,
    0x00, 0x00, 0x00, 0x00, 0x00, 0x00, 0x00, 0x00, 0x00, 0x00, 0x00, 0x00, 0x00, 0x00, 0x00, 0x00,
    0x00, 0x00, 0x00, 0x00, 0x00, 0x00, 0x00, 0x00, 0x00, 0x00, 0x00, 0x00, 0x00, 0x00, 0x00, 0x00,
    0x00, 0x00, 0x00, 0x00, 0x00, 0x00, 0x00, 0x00, 0x00, 0x00, 0x00, 0x00, 0x00, 0x00, 0xEF, 0x7B,
    0x00, 0x00, 0x82, 0x08, 0x52, 0x64, 0xF9, 0x85, 0x77, 0x75, 0x77, 0x75, 0x57, 0x75, 0x36, 0x75,
    0x16, 0x6D, 0xF5, 0x64, 0xF5, 0x64, 0xF5, 0x64, 0xF5, 0x64, 0xF5, 0x64, 0xF5, 0x64, 0xF5, 0x64,
    0xF5, 0x64, 0x16, 0x65, 0x73, 0x5C, 0xA3, 0x10, 0xE0, 0x07, 0xE7, 0x01, 0x00, 0x00, 0x00, 0x00,
    0x00, 0x00, 0x00, 0x00, 0x00, 0x50, 0xE7, 0x7B, 0x55, 0xAD, 0x55, 0xAD, 0xFF, 0xFF, 0x00, 0x00,
    0x00, 0x00, 0x00, 0x00, 0x00, 0x00, 0x00, 0x00, 0x00, 0x00, 0xE8, 0x29, 0x7B, 0x96, 0x39, 0x8E,
    0x19, 0x8E, 0x19, 0x8E, 0x19, 0x8E, 0x19, 0x8E, 0x19, 0x8E, 0x1A, 0x8E, 0x3A, 0x8E, 0x3A, 0x8E,
    0x3A, 0x96, 0x5A, 0x96, 0x19, 0x8E, 0x98, 0x7D, 0x57, 0x75, 0xF6, 0x64, 0x57, 0x6D, 0x0D, 0x3B,
    0xB5, 0x64, 0x98, 0x75, 0x57, 0x6D, 0x37, 0x6D, 0x16, 0x65, 0xF5, 0x64, 0xF5, 0x64, 0xF5, 0x64,
    0xF5, 0x64, 0xF5, 0x64, 0xF5, 0x64, 0xF5, 0x64, 0xF5, 0x64, 0xF5, 0x64, 0xD5, 0x64, 0xF5, 0x64,
    0x37, 0x6D, 0x11, 0x54, 0x6A, 0x32, 0x8B, 0x32, 0x0D, 0x3B, 0xF1, 0x53, 0x53, 0x5C, 0x8F, 0x4B,
    0x4A, 0x2A, 0x00, 0x00, 0x00, 0x00, 0xFF, 0x7B, 0x00, 0x00, 0x00, 0x00, 0x00, 0x00, 0x00, 0x00,
    0x00, 0x00, 0x00, 0x00, 0x00, 0x00, 0x00, 0x00, 0x00, 0x00, 0x00, 0x00, 0x00, 0x00, 0x00, 0x00,
    0x00, 0x00, 0x00, 0x00, 0x00, 0x00, 0x00, 0x00, 0x00, 0x00, 0x00, 0x00, 0x00, 0x00, 0x00, 0x00,
    0x00, 0x00, 0x00, 0x00, 0x00, 0x00, 0x00, 0x00, 0xEF, 0x7B, 0xFF, 0xFF, 0xA7, 0x21, 0x77, 0x7D,
    0x1E, 0xA7, 0xF5, 0x74, 0xD8, 0x85, 0xB8, 0x7D, 0x56, 0x75, 0x36, 0x6D, 0xF6, 0x6C, 0xF5, 0x64,
    0xF5, 0x64, 0xF5, 0x64, 0xF5, 0x64, 0xF5, 0x64, 0xF5, 0x64, 0xD5, 0x64, 0xD5, 0x64, 0x57, 0x6D,
    0x4E, 0x43, 0x00, 0x00, 0x00, 0x00, 0x00, 0x00, 0x00, 0x00, 0x00, 0x00, 0x00, 0x00, 0x00, 0x00,
    0x00, 0x00, 0x00, 0x00, 0x00, 0x00, 0x00, 0x00, 0x00, 0x00, 0x00, 0x00, 0x00, 0x00, 0xE7, 0x39,
    0x55, 0xAD, 0xD3, 0x9C, 0xFF, 0xFF, 0x20, 0x00, 0xF5, 0x6C, 0x5A, 0x96, 0x19, 0x8E, 0xF9, 0x8D,
    0xD9, 0x85, 0xF9, 0x8D, 0x19, 0x8E, 0x1A, 0x8E, 0x3A, 0x8E, 0x3A, 0x96, 0x1A, 0x8E, 0xD9, 0x85,
    0x98, 0x7D, 0x57, 0x75, 0x16, 0x65, 0xF6, 0x64, 0x78, 0x6D, 0x6A, 0x32, 0x66, 0x19, 0xED, 0x3A,
    0xB0, 0x4B, 0x94, 0x5C, 0x16, 0x6D, 0x57, 0x6D, 0x37, 0x6D, 0x36, 0x6D, 0x16, 0x65, 0xF5, 0x64,
    0xD5, 0x64, 0xD5, 0x64, 0xD5, 0x64, 0xD5, 0x64, 0xD5, 0x64, 0xD5, 0x64, 0xD5, 0x64, 0x37, 0x6D,
    0x57, 0x6D, 0xD5, 0x64, 0x32, 0x54, 0xED, 0x3A, 0x66, 0x19, 0x00, 0x00, 0x00, 0x00, 0x00, 0x00,
    0xAA, 0x02, 0x00, 0x00, 0x00, 0x00, 0x00, 0x00, 0x00, 0x00, 0x00, 0x00, 0x00, 0x00, 0x00, 0x00,
    0x00, 0x00, 0x00, 0x00, 0x00, 0x00, 0x00, 0x00, 0x00, 0x00, 0x00, 0x00, 0x00, 0x00, 0x00, 0x00,
    0x00, 0x00, 0x00, 0x00, 0x00, 0x00, 0x00, 0x00, 0x00, 0x00, 0x00, 0x00, 0x00, 0x00, 0x00, 0x00,
    0x00, 0x00, 0x00, 0x00, 0x00, 0x00, 0x00, 0x00, 0xEC, 0x42, 0x77, 0x7D, 0xD0, 0x5B, 0x73, 0x64,
    0x5A, 0x96, 0x77, 0x7D, 0x57, 0x75, 0x36, 0x6D, 0xF5, 0x64, 0xF5, 0x64, 0xF5, 0x64, 0xF5, 0x64,
    0xD5, 0x64, 0xD5, 0x64, 0xF5, 0x64, 0x16, 0x6D, 0x57, 0x6D, 0x57, 0x6D, 0x4A, 0x32, 0xFF, 0x07,
    0xFF, 0xFF, 0x00, 0x00, 0x00, 0x00, 0x00, 0x00, 0x00, 0x00, 0x00, 0x00, 0x00, 0x00, 0x00, 0x00,
    0x00, 0x00, 0x00, 0x00, 0x00, 0x00, 0x00, 0x00, 0x00, 0x00, 0x00, 0x00, 0x00, 0x00, 0x00, 0x00,
    0x00, 0x00, 0x00, 0x00, 0x0D, 0x43, 0xB8, 0x7D, 0x98, 0x7D, 0xB8, 0x85, 0x97, 0x7D, 0x77, 0x7D,
    0x97, 0x7D, 0xB8, 0x7D, 0xB8, 0x85, 0xB8, 0x85, 0x98, 0x7D, 0x77, 0x75, 0x37, 0x6D, 0xF6, 0x64,
    0xF6, 0x64, 0xF6, 0x64, 0x78, 0x6D, 0x8B, 0x32, 0x00, 0x00, 0x00, 0x00, 0x00, 0x00, 0x82, 0x08,
    0xC8, 0x21, 0xAC, 0x32, 0x4E, 0x43, 0xF1, 0x53, 0xB5, 0x64, 0x16, 0x6D, 0x37, 0x6D, 0x57, 0x6D,
    0x37, 0x6D, 0x57, 0x6D, 0x57, 0x6D, 0x37, 0x6D, 0x37, 0x6D, 0xF5, 0x64, 0x53, 0x5C, 0x6F, 0x43,
    0x29, 0x2A, 0xE4, 0x10, 0x00, 0x00, 0x00, 0x00, 0x00, 0x00, 0x00, 0x00, 0x00, 0x00, 0x00, 0x00,
    0x00, 0x00, 0x00, 0x00, 0x00, 0x00, 0x00, 0x00, 0x00, 0x00, 0x00, 0x00, 0x00, 0x00, 0x00, 0x00,
    0x00, 0x00, 0x00, 0x00, 0x00, 0x00, 0x00, 0x00, 0x00, 0x00, 0x00, 0x00, 0x00, 0x00, 0x00, 0x00,
    0x00, 0x00, 0x00, 0x00, 0x00, 0x00, 0x00, 0x00, 0x00, 0x00, 0x00, 0x00, 0x00, 0x00, 0x00, 0x00,
    0x00, 0x00, 0x00, 0x00, 0x00, 0x00, 0x00, 0x00, 0x86, 0x21, 0x7B, 0x96, 0xD8, 0x85, 0xD9, 0x7D,
    0xF5, 0x6C, 0xD5, 0x6C, 0x16, 0x6D, 0xD5, 0x64, 0xD5, 0x64, 0xF5, 0x64, 0x36, 0x6D, 0x57, 0x6D,
    0x16, 0x6D, 0x53, 0x5C, 0x0D, 0x43, 0x86, 0x19, 0x00, 0x00, 0xFF, 0x07, 0x00, 0x00, 0x00, 0x00,
    0x00, 0x00, 0x00, 0x00, 0x00, 0x00, 0x00, 0x00, 0x00, 0x00, 0x00, 0x00, 0x00, 0x00, 0x00, 0x00,
    0x00, 0x00, 0x00, 0x00, 0x00, 0x00, 0x00, 0x00, 0x00, 0x00, 0x00, 0x00, 0x55, 0x55, 0x00, 0x00,
    0x86, 0x19, 0x16, 0x6D, 0x16, 0x6D, 0x56, 0x75, 0x57, 0x75, 0x77, 0x75, 0x36, 0x75, 0x36, 0x6D,
    0x36, 0x6D, 0x36, 0x6D, 0x36, 0x6D, 0x16, 0x6D, 0xF6, 0x64, 0xF6, 0x64, 0xF6, 0x64, 0xF5, 0x64,
    0x57, 0x6D, 0x6B, 0x32, 0xE7, 0x19, 0x20, 0x00, 0x00, 0x00, 0x00, 0x00, 0x00, 0x00, 0x00, 0x00,
    0x00, 0x00, 0x00, 0x00, 0x04, 0x11, 0xE8, 0x29, 0x6B, 0x32, 0xCC, 0x3A, 0xCC, 0x3A, 0xCC, 0x3A,
    0xCC, 0x3A, 0x8B, 0x32, 0x09, 0x2A, 0x45, 0x19, 0x61, 0x00, 0x00, 0x00, 0x00, 0x00, 0x00, 0x00,
    0x00, 0x00, 0x00, 0x00, 0x00, 0x00, 0x00, 0x00, 0x00, 0x00, 0x00, 0x00, 0x00, 0x00, 0x00, 0x00,
    0x00, 0x00, 0x00, 0x00, 0x00, 0x00, 0x00, 0x00, 0x00, 0x00, 0x00, 0x00, 0x00, 0x00, 0x00, 0x00,
    0x00, 0x00, 0x00, 0x00, 0x00, 0x00, 0x00, 0x00, 0x00, 0x00, 0x00, 0x00, 0x00, 0x00, 0x00, 0x00,
    0x00, 0x00, 0x00, 0x00, 0x00, 0x00, 0x00, 0x00, 0x00, 0x00, 0x00, 0x00, 0x00, 0x00, 0x00, 0x00,
    0x00, 0x00, 0x00, 0x00, 0x31, 0x5C, 0xD8, 0x85, 0x52, 0x5C, 0x8F, 0x4B, 0x8B, 0x3A, 0x77, 0x7D,
    0x36, 0x6D, 0x37, 0x6D, 0x58, 0x6D, 0x57, 0x6D, 0x53, 0x5C, 0x0D, 0x3B, 0xA7, 0x21, 0x61, 0x08,
    0x00, 0x00, 0x00, 0x00, 0x00, 0x00, 0x00, 0x00, 0x00, 0x00, 0x00, 0x00, 0x00, 0x00, 0x00, 0x00,
    0x00, 0x00, 0x00, 0x00, 0x00, 0x00, 0x00, 0x00, 0x00, 0x00, 0x00, 0x00, 0x00, 0x00, 0x00, 0x00,
    0x00, 0x00, 0x00, 0x00, 0x00, 0x00, 0x00, 0x00, 0x00, 0x00, 0xFF, 0x07, 0x41, 0x00, 0x11, 0x54,
    0x16, 0x6D, 0xD5, 0x64, 0xF6, 0x64, 0x16, 0x6D, 0xF5, 0x64, 0xF5, 0x64, 0xF5, 0x64, 0xF5, 0x64,
    0xF5, 0x64, 0xF5, 0x64, 0xF6, 0x64, 0xF6, 0x64, 0xF6, 0x64, 0xF5, 0x64, 0x57, 0x6D, 0xCC, 0x3A,
    0x00, 0x00, 0xFF, 0xFF, 0x00, 0x00, 0xE7, 0x01, 0x55, 0x55, 0x00, 0x00, 0x00, 0x00, 0x00, 0x00,
    0x00, 0x00, 0x00, 0x00, 0x00, 0x00, 0x00, 0x00, 0x00, 0x00, 0x00, 0x00, 0x00, 0x00, 0x00, 0x00,
    0x00, 0x00, 0x00, 0x00, 0x00, 0x00, 0x00, 0x00, 0x00, 0x00, 0x00, 0x00, 0x00, 0x00, 0x00, 0x00,
    0x00, 0x00, 0x00, 0x00, 0x00, 0x00, 0x00, 0x00, 0x00, 0x00, 0x00, 0x00, 0x00, 0x00, 0x00, 0x00,
    0x00, 0x00, 0x00, 0x00, 0x00, 0x00, 0x00, 0x00, 0x00, 0x00, 0x00, 0x00, 0x00, 0x00, 0x00, 0x00,
    0x00, 0x00, 0x00, 0x00, 0x00, 0x00, 0x00, 0x00, 0x00, 0x00, 0x00, 0x00, 0x00, 0x00, 0x00, 0x00,
    0x00, 0x00, 0x00, 0x00, 0x00, 0x00, 0x00, 0x00, 0x00, 0x00, 0x00, 0x00, 0x00, 0x00, 0x00, 0x00,
    0x46, 0x19, 0x66, 0x21, 0x41, 0x08, 0x00, 0x00, 0xAB, 0x3A, 0xBC, 0x96, 0x98, 0x75, 0x94, 0x5C,
    0x2D, 0x3B, 0xE8, 0x21, 0x41, 0x00, 0x00, 0x00, 0x00, 0x00, 0x00, 0x00, 0x00, 0x00, 0xFF, 0x7F,
    0x00, 0x00, 0x00, 0x00, 0x00, 0x00, 0x00, 0x00, 0x00, 0x00, 0x00, 0x00, 0x00, 0x00, 0x00, 0x00,
    0x00, 0x00, 0x00, 0x00, 0x00, 0x00, 0x00, 0x00, 0x00, 0x00, 0x00, 0x00, 0x00, 0x00, 0x00, 0x00,
    0x00, 0x00, 0x00, 0x00, 0x00, 0x00, 0x00, 0x00, 0x00, 0x00, 0xAB, 0x32, 0x57, 0x6D, 0xF5, 0x64,
    0xF6, 0x64, 0xF5, 0x64, 0xF5, 0x64, 0xF5, 0x64, 0xF5, 0x64, 0xF6, 0x64, 0xF6, 0x64, 0xF6, 0x64,
    0xF6, 0x64, 0xF6, 0x64, 0xF6, 0x64, 0xF5, 0x64, 0x57, 0x6D, 0x8B, 0x32, 0x00, 0x00, 0x00, 0x00,
    0x00, 0x00, 0x00, 0x00, 0x00, 0x00, 0x00, 0x00, 0x00, 0x00, 0x00, 0x00, 0xE7, 0x39, 0xEF, 0x3B,
    0xFF, 0xFF, 0x00, 0x00, 0x00, 0x00, 0x00, 0x00, 0x00, 0x00, 0xFF, 0xFF, 0xFF, 0xFF, 0xAA, 0x52,
    0x07, 0x00, 0x00, 0x00, 0x00, 0x00, 0x00, 0x00, 0x00, 0x00, 0x00, 0x00, 0x00, 0x00, 0x00, 0x00,
    0x00, 0x00, 0x00, 0x00, 0x00, 0x00, 0x00, 0x00, 0x00, 0x00, 0x00, 0x00, 0x00, 0x00, 0x00, 0x00,
    0x00, 0x00, 0x00, 0x00, 0x00, 0x00, 0x00, 0x00, 0x00, 0x00, 0x00, 0x00, 0x00, 0x00, 0x00, 0x00,
    0x00, 0x00, 0x00, 0x00, 0x00, 0x00, 0x00, 0x00, 0x00, 0x00, 0x00, 0x00, 0x00, 0x00, 0x00, 0x00,
    0x00, 0x00, 0x00, 0x00, 0x00, 0x00, 0x00, 0x00, 0x00, 0x00, 0x00, 0x00, 0x00, 0x00, 0x00, 0x00,
    0x00, 0x00, 0xA2, 0x08, 0x4E, 0x4B, 0xD5, 0x6C, 0x29, 0x2A, 0x62, 0x08, 0x00, 0x00, 0x00, 0x00,
    0x00, 0x00, 0x00, 0x00, 0xFF, 0x7F, 0x07, 0x00, 0x00, 0x00, 0x00, 0x00, 0x00, 0x00, 0x00, 0x00,
    0x00, 0x00, 0x00, 0x00, 0x00, 0x00, 0x00, 0x00, 0x00, 0x00, 0x00, 0x00, 0x00, 0x00, 0x00, 0x00,
    0x00, 0x00, 0x00, 0x00, 0x00, 0x00, 0x00, 0x00, 0x00, 0x00, 0x00, 0x00, 0x00, 0x00, 0x00, 0x00,
    0x00, 0x00, 0xFF, 0x7F, 0x00, 0x00, 0x29, 0x2A, 0x57, 0x6D, 0xF6, 0x64, 0xF5, 0x64, 0xF5, 0x64,
    0xF5, 0x64, 0xF5, 0x64, 0xF6, 0x64, 0xF6, 0x64, 0xF6, 0x64, 0xF6, 0x64, 0xF6, 0x64, 0xF6, 0x64,
    0xF5, 0x64, 0xD5, 0x64, 0x57, 0x6D, 0x6B, 0x32, 0x00, 0x00, 0x00, 0x00, 0x00, 0x00, 0x00, 0x00,
    0x00, 0x00, 0x00, 0x00, 0x00, 0x00, 0x00, 0x00, 0x00, 0x00, 0x00, 0x00, 0x00, 0x00, 0x00, 0x00,
    0x00, 0x00, 0x00, 0x00, 0x00, 0x00, 0x00, 0x00, 0x00, 0x00, 0x00, 0x00, 0x00, 0x00, 0x00, 0x00,
    0x00, 0x00, 0x00, 0x00, 0x00, 0x00, 0x00, 0x00, 0x00, 0x00, 0x00, 0x00, 0x00, 0x00, 0x00, 0x00,
    0x00, 0x00, 0x00, 0x00, 0x00, 0x00, 0x00, 0x00, 0x00, 0x00, 0x00, 0x00, 0x00, 0x00, 0x00, 0x00,
    0x00, 0x00, 0x00, 0x00, 0x00, 0x00, 0x00, 0x00, 0x00, 0x00, 0x00, 0x00, 0x00, 0x00, 0x00, 0x00,
    0x00, 0x00, 0x00, 0x00, 0x00, 0x00, 0x00, 0x00, 0x00, 0x00, 0x00, 0x00, 0x00, 0x00, 0x00, 0x00,
    0x00, 0x00, 0x00, 0x00, 0x00, 0x00, 0x00, 0x00, 0xE7, 0x39, 0x86, 0x31, 0x00, 0x00, 0x00, 0x00,
    0xA2, 0x08, 0x00, 0x00, 0x00, 0x00, 0x00, 0x00, 0x00, 0x00, 0xFF, 0xFF, 0xE7, 0x01, 0x00, 0x00,
    0x00, 0x00, 0x00, 0x00, 0x00, 0x00, 0x00, 0x00, 0x00, 0x00, 0x00, 0x00, 0x00, 0x00, 0x00, 0x00,
    0x00, 0x00, 0x00, 0x00, 0x00, 0x00, 0x00, 0x00, 0x00, 0x00, 0x00, 0x00, 0x00, 0x00, 0x00, 0x00,
    0x00, 0x00, 0x00, 0x00, 0x00, 0x00, 0x00, 0x00, 0x00, 0x00, 0x00, 0x00, 0x00, 0x00, 0xEF, 0x3B,
    0x00, 0x00, 0x87, 0x21, 0x37, 0x6D, 0x16, 0x6D, 0xF5, 0x64, 0xF5, 0x64, 0xF5, 0x64, 0xF6, 0x64,
    0xF6, 0x64, 0xF6, 0x64, 0xF5, 0x64, 0xF6, 0x64, 0xF6, 0x64, 0xF5, 0x64, 0xF5, 0x64, 0xD5, 0x64,
    0x37, 0x6D, 0x4E, 0x43, 0x00, 0x00, 0x00, 0x00, 0x00, 0x00, 0x00, 0x00, 0x00, 0x00, 0x00, 0x00,
    0x00, 0x00, 0x00, 0x00, 0x00, 0x00, 0x00, 0x00, 0x00, 0x00, 0x00, 0x00, 0x00, 0x00, 0x00, 0x00,
    0x00, 0x00, 0x00, 0x00, 0x00, 0x00, 0x00, 0x00, 0x00, 0x00, 0x00, 0x00, 0x00, 0x00, 0x00, 0x00,
    0x00, 0x00, 0x00, 0x00, 0x00, 0x00, 0x00, 0x00, 0x00, 0x00, 0x00, 0x00, 0x00, 0x00, 0x00, 0x00,
    0x00, 0x00, 0x00, 0x00, 0x00, 0x00, 0x00, 0x00, 0x00, 0x00, 0x00, 0x00, 0x00, 0x00, 0x00, 0x00,
    0x00, 0x00, 0x00, 0x00, 0x00, 0x00, 0x00, 0x00, 0x00, 0x00, 0x00, 0x00, 0x00, 0x00, 0x00, 0x00,
    0x00, 0x00, 0x00, 0x00, 0x00, 0x00, 0x00, 0x00, 0x00, 0x00, 0x00, 0x00, 0x00, 0x00, 0x00, 0x00,
    0x00, 0x00, 0x00, 0x00, 0x00, 0x00, 0x00, 0x00, 0x00, 0x00, 0x00, 0x00, 0x00, 0x00, 0x00, 0x00,
    0x00, 0x00, 0xE7, 0x01, 0x00, 0x00, 0x00, 0x00, 0x00, 0x00, 0x00, 0x00, 0x00, 0x00, 0x00, 0x00,
    0x00, 0x00, 0x00, 0x00, 0x00, 0x00, 0x00, 0x00, 0x00, 0x00, 0x00, 0x00, 0x00, 0x00, 0x00, 0x00,
    0x00, 0x00, 0x00, 0x00, 0x00, 0x00, 0x00, 0x00, 0x00, 0x00, 0x00, 0x00, 0x00, 0x00, 0x00, 0x00,
    0x00, 0x00, 0x00, 0x00, 0x00, 0x00, 0x00, 0x00, 0x00, 0x00, 0xE7, 0x39, 0x00, 0x00, 0xE4, 0x10,
    0x57, 0x7D, 0x98, 0x7D, 0x16, 0x6D, 0xF6, 0x64, 0xF5, 0x64, 0xD5, 0x64, 0xF5, 0x64, 0x16, 0x6D,
    0x16, 0x6D, 0xF6, 0x64, 0xF5, 0x64, 0xF5, 0x64, 0xF5, 0x64, 0xD5, 0x64, 0x36, 0x6D, 0xD5, 0x6C,
    0x61, 0x08, 0x00, 0x00, 0x07, 0x00, 0x00, 0x00, 0x00, 0x00, 0x00, 0x00, 0x00, 0x00, 0x00, 0x00,
    0x00, 0x00, 0x00, 0x00, 0x00, 0x00, 0x00, 0x00, 0x00, 0x00, 0x00, 0x00, 0x00, 0x00, 0x00, 0x00,
    0x00, 0x00, 0x00, 0x00, 0x00, 0x00, 0x00, 0x00, 0x00, 0x00, 0x00, 0x00, 0x00, 0x00, 0x00, 0x00,
    0x00, 0x00, 0x00, 0x00, 0x00, 0x00, 0x00, 0x00, 0x00, 0x00, 0x00, 0x00, 0x00, 0x00, 0x00, 0x00,
    0x00, 0x00, 0x00, 0x00, 0x00, 0x00, 0x00, 0x00, 0x00, 0x00, 0x00, 0x00, 0x00, 0x00, 0x00, 0x00,
    0x00, 0x00, 0x00, 0x00, 0x00, 0x00, 0x00, 0x00, 0x00, 0x00, 0x00, 0x00, 0x00, 0x00, 0x00, 0x00,
    0x00, 0x00, 0x00, 0x00, 0x00, 0x00, 0x00, 0x00, 0x00, 0x00, 0x00, 0x00, 0x00, 0x00, 0x00, 0x00,
    0x00, 0x00, 0x00, 0x00, 0x00, 0x00, 0x00, 0x00, 0xAA, 0x02, 0x00, 0x00, 0x00, 0x00, 0x00, 0x00,
    0x00, 0x00, 0x00, 0x00, 0x00, 0x00, 0x00, 0x00, 0x00, 0x00, 0x00, 0x00, 0x00, 0x00, 0x00, 0x00,
    0x00, 0x00, 0x00, 0x00, 0x00, 0x00, 0x00, 0x00, 0x00, 0x00, 0x00, 0x00, 0x00, 0x00, 0x00, 0x00,
    0x00, 0x00, 0x00, 0x00, 0x00, 0x00, 0x00, 0x00, 0x00, 0x00, 0x00, 0x00, 0x00, 0x00, 0x00, 0x00,
    0x00, 0x00, 0x00, 0x00, 0x00, 0x00, 0xE7, 0x01, 0x00, 0x00, 0x61, 0x08, 0xF8, 0x8D, 0xBC, 0x9E,
    0xF9, 0x85, 0x16, 0x6D, 0x37, 0x6D, 0x37, 0x6D, 0x57, 0x75, 0xB8, 0x85, 0xD9, 0x85, 0x16, 0x6D,
    0x16, 0x65, 0x57, 0x6D, 0x36, 0x6D, 0x78, 0x75, 0x1A, 0x8E, 0xDD, 0xA6, 0xAB, 0x3A, 0x00, 0x00,
    0xFF, 0xFF, 0x00, 0x00, 0x00, 0x00, 0x00, 0x00, 0x00, 0x00, 0x00, 0x00, 0x00, 0x00, 0x00, 0x00,
    0x00, 0x00, 0x00, 0x00, 0x00, 0x00, 0x00, 0x00, 0x00, 0x00, 0x00, 0x00, 0x00, 0x00, 0x00, 0x00,
    0x00, 0x00, 0x00, 0x00, 0x00, 0x00, 0x00, 0x00, 0x00, 0x00, 0x00, 0x00, 0x00, 0x00, 0x00, 0x00,
    0x00, 0x00, 0x00, 0x00, 0x00, 0x00, 0x00, 0x00, 0x00, 0x00, 0x00, 0x00, 0x00, 0x00, 0x00, 0x00,
    0x00, 0x00, 0x00, 0x00, 0x00, 0x00, 0x00, 0x00, 0x00, 0x00, 0x00, 0x00, 0x00, 0x00, 0x00, 0x00,
    0x00, 0x00, 0x00, 0x00, 0x00, 0x00, 0x00, 0x00, 0x00, 0x00, 0x00, 0x00, 0x00, 0x00, 0x00, 0x00,
    0x00, 0x00, 0x00, 0x00, 0x00, 0x00, 0x00, 0x00, 0x00, 0x00, 0x00, 0x00, 0x00, 0x00, 0x00, 0x00,
    0x00, 0x00, 0x00, 0x00, 0x00, 0x00, 0x00, 0x00, 0x00, 0x00, 0x00, 0x00, 0x00, 0x00, 0x00, 0x00,
    0x00, 0x00, 0x00, 0x00, 0x00, 0x00, 0x00, 0x00, 0x00, 0x00, 0x00, 0x00, 0x00, 0x00, 0x00, 0x00,
    0x00, 0x00, 0x00, 0x00, 0x00, 0x00, 0x00, 0x00, 0x00, 0x00, 0x00, 0x00, 0x00, 0x00, 0x00, 0x00,
    0x00, 0x00, 0x00, 0x00, 0x00, 0x00, 0x00, 0x00, 0x00, 0x00, 0x00, 0x00, 0x00, 0x00, 0x00, 0x00,
    0x00, 0x00, 0x0A, 0x00, 0x00, 0x00, 0x20, 0x00, 0x52, 0x64, 0x11, 0x64, 0x29, 0x32, 0x86, 0x19,
    0x8B, 0x32, 0x32, 0x5C, 0x5B, 0x96, 0x9C, 0x9E, 0x19, 0x8E, 0x98, 0x75, 0x53, 0x54, 0x4A, 0x2A,
    0xE8, 0x29, 0xCB, 0x3A, 0x32, 0x64, 0xF5, 0x74, 0x6A, 0x3A, 0x00, 0x00, 0x00, 0x00, 0x00, 0x00,
    0x00, 0x00, 0x00, 0x00, 0x00, 0x00, 0x00, 0x00, 0x00, 0x00, 0x00, 0x00, 0x00, 0x00, 0x00, 0x00,
    0x00, 0x00, 0x00, 0x00, 0x00, 0x00, 0x00, 0x00, 0x00, 0x00, 0x00, 0x00, 0x00, 0x00, 0x00, 0x00,
    0x00, 0x00, 0x00, 0x00, 0x00, 0x00, 0x00, 0x00, 0x00, 0x00, 0x00, 0x00, 0x00, 0x00, 0x00, 0x00,
    0x00, 0x00, 0x00, 0x00, 0x00, 0x00, 0x00, 0x00, 0x00, 0x00, 0x00, 0x00, 0x00, 0x00, 0x00, 0x00,
    0x00, 0x00, 0x00, 0x00, 0x00, 0x00, 0x00, 0x00, 0x00, 0x00, 0x00, 0x00, 0x00, 0x00, 0x00, 0x00,
    0x00, 0x00, 0x00, 0x00, 0x00, 0x00, 0x00, 0x00, 0x00, 0x00, 0x00, 0x00, 0x00, 0x00, 0x00, 0x00,
    0x00, 0x00, 0x00, 0x00, 0x00, 0x00, 0x00, 0x00, 0x00, 0x00, 0x00, 0x00, 0x00, 0x00, 0x00, 0x00,
    0x00, 0x00, 0x00, 0x00, 0x00, 0x00, 0x00, 0x00, 0x00, 0x00, 0x00, 0x00, 0x00, 0x00, 0x00, 0x00,
    0x00, 0x00, 0x00, 0x00, 0x00, 0x00, 0x00, 0x00, 0x00, 0x00, 0x00, 0x00, 0x00, 0x00, 0x00, 0x00,
    0x00, 0x00, 0x00, 0x00, 0x00, 0x00, 0x00, 0x00, 0x00, 0x00, 0x00, 0x00, 0x00, 0x00, 0x00, 0x00,
    0x00, 0x00, 0x00, 0x00, 0x00, 0x00, 0x00, 0x00, 0x00, 0x00, 0x00, 0x00, 0x00, 0x00, 0x00, 0x00,
    0x00, 0x00, 0x00, 0x00, 0x00, 0x00, 0x00, 0x00, 0x00, 0x00, 0x00, 0x00, 0x00, 0x00, 0x00, 0x00,
    0x6A, 0x3A, 0xF4, 0x74, 0xBC, 0x9E, 0x94, 0x64, 0x82, 0x08, 0x00, 0x00, 0x00, 0x00, 0x00, 0x00,
    0x00, 0x00, 0x00, 0x00, 0x00, 0x00, 0x00, 0x00, 0x00, 0x00, 0x00, 0x00, 0x00, 0x00, 0x00, 0x00,
    0x00, 0x00, 0x00, 0x00, 0x00, 0x00, 0x00, 0x00, 0x00, 0x00, 0x00, 0x00, 0x00, 0x00, 0x00, 0x00,
    0x00, 0x00, 0x00, 0x00, 0x00, 0x00, 0x00, 0x00, 0x00, 0x00, 0x00, 0x00, 0x00, 0x00, 0x00, 0x00,
    0x00, 0x00, 0x00, 0x00, 0x00, 0x00, 0x00, 0x00, 0x00, 0x00, 0x00, 0x00, 0x00, 0x00, 0x00, 0x00,
    0x00, 0x00, 0x00, 0x00, 0x00, 0x00, 0x00, 0x00, 0x00, 0x00, 0x00, 0x00, 0x00, 0x00, 0x00, 0x00,
    0x00, 0x00, 0x00, 0x00, 0x00, 0x00, 0x00, 0x00, 0x00, 0x00, 0x00, 0x00, 0x00, 0x00, 0x00, 0x00,
    0x00, 0x00, 0x00, 0x00, 0x00, 0x00, 0x00, 0x00, 0x00, 0x00, 0x00, 0x00, 0x00, 0x00, 0x00, 0x00,
    0x00, 0x00, 0x00, 0x00, 0x00, 0x00, 0x00, 0x00, 0x00, 0x00, 0x00, 0x00, 0x00, 0x00, 0x00, 0x00,
    0x00, 0x00, 0x00, 0x00, 0x00, 0x00, 0x00, 0x00, 0x00, 0x00, 0x00, 0x00, 0x00, 0x00, 0x00, 0x00,
    0x00, 0x00, 0x00, 0x00, 0x00, 0x00, 0x00, 0x00, 0x00, 0x00, 0x00, 0x00, 0x00, 0x00, 0x00, 0x00,
    0x00, 0x00, 0x00, 0x00, 0x00, 0x00, 0x00, 0x00, 0x00, 0x00, 0x00, 0x00, 0x00, 0x00, 0x00, 0x00,
    0x00, 0x00, 0x00, 0x00, 0x00, 0x00, 0x00, 0x00, 0x00, 0x00, 0x00, 0x00, 0x00, 0x00, 0x00, 0x00,
    0x00, 0x00, 0x00, 0x00, 0xFF, 0xFF, 0xAA, 0x52, 0xEF, 0x3B, 0x00, 0x00, 0x00, 0x00, 0x00, 0x00,
    0x4A, 0x32, 0x82, 0x08, 0x00, 0x00, 0x00, 0x00, 0x2C, 0x33, 0xFF, 0xFF, 0x00, 0x00, 0x00, 0x00,
    0x00, 0x00, 0x00, 0x00, 0x00, 0x00, 0x00, 0x00, 0x00, 0x00, 0x00, 0x00, 0x00, 0x00, 0x00, 0x00,
    0x00, 0x00, 0x00, 0x00, 0x00, 0x00, 0x00, 0x00, 0x00, 0x00, 0x00, 0x00, 0x00, 0x00, 0x00, 0x00,
    0x00, 0x00, 0x00, 0x00, 0x00, 0x00, 0x00, 0x00, 0x00, 0x00, 0x00, 0x00, 0x00, 0x00, 0x00, 0x00,
    0x00, 0x00, 0x00, 0x00, 0x00, 0x00, 0x00, 0x00, 0x00, 0x00, 0x00, 0x00, 0x00, 0x00, 0x00, 0x00,
    0x00, 0x00, 0x00, 0x00, 0x00, 0x00, 0x00, 0x00, 0x00, 0x00, 0x00, 0x00, 0x00, 0x00, 0x00, 0x00,
    0x00, 0x00, 0x00, 0x00, 0x00, 0x00, 0x00, 0x00, 0x00, 0x00, 0x00, 0x00, 0x00, 0x00, 0x00, 0x00,
    0x00, 0x00, 0x00, 0x00, 0x00, 0x00, 0x00, 0x00, 0x00, 0x00, 0x00, 0x00, 0x00, 0x00, 0x00, 0x00,
    0x00, 0x00, 0x00, 0x00, 0x00, 0x00, 0x00, 0x00, 0x00, 0x00, 0x00, 0x00, 0x00, 0x00, 0x00, 0x00,
    0x00, 0x00, 0x00, 0x00, 0x00, 0x00, 0x00, 0x00, 0x00, 0x00, 0x00, 0x00, 0x00, 0x00, 0x00, 0x00,
    0x00, 0x00, 0x00, 0x00, 0x00, 0x00, 0x00, 0x00, 0x00, 0x00, 0x00, 0x00, 0x00, 0x00, 0x00, 0x00,
    0x00, 0x00, 0x00, 0x00, 0x00, 0x00, 0x00, 0x00, 0x00, 0x00, 0x00, 0x00, 0x00, 0x00, 0x00, 0x00,
    0x00, 0x00, 0x00, 0x00, 0x00, 0x00, 0x00, 0x00, 0x00, 0x00, 0x00, 0x00, 0x00, 0x00, 0x00, 0x00,
    0x00, 0x00, 0x00, 0x00, 0x00, 0x00, 0x00, 0x00, 0xFF, 0xFF, 0x00, 0x00, 0x00, 0x00, 0x00, 0x00,
    0x00, 0x00, 0x00, 0x00, 0x00, 0x00, 0x00, 0x00, 0x00, 0x00, 0x00, 0x00, 0x00, 0x00, 0x00, 0x00,
    0x00, 0x00, 0x00, 0x00, 0x00, 0x00, 0x00, 0x00, 0x00, 0x00, 0x00, 0x00, 0x00, 0x00, 0x00, 0x00,
    0x00, 0x00, 0x00, 0x00, 0x00, 0x00, 0x00, 0x00, 0x00, 0x00, 0x00, 0x00, 0x00, 0x00, 0x00, 0x00,
    0x00, 0x00, 0x00, 0x00, 0x00, 0x00, 0x00, 0x00, 0x00, 0x00, 0x00, 0x00, 0x00, 0x00, 0x00, 0x00,
    0x00, 0x00, 0x00, 0x00, 0x00, 0x00, 0x00, 0x00, 0x00, 0x00, 0x00, 0x00, 0x00, 0x00, 0x00, 0x00,
    0x00, 0x00, 0x00, 0x00, 0x00, 0x00, 0x00, 0x00, 0x00, 0x00, 0x00, 0x00, 0x00, 0x00, 0x00, 0x00,
    0x00, 0x00, 0x00, 0x00, 0x00, 0x00, 0x00, 0x00, 0x00, 0x00, 0x00, 0x00, 0x00, 0x00, 0x00, 0x00,
    0x00, 0x00, 0x00, 0x00, 0x00, 0x00, 0x00, 0x00, 0x00, 0x00, 0x00, 0x00, 0x00, 0x00, 0x00, 0x00,
    0x00, 0x00, 0x00, 0x00, 0x00, 0x00, 0x00, 0x00, 0x00, 0x00, 0x00, 0x00, 0x00, 0x00, 0x00, 0x00,
    0x00, 0x00, 0x00, 0x00, 0x00, 0x00, 0x00, 0x00, 0x00, 0x00, 0x00, 0x00, 0x00, 0x00, 0x00, 0x00,
    0x00, 0x00, 0x00, 0x00, 0x00, 0x00, 0x00, 0x00, 0x00, 0x00, 0x00, 0x00, 0x00, 0x00, 0x00, 0x00,
    0x00, 0x00, 0x00, 0x00, 0x00, 0x00, 0x00, 0x00, 0x00, 0x00, 0x00, 0x00, 0x00, 0x00, 0x00, 0x00,
    0x00, 0x00, 0x00, 0x00, 0x00, 0x00, 0x00, 0x00, 0x00, 0x00, 0x00, 0x00, 0x00, 0x00, 0x00, 0x00,
    0x00, 0x00, 0x00, 0x00, 0x00, 0x00, 0x0A, 0x00, 0xFF, 0xFF, 0xEF, 0x7B, 0x00, 0x00, 0x00, 0x00,
    0x00, 0x00, 0x00, 0x00, 0x00, 0x00, 0x00, 0x00, 0x00, 0x00, 0x00, 0x00, 0x00, 0x00, 0x00, 0x00,
    0x00, 0x00, 0x00, 0x00, 0x00, 0x00, 0x00, 0x00, 0x00, 0x00, 0x00, 0x00, 0x00, 0x00, 0x00, 0x00,
    0x00, 0x00, 0x00, 0x00, 0x00, 0x00, 0x00, 0x00, 0x00, 0x00, 0x00, 0x00, 0x00, 0x00, 0x00, 0x00,
    0x00, 0x00, 0x00, 0x00, 0x00, 0x00, 0x00, 0x00, 0x00, 0x00, 0x00, 0x00, 0x00, 0x00, 0x00, 0x00,
    0x00, 0x00, 0x00, 0x00, 0x00, 0x00, 0x00, 0x00, 0x00, 0x00, 0x00, 0x00, 0x00, 0x00, 0x00, 0x00,
    0x00, 0x00, 0x00, 0x00, 0x00, 0x00, 0x00, 0x00, 0x00, 0x00, 0x00, 0x00, 0x00, 0x00, 0x00, 0x00,
    0x00, 0x00, 0x00, 0x00, 0x00, 0x00, 0x00, 0x00, 0x00, 0x00, 0x00, 0x00, 0x00, 0x00, 0x00, 0x00,
    0x00, 0x00, 0x00, 0x00, 0x00, 0x00, 0x00, 0x00, 0x00, 0x00, 0x00, 0x00, 0x00, 0x00, 0x00, 0x00,
    0x00, 0x00, 0x00, 0x00, 0x00, 0x00, 0x00, 0x00, 0x00, 0x00, 0x00, 0x00, 0x00, 0x00, 0x00, 0x00,
    0x00, 0x00, 0x00, 0x00, 0x00, 0x00, 0x00, 0x00, 0x00, 0x00, 0x00, 0x00, 0x00, 0x00, 0x00, 0x00,
    0x00, 0x00, 0x00, 0x00, 0x00, 0x00, 0x00, 0x00, 0x00, 0x00, 0x00, 0x00, 0x00, 0x00, 0x00, 0x00,
    0x00, 0x00, 0x00, 0x00, 0x00, 0x00, 0x00, 0x00, 0x00, 0x00, 0x00, 0x00, 0x00, 0x00, 0x00, 0x00,
    0x00, 0x00, 0x00, 0x00, 0x00, 0x00, 0x00, 0x00, 0x00, 0x00, 0x00, 0x00, 0x00, 0x00, 0x00, 0x00,
    0x00, 0x00, 0x00, 0x00, 0x00, 0x00, 0x00, 0x00, 0x00, 0x00, 0x00, 0x00, 0x00, 0x00, 0x00, 0x00,
    0x00, 0x00, 0x00, 0x00, 0x00, 0x00, 0x00, 0x00, 0x00, 0x00, 0x00, 0x00, 0x00, 0x00, 0x00, 0x00,
    0x00, 0x00, 0x00, 0x00, 0x00, 0x00, 0x00, 0x00, 0x00, 0x00, 0x00, 0x00, 0x00, 0x00, 0x00, 0x00,
    0x00, 0x00, 0x00, 0x00, 0x00, 0x00, 0x00, 0x00, 0x00, 0x00, 0x00, 0x00, 0x00, 0x00, 0x00, 0x00,
    0x00, 0x00, 0x00, 0x00, 0x00, 0x00, 0x00, 0x00, 0x00, 0x00, 0x00, 0x00, 0x00, 0x00, 0x00, 0x00,
    0x00, 0x00, 0x00, 0x00, 0x00, 0x00, 0x00, 0x00, 0x00, 0x00, 0x00, 0x00, 0x00, 0x00, 0x00, 0x00,
    0x00, 0x00, 0x00, 0x00, 0x00, 0x00, 0x00, 0x00, 0x00, 0x00, 0x00, 0x00, 0x00, 0x00, 0x00, 0x00,
    0x00, 0x00, 0x00, 0x00, 0x00, 0x00, 0x00, 0x00, 0x00, 0x00, 0x00, 0x00, 0x00, 0x00, 0x00, 0x00,
    0x00, 0x00, 0x00, 0x00, 0x00, 0x00, 0x00, 0x00, 0x00, 0x00, 0x00, 0x00, 0x00, 0x00, 0x00, 0x00,
    0x00, 0x00, 0x00, 0x00, 0x00, 0x00, 0x00, 0x00, 0x00, 0x00, 0x00, 0x00, 0x00, 0x00, 0x00, 0x00,
    0x00, 0x00, 0x00, 0x00, 0x00, 0x00, 0x00, 0x00, 0x00, 0x00, 0x00, 0x00, 0x00, 0x00, 0x00, 0x00,
    0x00, 0x00, 0x00, 0x00, 0x00, 0x00, 0x00, 0x00, 0x00, 0x00, 0x00, 0x00, 0x00, 0x00, 0x00, 0x00,
    0x00, 0x00, 0x00, 0x00, 0x00, 0x00, 0x00, 0x00, 0x00, 0x00, 0x00, 0x00, 0x00, 0x00, 0x00, 0x00,
    0x00, 0x00, 0x00, 0x00, 0x00, 0x00, 0x00, 0x00, 0x00, 0x00, 0x00, 0x00, 0x00, 0x00, 0x00, 0x00,
    0x00, 0x00, 0x00, 0x00, 0x00, 0x00, 0x00, 0x00, 0x00, 0x00, 0x00, 0x00, 0x00, 0x00, 0x00, 0x00,
    0x00, 0x00, 0x00, 0x00, 0x00, 0x00, 0x00, 0x00, 0x00, 0x00, 0x00, 0x00, 0x00, 0x00, 0x00, 0x00,
    0x00, 0x00, 0x00, 0x00, 0x00, 0x00, 0x00, 0x00, 0x00, 0x00, 0x00, 0x00, 0x00, 0x00, 0x00, 0x00,
    0x00, 0x00, 0x00, 0x00, 0x00, 0x00, 0x00, 0x00, 0x00, 0x00, 0x00, 0x00, 0x00, 0x00, 0x00, 0x00,
    0x00, 0x00, 0x00, 0x00, 0x00, 0x00, 0x00, 0x00, 0x00, 0x00, 0x00, 0x00, 0x00, 0x00, 0x00, 0x00,
    0x00, 0x00, 0x00, 0x00, 0x00, 0x00, 0x00, 0x00, 0x00, 0x00, 0x00, 0x00, 0x00, 0x00, 0x00, 0x00,
    0x00, 0x00, 0x00, 0x00, 0x00, 0x00, 0x00, 0x00, 0x00, 0x00, 0x00, 0x00, 0x00, 0x00, 0x00, 0x00,
    0x00, 0x00, 0x00, 0x00, 0x00, 0x00, 0x00, 0x00, 0x00, 0x00, 0x00, 0x00, 0x00, 0x00, 0x00, 0x00,
    0x00, 0x00, 0x00, 0x00, 0x00, 0x00, 0x00, 0x00, 0x00, 0x00, 0x00, 0x00, 0x00, 0x00, 0x00, 0x00,
    0x00, 0x00, 0x00, 0x00, 0x00, 0x00, 0x00, 0x00, 0x00, 0x00, 0x00, 0x00, 0x00, 0x00, 0x00, 0x00,
    0x00, 0x00, 0x00, 0x00, 0x00, 0x00, 0x00, 0x00, 0x00, 0x00, 0x00, 0x00, 0x00, 0x00, 0x00, 0x00,
    0x00, 0x00, 0x00, 0x00, 0x00, 0x00, 0x00, 0x00, 0x00, 0x00, 0x00, 0x00, 0x00, 0x00, 0x00, 0x00,
    0x00, 0x00, 0x00, 0x00, 0x00, 0x00, 0x00, 0x00, 0x00, 0x00, 0x00, 0x00, 0x00, 0x00, 0x00, 0x00,
    0x00, 0x00, 0x00, 0x00, 0x00, 0x00, 0x00, 0x00, 0x00, 0x00, 0x00, 0x00, 0x00, 0x00, 0x00, 0x00,
    0x00, 0x00, 0x00, 0x00, 0x00, 0x00, 0x00, 0x00, 0x00, 0x00, 0x00, 0x00, 0x00, 0x00, 0x00, 0x00,
    0x00, 0x00, 0x00, 0x00, 0x00, 0x00, 0x00, 0x00, 0x00, 0x00, 0x00, 0x00, 0x00, 0x00, 0x00, 0x00,
    0x00, 0x00, 0x00, 0x00, 0x00, 0x00, 0x00, 0x00, 0x00, 0x00, 0x00, 0x00, 0x00, 0x00, 0x00, 0x00,
    0x00, 0x00, 0x00, 0x00, 0x00, 0x00, 0x00, 0x00, 0x00, 0x00, 0x00, 0x00, 0x00, 0x00, 0x00, 0x00,
    0x00, 0x00, 0x00, 0x00, 0x00, 0x00, 0x00, 0x00, 0x00, 0x00, 0x00, 0x00, 0x00, 0x00, 0x00, 0x00,
    0x00, 0x00, 0x00, 0x00, 0x00, 0x00, 0x00, 0x00, 0x00, 0x00, 0x00, 0x00, 0x00, 0x00, 0x00, 0x00,
    0x00, 0x00, 0x00, 0x00, 0x00, 0x00, 0x00, 0x00, 0x00, 0x00, 0x00, 0x00, 0x00, 0x00, 0x00, 0x00,
    0x00, 0x00, 0x00, 0x00, 0x00, 0x00, 0x00, 0x00, 0x00, 0x00, 0x00, 0x00, 0x00, 0x00, 0x00, 0x00,
    0x00, 0x00, 0x00, 0x00, 0x00, 0x00, 0x00, 0x00, 0x00, 0x00, 0x00, 0x00, 0x00, 0x00, 0x00, 0x00,
    0x00, 0x00, 0x00, 0x00, 0x00, 0x00, 0x00, 0x00, 0x00, 0x00, 0x00, 0x00, 0x00, 0x00, 0x00, 0x00,
    0x00, 0x00, 0x00, 0x00, 0x00, 0x00, 0x00, 0x00, 0x00, 0x00, 0x00, 0x00, 0x00, 0x00, 0x00, 0x00,
    0x00, 0x00, 0x00, 0x00, 0x00, 0x00, 0x00, 0x00, 0x00, 0x00, 0x00, 0x00, 0x00, 0x00, 0x00, 0x00,
    0x00, 0x00, 0x00, 0x00, 0x00, 0x00, 0x00, 0x00, 0x00, 0x00, 0x00, 0x00, 0x00, 0x00, 0x00, 0x00,
    0x00, 0x00, 0x00, 0x00, 0x00, 0x00, 0x00, 0x00, 0x00, 0x00, 0x00, 0x00, 0x00, 0x00, 0x00, 0x00,
    0x00, 0x00, 0x00, 0x00, 0x00, 0x00, 0x00, 0x00, 0x00, 0x00, 0x00, 0x00, 0x00, 0x00, 0x00, 0x00,
    0x00, 0x00, 0x00, 0x00, 0x00, 0x00, 0x00, 0x00, 0x00, 0x00, 0x00, 0x00, 0x00, 0x00, 0x00, 0x00,
    0x00, 0x00, 0x00, 0x00, 0x00, 0x00, 0x00, 0x00, 0x00, 0x00, 0x00, 0x00, 0x00, 0x00, 0x00, 0x00,
    0x00, 0x00, 0x00, 0x00, 0x00, 0x00, 0x00, 0x00, 0x00, 0x00, 0x00, 0x00, 0x00, 0x00, 0x00, 0x00,
    0x00, 0x00, 0x00, 0x00, 0x00, 0x00, 0x00, 0x00, 0x00, 0x00, 0x00, 0x00, 0x00, 0x00, 0x00, 0x00,
    0x00, 0x00, 0x00, 0x00, 0x00, 0x00, 0x00, 0x00, 0x00, 0x00, 0x00, 0x00, 0x00, 0x00, 0x00, 0x00,
    0x00, 0x00, 0x00, 0x00, 0x00, 0x00, 0x00, 0x00, 0x00, 0x00, 0x00, 0x00, 0x00, 0x00, 0x00, 0x00,
    0x00, 0x00, 0x00, 0x00, 0x00, 0x00, 0x00, 0x00, 0x00, 0x00, 0x00, 0x00, 0x00, 0x00, 0x00, 0x00,
    0x00, 0x00, 0x00, 0x00, 0x00, 0x00, 0x00, 0x00, 0x00, 0x00, 0x00, 0x00, 0x00, 0x00, 0x00, 0x00,
    0x00, 0x00, 0x00, 0x00, 0x00, 0x00, 0x00, 0x00, 0x00, 0x00, 0x00, 0x00, 0x00, 0x00, 0x00, 0x00,
    0x00, 0x00, 0x00, 0x00, 0x00, 0x00, 0x00, 0x00, 0x00, 0x00, 0x00, 0x00, 0x00, 0x00, 0x00, 0x00,
    0x00, 0x00, 0x00, 0x00, 0x00, 0x00, 0x00, 0x00, 0x00, 0x00, 0x00, 0x00, 0x00, 0x00, 0x00, 0x00,
    0x00, 0x00, 0x00, 0x00, 0x00, 0x00, 0x00, 0x00, 0x00, 0x00, 0x00, 0x00, 0x00, 0x00, 0x00, 0x00,
    0x00, 0x00, 0x00, 0x00, 0x00, 0x00, 0x00, 0x00, 0x00, 0x00, 0x00, 0x00, 0x00, 0x00, 0x00, 0x00,
    0x00, 0x00, 0x00, 0x00, 0x00, 0x00, 0x00, 0x00, 0x00, 0x00, 0x01, 0x03, 0x04, 0x03, 0x02, 0x01,
    0x01, 0x01, 0x03, 0x04, 0x04, 0x02, 0x00, 0x00, 0x00, 0x00, 0x00, 0x00, 0x00, 0x00, 0x00, 0x00,
    0x00, 0x00, 0x00, 0x00, 0x00, 0x00, 0x00, 0x00, 0x00, 0x00, 0x00, 0x00, 0x00, 0x00, 0x00, 0x00,
    0x00, 0x00, 0x00, 0x00, 0x00, 0x00, 0x00, 0x00, 0x00, 0x00, 0x00, 0x00, 0x00, 0x00, 0x00, 0x00,
    0x00, 0x00, 0x00, 0x00, 0x00, 0x00, 0x00, 0x00, 0x00, 0x00, 0x00, 0x00, 0x00, 0x00, 0x00, 0x00,
    0x00, 0x00, 0x00, 0x00, 0x00, 0x00, 0x00, 0x00, 0x00, 0x00, 0x00, 0x00, 0x00, 0x00, 0x00, 0x00,
    0x00, 0x00, 0x00, 0x00, 0x00, 0x00, 0x00, 0x00, 0x00, 0x00, 0x00, 0x00, 0x00, 0x00, 0x00, 0x00,
    0x00, 0x00, 0x00, 0x00, 0x00, 0x02, 0x04, 0x02, 0x00, 0x00, 0x00, 0x00, 0x00, 0x00, 0x00, 0x00,
    0x00, 0x00, 0x00, 0x00, 0x01, 0x04, 0x01, 0x00, 0x00, 0x00, 0x00, 0x00, 0x00, 0x00, 0x00, 0x00,
    0x00, 0x00, 0x00, 0x00, 0x00, 0x00, 0x00, 0x00, 0x00, 0x00, 0x00, 0x00, 0x00, 0x00, 0x00, 0x00,
    0x00, 0x00, 0x00, 0x00, 0x00, 0x00, 0x00, 0x00, 0x00, 0x00, 0x00, 0x00, 0x00, 0x00, 0x00, 0x00,
    0x00, 0x00, 0x00, 0x00, 0x00, 0x00, 0x00, 0x00, 0x00, 0x00, 0x00, 0x00, 0x00, 0x00, 0x00, 0x00,
    0x00, 0x00, 0x00, 0x00, 0x00, 0x00, 0x00, 0x00, 0x00, 0x00, 0x00, 0x00, 0x00, 0x00, 0x00, 0x00,
    0x00, 0x00, 0x00, 0x00, 0x00, 0x00, 0x00, 0x00, 0x00, 0x00, 0x00, 0x00, 0x00, 0x00, 0x00, 0x00,
    0x00, 0x03, 0x02, 0x00, 0x00, 0x00, 0x16, 0x4E, 0x76, 0xA0, 0xBA, 0xC7, 0xC7, 0xC4, 0xAE, 0x85,
    0x5A, 0x20, 0x00, 0x00, 0x00, 0x03, 0x02, 0x00, 0x00, 0x00, 0x00, 0x00, 0x00, 0x00, 0x00, 0x00,
    0x00, 0x00, 0x00, 0x00, 0x00, 0x00, 0x00, 0x00, 0x00, 0x00, 0x00, 0x00, 0x00, 0x00, 0x00, 0x00,
    0x00, 0x00, 0x00, 0x00, 0x00, 0x00, 0x00, 0x00, 0x00, 0x00, 0x00, 0x00, 0x00, 0x00, 0x00, 0x00,
    0x00, 0x00, 0x00, 0x00, 0x00, 0x00, 0x00, 0x00, 0x00, 0x00, 0x00, 0x00, 0x00, 0x00, 0x00, 0x00,
    0x00, 0x00, 0x00, 0x00, 0x00, 0x00, 0x00, 0x00, 0x00, 0x00, 0x00, 0x00, 0x00, 0x00, 0x00, 0x00,
    0x00, 0x00, 0x00, 0x00, 0x00, 0x00, 0x00, 0x00, 0x00, 0x00, 0x00, 0x00, 0x00, 0x03, 0x01, 0x00,
    0x00, 0x2F, 0x84, 0xB8, 0xEC, 0xFF, 0xFF, 0xFF, 0xFF, 0xFF, 0xFF, 0xFF, 0xFF, 0xFF, 0xFF, 0xF5,
    0xBF, 0x76, 0x18, 0x00, 0x00, 0x03, 0x01, 0x00, 0x00, 0x00, 0x00, 0x00, 0x00, 0x00, 0x00, 0x00,
    0x00, 0x00, 0x00, 0x00, 0x00, 0x00, 0x00, 0x00, 0x00, 0x00, 0x00, 0x00, 0x00, 0x00, 0x00, 0x00,
    0x00, 0x00, 0x00, 0x00, 0x00, 0x00, 0x00, 0x00, 0x00, 0x00, 0x00, 0x00, 0x00, 0x00, 0x00, 0x00,
    0x00, 0x00, 0x00, 0x00, 0x00, 0x00, 0x00, 0x00, 0x00, 0x00, 0x00, 0x00, 0x00, 0x00, 0x00, 0x00,
    0x00, 0x00, 0x00, 0x00, 0x00, 0x00, 0x00, 0x00, 0x00, 0x00, 0x00, 0x00, 0x00, 0x00, 0x00, 0x00,
    0x00, 0x00, 0x00, 0x00, 0x00, 0x00, 0x00, 0x00, 0x00, 0x00, 0x03, 0x00, 0x00, 0x46, 0xB3, 0xFB,
    0xFF, 0xFF, 0xFF, 0xFC, 0xFB, 0xFB, 0xFC, 0xFC, 0xFC, 0xFC, 0xFC, 0xFB, 0xFC, 0xFF, 0xFF, 0xFF,
    0xE9, 0x91, 0x2A, 0x00, 0x00, 0x03, 0x00, 0x00, 0x00, 0x00, 0x00, 0x00, 0x00, 0x00, 0x00, 0x00,
    0x00, 0x00, 0x00, 0x00, 0x00, 0x00, 0x00, 0x00, 0x00, 0x00, 0x00, 0x00, 0x00, 0x00, 0x00, 0x00,
    0x00, 0x00, 0x00, 0x00, 0x00, 0x00, 0x00, 0x00, 0x00, 0x00, 0x00, 0x00, 0x00, 0x00, 0x00, 0x00,
    0x00, 0x00, 0x00, 0x00, 0x00, 0x00, 0x00, 0x00, 0x00, 0x00, 0x00, 0x00, 0x00, 0x00, 0x00, 0x00,
    0x00, 0x00, 0x00, 0x00, 0x00, 0x00, 0x00, 0x00, 0x00, 0x00, 0x00, 0x00, 0x00, 0x00, 0x00, 0x00,
    0x00, 0x00, 0x00, 0x00, 0x00, 0x00, 0x02, 0x01, 0x00, 0x46, 0xC2, 0xFF, 0xFF, 0xFF, 0xFB, 0xFC,
    0xFE, 0xFF, 0xFF, 0xFF, 0xFF, 0xFF, 0xFF, 0xFF, 0xFF, 0xFF, 0xFF, 0xFE, 0xFC, 0xFB, 0xFF, 0xFF,
    0xF8, 0x95, 0x10, 0x00, 0x04, 0x00, 0x00, 0x00, 0x00, 0x00, 0x00, 0x00, 0x00, 0x00, 0x00, 0x00,
    0x00, 0x00, 0x00, 0x00, 0x00, 0x00, 0x00, 0x00, 0x00, 0x00, 0x00, 0x00, 0x00, 0x00, 0x00, 0x00,
    0x00, 0x00, 0x00, 0x00, 0x00, 0x00, 0x00, 0x00, 0x00, 0x00, 0x00, 0x00, 0x00, 0x00, 0x00, 0x00,
    0x00, 0x00, 0x00, 0x00, 0x00, 0x00, 0x00, 0x00, 0x00, 0x00, 0x00, 0x00, 0x00, 0x00, 0x00, 0x00,
    0x00, 0x00, 0x00, 0x00, 0x00, 0x00, 0x00, 0x00, 0x00, 0x00, 0x00, 0x00, 0x00, 0x00, 0x00, 0x00,
    0x00, 0x00, 0x00, 0x03, 0x00, 0x02, 0x88, 0xFF, 0xFF, 0xFD, 0xFC, 0xFE, 0xFF, 0xFF, 0xFF, 0xFF,
    0xFF, 0xFF, 0xFF, 0xFF, 0xFF, 0xFF, 0xFF, 0xFF, 0xFF, 0xFF, 0xFF, 0xFF, 0xFE, 0xFB, 0xFF, 0xFF,
    0xDB, 0x38, 0x00, 0x03, 0x00, 0x00, 0x00, 0x00, 0x00, 0x00, 0x00, 0x00, 0x00, 0x00, 0x00, 0x00,
    0x00, 0x00, 0x00, 0x00, 0x00, 0x00, 0x00, 0x00, 0x00, 0x00, 0x00, 0x00, 0x00, 0x00, 0x00, 0x00,
    0x00, 0x00, 0x00, 0x00, 0x00, 0x00, 0x00, 0x00, 0x00, 0x00, 0x00, 0x00, 0x00, 0x00, 0x00, 0x00,
    0x00, 0x00, 0x00, 0x00, 0x00, 0x00, 0x00, 0x00, 0x00, 0x00, 0x00, 0x00, 0x00, 0x00, 0x00, 0x00,
    0x00, 0x00, 0x00, 0x00, 0x00, 0x00, 0x00, 0x00, 0x00, 0x00, 0x00, 0x00, 0x00, 0x00, 0x00, 0x00,
    0x03, 0x00, 0x26, 0xC2, 0xFF, 0xFD, 0xFC, 0xFF, 0xFF, 0xFF, 0xFF, 0xFF, 0xFF, 0xFF, 0xFF, 0xFF,
    0xFF, 0xFF, 0xFF, 0xFF, 0xFF, 0xFF, 0xFF, 0xFF, 0xFF, 0xFF, 0xFF, 0xFF, 0xFE, 0xFB, 0xFF, 0xF8,
    0x64, 0x00, 0x04, 0x00, 0x00, 0x00, 0x00, 0x00, 0x00, 0x00, 0x00, 0x00, 0x00, 0x00, 0x00, 0x00,
    0x00, 0x00, 0x00, 0x00, 0x00, 0x00, 0x00, 0x00, 0x00, 0x00, 0x00, 0x00, 0x00, 0x00, 0x00, 0x00,
    0x00, 0x00, 0x00, 0x00, 0x00, 0x00, 0x00, 0x00, 0x00, 0x00, 0x00, 0x00, 0x00, 0x00, 0x00, 0x00,
    0x00, 0x00, 0x00, 0x00, 0x00, 0x00, 0x00, 0x00, 0x00, 0x00, 0x00, 0x00, 0x00, 0x00, 0x00, 0x00,
    0x00, 0x00, 0x00, 0x00, 0x00, 0x00, 0x00, 0x00, 0x00, 0x00, 0x00, 0x00, 0x00, 0x02, 0x00, 0x30,
    0xE4, 0xFF, 0xFB, 0xFF, 0xFF, 0xFF, 0xFF, 0xFF, 0xFF, 0xFF, 0xFF, 0xFF, 0xFF, 0xFF, 0xFF, 0xFF,
    0xFF, 0xFF, 0xFF, 0xFF, 0xFF, 0xFF, 0xFF, 0xFF, 0xFF, 0xFF, 0xFF, 0xFF, 0xFC, 0xFF, 0xFF, 0x54,
    0x00, 0x04, 0x00, 0x00, 0x00, 0x00, 0x00, 0x00, 0x00, 0x00, 0x00, 0x00, 0x00, 0x00, 0x00, 0x00,
    0x00, 0x00, 0x00, 0x00, 0x00, 0x00, 0x00, 0x00, 0x00, 0x00, 0x00, 0x00, 0x00, 0x00, 0x00, 0x00,
    0x00, 0x00, 0x00, 0x00, 0x00, 0x00, 0x00, 0x00, 0x00, 0x00, 0x00, 0x00, 0x00, 0x00, 0x00, 0x00,
    0x00, 0x00, 0x00, 0x00, 0x00, 0x00, 0x00, 0x00, 0x00, 0x00, 0x00, 0x00, 0x00, 0x00, 0x00, 0x00,
    0x00, 0x00, 0x00, 0x00, 0x00, 0x00, 0x00, 0x00, 0x00, 0x00, 0x02, 0x00, 0x2C, 0xEC, 0xFF, 0xFB,
    0xFF, 0xFF, 0xFF, 0xFF, 0xFF, 0xFF, 0xFF, 0xFF, 0xFF, 0xFF, 0xFF, 0xFF, 0xFF, 0xFF, 0xFF, 0xFF,
    0xFF, 0xFF, 0xFF, 0xFF, 0xFF, 0xFF, 0xFF, 0xFF, 0xFF, 0xFF, 0xFF, 0xFD, 0xFC, 0xF5, 0x3D, 0x00,
    0x03, 0x00, 0x00, 0x00, 0x00, 0x00, 0x00, 0x00, 0x00, 0x00, 0x00, 0x00, 0x00, 0x00, 0x00, 0x00,
    0x00, 0x00, 0x00, 0x00, 0x00, 0x00, 0x00, 0x00, 0x00, 0x00, 0x00, 0x00, 0x00, 0x00, 0x00, 0x00,
    0x00, 0x00, 0x00, 0x00, 0x00, 0x00, 0x00, 0x00, 0x00, 0x00, 0x00, 0x00, 0x00, 0x00, 0x00, 0x00,
    0x00, 0x00, 0x00, 0x00, 0x00, 0x00, 0x00, 0x00, 0x00, 0x00, 0x00, 0x00, 0x00, 0x00, 0x00, 0x00,
    0x00, 0x00, 0x00, 0x00, 0x00, 0x00, 0x00, 0x01, 0x02, 0x09, 0xCB, 0xFF, 0xFB, 0xFF, 0xFF, 0xFF,
    0xFF, 0xFF, 0xFF, 0xFF, 0xFF, 0xFF, 0xFF, 0xFF, 0xFF, 0xFF, 0xFF, 0xFF, 0xFF, 0xFF, 0xFF, 0xFF,
    0xFF, 0xFF, 0xFF, 0xFF, 0xFF, 0xFF, 0xFF, 0xFF, 0xFF, 0xFF, 0xFD, 0xFF, 0xEE, 0x26, 0x00, 0x02,
    0x00, 0x00, 0x00, 0x00, 0x00, 0x00, 0x00, 0x00, 0x00, 0x00, 0x00, 0x00, 0x00, 0x00, 0x00, 0x00,
    0x00, 0x00, 0x00, 0x00, 0x00, 0x00, 0x00, 0x00, 0x00, 0x00, 0x00, 0x00, 0x00, 0x00, 0x00, 0x00,
    0x00, 0x00, 0x00, 0x00, 0x00, 0x00, 0x00, 0x00, 0x00, 0x00, 0x00, 0x00, 0x00, 0x00, 0x00, 0x00,
    0x00, 0x00, 0x00, 0x00, 0x00, 0x00, 0x00, 0x00, 0x00, 0x00, 0x00, 0x00, 0x00, 0x00, 0x00, 0x00,
    0x00, 0x00, 0x00, 0x00, 0x00, 0x04, 0x00, 0x5F, 0xFF, 0xFB, 0xFF, 0xFF, 0xFF, 0xFF, 0xFF, 0xFF,
    0xFF, 0xFF, 0xFF, 0xFF, 0xFF, 0xFF, 0xFF, 0xFF, 0xFF, 0xFF, 0xFF, 0xFF, 0xFF, 0xFF, 0xFF, 0xFF,
    0xFF, 0xFF, 0xFF, 0xFF, 0xFF, 0xFF, 0xFF, 0xFF, 0xFF, 0xFC, 0xFF, 0xCD, 0x04, 0x02, 0x01, 0x00,
    0x00, 0x00, 0x00, 0x00, 0x00, 0x00, 0x00, 0x00, 0x00, 0x00, 0x00, 0x00, 0x00, 0x00, 0x00, 0x00,
    0x00, 0x00, 0x00, 0x00, 0x00, 0x00, 0x00, 0x00, 0x00, 0x00, 0x00, 0x00, 0x00, 0x00, 0x00, 0x00,
    0x00, 0x00, 0x00, 0x00, 0x00, 0x00, 0x00, 0x00, 0x00, 0x00, 0x00, 0x00, 0x00, 0x00, 0x00, 0x00,
    0x00, 0x00, 0x00, 0x00, 0x00, 0x00, 0x00, 0x00, 0x00, 0x00, 0x00, 0x00, 0x00, 0x00, 0x00, 0x00,
    0x00, 0x00, 0x00, 0x04, 0x01, 0x6A, 0xFE, 0xFB, 0xFF, 0xFF, 0xFF, 0xFF, 0xFF, 0xFF, 0xFF, 0xFF,
    0xFF, 0xFF, 0xFF, 0xFF, 0xFF, 0xFF, 0xFF, 0xFF, 0xFF, 0xFF, 0xFF, 0xFF, 0xFF, 0xFF, 0xFF, 0xFF,
    0xFF, 0xFF, 0xFF, 0xFF, 0xFF, 0xFF, 0xFF, 0xFF, 0xFB, 0xFF, 0x7A, 0x00, 0x03, 0x00, 0x00, 0x00,
    0x00, 0x00, 0x00, 0x00, 0x00, 0x00, 0x00, 0x00, 0x00, 0x00, 0x00, 0x00, 0x00, 0x00, 0x00, 0x00,
    0x00, 0x00, 0x00, 0x00, 0x00, 0x00, 0x00, 0x00, 0x00, 0x00, 0x00, 0x00, 0x00, 0x00, 0x00, 0x00,
    0x00, 0x00, 0x00, 0x00, 0x00, 0x00, 0x00, 0x00, 0x00, 0x00, 0x00, 0x00, 0x00, 0x00, 0x00, 0x00,
    0x00, 0x00, 0x00, 0x00, 0x00, 0x00, 0x00, 0x00, 0x00, 0x00, 0x00, 0x00, 0x00, 0x00, 0x00, 0x00,
    0x00, 0x04, 0x00, 0x79, 0xFF, 0xFB, 0xFF, 0xFF, 0xFF, 0xFF, 0xFF, 0xFF, 0xFF, 0xFF, 0xFF, 0xFF,
    0xFF, 0xFF, 0xFF, 0xFF, 0xFF, 0xFF, 0xFF, 0xFF, 0xFF, 0xFF, 0xFF, 0xFF, 0xFF, 0xFF, 0xFF, 0xFF,
    0xFF, 0xFF, 0xFF, 0xFF, 0xFF, 0xFF, 0xFE, 0xFC, 0xFA, 0x2C, 0x01, 0x03, 0x00, 0x00, 0x00, 0x00,
    0x00, 0x00, 0x00, 0x00, 0x00, 0x00, 0x00, 0x00, 0x00, 0x00, 0x00, 0x00, 0x00, 0x00, 0x00, 0x00,
    0x00, 0x00, 0x00, 0x00, 0x00, 0x00, 0x00, 0x00, 0x00, 0x00, 0x00, 0x00, 0x00, 0x00, 0x00, 0x00,
    0x00, 0x00, 0x00, 0x00, 0x00, 0x00, 0x00, 0x00, 0x00, 0x00, 0x00, 0x00, 0x00, 0x00, 0x00, 0x00,
    0x00, 0x00, 0x00, 0x00, 0x00, 0x00, 0x00, 0x00, 0x00, 0x00, 0x00, 0x00, 0x00, 0x00, 0x01, 0x01,
    0x0B, 0xDD, 0xFF, 0xFD, 0xFF, 0xFF, 0xFF, 0xFF, 0xFF, 0xFF, 0xFF, 0xFF, 0xFF, 0xFF, 0xFF, 0xFF,
    0xFF, 0xFF, 0xFF, 0xFF, 0xFF, 0xFF, 0xFF, 0xFF, 0xFF, 0xFF, 0xFF, 0xFF, 0xFF, 0xFF, 0xFF, 0xFF,
    0xFF, 0xFF, 0xFF, 0xFF, 0xFF, 0xFB, 0xFF, 0xA9, 0x00, 0x03, 0x00, 0x00, 0x00, 0x00, 0x00, 0x00,
    0x00, 0x00, 0x00, 0x00, 0x00, 0x00, 0x00, 0x00, 0x00, 0x00, 0x00, 0x00, 0x00, 0x00, 0x00, 0x00,
    0x00, 0x00, 0x00, 0x00, 0x00, 0x00, 0x00, 0x00, 0x00, 0x00, 0x00, 0x00, 0x00, 0x00, 0x00, 0x00,
    0x00, 0x00, 0x00, 0x00, 0x00, 0x00, 0x00, 0x00, 0x00, 0x00, 0x00, 0x00, 0x00, 0x00, 0x00, 0x00,
    0x00, 0x00, 0x00, 0x00, 0x00, 0x00, 0x00, 0x00, 0x00, 0x00, 0x00, 0x00, 0x04, 0x00, 0x71, 0xFF,
    0xFC, 0xFF, 0xFF, 0xFF, 0xFF, 0xFF, 0xFF, 0xFF, 0xFF, 0xFF, 0xFF, 0xFF, 0xFF, 0xFF, 0xFF, 0xFF,
    0xFF, 0xFF, 0xFF, 0xFF, 0xFF, 0xFF, 0xFF, 0xFF, 0xFF, 0xFF, 0xFF, 0xFF, 0xFF, 0xFF, 0xFF, 0xFF,
    0xFF, 0xFF, 0xFF, 0xFE, 0xFE, 0xF8, 0x22, 0x00, 0x02, 0x00, 0x00, 0x00, 0x00, 0x00, 0x00, 0x00,
    0x00, 0x00, 0x00, 0x00, 0x00, 0x00, 0x00, 0x00, 0x00, 0x00, 0x00, 0x00, 0x00, 0x00, 0x00, 0x00,
    0x00, 0x00, 0x00, 0x00, 0x00, 0x00, 0x00, 0x00, 0x00, 0x00, 0x00, 0x00, 0x00, 0x00, 0x00, 0x00,
    0x00, 0x00, 0x00, 0x00, 0x00, 0x00, 0x00, 0x00, 0x00, 0x00, 0x00, 0x00, 0x00, 0x00, 0x00, 0x00,
    0x00, 0x00, 0x00, 0x00, 0x00, 0x00, 0x00, 0x00, 0x00, 0x01, 0x01, 0x03, 0xD7, 0xFE, 0xFD, 0xFF,
    0xFF, 0xFF, 0xFF, 0xFF, 0xFF, 0xFF, 0xFF, 0xFF, 0xFF, 0xFF, 0xFF, 0xFF, 0xFF, 0xFF, 0xFF, 0xFF,
    0xFF, 0xFF, 0xFF, 0xFF, 0xFF, 0xFF, 0xFF, 0xFF, 0xFF, 0xFF, 0xFF, 0xFF, 0xFF, 0xFF, 0xFF, 0xFF,
    0xFF, 0xFF, 0xFB, 0xFF, 0x7E, 0x00, 0x04, 0x00, 0x00, 0x00, 0x00, 0x00, 0x00, 0x00, 0x00, 0x00,
    0x00, 0x00, 0x00, 0x00, 0x00, 0x00, 0x00, 0x00, 0x00, 0x00, 0x00, 0x00, 0x00, 0x00, 0x00, 0x00,
    0x00, 0x00, 0x00, 0x00, 0x00, 0x00, 0x00, 0x00, 0x00, 0x00, 0x00, 0x00, 0x00, 0x00, 0x00, 0x00,
    0x00, 0x00, 0x00, 0x00, 0x00, 0x00, 0x00, 0x00, 0x00, 0x00, 0x00, 0x00, 0x00, 0x00, 0x00, 0x00,
    0x00, 0x00, 0x00, 0x00, 0x00, 0x00, 0x00, 0x03, 0x00, 0x46, 0xFF, 0xFD, 0xFF, 0xFF, 0xFF, 0xFF,
    0xFF, 0xFF, 0xFF, 0xFF, 0xFF, 0xFF, 0xFF, 0xFF, 0xFF, 0xFF, 0xFF, 0xFF, 0xFF, 0xFF, 0xFF, 0xFF,
    0xFF, 0xFF, 0xFF, 0xFF, 0xFF, 0xFF, 0xFF, 0xFF, 0xFF, 0xFF, 0xFF, 0xFF, 0xFF, 0xFF, 0xFF, 0xFF,
    0xFD, 0xFF, 0xD0, 0x03, 0x01, 0x00, 0x00, 0x00, 0x00, 0x00, 0x00, 0x00, 0x00, 0x00, 0x00, 0x00,
    0x00, 0x00, 0x00, 0x00, 0x00, 0x00, 0x00, 0x00, 0x00, 0x00, 0x00, 0x00, 0x00, 0x00, 0x00, 0x00,
    0x00, 0x00, 0x00, 0x00, 0x00, 0x00, 0x00, 0x00, 0x00, 0x00, 0x00, 0x00, 0x00, 0x00, 0x00, 0x00,
    0x00, 0x00, 0x00, 0x00, 0x00, 0x00, 0x00, 0x00, 0x00, 0x00, 0x00, 0x00, 0x00, 0x00, 0x00, 0x00,
    0x00, 0x00, 0x00, 0x00, 0x00, 0x04, 0x00, 0x9A, 0xFF, 0xFB, 0xFF, 0xFF, 0xFF, 0xFF, 0xFF, 0xFF,
    0xFF, 0xFF, 0xFF, 0xFF, 0xFF, 0xFF, 0xFF, 0xFF, 0xFF, 0xFF, 0xFF, 0xFF, 0xFF, 0xFF, 0xFF, 0xFF,
    0xFF, 0xFF, 0xFF, 0xFF, 0xFF, 0xFF, 0xFF, 0xFF, 0xFF, 0xFF, 0xFF, 0xFF, 0xFF, 0xFF, 0xFF, 0xFF,
    0xFC, 0x29, 0x00, 0x02, 0x00, 0x00, 0x00, 0x00, 0x00, 0x00, 0x00, 0x00, 0x00, 0x00, 0x00, 0x00,
    0x00, 0x00, 0x00, 0x00, 0x00, 0x00, 0x00, 0x00, 0x00, 0x00, 0x00, 0x00, 0x00, 0x00, 0x00, 0x00,
    0x00, 0x00, 0x00, 0x00, 0x00, 0x00, 0x00, 0x00, 0x00, 0x00, 0x00, 0x00, 0x00, 0x00, 0x00, 0x00,
    0x00, 0x00, 0x00, 0x00, 0x00, 0x00, 0x00, 0x00, 0x00, 0x00, 0x00, 0x00, 0x00, 0x00, 0x00, 0x00,
    0x00, 0x00, 0x00, 0x02, 0x00, 0xBD, 0xFF, 0xFC, 0xFF, 0xFF, 0xFF, 0xFF, 0xFF, 0xFF, 0xFF, 0xFF,
    0xFF, 0xFF, 0xFF, 0xFF, 0xFF, 0xFF, 0xFF, 0xFF, 0xFF, 0xFF, 0xFF, 0xFF, 0xFF, 0xFF, 0xFF, 0xFF,
    0xFF, 0xFF, 0xFF, 0xFF, 0xFF, 0xFF, 0xFF, 0xFF, 0xFF, 0xFF, 0xFF, 0xFF, 0xFF, 0xFC, 0xFF, 0x5D,
    0x00, 0x04, 0x00, 0x00, 0x00, 0x00, 0x00, 0x00, 0x00, 0x00, 0x00, 0x00, 0x00, 0x00, 0x00, 0x00,
    0x00, 0x00, 0x00, 0x00, 0x00, 0x00, 0x00, 0x00, 0x00, 0x00, 0x00, 0x00, 0x00, 0x00, 0x00, 0x00,
    0x00, 0x00, 0x00, 0x00, 0x00, 0x00, 0x00, 0x00, 0x00, 0x00, 0x00, 0x00, 0x00, 0x00, 0x00, 0x00,
    0x00, 0x00, 0x00, 0x00, 0x00, 0x00, 0x00, 0x00, 0x00, 0x00, 0x00, 0x00, 0x00, 0x00, 0x00, 0x00,
    0x00, 0x01, 0x02, 0xC1, 0xFF, 0xFC, 0xFF, 0xFF, 0xFF, 0xFF, 0xFF, 0xFF, 0xFF, 0xFF, 0xFF, 0xFF,
    0xFF, 0xFF, 0xFF, 0xFF, 0xFF, 0xFF, 0xFF, 0xFF, 0xFF, 0xFF, 0xFF, 0xFF, 0xFF, 0xFF, 0xFF, 0xFF,
    0xFF, 0xFF, 0xFF, 0xFF, 0xFF, 0xFF, 0xFF, 0xFF, 0xFF, 0xFF, 0xFF, 0xFB, 0xFF, 0x86, 0x00, 0x04,
    0x00, 0x00, 0x00, 0x00, 0x00, 0x00, 0x00, 0x00, 0x00, 0x00, 0x00, 0x00, 0x00, 0x00, 0x00, 0x00,
    0x00, 0x00, 0x00, 0x00, 0x00, 0x00, 0x00, 0x00, 0x00, 0x00, 0x00, 0x00, 0x00, 0x00, 0x00, 0x00,
    0x00, 0x00, 0x00, 0x00, 0x00, 0x00, 0x00, 0x00, 0x00, 0x00, 0x00, 0x00, 0x00, 0x00, 0x00, 0x00,
    0x00, 0x00, 0x00, 0x00, 0x00, 0x00, 0x00, 0x00, 0x00, 0x00, 0x00, 0x00, 0x00, 0x00, 0x00, 0x01,
    0x00, 0xCC, 0xFF, 0xFD, 0xFF, 0xFF, 0xFF, 0xFF, 0xFF, 0xFF, 0xFF, 0xFF, 0xFF, 0xFF, 0xFF, 0xFF,
    0xFF, 0xFF, 0xFF, 0xFF, 0xFF, 0xFF, 0xFF, 0xFF, 0xFF, 0xFF, 0xFF, 0xFF, 0xFF, 0xFF, 0xFF, 0xFF,
    0xFF, 0xFF, 0xFF, 0xFF, 0xFF, 0xFF, 0xFF, 0xFF, 0xFF, 0xFB, 0xFF, 0x9F, 0x00, 0x03, 0x00, 0x00,
    0x00, 0x00, 0x00, 0x00, 0x00, 0x00, 0x00, 0x00, 0x00, 0x00, 0x00, 0x00, 0x00, 0x00, 0x00, 0x00,
    0x00, 0x00, 0x00, 0x00, 0x00, 0x00, 0x00, 0x00, 0x00, 0x00, 0x00, 0x00, 0x00, 0x00, 0x00, 0x00,
    0x00, 0x00, 0x00, 0x00, 0x00, 0x00, 0x00, 0x00, 0x00, 0x00, 0x00, 0x00, 0x00, 0x00, 0x00, 0x00,
    0x00, 0x00, 0x00, 0x00, 0x00, 0x00, 0x00, 0x00, 0x00, 0x00, 0x00, 0x00, 0x03, 0x00, 0x3A, 0xF4,
    0xFD, 0xFE, 0xFF, 0xFF, 0xFF, 0xFF, 0xFF, 0xFF, 0xFF, 0xFF, 0xFF, 0xFF, 0xFF, 0xFF, 0xFF, 0xFF,
    0xFF, 0xFF, 0xFF, 0xFF, 0xFF, 0xFF, 0xFF, 0xFF, 0xFF, 0xFF, 0xFF, 0xFF, 0xFF, 0xFF, 0xFF, 0xFF,
    0xFF, 0xFF, 0xFF, 0xFF, 0xFF, 0xFF, 0xFF, 0xFC, 0xFF, 0xB6, 0x00, 0x02, 0x00, 0x00, 0x00, 0x00,
    0x00, 0x00, 0x00, 0x00, 0x00, 0x00, 0x00, 0x00, 0x00, 0x00, 0x00, 0x00, 0x00, 0x00, 0x00, 0x00,
    0x00, 0x00, 0x00, 0x00, 0x00, 0x00, 0x00, 0x00, 0x00, 0x00, 0x00, 0x00, 0x00, 0x00, 0x00, 0x00,
    0x00, 0x00, 0x00, 0x00, 0x00, 0x00, 0x00, 0x00, 0x00, 0x00, 0x00, 0x00, 0x00, 0x00, 0x00, 0x00,
    0x00, 0x00, 0x00, 0x00, 0x00, 0x00, 0x00, 0x00, 0x00, 0x01, 0x02, 0x07, 0xD5, 0xFF, 0xFD, 0xFF,
    0xFF, 0xFF, 0xFF, 0xFF, 0xFF, 0xFF, 0xFF, 0xFF, 0xFF, 0xFF, 0xFF, 0xFF, 0xFF, 0xFF, 0xFF, 0xFF,
    0xFF, 0xFF, 0xFF, 0xFF, 0xFF, 0xFF, 0xFF, 0xFF, 0xFF, 0xFF, 0xFF, 0xFF, 0xFF, 0xFF, 0xFF, 0xFF,
    0xFF, 0xFF, 0xFF, 0xFF, 0xFF, 0xFC, 0xFF, 0xB7, 0x00, 0x02, 0x00, 0x00, 0x00, 0x00, 0x00, 0x00,
    0x00, 0x00, 0x00, 0x00, 0x00, 0x00, 0x00, 0x00, 0x00, 0x00, 0x00, 0x00, 0x00, 0x00, 0x00, 0x00,
    0x00, 0x00, 0x00, 0x00, 0x00, 0x00, 0x00, 0x00, 0x00, 0x00, 0x00, 0x00, 0x00, 0x00, 0x00, 0x00,
    0x00, 0x00, 0x00, 0x00, 0x00, 0x00, 0x00, 0x00, 0x00, 0x00, 0x00, 0x00, 0x00, 0x00, 0x00, 0x00,
    0x00, 0x00, 0x00, 0x00, 0x00, 0x00, 0x00, 0x03, 0x00, 0x77, 0xFF, 0xFC, 0xFF, 0xFF, 0xFF, 0xFF,
    0xFF, 0xFF, 0xFF, 0xFF, 0xFF, 0xFF, 0xFF, 0xFF, 0xFF, 0xFF, 0xFF, 0xFF, 0xFF, 0xFF, 0xFF, 0xFF,
    0xFF, 0xFF, 0xFF, 0xFF, 0xFF, 0xFF, 0xFF, 0xFF, 0xFF, 0xFF, 0xFF, 0xFF, 0xFF, 0xFF, 0xFF, 0xFF,
    0xFF, 0xFF, 0xFF, 0xFC, 0xFF, 0xB3, 0x00, 0x03, 0x00, 0x00, 0x00, 0x00, 0x00, 0x00, 0x00, 0x00,
    0x00, 0x00, 0x00, 0x00, 0x00, 0x00, 0x00, 0x00, 0x00, 0x00, 0x00, 0x00, 0x00, 0x00, 0x00, 0x00,
    0x00, 0x00, 0x00, 0x00, 0x00, 0x00, 0x00, 0x00, 0x00, 0x00, 0x00, 0x00, 0x00, 0x00, 0x00, 0x00,
    0x00, 0x00, 0x00, 0x00, 0x00, 0x00, 0x00, 0x00, 0x00, 0x00, 0x00, 0x00, 0x00, 0x00, 0x00, 0x00,
    0x00, 0x00, 0x00, 0x00, 0x01, 0x00, 0x0A, 0xE2, 0xFE, 0xFD, 0xFF, 0xFF, 0xFF, 0xFF, 0xFF, 0xFF,
    0xFF, 0xFF, 0xFF, 0xFF, 0xFF, 0xFF, 0xFF, 0xFF, 0xFF, 0xFF, 0xFF, 0xFF, 0xFF, 0xFF, 0xFF, 0xFF,
    0xFF, 0xFF, 0xFF, 0xFF, 0xFF, 0xFF, 0xFF, 0xFF, 0xFF, 0xFF, 0xFF, 0xFF, 0xFF, 0xFF, 0xFF, 0xFF,
    0xFF, 0xFC, 0xFF, 0xB5, 0x00, 0x02, 0x00, 0x00, 0x00, 0x00, 0x00, 0x00, 0x00, 0x00, 0x00, 0x00,
    0x00, 0x00, 0x00, 0x00, 0x00, 0x00, 0x00, 0x00, 0x00, 0x00, 0x00, 0x00, 0x00, 0x00, 0x00, 0x00,
    0x00, 0x00, 0x00, 0x00, 0x00, 0x00, 0x00, 0x00, 0x00, 0x00, 0x00, 0x00, 0x00, 0x00, 0x00, 0x00,
    0x00, 0x00, 0x00, 0x00, 0x00, 0x00, 0x00, 0x00, 0x00, 0x00, 0x00, 0x00, 0x00, 0x00, 0x00, 0x00,
    0x00, 0x00, 0x02, 0x00, 0x23, 0xF9, 0xFF, 0xFE, 0xFF, 0xFF, 0xFF, 0xFF, 0xFF, 0xFF, 0xFF, 0xFF,
    0xFF, 0xFF, 0xFF, 0xFF, 0xFF, 0xFF, 0xFF, 0xFF, 0xFF, 0xFF, 0xFF, 0xFF, 0xFF, 0xFF, 0xFF, 0xFF,
    0xFF, 0xFF, 0xFF, 0xFF, 0xFF, 0xFF, 0xFF, 0xFF, 0xFF, 0xFF, 0xFF, 0xFF, 0xFF, 0xFF, 0xFF, 0xFC,
    0xFF, 0xB9, 0x00, 0x02, 0x00, 0x00, 0x00, 0x00, 0x00, 0x00, 0x00, 0x00, 0x00, 0x00, 0x00, 0x00,
    0x00, 0x00, 0x00, 0x00, 0x00, 0x00, 0x00, 0x00, 0x00, 0x00, 0x00, 0x00, 0x00, 0x00, 0x00, 0x00,
    0x00, 0x00, 0x00, 0x00, 0x00, 0x00, 0x00, 0x00, 0x00, 0x00, 0x00, 0x00, 0x00, 0x00, 0x00, 0x00,
    0x00, 0x00, 0x00, 0x00, 0x00, 0x00, 0x00, 0x00, 0x00, 0x00, 0x00, 0x00, 0x00, 0x00, 0x00, 0x00,
    0x01, 0x00, 0x15, 0xEE, 0xFF, 0xFE, 0xFF, 0xFF, 0xFF, 0xFF, 0xFF, 0xFF, 0xFF, 0xFF, 0xFF, 0xFF,
    0xFF, 0xFF, 0xFF, 0xFF, 0xFF, 0xFF, 0xFF, 0xFF, 0xFF, 0xFF, 0xFF, 0xFF, 0xFF, 0xFF, 0xFF, 0xFF,
    0xFF, 0xFF, 0xFF, 0xFF, 0xFF, 0xFF, 0xFF, 0xFF, 0xFF, 0xFF, 0xFF, 0xFF, 0xFF, 0xFC, 0xFF, 0x63,
    0x00, 0x04, 0x00, 0x00, 0x00, 0x00, 0x00, 0x00, 0x00, 0x00, 0x00, 0x00, 0x00, 0x00, 0x00, 0x00,
    0x00, 0x00, 0x00, 0x00, 0x00, 0x00, 0x00, 0x00, 0x00, 0x00, 0x00, 0x00, 0x00, 0x00, 0x00, 0x00,
    0x00, 0x00, 0x00, 0x00, 0x00, 0x00, 0x00, 0x00, 0x00, 0x00, 0x00, 0x00, 0x00, 0x00, 0x00, 0x00,
    0x00, 0x00, 0x00, 0x00, 0x00, 0x00, 0x00, 0x00, 0x00, 0x00, 0x00, 0x00, 0x00, 0x00, 0x00, 0x01,
    0x01, 0xCD, 0xFE, 0xFC, 0xFF, 0xFF, 0xFF, 0xFF, 0xFF, 0xFF, 0xFF, 0xFF, 0xFF, 0xFF, 0xFF, 0xFF,
    0xFF, 0xFF, 0xFF, 0xFF, 0xFF, 0xFF, 0xFF, 0xFF, 0xFF, 0xFF, 0xFF, 0xFF, 0xFF, 0xFF, 0xFF, 0xFF,
    0xFF, 0xFF, 0xFF, 0xFF, 0xFF, 0xFF, 0xFF, 0xFF, 0xFF, 0xFF, 0xFF, 0xFE, 0xFF, 0x32, 0x00, 0x03,
    0x00, 0x00, 0x00, 0x00, 0x00, 0x00, 0x00, 0x00, 0x00, 0x00, 0x00, 0x00, 0x00, 0x00, 0x00, 0x00,
    0x00, 0x00, 0x00, 0x00, 0x00, 0x00, 0x00, 0x00, 0x00, 0x00, 0x00, 0x00, 0x00, 0x00, 0x00, 0x00,
    0x00, 0x00, 0x00, 0x00, 0x00, 0x00, 0x00, 0x00, 0x00, 0x00, 0x00, 0x00, 0x00, 0x00, 0x00, 0x00,
    0x00, 0x00, 0x00, 0x00, 0x00, 0x00, 0x00, 0x00, 0x00, 0x00, 0x00, 0x00, 0x00, 0x04, 0x00, 0x7F,
    0xFF, 0xFB, 0xFF, 0xFF, 0xFF, 0xFF, 0xFF, 0xFF, 0xFF, 0xFF, 0xFF, 0xFF, 0xFF, 0xFF, 0xFF, 0xFF,
    0xFF, 0xFF, 0xFF, 0xFF, 0xFF, 0xFF, 0xFF, 0xFF, 0xFF, 0xFF, 0xFF, 0xFF, 0xFF, 0xFF, 0xFF, 0xFF,
    0xFF, 0xFF, 0xFF, 0xFF, 0xFF, 0xFF, 0xFF, 0xFF, 0xFD, 0xFF, 0xCF, 0x06, 0x01, 0x00, 0x00, 0x00,
    0x00, 0x00, 0x00, 0x00, 0x00, 0x00, 0x00, 0x00, 0x00, 0x00, 0x00, 0x00, 0x00, 0x00, 0x00, 0x00,
    0x00, 0x00, 0x00, 0x00, 0x00, 0x00, 0x00, 0x00, 0x00, 0x00, 0x00, 0x00, 0x00, 0x00, 0x00, 0x00,
    0x00, 0x00, 0x00, 0x00, 0x00, 0x00, 0x00, 0x00, 0x00, 0x00, 0x00, 0x00, 0x00, 0x00, 0x00, 0x00,
    0x00, 0x00, 0x00, 0x00, 0x00, 0x00, 0x00, 0x00, 0x00, 0x00, 0x00, 0x02, 0x01, 0x18, 0xE9, 0xFD,
    0xFD, 0xFF, 0xFF, 0xFF, 0xFF, 0xFF, 0xFF, 0xFF, 0xFF, 0xFF, 0xFF, 0xFF, 0xFF, 0xFF, 0xFF, 0xFF,
    0xFF, 0xFF, 0xFF, 0xFF, 0xFF, 0xFF, 0xFF, 0xFF, 0xFF, 0xFF, 0xFF, 0xFF, 0xFF, 0xFF, 0xFF, 0xFF,
    0xFF, 0xFF, 0xFF, 0xFF, 0xFF, 0xFF, 0xFB, 0xFF, 0x7F, 0x00, 0x04, 0x00, 0x00, 0x00, 0x00, 0x00,
    0x00, 0x00, 0x00, 0x00, 0x00, 0x00, 0x00, 0x00, 0x00, 0x00, 0x00, 0x00, 0x00, 0x00, 0x00, 0x00,
    0x00, 0x00, 0x00, 0x00, 0x00, 0x00, 0x00, 0x00, 0x00, 0x00, 0x00, 0x00, 0x00, 0x00, 0x00, 0x00,
    0x00, 0x00, 0x00, 0x00, 0x00, 0x00, 0x00, 0x00, 0x00, 0x00, 0x00, 0x00, 0x00, 0x00, 0x00, 0x00,
    0x00, 0x00, 0x00, 0x00, 0x00, 0x00, 0x00, 0x00, 0x00, 0x00, 0x04, 0x00, 0x63, 0xFF, 0xFA, 0xFF,
    0xFF, 0xFF, 0xFF, 0xFF, 0xFF, 0xFF, 0xFF, 0xFF, 0xFF, 0xFF, 0xFF, 0xFF, 0xFF, 0xFF, 0xFF, 0xFF,
    0xFF, 0xFF, 0xFF, 0xFF, 0xFF, 0xFF, 0xFF, 0xFF, 0xFF, 0xFF, 0xFF, 0xFF, 0xFF, 0xFF, 0xFF, 0xFF,
    0xFF, 0xFF, 0xFF, 0xFF, 0xFE, 0xFD, 0x2D, 0x00, 0x02, 0x00, 0x00, 0x00, 0x00, 0x00, 0x00, 0x00,
    0x00, 0x00, 0x00, 0x00, 0x00, 0x00, 0x00, 0x00, 0x00, 0x00, 0x00, 0x00, 0x00, 0x00, 0x00, 0x00,
    0x00, 0x00, 0x00, 0x00, 0x00, 0x00, 0x00, 0x00, 0x00, 0x00, 0x00, 0x00, 0x00, 0x00, 0x00, 0x00,
    0x00, 0x00, 0x00, 0x00, 0x00, 0x00, 0x00, 0x00, 0x00, 0x00, 0x00, 0x00, 0x00, 0x00, 0x00, 0x00,
    0x00, 0x00, 0x00, 0x00, 0x00, 0x00, 0x00, 0x00, 0x01, 0x03, 0x03, 0xB5, 0xFF, 0xFB, 0xFF, 0xFF,
    0xFF, 0xFF, 0xFF, 0xFF, 0xFF, 0xFF, 0xFF, 0xFF, 0xFF, 0xFF, 0xFF, 0xFF, 0xFF, 0xFF, 0xFF, 0xFF,
    0xFF, 0xFF, 0xFF, 0xFF, 0xFF, 0xFF, 0xFF, 0xFF, 0xFF, 0xFF, 0xFF, 0xFF, 0xFF, 0xFF, 0xFF, 0xFF,
    0xFF, 0xFC, 0xFF, 0xA8, 0x00, 0x02, 0x00, 0x00, 0x00, 0x00, 0x00, 0x00, 0x00, 0x00, 0x00, 0x00,
    0x00, 0x00, 0x00, 0x00, 0x00, 0x00, 0x00, 0x00, 0x00, 0x00, 0x00, 0x00, 0x00, 0x00, 0x00, 0x00,
    0x00, 0x00, 0x00, 0x00, 0x00, 0x00, 0x00, 0x00, 0x00, 0x00, 0x00, 0x00, 0x00, 0x00, 0x00, 0x00,
    0x00, 0x00, 0x00, 0x00, 0x00, 0x00, 0x00, 0x00, 0x00, 0x00, 0x00, 0x00, 0x00, 0x00, 0x00, 0x00,
    0x00, 0x00, 0x00, 0x00, 0x00, 0x00, 0x00, 0x02, 0x01, 0x15, 0xD6, 0xFF, 0xFC, 0xFF, 0xFF, 0xFF,
    0xFF, 0xFF, 0xFF, 0xFF, 0xFF, 0xFF, 0xFF, 0xFF, 0xFF, 0xFF, 0xFF, 0xFF, 0xFF, 0xFF, 0xFF, 0xFF,
    0xFF, 0xFF, 0xFF, 0xFF, 0xFF, 0xFF, 0xFF, 0xFF, 0xFF, 0xFF, 0xFF, 0xFF, 0xFF, 0xFF, 0xFF, 0xFC,
    0xFF, 0xAE, 0x02, 0x02, 0x00, 0x00, 0x00, 0x00, 0x00, 0x00, 0x00, 0x00, 0x00, 0x00, 0x00, 0x00,
    0x00, 0x00, 0x00, 0x00, 0x00, 0x00, 0x00, 0x00, 0x00, 0x00, 0x00, 0x00, 0x00, 0x00, 0x00, 0x00,
    0x00, 0x00, 0x00, 0x00, 0x00, 0x00, 0x00, 0x00, 0x00, 0x00, 0x00, 0x00, 0x00, 0x00, 0x00, 0x00,
    0x00, 0x00, 0x00, 0x00, 0x00, 0x00, 0x00, 0x00, 0x00, 0x00, 0x00, 0x00, 0x00, 0x00, 0x00, 0x00,
    0x00, 0x00, 0x00, 0x00, 0x00, 0x00, 0x02, 0x00, 0x25, 0xED, 0xFF, 0xFC, 0xFF, 0xFF, 0xFF, 0xFF,
    0xFF, 0xFF, 0xFF, 0xFF, 0xFF, 0xFF, 0xFF, 0xFF, 0xFF, 0xFF, 0xFF, 0xFF, 0xFF, 0xFF, 0xFF, 0xFF,
    0xFF, 0xFF, 0xFF, 0xFF, 0xFF, 0xFF, 0xFF, 0xFF, 0xFF, 0xFF, 0xFF, 0xFF, 0xFF, 0xFD, 0xFF, 0xD0,
    0x00, 0x01, 0x00, 0x00, 0x00, 0x00, 0x00, 0x00, 0x00, 0x00, 0x00, 0x00, 0x00, 0x00, 0x00, 0x00,
    0x00, 0x00, 0x00, 0x00, 0x00, 0x00, 0x00, 0x00, 0x00, 0x00, 0x00, 0x00, 0x00, 0x00, 0x00, 0x00,
    0x00, 0x00, 0x00, 0x00, 0x00, 0x00, 0x00, 0x00, 0x00, 0x00, 0x00, 0x00, 0x00, 0x00, 0x00, 0x00,
    0x00, 0x00, 0x00, 0x00, 0x00, 0x00, 0x00, 0x00, 0x00, 0x00, 0x00, 0x00, 0x00, 0x00, 0x00, 0x00,
    0x00, 0x00, 0x00, 0x00, 0x00, 0x03, 0x00, 0x38, 0xEF, 0xFF, 0xFC, 0xFF, 0xFF, 0xFF, 0xFF, 0xFF,
    0xFF, 0xFF, 0xFF, 0xFF, 0xFF, 0xFF, 0xFF, 0xFF, 0xFF, 0xFF, 0xFF, 0xFF, 0xFF, 0xFF, 0xFF, 0xFF,
    0xFF, 0xFF, 0xFF, 0xFF, 0xFF, 0xFF, 0xFF, 0xFF, 0xFF, 0xFF, 0xFF, 0xFD, 0xFE, 0xDF, 0x12, 0x00,
    0x02, 0x00, 0x00, 0x00, 0x00, 0x00, 0x00, 0x00, 0x00, 0x00, 0x00, 0x00, 0x00, 0x00, 0x00, 0x00,
    0x00, 0x00, 0x00, 0x00, 0x00, 0x00, 0x00, 0x00, 0x00, 0x00, 0x00, 0x00, 0x00, 0x00, 0x00, 0x00,
    0x00, 0x00, 0x00, 0x00, 0x00, 0x00, 0x00, 0x00, 0x00, 0x00, 0x00, 0x00, 0x00, 0x00, 0x00, 0x00,
    0x00, 0x00, 0x00, 0x00, 0x00, 0x00, 0x00, 0x00, 0x00, 0x00, 0x00, 0x00, 0x00, 0x00, 0x00, 0x00,
    0x00, 0x00, 0x00, 0x00, 0x03, 0x00, 0x38, 0xEB, 0xFF, 0xFB, 0xFF, 0xFF, 0xFF, 0xFF, 0xFF, 0xFF,
    0xFF, 0xFF, 0xFF, 0xFF, 0xFF, 0xFF, 0xFF, 0xFF, 0xFF, 0xFF, 0xFF, 0xFF, 0xFF, 0xFF, 0xFF, 0xFF,
    0xFF, 0xFF, 0xFF, 0xFF, 0xFF, 0xFF, 0xFF, 0xFF, 0xFF, 0xFF, 0xFD, 0xFF, 0xCB, 0x13, 0x00, 0x02,
    0x00, 0x00, 0x00, 0x00, 0x00, 0x00, 0x00, 0x00, 0x00, 0x00, 0x00, 0x00, 0x00, 0x00, 0x00, 0x00,
    0x00, 0x00, 0x00, 0x00, 0x00, 0x00, 0x00, 0x00, 0x00, 0x00, 0x00, 0x00, 0x00, 0x00, 0x00, 0x00,
    0x00, 0x00, 0x00, 0x00, 0x00, 0x00, 0x00, 0x00, 0x00, 0x00, 0x00, 0x00, 0x00, 0x00, 0x00, 0x00,
    0x00, 0x00, 0x00, 0x00, 0x00, 0x00, 0x00, 0x00, 0x00, 0x00, 0x00, 0x00, 0x00, 0x00, 0x00, 0x00,
    0x00, 0x00, 0x00, 0x04, 0x00, 0x31, 0xDD, 0xFF, 0xFE, 0xFF, 0xFF, 0xFF, 0xFF, 0xFF, 0xFF, 0xFF,
    0xFF, 0xFF, 0xFF, 0xFF, 0xFF, 0xFF, 0xFF, 0xFF, 0xFF, 0xFF, 0xFF, 0xFF, 0xFF, 0xFF, 0xFF, 0xFF,
    0xFF, 0xFF, 0xFF, 0xFF, 0xFF, 0xFF, 0xFF, 0xFF, 0xFF, 0xFD, 0xFF, 0xD0, 0x0D, 0x00, 0x02, 0x00,
    0x00, 0x00, 0x00, 0x00, 0x00, 0x00, 0x00, 0x00, 0x00, 0x00, 0x00, 0x00, 0x00, 0x00, 0x00, 0x00,
    0x00, 0x00, 0x00, 0x00, 0x00, 0x00, 0x00, 0x00, 0x00, 0x00, 0x00, 0x00, 0x00, 0x00, 0x00, 0x00,
    0x00, 0x00, 0x00, 0x00, 0x00, 0x00, 0x00, 0x00, 0x00, 0x00, 0x00, 0x00, 0x00, 0x00, 0x00, 0x00,
    0x00, 0x00, 0x00, 0x00, 0x00, 0x00, 0x00, 0x00, 0x00, 0x00, 0x00, 0x00, 0x00, 0x00, 0x00, 0x00,
    0x02, 0x04, 0x02, 0x00, 0x00, 0xA0, 0xFE, 0xFD, 0xFF, 0xFF, 0xFF, 0xFF, 0xFF, 0xFF, 0xFF, 0xFF,
    0xFF, 0xFF, 0xFF, 0xFF, 0xFF, 0xFF, 0xFF, 0xFF, 0xFF, 0xFF, 0xFF, 0xFF, 0xFF, 0xFF, 0xFF, 0xFF,
    0xFF, 0xFF, 0xFF, 0xFF, 0xFF, 0xFF, 0xFF, 0xFF, 0xFB, 0xFF, 0xBC, 0x07, 0x03, 0x01, 0x00, 0x00,
    0x00, 0x00, 0x00, 0x00, 0x00, 0x00, 0x00, 0x00, 0x00, 0x00, 0x00, 0x00, 0x00, 0x00, 0x00, 0x00,
    0x00, 0x00, 0x00, 0x00, 0x00, 0x00, 0x00, 0x00, 0x00, 0x00, 0x00, 0x00, 0x00, 0x00, 0x00, 0x00,
    0x00, 0x00, 0x00, 0x00, 0x00, 0x00, 0x00, 0x00, 0x00, 0x00, 0x00, 0x00, 0x00, 0x00, 0x00, 0x00,
    0x00, 0x00, 0x00, 0x00, 0x00, 0x00, 0x00, 0x00, 0x00, 0x00, 0x00, 0x02, 0x04, 0x00, 0x00, 0x00,
    0x03, 0x4A, 0x8C, 0xCC, 0xFF, 0xFE, 0xFF, 0xFF, 0xFF, 0xFF, 0xFF, 0xFF, 0xFF, 0xFF, 0xFF, 0xFF,
    0xFF, 0xFF, 0xFF, 0xFF, 0xFF, 0xFF, 0xFF, 0xFF, 0xFF, 0xFF, 0xFF, 0xFF, 0xFF, 0xFF, 0xFF, 0xFF,
    0xFF, 0xFF, 0xFF, 0xFF, 0xFF, 0xFF, 0xFF, 0xFA, 0xFF, 0x7D, 0x00, 0x04, 0x00, 0x00, 0x00, 0x00,
    0x00, 0x00, 0x00, 0x00, 0x00, 0x00, 0x00, 0x00, 0x00, 0x00, 0x00, 0x00, 0x00, 0x00, 0x00, 0x00,
    0x00, 0x00, 0x00, 0x00, 0x00, 0x00, 0x00, 0x00, 0x00, 0x00, 0x00, 0x00, 0x00, 0x00, 0x00, 0x00,
    0x00, 0x00, 0x00, 0x00, 0x00, 0x00, 0x00, 0x00, 0x00, 0x00, 0x00, 0x00, 0x00, 0x00, 0x00, 0x00,
    0x00, 0x00, 0x00, 0x00, 0x00, 0x00, 0x00, 0x02, 0x03, 0x00, 0x00, 0x00, 0x2C, 0x80, 0xD3, 0xFF,
    0xFF, 0xFF, 0xFF, 0xFF, 0xFF, 0xFF, 0xFF, 0xFF, 0xFF, 0xFF, 0xFF, 0xFF, 0xFF, 0xFF, 0xFF, 0xFF,
    0xFF, 0xFF, 0xFF, 0xFF, 0xFF, 0xFF, 0xFF, 0xFF, 0xFF, 0xFF, 0xFF, 0xFF, 0xFF, 0xFF, 0xFF, 0xFF,
    0xFF, 0xFF, 0xFF, 0xFF, 0xFF, 0xFE, 0xFB, 0xFC, 0x3E, 0x00, 0x03, 0x00, 0x00, 0x00, 0x00, 0x00,
    0x00, 0x00, 0x00, 0x00, 0x00, 0x00, 0x00, 0x00, 0x00, 0x00, 0x00, 0x00, 0x00, 0x00, 0x00, 0x00,
    0x00, 0x00, 0x00, 0x00, 0x00, 0x00, 0x00, 0x00, 0x00, 0x00, 0x00, 0x00, 0x00, 0x00, 0x00, 0x00,
    0x00, 0x00, 0x00, 0x00, 0x00, 0x00, 0x00, 0x00, 0x00, 0x00, 0x00, 0x00, 0x00, 0x00, 0x00, 0x00,
    0x00, 0x00, 0x00, 0x03, 0x01, 0x00, 0x00, 0x24, 0x86, 0xCC, 0xFC, 0xFF, 0xFF, 0xFD, 0xFB, 0xFD,
    0xFF, 0xFF, 0xFF, 0xFF, 0xFF, 0xFF, 0xFF, 0xFF, 0xFF, 0xFF, 0xFF, 0xFF, 0xFF, 0xFF, 0xFF, 0xFF,
    0xFF, 0xFF, 0xFF, 0xFF, 0xFF, 0xFF, 0xFF, 0xFF, 0xFF, 0xFF, 0xFF, 0xFF, 0xFF, 0xFF, 0xFF, 0xFF,
    0xFF, 0xFF, 0xFF, 0xFF, 0xFD, 0xFF, 0xDB, 0x14, 0x03, 0x01, 0x00, 0x00, 0x00, 0x00, 0x00, 0x00,
    0x00, 0x00, 0x00, 0x00, 0x00, 0x00, 0x00, 0x00, 0x00, 0x00, 0x00, 0x00, 0x00, 0x00, 0x00, 0x00,
    0x00, 0x00, 0x00, 0x00, 0x00, 0x00, 0x00, 0x00, 0x00, 0x00, 0x00, 0x00, 0x00, 0x00, 0x00, 0x00,
    0x00, 0x00, 0x00, 0x00, 0x00, 0x00, 0x00, 0x00, 0x00, 0x00, 0x00, 0x00, 0x00, 0x00, 0x00, 0x03,
    0x01, 0x00, 0x00, 0x38, 0x9D, 0xF3, 0xFF, 0xFF, 0xFF, 0xFB, 0xFD, 0xFF, 0xFF, 0xFF, 0xFF, 0xFF,
    0xFF, 0xFF, 0xFF, 0xFF, 0xFF, 0xFF, 0xFF, 0xFF, 0xFF, 0xFF, 0xFF, 0xFF, 0xFF, 0xFF, 0xFF, 0xFF,
    0xFF, 0xFF, 0xFF, 0xFF, 0xFF, 0xFF, 0xFF, 0xFF, 0xFF, 0xFF, 0xFF, 0xFF, 0xFF, 0xFF, 0xFF, 0xFF,
    0xFF, 0xFF, 0xFF, 0xFB, 0xFF, 0x91, 0x00, 0x04, 0x00, 0x00, 0x00, 0x00, 0x00, 0x00, 0x00, 0x00,
    0x00, 0x00, 0x00, 0x00, 0x00, 0x00, 0x00, 0x00, 0x00, 0x00, 0x00, 0x00, 0x00, 0x00, 0x00, 0x00,
    0x00, 0x00, 0x00, 0x00, 0x00, 0x00, 0x00, 0x00, 0x00, 0x00, 0x00, 0x00, 0x00, 0x00, 0x00, 0x00,
    0x00, 0x00, 0x00, 0x00, 0x00, 0x00, 0x00, 0x00, 0x00, 0x00, 0x00, 0x01, 0x03, 0x00, 0x00, 0x45,
    0xBD, 0xFF, 0xFF, 0xFF, 0xFB, 0xFD, 0xFE, 0xFF, 0xFF, 0xFF, 0xFF, 0xFF, 0xFF, 0xFF, 0xFF, 0xFF,
    0xFF, 0xFF, 0xFF, 0xFF, 0xFF, 0xFF, 0xFF, 0xFF, 0xFF, 0xFF, 0xFF, 0xFF, 0xFF, 0xFF, 0xFF, 0xFF,
    0xFF, 0xFF, 0xFF, 0xFF, 0xFF, 0xFF, 0xFF, 0xFF, 0xFF, 0xFF, 0xFF, 0xFF, 0xFF, 0xFF, 0xFF, 0xFF,
    0xFF, 0xFE, 0xFC, 0xF5, 0x3C, 0x00, 0x03, 0x00, 0x00, 0x00, 0x00, 0x00, 0x00, 0x00, 0x00, 0x00,
    0x00, 0x00, 0x00, 0x00, 0x00, 0x00, 0x00, 0x00, 0x00, 0x00, 0x00, 0x00, 0x00, 0x00, 0x00, 0x00,
    0x00, 0x00, 0x00, 0x00, 0x00, 0x00, 0x00, 0x00, 0x00, 0x00, 0x00, 0x00, 0x00, 0x00, 0x00, 0x00,
    0x00, 0x00, 0x00, 0x00, 0x00, 0x00, 0x00, 0x00, 0x02, 0x00, 0x00, 0x42, 0xC2, 0xFF, 0xFF, 0xFF,
    0xFC, 0xFE, 0xFF, 0xFF, 0xFF, 0xFF, 0xFF, 0xFF, 0xFF, 0xFF, 0xFF, 0xFF, 0xFF, 0xFF, 0xFF, 0xFF,
    0xFF, 0xFF, 0xFF, 0xFF, 0xFF, 0xFF, 0xFF, 0xFF, 0xFF, 0xFF, 0xFF, 0xFF, 0xFF, 0xFF, 0xFF, 0xFF,
    0xFF, 0xFF, 0xFF, 0xFF, 0xFF, 0xFF, 0xFF, 0xFF, 0xFF, 0xFF, 0xFF, 0xFF, 0xFF, 0xFF, 0xFF, 0xFF,
    0xFC, 0xFF, 0xC1, 0x00, 0x02, 0x00, 0x00, 0x00, 0x00, 0x00, 0x00, 0x00, 0x00, 0x00, 0x00, 0x00,
    0x00, 0x00, 0x00, 0x00, 0x00, 0x00, 0x00, 0x00, 0x00, 0x00, 0x00, 0x00, 0x00, 0x00, 0x00, 0x00,
    0x00, 0x00, 0x00, 0x00, 0x00, 0x00, 0x00, 0x00, 0x00, 0x00, 0x00, 0x00, 0x00, 0x00, 0x00, 0x00,
    0x00, 0x00, 0x00, 0x00, 0x01, 0x04, 0x00, 0x05, 0x8E, 0xFF, 0xFF, 0xFE, 0xFC, 0xFF, 0xFF, 0xFF,
    0xFF, 0xFF, 0xFF, 0xFF, 0xFF, 0xFF, 0xFF, 0xFF, 0xFF, 0xFF, 0xFF, 0xFF, 0xFF, 0xFF, 0xFF, 0xFF,
    0xFF, 0xFF, 0xFF, 0xFF, 0xFF, 0xFF, 0xFF, 0xFF, 0xFF, 0xFF, 0xFF, 0xFF, 0xFF, 0xFF, 0xFF, 0xFF,
    0xFF, 0xFF, 0xFF, 0xFF, 0xFF, 0xFF, 0xFF, 0xFF, 0xFF, 0xFF, 0xFF, 0xFF, 0xFF, 0xFF, 0xFF, 0xFC,
    0xFF, 0x40, 0x00, 0x03, 0x00, 0x00, 0x00, 0x00, 0x00, 0x00, 0x00, 0x00, 0x00, 0x00, 0x00, 0x00,
    0x00, 0x00, 0x00, 0x00, 0x00, 0x00, 0x00, 0x00, 0x00, 0x00, 0x00, 0x00, 0x00, 0x00, 0x00, 0x00,
    0x00, 0x00, 0x00, 0x00, 0x00, 0x00, 0x00, 0x00, 0x00, 0x00, 0x00, 0x00, 0x00, 0x00, 0x03, 0x03,
    0x03, 0x02, 0x00, 0x00, 0x30, 0xC5, 0xFF, 0xFE, 0xFC, 0xFF, 0xFF, 0xFF, 0xFF, 0xFF, 0xFF, 0xFF,
    0xFF, 0xFF, 0xFF, 0xFF, 0xFF, 0xFF, 0xFF, 0xFF, 0xFF, 0xFF, 0xFF, 0xFF, 0xFF, 0xFF, 0xFF, 0xFF,
    0xFF, 0xFF, 0xFF, 0xFF, 0xFF, 0xFF, 0xFF, 0xFF, 0xFF, 0xFF, 0xFF, 0xFF, 0xFF, 0xFF, 0xFF, 0xFF,
    0xFF, 0xFF, 0xFF, 0xFF, 0xFF, 0xFF, 0xFF, 0xFF, 0xFF, 0xFF, 0xFF, 0xFF, 0xFF, 0xFC, 0xFF, 0xB5,
    0x00, 0x02, 0x00, 0x00, 0x00, 0x00, 0x00, 0x00, 0x00, 0x00, 0x00, 0x00, 0x00, 0x00, 0x00, 0x00,
    0x00, 0x00, 0x00, 0x00, 0x00, 0x00, 0x00, 0x00, 0x00, 0x00, 0x00, 0x00, 0x00, 0x00, 0x00, 0x00,
    0x00, 0x00, 0x00, 0x00, 0x00, 0x00, 0x00, 0x00, 0x00, 0x00, 0x00, 0x00, 0x00, 0x00, 0x00, 0x00,
    0x08, 0x75, 0xF5, 0xFF, 0xFB, 0xFF, 0xFF, 0xFF, 0xFF, 0xFF, 0xFF, 0xFF, 0xFF, 0xFF, 0xFF, 0xFF,
    0xFF, 0xFF, 0xFF, 0xFF, 0xFF, 0xFF, 0xFF, 0xFF, 0xFF, 0xFF, 0xFF, 0xFF, 0xFF, 0xFF, 0xFF, 0xFF,
    0xFF, 0xFF, 0xFF, 0xFF, 0xFF, 0xFF, 0xFF, 0xFF, 0xFF, 0xFF, 0xFF, 0xFF, 0xFF, 0xFF, 0xFF, 0xFF,
    0xFF, 0xFF, 0xFF, 0xFF, 0xFF, 0xFF, 0xFF, 0xFF, 0xFF, 0xFF, 0xFF, 0xFF, 0xFE, 0xFC, 0x33, 0x00,
    0x02, 0x00, 0x00, 0x00, 0x00, 0x00, 0x00, 0x00, 0x00, 0x00, 0x00, 0x00, 0x00, 0x00, 0x00, 0x00,
    0x00, 0x00, 0x00, 0x00, 0x00, 0x00, 0x00, 0x00, 0x00, 0x00, 0x00, 0x00, 0x00, 0x00, 0x00, 0x00,
    0x00, 0x00, 0x00, 0x00, 0x00, 0x00, 0x00, 0x00, 0x01, 0x03, 0x57, 0x9E, 0xAD, 0xB6, 0xD4, 0xFF,
    0xFF, 0xFC, 0xFF, 0xFF, 0xFF, 0xFF, 0xFF, 0xFF, 0xFF, 0xFF, 0xFF, 0xFF, 0xFF, 0xFF, 0xFF, 0xFF,
    0xFF, 0xFF, 0xFF, 0xFF, 0xFF, 0xFF, 0xFF, 0xFF, 0xFF, 0xFF, 0xFF, 0xFF, 0xFF, 0xFF, 0xFF, 0xFF,
    0xFF, 0xFF, 0xFF, 0xFF, 0xFF, 0xFF, 0xFF, 0xFF, 0xFF, 0xFF, 0xFF, 0xFF, 0xFF, 0xFF, 0xFF, 0xFF,
    0xFF, 0xFF, 0xFF, 0xFF, 0xFF, 0xFF, 0xFF, 0xFF, 0xFF, 0xFF, 0xFB, 0xFF, 0x92, 0x00, 0x04, 0x00,
    0x00, 0x00, 0x00, 0x00, 0x00, 0x00, 0x00, 0x00, 0x00, 0x00, 0x00, 0x00, 0x00, 0x00, 0x00, 0x00,
    0x00, 0x00, 0x00, 0x00, 0x00, 0x00, 0x00, 0x00, 0x00, 0x00, 0x00, 0x00, 0x00, 0x00, 0x00, 0x00,
    0x00, 0x00, 0x00, 0x00, 0x00, 0x02, 0x00, 0x25, 0xFF, 0xFF, 0xFF, 0xFF, 0xFF, 0xFC, 0xFE, 0xFF,
    0xFF, 0xFF, 0xFF, 0xFF, 0xFF, 0xFF, 0xFF, 0xFF, 0xFF, 0xFF, 0xFF, 0xFF, 0xFF, 0xFF, 0xFF, 0xFF,
    0xFF, 0xFF, 0xFF, 0xFF, 0xFF, 0xFF, 0xFF, 0xFF, 0xFF, 0xFF, 0xFF, 0xFF, 0xFF, 0xFF, 0xFF, 0xFF,
    0xFF, 0xFF, 0xFF, 0xFF, 0xFF, 0xFF, 0xFF, 0xFF, 0xFF, 0xFF, 0xFF, 0xFF, 0xFF, 0xFF, 0xFF, 0xFF,
    0xFF, 0xFF, 0xFF, 0xFF, 0xFF, 0xFF, 0xFF, 0xFF, 0xFD, 0xFF, 0xD1, 0x02, 0x01, 0x00, 0x00, 0x00,
    0x00, 0x00, 0x00, 0x00, 0x00, 0x00, 0x00, 0x00, 0x00, 0x00, 0x00, 0x00, 0x00, 0x00, 0x00, 0x00,
    0x00, 0x00, 0x00, 0x00, 0x00, 0x00, 0x00, 0x00, 0x00, 0x00, 0x00, 0x00, 0x00, 0x00, 0x00, 0x00,
    0x00, 0x00, 0x00, 0x00, 0x02, 0x06, 0xBF, 0xFC, 0xF9, 0xFC, 0xFD, 0xFF, 0xFF, 0xFF, 0xFF, 0xFF,
    0xFF, 0xFF, 0xFF, 0xFF, 0xFF, 0xFF, 0xFF, 0xFF, 0xFF, 0xFF, 0xFF, 0xFF, 0xFF, 0xFF, 0xFF, 0xFF,
    0xFF, 0xFF, 0xFF, 0xFF, 0xFF, 0xFF, 0xFF, 0xFF, 0xFF, 0xFF, 0xFF, 0xFF, 0xFF, 0xFF, 0xFF, 0xFF,
    0xFF, 0xFF, 0xFF, 0xFF, 0xFF, 0xFF, 0xFF, 0xFF, 0xFF, 0xFF, 0xFF, 0xFF, 0xFF, 0xFF, 0xFF, 0xFF,
    0xFF, 0xFF, 0xFF, 0xFF, 0xFF, 0xFF, 0xFE, 0xFE, 0xFA, 0x2C, 0x00, 0x03, 0x00, 0x00, 0x00, 0x00,
    0x00, 0x00, 0x00, 0x00, 0x00, 0x00, 0x00, 0x00, 0x00, 0x00, 0x00, 0x00, 0x00, 0x00, 0x00, 0x00,
    0x00, 0x00, 0x00, 0x00, 0x00, 0x00, 0x00, 0x00, 0x00, 0x00, 0x00, 0x00, 0x00, 0x00, 0x00, 0x00,
    0x00, 0x00, 0x03, 0x00, 0x3B, 0xFF, 0xFD, 0xFF, 0xFF, 0xFF, 0xFF, 0xFF, 0xFF, 0xFF, 0xFF, 0xFF,
    0xFF, 0xFF, 0xFF, 0xFF, 0xFF, 0xFF, 0xFF, 0xFF, 0xFF, 0xFF, 0xFF, 0xFF, 0xFF, 0xFF, 0xFF, 0xFF,
    0xFF, 0xFF, 0xFF, 0xFF, 0xFF, 0xFF, 0xFF, 0xFF, 0xFF, 0xFF, 0xFF, 0xFF, 0xFF, 0xFF, 0xFF, 0xFF,
    0xFF, 0xFF, 0xFF, 0xFF, 0xFF, 0xFF, 0xFF, 0xFF, 0xFF, 0xFF, 0xFF, 0xFF, 0xFF, 0xFF, 0xFF, 0xFF,
    0xFF, 0xFF, 0xFF, 0xFF, 0xFF, 0xFB, 0xFF, 0x99, 0x00, 0x03, 0x00, 0x00, 0x00, 0x00, 0x00, 0x00,
    0x00, 0x00, 0x00, 0x00, 0x00, 0x00, 0x00, 0x00, 0x00, 0x00, 0x00, 0x00, 0x00, 0x00, 0x00, 0x00,
    0x00, 0x00, 0x00, 0x00, 0x00, 0x00, 0x00, 0x00, 0x00, 0x00, 0x00, 0x00, 0x00, 0x00, 0x00, 0x00,
    0x00, 0x03, 0x00, 0x9D, 0xFF, 0xFB, 0xFF, 0xFF, 0xFF, 0xFF, 0xFF, 0xFF, 0xFF, 0xFF, 0xFF, 0xFF,
    0xFF, 0xFF, 0xFF, 0xFF, 0xFF, 0xFF, 0xFF, 0xFF, 0xFF, 0xFF, 0xFF, 0xFF, 0xFF, 0xFF, 0xFF, 0xFF,
    0xFF, 0xFF, 0xFF, 0xFF, 0xFF, 0xFF, 0xFF, 0xFF, 0xFF, 0xFF, 0xFF, 0xFF, 0xFF, 0xFF, 0xFF, 0xFF,
    0xFF, 0xFF, 0xFF, 0xFF, 0xFF, 0xFF, 0xFF, 0xFF, 0xFF, 0xFF, 0xFF, 0xFF, 0xFF, 0xFF, 0xFF, 0xFF,
    0xFF, 0xFF, 0xFF, 0xFD, 0xFF, 0xE3, 0x0C, 0x00, 0x01, 0x00, 0x00, 0x00, 0x00, 0x00, 0x00, 0x00,
    0x00, 0x00, 0x00, 0x00, 0x00, 0x00, 0x00, 0x00, 0x00, 0x00, 0x00, 0x00, 0x00, 0x00, 0x00, 0x00,
    0x00, 0x00, 0x00, 0x00, 0x00, 0x00, 0x00, 0x00, 0x00, 0x00, 0x00, 0x00, 0x00, 0x00, 0x00, 0x04,
    0x00, 0x9E, 0xFF, 0xFC, 0xFF, 0xFF, 0xFF, 0xFF, 0xFF, 0xFF, 0xFF, 0xFF, 0xFF, 0xFF, 0xFF, 0xFF,
    0xFF, 0xFF, 0xFF, 0xFF, 0xFF, 0xFF, 0xFF, 0xFF, 0xFF, 0xFF, 0xFF, 0xFF, 0xFF, 0xFF, 0xFF, 0xFF,
    0xFF, 0xFF, 0xFF, 0xFF, 0xFF, 0xFF, 0xFF, 0xFF, 0xFF, 0xFF, 0xFF, 0xFF, 0xFF, 0xFF, 0xFF, 0xFF,
    0xFF, 0xFF, 0xFF, 0xFF, 0xFF, 0xFF, 0xFF, 0xFF, 0xFF, 0xFF, 0xFF, 0xFF, 0xFF, 0xFF, 0xFF, 0xFF,
    0xFF, 0xFF, 0xFF, 0xFE, 0x2B, 0x00, 0x02, 0x00, 0x00, 0x00, 0x00, 0x00, 0x00, 0x00, 0x00, 0x00,
    0x00, 0x00, 0x00, 0x00, 0x00, 0x00, 0x00, 0x00, 0x00, 0x00, 0x00, 0x00, 0x00, 0x00, 0x00, 0x00,
    0x00, 0x00, 0x00, 0x00, 0x00, 0x00, 0x00, 0x00, 0x00, 0x00, 0x00, 0x00, 0x03, 0x00, 0x82, 0xFF,
    0xFD, 0xFF, 0xFF, 0xFF, 0xFF, 0xFF, 0xFF, 0xFF, 0xFF, 0xFF, 0xFF, 0xFF, 0xFF, 0xFF, 0xFF, 0xFF,
    0xFF, 0xFF, 0xFF, 0xFF, 0xFF, 0xFF, 0xFF, 0xFF, 0xFF, 0xFF, 0xFF, 0xFF, 0xFF, 0xFF, 0xFF, 0xFF,
    0xFF, 0xFF, 0xFF, 0xFF, 0xFF, 0xFF, 0xFF, 0xFF, 0xFF, 0xFF, 0xFF, 0xFF, 0xFF, 0xFF, 0xFF, 0xFF,
    0xFF, 0xFF, 0xFF, 0xFF, 0xFF, 0xFF, 0xFF, 0xFF, 0xFF, 0xFF, 0xFF, 0xFF, 0xFF, 0xFF, 0xFF, 0xFF,
    0xFC, 0xFF, 0x52, 0x00, 0x03, 0x00, 0x00, 0x00, 0x00, 0x00, 0x00, 0x00, 0x00, 0x00, 0x00, 0x00,
    0x00, 0x00, 0x00, 0x00, 0x00, 0x00, 0x00, 0x00, 0x00, 0x00, 0x00, 0x00, 0x00, 0x00, 0x00, 0x00,
    0x00, 0x00, 0x00, 0x00, 0x00, 0x00, 0x00, 0x00, 0x00, 0x02, 0x00, 0x82, 0xFF, 0xFC, 0xFE, 0xFF,
    0xFF, 0xFF, 0xFF, 0xFF, 0xFF, 0xFF, 0xFF, 0xFF, 0xFF, 0xFF, 0xFF, 0xFF, 0xFF, 0xFF, 0xFF, 0xFF,
    0xFF, 0xFF, 0xFF, 0xFF, 0xFF, 0xFF, 0xFF, 0xFF, 0xFF, 0xFF, 0xFF, 0xFF, 0xFF, 0xFF, 0xFF, 0xFF,
    0xFF, 0xFF, 0xFF, 0xFF, 0xFF, 0xFF, 0xFF, 0xFF, 0xFF, 0xFF, 0xFF, 0xFF, 0xFF, 0xFF, 0xFF, 0xFF,
    0xFF, 0xFF, 0xFF, 0xFF, 0xFF, 0xFF, 0xFF, 0xFF, 0xFF, 0xFF, 0xFF, 0xFF, 0xFF, 0xFF, 0xFB, 0xFF,
    0x7B, 0x00, 0x04, 0x00, 0x00, 0x00, 0x00, 0x00, 0x00, 0x00, 0x00, 0x00, 0x00, 0x00, 0x00, 0x00,
    0x00, 0x00, 0x00, 0x00, 0x00, 0x00, 0x00, 0x00, 0x00, 0x00, 0x00, 0x00, 0x00, 0x00, 0x00, 0x00,
    0x00, 0x00, 0x00, 0x00, 0x00, 0x00, 0x02, 0x00, 0x19, 0xFF, 0xFF, 0xFD, 0xFE, 0xFC, 0xFB, 0xFB,
    0xFC, 0xFC, 0xFD, 0xFE, 0xFE, 0xFD, 0xFD, 0xFC, 0xFC, 0xFB, 0xFE, 0xFF, 0xFF, 0xFF, 0xFF, 0xFF,
    0xFF, 0xFF, 0xFF, 0xFF, 0xFF, 0xFF, 0xFF, 0xFF, 0xFF, 0xFF, 0xFF, 0xFF, 0xFF, 0xFF, 0xFF, 0xFF,
    0xFF, 0xFF, 0xFF, 0xFF, 0xFF, 0xFF, 0xFF, 0xFF, 0xFF, 0xFF, 0xFF, 0xFF, 0xFF, 0xFF, 0xFF, 0xFF,
    0xFF, 0xFF, 0xFF, 0xFF, 0xFF, 0xFF, 0xFF, 0xFF, 0xFF, 0xFF, 0xFF, 0xFF, 0xFB, 0xFF, 0x9A, 0x00,
    0x03, 0x00, 0x00, 0x00, 0x00, 0x00, 0x00, 0x00, 0x00, 0x00, 0x00, 0x00, 0x00, 0x00, 0x00, 0x00,
    0x00, 0x00, 0x00, 0x00, 0x00, 0x00, 0x00, 0x00, 0x00, 0x00, 0x00, 0x00, 0x00, 0x00, 0x00, 0x00,
    0x00, 0x00, 0x00, 0x00, 0x01, 0x01, 0x16, 0xBE, 0xF8, 0xFF, 0xFF, 0xFF, 0xFF, 0xFF, 0xFF, 0xFF,
    0xFF, 0xFF, 0xFF, 0xFF, 0xFF, 0xFF, 0xFF, 0xFF, 0xFF, 0xFF, 0xFF, 0xFF, 0xFF, 0xFF, 0xFF, 0xFF,
    0xFF, 0xFF, 0xFF, 0xFF, 0xFF, 0xFF, 0xFF, 0xFF, 0xFF, 0xFF, 0xFF, 0xFF, 0xFF, 0xFF, 0xFF, 0xFF,
    0xFF, 0xFF, 0xFF, 0xFF, 0xFF, 0xFF, 0xFF, 0xFF, 0xFF, 0xFF, 0xFF, 0xFF, 0xFF, 0xFF, 0xFF, 0xFF,
    0xFF, 0xFF, 0xFF, 0xFF, 0xFF, 0xFF, 0xFF, 0xFF, 0xFF, 0xFF, 0xFC, 0xFF, 0xBA, 0x00, 0x02, 0x00,
    0x00, 0x00, 0x00, 0x00, 0x00, 0x00, 0x00, 0x00, 0x00, 0x00, 0x00, 0x00, 0x00, 0x00, 0x00, 0x00,
    0x00, 0x00, 0x00, 0x00, 0x00, 0x00, 0x00, 0x00, 0x00, 0x00, 0x00, 0x00, 0x00, 0x00, 0x00, 0x00,
    0x00, 0x00, 0x00, 0x00, 0x00, 0x00, 0x23, 0x33, 0x40, 0x59, 0x68, 0x82, 0xAD, 0xCA, 0xDE, 0xEB,
    0xEC, 0xE2, 0xD8, 0xC6, 0xAC, 0x94, 0xEC, 0xFF, 0xFE, 0xFF, 0xFF, 0xFF, 0xFF, 0xFF, 0xFF, 0xFF,
    0xFF, 0xFF, 0xFF, 0xFF, 0xFF, 0xFF, 0xFF, 0xFF, 0xFF, 0xFF, 0xFF, 0xFF, 0xFF, 0xFF, 0xFF, 0xFF,
    0xFF, 0xFF, 0xFF, 0xFF, 0xFF, 0xFF, 0xFF, 0xFF, 0xFF, 0xFF, 0xFF, 0xFF, 0xFF, 0xFF, 0xFF, 0xFF,
    0xFF, 0xFF, 0xFF, 0xFF, 0xFF, 0xFF, 0xFF, 0xFF, 0xFC, 0xFF, 0xBC, 0x00, 0x02, 0x00, 0x00, 0x00,
    0x00, 0x00, 0x00, 0x00, 0x00, 0x00, 0x00, 0x00, 0x00, 0x00, 0x00, 0x00, 0x00, 0x00, 0x00, 0x00,
    0x00, 0x00, 0x00, 0x00, 0x00, 0x00, 0x00, 0x00, 0x00, 0x00, 0x00, 0x00, 0x00, 0x00, 0x00, 0x00,
    0x00, 0x00, 0x01, 0x01, 0x00, 0x00, 0x00, 0x00, 0x00, 0x00, 0x00, 0x00, 0x07, 0x11, 0x12, 0x0B,
    0x03, 0x00, 0x00, 0x00, 0xD1, 0xFF, 0xFC, 0xFF, 0xFF, 0xFF, 0xFF, 0xFF, 0xFF, 0xFF, 0xFF, 0xFF,
    0xFF, 0xFF, 0xFF, 0xFF, 0xFF, 0xFF, 0xFF, 0xFF, 0xFF, 0xFF, 0xFF, 0xFF, 0xFF, 0xFF, 0xFF, 0xFF,
    0xFF, 0xFF, 0xFF, 0xFF, 0xFF, 0xFF, 0xFF, 0xFF, 0xFF, 0xFF, 0xFF, 0xFF, 0xFF, 0xFF, 0xFF, 0xFF,
    0xFF, 0xFF, 0xFF, 0xFF, 0xFF, 0xFF, 0xFC, 0xFF, 0xB7, 0x00, 0x02, 0x00, 0x00, 0x00, 0x00, 0x00,
    0x00, 0x00, 0x00, 0x00, 0x00, 0x00, 0x00, 0x00, 0x00, 0x00, 0x00, 0x00, 0x00, 0x00, 0x00, 0x00,
    0x00, 0x00, 0x00, 0x00, 0x00, 0x00, 0x00, 0x00, 0x00, 0x00, 0x00, 0x00, 0x00, 0x00, 0x00, 0x00,
    0x00, 0x00, 0x02, 0x02, 0x03, 0x04, 0x04, 0x04, 0x03, 0x01, 0x00, 0x00, 0x00, 0x00, 0x00, 0x02,
    0x03, 0x10, 0xE6, 0xFF, 0xFE, 0xFF, 0xFF, 0xFF, 0xFF, 0xFF, 0xFF, 0xFF, 0xFF, 0xFF, 0xFF, 0xFF,
    0xFF, 0xFF, 0xFF, 0xFF, 0xFF, 0xFF, 0xFF, 0xFF, 0xFF, 0xFF, 0xFF, 0xFF, 0xFF, 0xFF, 0xFF, 0xFF,
    0xFF, 0xFF, 0xFF, 0xFF, 0xFF, 0xFF, 0xFF, 0xFF, 0xFF, 0xFF, 0xFF, 0xFF, 0xFF, 0xFF, 0xFF, 0xFF,
    0xFF, 0xFF, 0xFF, 0xFF, 0xFC, 0xFF, 0xBB, 0x00, 0x02, 0x00, 0x00, 0x00, 0x00, 0x00, 0x00, 0x00,
    0x00, 0x00, 0x00, 0x00, 0x00, 0x00, 0x00, 0x00, 0x00, 0x00, 0x00, 0x00, 0x00, 0x00, 0x00, 0x00,
    0x00, 0x00, 0x00, 0x00, 0x00, 0x00, 0x00, 0x00, 0x00, 0x00, 0x00, 0x00, 0x00, 0x00, 0x00, 0x00,
    0x00, 0x00, 0x00, 0x00, 0x00, 0x00, 0x00, 0x00, 0x01, 0x01, 0x01, 0x01, 0x01, 0x01, 0x00, 0x10,
    0xEA, 0xFF, 0xFE, 0xFF, 0xFF, 0xFF, 0xFF, 0xFF, 0xFF, 0xFF, 0xFF, 0xFF, 0xFF, 0xFF, 0xFF, 0xFF,
    0xFF, 0xFF, 0xFF, 0xFF, 0xFF, 0xFF, 0xFF, 0xFF, 0xFF, 0xFF, 0xFF, 0xFF, 0xFF, 0xFF, 0xFF, 0xFF,
    0xFF, 0xFF, 0xFF, 0xFF, 0xFF, 0xFF, 0xFF, 0xFF, 0xFF, 0xFF, 0xFF, 0xFF, 0xFF, 0xFF, 0xFF, 0xFF,
    0xFF, 0xFF, 0xFC, 0xFF, 0xBC, 0x00, 0x02, 0x00, 0x00, 0x00, 0x00, 0x00, 0x00, 0x00, 0x00, 0x00,
    0x00, 0x00, 0x00, 0x00, 0x00, 0x00, 0x00, 0x00, 0x00, 0x00, 0x00, 0x00, 0x00, 0x00, 0x00, 0x00,
    0x00, 0x00, 0x00, 0x00, 0x00, 0x00, 0x00, 0x00, 0x00, 0x00, 0x00, 0x00, 0x00, 0x00, 0x00, 0x00,
    0x00, 0x00, 0x00, 0x00, 0x00, 0x00, 0x00, 0x00, 0x00, 0x00, 0x00, 0x01, 0x00, 0x14, 0xED, 0xFF,
    0xFE, 0xFF, 0xFF, 0xFF, 0xFF, 0xFF, 0xFF, 0xFF, 0xFF, 0xFF, 0xFF, 0xFF, 0xFF, 0xFF, 0xFF, 0xFF,
    0xFF, 0xFF, 0xFF, 0xFF, 0xFF, 0xFF, 0xFF, 0xFF, 0xFF, 0xFF, 0xFF, 0xFF, 0xFF, 0xFF, 0xFF, 0xFF,
    0xFF, 0xFF, 0xFF, 0xFF, 0xFF, 0xFF, 0xFF, 0xFF, 0xFF, 0xFF, 0xFF, 0xFF, 0xFF, 0xFF, 0xFF, 0xFF,
    0xFC, 0xFF, 0xAC, 0x00, 0x03, 0x00, 0x00, 0x00, 0x00, 0x00, 0x00, 0x00, 0x00, 0x00, 0x00, 0x00,
    0x00, 0x00, 0x00, 0x00, 0x00, 0x00, 0x00, 0x00, 0x00, 0x00, 0x00, 0x00, 0x00, 0x00, 0x00, 0x00,
    0x00, 0x00, 0x00, 0x00, 0x00, 0x00, 0x00, 0x00, 0x00, 0x00, 0x00, 0x00, 0x00, 0x00, 0x00, 0x00,
    0x00, 0x00, 0x00, 0x00, 0x00, 0x00, 0x00, 0x00, 0x00, 0x01, 0x00, 0x0C, 0xE5, 0xFF, 0xFE, 0xFF,
    0xFF, 0xFF, 0xFF, 0xFF, 0xFF, 0xFF, 0xFF, 0xFF, 0xFF, 0xFF, 0xFF, 0xFF, 0xFF, 0xFF, 0xFF, 0xFF,
    0xFF, 0xFF, 0xFF, 0xFF, 0xFF, 0xFF, 0xFF, 0xFF, 0xFF, 0xFF, 0xFF, 0xFF, 0xFF, 0xFF, 0xFF, 0xFF,
    0xFF, 0xFF, 0xFF, 0xFF, 0xFF, 0xFF, 0xFF, 0xFF, 0xFF, 0xFF, 0xFF, 0xFF, 0xFF, 0xFF, 0xFB, 0xFF,
    0x96, 0x00, 0x04, 0x00, 0x00, 0x00, 0x00, 0x00, 0x00, 0x00, 0x00, 0x01, 0x02, 0x03, 0x04, 0x04,
    0x04, 0x04, 0x03, 0x01, 0x00, 0x00, 0x00, 0x00, 0x00, 0x00, 0x00, 0x00, 0x00, 0x00, 0x00, 0x00,
    0x00, 0x00, 0x00, 0x00, 0x00, 0x00, 0x00, 0x00, 0x00, 0x00, 0x00, 0x00, 0x00, 0x00, 0x00, 0x00,
    0x00, 0x00, 0x00, 0x00, 0x00, 0x00, 0x00, 0x00, 0x01, 0x00, 0xC7, 0xFF, 0xFD, 0xFF, 0xFF, 0xFF,
    0xFF, 0xFF, 0xFF, 0xFF, 0xFF, 0xFF, 0xFF, 0xFF, 0xFF, 0xFF, 0xFF, 0xFF, 0xFF, 0xFF, 0xFF, 0xFF,
    0xFF, 0xFF, 0xFF, 0xFF, 0xFF, 0xFF, 0xFF, 0xFF, 0xFF, 0xFF, 0xFF, 0xFF, 0xFF, 0xFF, 0xFF, 0xFF,
    0xFF, 0xFF, 0xFF, 0xFF, 0xFF, 0xFF, 0xFF, 0xFF, 0xFF, 0xFF, 0xFF, 0xFF, 0xFB, 0xFF, 0x8A, 0x00,
    0x04, 0x00, 0x00, 0x00, 0x00, 0x00, 0x00, 0x02, 0x03, 0x00, 0x00, 0x00, 0x00, 0x00, 0x00, 0x00,
    0x00, 0x00, 0x03, 0x01, 0x00, 0x00, 0x00, 0x00, 0x00, 0x00, 0x00, 0x00, 0x00, 0x00, 0x00, 0x00,
    0x00, 0x00, 0x00, 0x00, 0x00, 0x00, 0x00, 0x00, 0x00, 0x00, 0x00, 0x00, 0x00, 0x00, 0x00, 0x00,
    0x00, 0x00, 0x00, 0x00, 0x00, 0x00, 0x03, 0x00, 0xAC, 0xFF, 0xFC, 0xFF, 0xFF, 0xFF, 0xFF, 0xFF,
    0xFF, 0xFF, 0xFF, 0xFF, 0xFF, 0xFF, 0xFF, 0xFF, 0xFF, 0xFF, 0xFF, 0xFF, 0xFF, 0xFF, 0xFF, 0xFF,
    0xFF, 0xFF, 0xFF, 0xFF, 0xFF, 0xFF, 0xFF, 0xFF, 0xFF, 0xFF, 0xFF, 0xFF, 0xFF, 0xFF, 0xFF, 0xFF,
    0xFF, 0xFF, 0xFF, 0xFF, 0xFF, 0xFF, 0xFF, 0xFF, 0xFF, 0xFF, 0xFB, 0xFF, 0x7C, 0x00, 0x04, 0x00,
    0x00, 0x00, 0x00, 0x02, 0x01, 0x00, 0x00, 0x02, 0x2E, 0x53, 0x84, 0x94, 0x7F, 0x5A, 0x36, 0x04,
    0x00, 0x00, 0x03, 0x00, 0x00, 0x00, 0x00, 0x00, 0x00, 0x00, 0x00, 0x00, 0x00, 0x00, 0x00, 0x00,
    0x00, 0x00, 0x00, 0x00, 0x00, 0x00, 0x00, 0x00, 0x00, 0x00, 0x00, 0x00, 0x00, 0x00, 0x00, 0x00,
    0x00, 0x00, 0x00, 0x00, 0x04, 0x00, 0x86, 0xFF, 0xFB, 0xFF, 0xFF, 0xFF, 0xFF, 0xFF, 0xFF, 0xFF,
    0xFF, 0xFF, 0xFF, 0xFF, 0xFF, 0xFF, 0xFF, 0xFF, 0xFF, 0xFF, 0xFF, 0xFF, 0xFF, 0xFF, 0xFF, 0xFF,
    0xFF, 0xFF, 0xFF, 0xFF, 0xFF, 0xFF, 0xFF, 0xFF, 0xFF, 0xFF, 0xFF, 0xFF, 0xFF, 0xFF, 0xFF, 0xFF,
    0xFF, 0xFF, 0xFF, 0xFF, 0xFF, 0xFF, 0xFF, 0xFF, 0xFC, 0xFF, 0x62, 0x00, 0x04, 0x00, 0x00, 0x00,
    0x03, 0x00, 0x00, 0x36, 0x9C, 0xD4, 0xFE, 0xFF, 0xFF, 0xFF, 0xFF, 0xFF, 0xFF, 0xCF, 0x57, 0x04,
    0x00, 0x03, 0x00, 0x00, 0x00, 0x00, 0x00, 0x00, 0x00, 0x00, 0x00, 0x00, 0x00, 0x00, 0x00, 0x00,
    0x00, 0x00, 0x00, 0x00, 0x00, 0x00, 0x00, 0x00, 0x00, 0x00, 0x00, 0x00, 0x00, 0x00, 0x00, 0x00,
    0x00, 0x00, 0x04, 0x00, 0x60, 0xFF, 0xFB, 0xFF, 0xFF, 0xFF, 0xFF, 0xFF, 0xFF, 0xFF, 0xFF, 0xFF,
    0xFF, 0xFF, 0xFF, 0xFF, 0xFF, 0xFF, 0xFF, 0xFF, 0xFF, 0xFF, 0xFF, 0xFF, 0xFF, 0xFF, 0xFF, 0xFF,
    0xFF, 0xFF, 0xFF, 0xFF, 0xFF, 0xFF, 0xFF, 0xFF, 0xFF, 0xFF, 0xFF, 0xFF, 0xFF, 0xFF, 0xFF, 0xFF,
    0xFF, 0xFF, 0xFF, 0xFF, 0xFF, 0xFF, 0xFE, 0xFF, 0x3E, 0x00, 0x03, 0x00, 0x01, 0x03, 0x00, 0x3B,
    0xBC, 0xFE, 0xFF, 0xFF, 0xFF, 0xFC, 0xFB, 0xFB, 0xFB, 0xFC, 0xFE, 0xFF, 0xFF, 0xD2, 0x4F, 0x00,
    0x02, 0x00, 0x00, 0x00, 0x00, 0x00, 0x00, 0x00, 0x00, 0x00, 0x00, 0x00, 0x00, 0x00, 0x00, 0x00,
    0x00, 0x00, 0x00, 0x00, 0x00, 0x00, 0x00, 0x00, 0x00, 0x00, 0x00, 0x00, 0x00, 0x00, 0x00, 0x00,
    0x03, 0x01, 0x3B, 0xFE, 0xFE, 0xFF, 0xFF, 0xFF, 0xFF, 0xFF, 0xFF, 0xFF, 0xFF, 0xFF, 0xFF, 0xFF,
    0xFF, 0xFF, 0xFF, 0xFF, 0xFF, 0xFF, 0xFF, 0xFF, 0xFF, 0xFF, 0xFF, 0xFF, 0xFF, 0xFF, 0xFF, 0xFF,
    0xFF, 0xFF, 0xFF, 0xFF, 0xFF, 0xFF, 0xFF, 0xFF, 0xFF, 0xFF, 0xFF, 0xFF, 0xFF, 0xFF, 0xFF, 0xFF,
    0xFF, 0xFF, 0xFF, 0xFE, 0xFF, 0xED, 0x12, 0x00, 0x01, 0x01, 0x02, 0x00, 0x74, 0xFC, 0xFF, 0xFF,
    0xFB, 0xFD, 0xFE, 0xFF, 0xFF, 0xFF, 0xFF, 0xFF, 0xFF, 0xFD, 0xFC, 0xFF, 0xFF, 0x78, 0x00, 0x03,
    0x00, 0x00, 0x00, 0x00, 0x00, 0x00, 0x00, 0x00, 0x00, 0x00, 0x00, 0x00, 0x00, 0x00, 0x00, 0x00,
    0x00, 0x00, 0x00, 0x00, 0x00, 0x00, 0x00, 0x00, 0x00, 0x00, 0x00, 0x00, 0x00, 0x00, 0x03, 0x00,
    0x3A, 0xFC, 0xFD, 0xFE, 0xFF, 0xFF, 0xFF, 0xFF, 0xFF, 0xFF, 0xFF, 0xFF, 0xFF, 0xFF, 0xFF, 0xFF,
    0xFF, 0xFF, 0xFF, 0xFF, 0xFF, 0xFF, 0xFF, 0xFF, 0xFF, 0xFF, 0xFF, 0xFF, 0xFF, 0xFF, 0xFF, 0xFF,
    0xFF, 0xFF, 0xFF, 0xFF, 0xFF, 0xFF, 0xFF, 0xFF, 0xFF, 0xFF, 0xFF, 0xFF, 0xFF, 0xFF, 0xFF, 0xFF,
    0xFF, 0xFC, 0xFF, 0xBC, 0x00, 0x01, 0x01, 0x03, 0x00, 0x83, 0xFF, 0xFE, 0xFC, 0xFF, 0xFF, 0xFF,
    0xFF, 0xFF, 0xFF, 0xFF, 0xFF, 0xFF, 0xFF, 0xFF, 0xFF, 0xFC, 0xFC, 0xFF, 0x68, 0x00, 0x03, 0x00,
    0x00, 0x00, 0x00, 0x00, 0x00, 0x00, 0x00, 0x00, 0x00, 0x00, 0x00, 0x00, 0x00, 0x00, 0x00, 0x00,
    0x00, 0x00, 0x00, 0x00, 0x00, 0x00, 0x00, 0x00, 0x00, 0x00, 0x00, 0x01, 0x03, 0x0E, 0xD5, 0xFF,
    0xFD, 0xFF, 0xFF, 0xFF, 0xFF, 0xFF, 0xFF, 0xFF, 0xFF, 0xFF, 0xFF, 0xFF, 0xFF, 0xFF, 0xFF, 0xFF,
    0xFF, 0xFF, 0xFF, 0xFF, 0xFF, 0xFF, 0xFF, 0xFF, 0xFF, 0xFF, 0xFF, 0xFF, 0xFF, 0xFF, 0xFF, 0xFF,
    0xFF, 0xFF, 0xFF, 0xFF, 0xFF, 0xFF, 0xFF, 0xFF, 0xFF, 0xFF, 0xFF, 0xFF, 0xFF, 0xFF, 0xFF, 0xFB,
    0xFF, 0x8D, 0x00, 0x04, 0x04, 0x00, 0x9C, 0xFF, 0xFB, 0xFE, 0xFF, 0xFF, 0xFF, 0xFF, 0xFF, 0xFF,
    0xFF, 0xFF, 0xFF, 0xFF, 0xFF, 0xFF, 0xFF, 0xFF, 0xFD, 0xFD, 0xE7, 0x0C, 0x01, 0x01, 0x00, 0x00,
    0x00, 0x00, 0x00, 0x00, 0x00, 0x00, 0x00, 0x00, 0x00, 0x00, 0x00, 0x00, 0x00, 0x00, 0x00, 0x00,
    0x00, 0x00, 0x00, 0x00, 0x00, 0x00, 0x00, 0x00, 0x00, 0x03, 0x00, 0x99, 0xFF, 0xFC, 0xFF, 0xFF,
    0xFF, 0xFF, 0xFF, 0xFF, 0xFF, 0xFF, 0xFF, 0xFF, 0xFF, 0xFF, 0xFF, 0xFF, 0xFF, 0xFF, 0xFF, 0xFF,
    0xFF, 0xFF, 0xFF, 0xFF, 0xFF, 0xFF, 0xFF, 0xFF, 0xFF, 0xFF, 0xFF, 0xFF, 0xFF, 0xFF, 0xFF, 0xFF,
    0xFF, 0xFF, 0xFF, 0xFF, 0xFF, 0xFF, 0xFF, 0xFF, 0xFF, 0xFF, 0xFF, 0xFF, 0xFF, 0xFD, 0xFF, 0x45,
    0x00, 0x07, 0x00, 0x76, 0xFF, 0xFA, 0xFF, 0xFF, 0xFF, 0xFF, 0xFF, 0xFF, 0xFF, 0xFF, 0xFF, 0xFF,
    0xFF, 0xFF, 0xFF, 0xFF, 0xFF, 0xFF, 0xFF, 0xFC, 0xFF, 0x7A, 0x00, 0x03, 0x00, 0x00, 0x00, 0x00,
    0x00, 0x00, 0x00, 0x00, 0x00, 0x00, 0x00, 0x00, 0x00, 0x00, 0x00, 0x00, 0x00, 0x00, 0x00, 0x00,
    0x00, 0x00, 0x00, 0x00, 0x00, 0x00, 0x03, 0x00, 0x49, 0xFF, 0xFB, 0xFF, 0xFF, 0xFF, 0xFF, 0xFF,
    0xFF, 0xFF, 0xFF, 0xFF, 0xFF, 0xFF, 0xFF, 0xFF, 0xFF, 0xFF, 0xFF, 0xFF, 0xFF, 0xFF, 0xFF, 0xFF,
    0xFF, 0xFF, 0xFF, 0xFF, 0xFF, 0xFF, 0xFF, 0xFF, 0xFF, 0xFF, 0xFF, 0xFF, 0xFF, 0xFF, 0xFF, 0xFF,
    0xFF, 0xFF, 0xFF, 0xFF, 0xFF, 0xFF, 0xFF, 0xFF, 0xFF, 0xFF, 0xFD, 0xFF, 0xDA, 0x07, 0x03, 0x00,
    0x3D, 0xFC, 0xFB, 0xFE, 0xFF, 0xFF, 0xFF, 0xFF, 0xFF, 0xFF, 0xFF, 0xFF, 0xFF, 0xFF, 0xFF, 0xFF,
    0xFF, 0xFF, 0xFF, 0xFF, 0xFF, 0xFE, 0xFE, 0xF3, 0x1E, 0x00, 0x02, 0x00, 0x00, 0x00, 0x00, 0x00,
    0x00, 0x00, 0x00, 0x00, 0x00, 0x00, 0x00, 0x00, 0x00, 0x00, 0x00, 0x00, 0x00, 0x00, 0x00, 0x00,
    0x00, 0x00, 0x00, 0x01, 0x02, 0x09, 0xDB, 0xFF, 0xFD, 0xFF, 0xFF, 0xFF, 0xFF, 0xFF, 0xFF, 0xFF,
    0xFF, 0xFF, 0xFF, 0xFF, 0xFF, 0xFF, 0xFF, 0xFF, 0xFF, 0xFF, 0xFF, 0xFF, 0xFF, 0xFF, 0xFF, 0xFF,
    0xFF, 0xFF, 0xFF, 0xFF, 0xFF, 0xFF, 0xFF, 0xFF, 0xFF, 0xFF, 0xFF, 0xFF, 0xFF, 0xFF, 0xFF, 0xFF,
    0xFF, 0xFF, 0xFF, 0xFF, 0xFF, 0xFF, 0xFF, 0xFF, 0xFB, 0xFE, 0x9D, 0x00, 0x04, 0x0B, 0xD9, 0xFF,
    0xFC, 0xFF, 0xFF, 0xFF, 0xFF, 0xFF, 0xFF, 0xFF, 0xFF, 0xFF, 0xFF, 0xFF, 0xFF, 0xFF, 0xFF, 0xFF,
    0xFF, 0xFF, 0xFF, 0xFF, 0xFB, 0xFF, 0x77, 0x00, 0x04, 0x00, 0x00, 0x00, 0x00, 0x00, 0x00, 0x00,
    0x00, 0x00, 0x00, 0x00, 0x00, 0x00, 0x00, 0x00, 0x00, 0x00, 0x00, 0x00, 0x00, 0x00, 0x00, 0x00,
    0x00, 0x03, 0x00, 0x7A, 0xFF, 0xFC, 0xFF, 0xFF, 0xFF, 0xFF, 0xFF, 0xFF, 0xFF, 0xFF, 0xFF, 0xFF,
    0xFF, 0xFF, 0xFF, 0xFF, 0xFF, 0xFF, 0xFF, 0xFF, 0xFF, 0xFF, 0xFF, 0xFF, 0xFF, 0xFF, 0xFF, 0xFF,
    0xFF, 0xFF, 0xFF, 0xFF, 0xFF, 0xFF, 0xFF, 0xFF, 0xFF, 0xFF, 0xFF, 0xFF, 0xFF, 0xFF, 0xFF, 0xFF,
    0xFF, 0xFF, 0xFF, 0xFF, 0xFF, 0xFF, 0xFC, 0xFF, 0x53, 0x02, 0x00, 0x9F, 0xFF, 0xFC, 0xFF, 0xFF,
    0xFF, 0xFF, 0xFF, 0xFF, 0xFF, 0xFF, 0xFF, 0xFF, 0xFF, 0xFF, 0xFF, 0xFF, 0xFF, 0xFF, 0xFF, 0xFF,
    0xFF, 0xFF, 0xFC, 0xFE, 0xC4, 0x01, 0x01, 0x00, 0x00, 0x00, 0x00, 0x00, 0x00, 0x00, 0x00, 0x00,
    0x00, 0x00, 0x00, 0x00, 0x00, 0x00, 0x00, 0x00, 0x00, 0x00, 0x00, 0x00, 0x00, 0x00, 0x02, 0x00,
    0x21, 0xF5, 0xFD, 0xFE, 0xFF, 0xFF, 0xFF, 0xFF, 0xFF, 0xFF, 0xFF, 0xFF, 0xFF, 0xFF, 0xFF, 0xFF,
    0xFF, 0xFF, 0xFF, 0xFF, 0xFF, 0xFF, 0xFF, 0xFF, 0xFF, 0xFF, 0xFF, 0xFF, 0xFF, 0xFF, 0xFF, 0xFF,
    0xFF, 0xFF, 0xFF, 0xFF, 0xFF, 0xFF, 0xFF, 0xFF, 0xFF, 0xFF, 0xFF, 0xFF, 0xFF, 0xFF, 0xFF, 0xFF,
    0xFF, 0xFF, 0xFF, 0xFD, 0xFE, 0xDC, 0x0D, 0x00, 0x7F, 0xFF, 0xFB, 0xFF, 0xFF, 0xFF, 0xFF, 0xFF,
    0xFF, 0xFF, 0xFF, 0xFF, 0xFF, 0xFF, 0xFF, 0xFF, 0xFF, 0xFF, 0xFF, 0xFF, 0xFF, 0xFF, 0xFF, 0xFF,
    0xFE, 0xFF, 0xED, 0x15, 0x00, 0x01, 0x00, 0x00, 0x00, 0x00, 0x00, 0x00, 0x00, 0x00, 0x00, 0x00,
    0x00, 0x00, 0x00, 0x00, 0x00, 0x00, 0x00, 0x00, 0x00, 0x00, 0x00, 0x00, 0x03, 0x00, 0xA1, 0xFF,
    0xFC, 0xFF, 0xFF, 0xFF, 0xFF, 0xFF, 0xFF, 0xFF, 0xFF, 0xFF, 0xFF, 0xFF, 0xFF, 0xFF, 0xFF, 0xFF,
    0xFF, 0xFF, 0xFF, 0xFF, 0xFF, 0xFF, 0xFF, 0xFF, 0xFF, 0xFF, 0xFF, 0xFF, 0xFF, 0xFF, 0xFF, 0xFF,
    0xFF, 0xFF, 0xFF, 0xFF, 0xFF, 0xFF, 0xFF, 0xFF, 0xFF, 0xFF, 0xFF, 0xFF, 0xFF, 0xFF, 0xFF, 0xFF,
    0xFF, 0xFC, 0xFF, 0x75, 0x00, 0x63, 0xFF, 0xFB, 0xFF, 0xFF, 0xFF, 0xFF, 0xFF, 0xFF, 0xFF, 0xFF,
    0xFF, 0xFF, 0xFF, 0xFF, 0xFF, 0xFF, 0xFF, 0xFF, 0xFF, 0xFF, 0xFF, 0xFF, 0xFF, 0xFF, 0xFE, 0xFF,
    0xFE, 0x2F, 0x00, 0x02, 0x00, 0x00, 0x00, 0x00, 0x00, 0x00, 0x00, 0x00, 0x00, 0x00, 0x00, 0x00,
    0x00, 0x00, 0x00, 0x00, 0x00, 0x00, 0x00, 0x00, 0x00, 0x01, 0x00, 0x0F, 0xEF, 0xFF, 0xFE, 0xFF,
    0xFF, 0xFF, 0xFF, 0xFF, 0xFF, 0xFF, 0xFF, 0xFF, 0xFF, 0xFF, 0xFF, 0xFF, 0xFF, 0xFF, 0xFF, 0xFF,
    0xFF, 0xFF, 0xFF, 0xFF, 0xFF, 0xFF, 0xFF, 0xFF, 0xFF, 0xFF, 0xFF, 0xFF, 0xFF, 0xFF, 0xFF, 0xFF,
    0xFF, 0xFF, 0xFF, 0xFF, 0xFF, 0xFF, 0xFF, 0xFF, 0xFF, 0xFF, 0xFF, 0xFF, 0xFF, 0xFF, 0xFD, 0xFE,
    0xEE, 0x00, 0x45, 0xFD, 0xFC, 0xFE, 0xFF, 0xFF, 0xFF, 0xFF, 0xFF, 0xFF, 0xFF, 0xFF, 0xFF, 0xFF,
    0xFF, 0xFF, 0xFF, 0xFF, 0xFF, 0xFF, 0xFF, 0xFF, 0xFF, 0xFF, 0xFF, 0xFF, 0xFE, 0xFF, 0xFC, 0x2E,
    0x00, 0x02, 0x00, 0x00, 0x00, 0x00, 0x00, 0x00, 0x00, 0x00, 0x00, 0x00, 0x00, 0x00, 0x00, 0x00,
    0x00, 0x00, 0x00, 0x00, 0x00, 0x00, 0x00, 0x03, 0x00, 0x44, 0xFE, 0xFD, 0xFF, 0xFF, 0xFF, 0xFF,
    0xFF, 0xFF, 0xFF, 0xFF, 0xFF, 0xFF, 0xFF, 0xFF, 0xFF, 0xFF, 0xFF, 0xFF, 0xFF, 0xFF, 0xFF, 0xFF,
    0xFF, 0xFF, 0xFF, 0xFF, 0xFF, 0xFF, 0xFF, 0xFF, 0xFF, 0xFF, 0xFF, 0xFF, 0xFF, 0xFF, 0xFF, 0xFF,
    0xFF, 0xFF, 0xFF, 0xFF, 0xFF, 0xFF, 0xFF, 0xFF, 0xFF, 0xFF, 0xFF, 0xFF, 0xFC, 0xFF, 0x5C, 0x3E,
    0xF7, 0xFE, 0xFD, 0xFF, 0xFF, 0xFF, 0xFF, 0xFF, 0xFF, 0xFF, 0xFF, 0xFF, 0xFF, 0xFF, 0xFF, 0xFF,
    0xFF, 0xFF, 0xFF, 0xFF, 0xFF, 0xFF, 0xFF, 0xFF, 0xFF, 0xFF, 0xFE, 0xFF, 0xF5, 0x20, 0x00, 0x02,
    0x00, 0x00, 0x00, 0x00, 0x00, 0x00, 0x00, 0x00, 0x00, 0x00, 0x00, 0x00, 0x00, 0x00, 0x00, 0x00,
    0x00, 0x00, 0x00, 0x00, 0x00, 0x04, 0x00, 0x95, 0xFF, 0xFB, 0xFF, 0xFF, 0xFF, 0xFF, 0xFF, 0xFF,
    0xFF, 0xFF, 0xFF, 0xFF, 0xFF, 0xFF, 0xFF, 0xFF, 0xFF, 0xFF, 0xFF, 0xFF, 0xFF, 0xFF, 0xFF, 0xFF,
    0xFF, 0xFF, 0xFF, 0xFF, 0xFF, 0xFF, 0xFF, 0xFF, 0xFF, 0xFF, 0xFF, 0xFF, 0xFF, 0xFF, 0xFF, 0xFF,
    0xFF, 0xFF, 0xFF, 0xFF, 0xFF, 0xFF, 0xFF, 0xFF, 0xFF, 0xFD, 0xFF, 0xC6, 0x5F, 0xF6, 0xFF, 0xFD,
    0xFF, 0xFF, 0xFF, 0xFF, 0xFF, 0xFF, 0xFF, 0xFF, 0xFF, 0xFF, 0xFF, 0xFF, 0xFF, 0xFF, 0xFF, 0xFF,
    0xFF, 0xFF, 0xFF, 0xFF, 0xFF, 0xFF, 0xFF, 0xFF, 0xFE, 0xFF, 0xEB, 0x13, 0x00, 0x01, 0x00, 0x00,
    0x00, 0x00, 0x00, 0x00, 0x00, 0x00, 0x00, 0x00, 0x00, 0x00, 0x00, 0x00, 0x00, 0x00, 0x00, 0x00,
    0x00, 0x00, 0x01, 0x00, 0x05, 0xD9, 0xFF, 0xFD, 0xFF, 0xFF, 0xFF, 0xFF, 0xFF, 0xFF, 0xFF, 0xFF,
    0xFF, 0xFF, 0xFF, 0xFF, 0xFF, 0xFF, 0xFF, 0xFF, 0xFF, 0xFF, 0xFF, 0xFF, 0xFF, 0xFF, 0xFF, 0xFF,
    0xFF, 0xFF, 0xFF, 0xFF, 0xFF, 0xFF, 0xFF, 0xFF, 0xFF, 0xFF, 0xFF, 0xFF, 0xFF, 0xFF, 0xFF, 0xFF,
    0xFF, 0xFF, 0xFF, 0xFF, 0xFF, 0xFF, 0xFF, 0xFE, 0xFF, 0xE8, 0xFF, 0xFF, 0xFE, 0xFF, 0xFF, 0xFF,
    0xFF, 0xFF, 0xFF, 0xFF, 0xFF, 0xFF, 0xFF, 0xFF, 0xFF, 0xFF, 0xFF, 0xFF, 0xFF, 0xFF, 0xFF, 0xFF,
    0xFF, 0xFF, 0xFF, 0xFF, 0xFF, 0xFF, 0xFD, 0xFF, 0xCF, 0x02, 0x00, 0x01, 0x00, 0x00, 0x00, 0x00,
    0x00, 0x00, 0x00, 0x00, 0x00, 0x00, 0x00, 0x00, 0x00, 0x00, 0x00, 0x00, 0x00, 0x00, 0x00, 0x00,
    0x02, 0x00, 0x1F, 0xF7, 0xFF, 0xFE, 0xFF, 0xFF, 0xFF, 0xFF, 0xFF, 0xFF, 0xFF, 0xFF, 0xFF, 0xFF,
    0xFF, 0xFF, 0xFF, 0xFF, 0xFF, 0xFF, 0xFF, 0xFF, 0xFF, 0xFF, 0xFF, 0xFF, 0xFF, 0xFF, 0xFF, 0xFF,
    0xFF, 0xFF, 0xFF, 0xFF, 0xFF, 0xFF, 0xFF, 0xFF, 0xFF, 0xFF, 0xFF, 0xFF, 0xFF, 0xFF, 0xFF, 0xFF,
    0xFF, 0xFF, 0xFF, 0xFF, 0xFF, 0xFF, 0xFF, 0xFF, 0xFF, 0xFE, 0xFF, 0xFF, 0xFF, 0xFF, 0xFF, 0xFF,
    0xFF, 0xFF, 0xFF, 0xFF, 0xFF, 0xFF, 0xFF, 0xFF, 0xFF, 0xFF, 0xFF, 0xFF, 0xFF, 0xFF, 0xFF, 0xFF,
    0xFF, 0xFF, 0xFF, 0xFF, 0xFC, 0xFE, 0xB3, 0x00, 0x02, 0x00, 0x00, 0x00, 0x00, 0x00, 0x00, 0x00,
    0x00, 0x00, 0x00, 0x00, 0x00, 0x00, 0x00, 0x00, 0x00, 0x00, 0x00, 0x00, 0x00, 0x00, 0x03, 0x00,
    0x34, 0xFF, 0xFE, 0xFF, 0xFF, 0xFF, 0xFF, 0xFF, 0xFF, 0xFF, 0xFF, 0xFF, 0xFF, 0xFF, 0xFF, 0xFF,
    0xFF, 0xFF, 0xFF, 0xFF, 0xFF, 0xFF, 0xFF, 0xFF, 0xFF, 0xFF, 0xFF, 0xFF, 0xFF, 0xFF, 0xFF, 0xFF,
    0xFF, 0xFF, 0xFF, 0xFF, 0xFF, 0xFF, 0xFF, 0xFF, 0xFF, 0xFF, 0xFF, 0xFF, 0xFF, 0xFF, 0xFF, 0xFF,
    0xFF, 0xFF, 0xFF, 0xFF, 0xFF, 0xFE, 0xFF, 0xFF, 0xFF, 0xFF, 0xFF, 0xFF, 0xFF, 0xFF, 0xFF, 0xFF,
    0xFF, 0xFF, 0xFF, 0xFF, 0xFF, 0xFF, 0xFF, 0xFF, 0xFF, 0xFF, 0xFF, 0xFF, 0xFF, 0xFF, 0xFF, 0xFF,
    0xFF, 0xFF, 0xFB, 0xFF, 0x71, 0x00, 0x04, 0x00, 0x00, 0x00, 0x00, 0x00, 0x00, 0x00, 0x00, 0x00,
    0x00, 0x00, 0x00, 0x00, 0x00, 0x00, 0x00, 0x00, 0x00, 0x00, 0x00, 0x00, 0x03, 0x00, 0x4C, 0xFF,
    0xFC, 0xFF, 0xFF, 0xFF, 0xFF, 0xFF, 0xFF, 0xFF, 0xFF, 0xFF, 0xFF, 0xFF, 0xFF, 0xFF, 0xFF, 0xFF,
    0xFF, 0xFE, 0xFE, 0xFF, 0xFF, 0xFF, 0xFF, 0xFF, 0xFF, 0xFF, 0xFF, 0xFF, 0xFF, 0xFF, 0xFF, 0xFF,
    0xFF, 0xFF, 0xFF, 0xFF, 0xFF, 0xFF, 0xFF, 0xFF, 0xFF, 0xFF, 0xFF, 0xFF, 0xFF, 0xFF, 0xFF, 0xFF,
    0xFF, 0xFF, 0xFF, 0xFF, 0xFF, 0xFF, 0xFF, 0xFF, 0xFF, 0xFF, 0xFF, 0xFF, 0xFF, 0xFF, 0xFF, 0xFF,
    0xFF, 0xFF, 0xFF, 0xFF, 0xFF, 0xFF, 0xFF, 0xFF, 0xFF, 0xFF, 0xFF, 0xFF, 0xFF, 0xFF, 0xFF, 0xFE,
    0xFE, 0xF0, 0x19, 0x00, 0x01, 0x00, 0x00, 0x00, 0x00, 0x00, 0x00, 0x00, 0x00, 0x00, 0x00, 0x00,
    0x00, 0x00, 0x00, 0x00, 0x00, 0x00, 0x00, 0x00, 0x00, 0x00, 0x03, 0x00, 0x4C, 0xFF, 0xFC, 0xFF,
    0xFF, 0xFF, 0xFF, 0xFF, 0xFF, 0xFF, 0xFF, 0xFF, 0xFF, 0xFF, 0xFF, 0xFF, 0xFF, 0xFF, 0xFE, 0xFF,
    0xFF, 0xFC, 0xFC, 0xFE, 0xFF, 0xFF, 0xFF, 0xFF, 0xFF, 0xFF, 0xFF, 0xFF, 0xFF, 0xFF, 0xFF, 0xFF,
    0xFF, 0xFF, 0xFF, 0xFF, 0xFF, 0xFF, 0xFF, 0xFF, 0xFF, 0xFF, 0xFF, 0xFF, 0xFF, 0xFF, 0xFF, 0xFF,
    0xFF, 0xFF, 0xFF, 0xFF, 0xFF, 0xFF, 0xFF, 0xFF, 0xFF, 0xFF, 0xFF, 0xFF, 0xFF, 0xFF, 0xFF, 0xFF,
    0xFF, 0xFF, 0xFF, 0xFF, 0xFF, 0xFF, 0xFF, 0xFF, 0xFF, 0xFF, 0xFF, 0xFF, 0xFF, 0xFB, 0xFF, 0x9B,
    0x00, 0x03, 0x00, 0x00, 0x00, 0x00, 0x00, 0x00, 0x00, 0x00, 0x00, 0x00, 0x00, 0x00, 0x00, 0x00,
    0x00, 0x00, 0x00, 0x00, 0x00, 0x00, 0x00, 0x00, 0x03, 0x00, 0x44, 0xFF, 0xFD, 0xFF, 0xFF, 0xFF,
    0xFF, 0xFF, 0xFF, 0xFF, 0xFF, 0xFF, 0xFF, 0xFF, 0xFF, 0xFF, 0xFF, 0xFE, 0xFF, 0xFE, 0xF0, 0xFF,
    0xFF, 0xFF, 0xFD, 0xFB, 0xFC, 0xFC, 0xFC, 0xFD, 0xFF, 0xFF, 0xFF, 0xFF, 0xFF, 0xFF, 0xFF, 0xFF,
    0xFF, 0xFF, 0xFF, 0xFF, 0xFF, 0xFF, 0xFF, 0xFF, 0xFF, 0xFF, 0xFF, 0xFF, 0xFF, 0xFF, 0xFF, 0xFF,
    0xFF, 0xFF, 0xFF, 0xFF, 0xFF, 0xFF, 0xFF, 0xFF, 0xFF, 0xFF, 0xFF, 0xFF, 0xFF, 0xFF, 0xFF, 0xFF,
    0xFF, 0xFF, 0xFF, 0xFF, 0xFF, 0xFF, 0xFF, 0xFF, 0xFF, 0xFF, 0xFD, 0xFC, 0xF1, 0x1F, 0x01, 0x02,
    0x00, 0x00, 0x00, 0x00, 0x00, 0x00, 0x00, 0x00, 0x00, 0x00, 0x00, 0x00, 0x00, 0x00, 0x00, 0x00,
    0x00, 0x00, 0x00, 0x00, 0x00, 0x00, 0x03, 0x00, 0x40, 0xFF, 0xFE, 0xFF, 0xFF, 0xFF, 0xFF, 0xFF,
    0xFF, 0xFF, 0xFF, 0xFF, 0xFF, 0xFF, 0xFF, 0xFF, 0xFE, 0xFE, 0xEC, 0x3D, 0x1A, 0x56, 0xAC, 0xF3,
    0xFF, 0xFF, 0xFF, 0xFF, 0xFF, 0xFF, 0xFF, 0xFB, 0xFC, 0xFC, 0xFC, 0xFF, 0xFF, 0xFF, 0xFF, 0xFF,
    0xFF, 0xFF, 0xFF, 0xFF, 0xFF, 0xFF, 0xFF, 0xFF, 0xFF, 0xFF, 0xFF, 0xFF, 0xFF, 0xFF, 0xFF, 0xFF,
    0xFF, 0xFF, 0xFF, 0xFF, 0xFF, 0xFF, 0xFF, 0xFF, 0xFF, 0xFF, 0xFF, 0xFF, 0xFF, 0xFF, 0xFF, 0xFF,
    0xFF, 0xFF, 0xFF, 0xFF, 0xFF, 0xFF, 0xFF, 0xFE, 0xFA, 0xFF, 0x74, 0x00, 0x03, 0x00, 0x00, 0x00,
    0x00, 0x00, 0x00, 0x00, 0x00, 0x00, 0x00, 0x00, 0x00, 0x00, 0x00, 0x00, 0x00, 0x00, 0x00, 0x00,
    0x00, 0x00, 0x00, 0x00, 0x02, 0x02, 0x14, 0xF5, 0xFF, 0xFE, 0xFF, 0xFF, 0xFF, 0xFF, 0xFF, 0xFF,
    0xFF, 0xFF, 0xFF, 0xFF, 0xFF, 0xFF, 0xFD, 0xFF, 0x58, 0x00, 0x00, 0x00, 0x00, 0x1C, 0x44, 0x7C,
    0xAB, 0xB1, 0xC7, 0xD1, 0xFF, 0xFF, 0xFF, 0xFF, 0xFF, 0xFF, 0xFF, 0xFF, 0xFF, 0xFF, 0xFF, 0xFF,
    0xFF, 0xFF, 0xFF, 0xFF, 0xFF, 0xFF, 0xFF, 0xFF, 0xFF, 0xFF, 0xFF, 0xFF, 0xFF, 0xFF, 0xFF, 0xFF,
    0xFF, 0xFF, 0xFF, 0xFF, 0xFF, 0xFF, 0xFF, 0xFF, 0xFF, 0xFF, 0xFF, 0xFF, 0xFF, 0xFF, 0xFF, 0xFF,
    0xFF, 0xFF, 0xFF, 0xFF, 0xFD, 0xFC, 0xFF, 0x94, 0x01, 0x03, 0x00, 0x00, 0x00, 0x00, 0x00, 0x00,
    0x00, 0x00, 0x00, 0x00, 0x00, 0x00, 0x00, 0x00, 0x00, 0x00, 0x00, 0x00, 0x00, 0x00, 0x00, 0x00,
    0x00, 0x00, 0x03, 0x00, 0x59, 0xFB, 0xFD, 0xFE, 0xFF, 0xFF, 0xFF, 0xFF, 0xFF, 0xFF, 0xFF, 0xFF,
    0xFF, 0xFF, 0xFF, 0xFC, 0xFF, 0xBB, 0x00, 0x04, 0x02, 0x03, 0x02, 0x00, 0x00, 0x00, 0x00, 0x00,
    0x00, 0x00, 0x3A, 0x8B, 0xAC, 0xC4, 0xBE, 0xFF, 0xFF, 0xFF, 0xFF, 0xFF, 0xFF, 0xFF, 0xFF, 0xFF,
    0xFF, 0xFF, 0xFF, 0xFF, 0xFF, 0xFF, 0xFF, 0xFF, 0xFF, 0xFF, 0xFC, 0xFD, 0xFF, 0xFF, 0xFF, 0xFF,
    0xFF, 0xFF, 0xFF, 0xFF, 0xFF, 0xFF, 0xFF, 0xFF, 0xFF, 0xFF, 0xFF, 0xFF, 0xFF, 0xFF, 0xFF, 0xFF,
    0xFE, 0xFB, 0xFF, 0xFF, 0x75, 0x00, 0x02, 0x01, 0x00, 0x00, 0x00, 0x00, 0x00, 0x00, 0x00, 0x00,
    0x00, 0x00, 0x00, 0x00, 0x00, 0x00, 0x00, 0x00, 0x00, 0x00, 0x00, 0x00, 0x00, 0x00, 0x00, 0x02,
    0x00, 0x81, 0xFF, 0xFE, 0xFE, 0xFF, 0xFF, 0xFF, 0xFF, 0xFF, 0xFF, 0xFF, 0xFF, 0xFF, 0xFF, 0xFF,
    0xFF, 0xFD, 0xFF, 0x4C, 0x01, 0x04, 0x00, 0x00, 0x00, 0x02, 0x03, 0x04, 0x03, 0x03, 0x01, 0x00,
    0x00, 0x00, 0x00, 0x00, 0x00, 0xC8, 0xFE, 0xFC, 0xFF, 0xFF, 0xFF, 0xFF, 0xFF, 0xFF, 0xFF, 0xFF,
    0xFF, 0xFF, 0xFF, 0xFF, 0xFF, 0xFF, 0xFF, 0xFF, 0xFF, 0xFF, 0xFE, 0xFB, 0xFB, 0xFD, 0xFE, 0xFF,
    0xFF, 0xFF, 0xFF, 0xFF, 0xFF, 0xFF, 0xFF, 0xFF, 0xFF, 0xFF, 0xFF, 0xFE, 0xFD, 0xFB, 0xFF, 0xFF,
    0xDB, 0x50, 0x00, 0x02, 0x01, 0x00, 0x00, 0x00, 0x00, 0x00, 0x00, 0x00, 0x00, 0x00, 0x00, 0x00,
    0x00, 0x00, 0x00, 0x00, 0x00, 0x00, 0x00, 0x00, 0x00, 0x00, 0x00, 0x00, 0x02, 0x01, 0x89, 0xFF,
    0xFD, 0xFF, 0xFF, 0xFF, 0xFF, 0xFF, 0xFF, 0xFF, 0xFF, 0xFF, 0xFF, 0xFF, 0xFF, 0xFF, 0xFD, 0xFC,
    0xF3, 0x17, 0x00, 0x01, 0x00, 0x00, 0x00, 0x00, 0x00, 0x00, 0x00, 0x00, 0x00, 0x01, 0x03, 0x04,
    0x03, 0x05, 0x01, 0x62, 0xFF, 0xFC, 0xFF, 0xFF, 0xFF, 0xFF, 0xFF, 0xFF, 0xFF, 0xFF, 0xFF, 0xFF,
    0xFF, 0xFF, 0xFF, 0xFF, 0xFF, 0xFA, 0xBF, 0xDB, 0xFF, 0xFF, 0xFF, 0xFF, 0xFF, 0xFD, 0xFB, 0xFB,
    0xFC, 0xFD, 0xFD, 0xFD, 0xFD, 0xFC, 0xFC, 0xFB, 0xFC, 0xFF, 0xFF, 0xFF, 0xED, 0x82, 0x0F, 0x00,
    0x03, 0x00, 0x00, 0x00, 0x00, 0x00, 0x00, 0x00, 0x00, 0x00, 0x00, 0x00, 0x00, 0x00, 0x00, 0x00,
    0x00, 0x00, 0x00, 0x00, 0x00, 0x00, 0x00, 0x00, 0x00, 0x03, 0x00, 0x44, 0xF9, 0xFA, 0xFE, 0xFF,
    0xFF, 0xFE, 0xFF, 0xFF, 0xFF, 0xFF, 0xFF, 0xFF, 0xFF, 0xFE, 0xFC, 0xFC, 0xFD, 0xFF, 0xC3, 0x01,
    0x01, 0x00, 0x00, 0x00, 0x00, 0x00, 0x00, 0x00, 0x00, 0x00, 0x00, 0x00, 0x00, 0x00, 0x00, 0x02,
    0x00, 0x13, 0xEF, 0xFF, 0xFE, 0xFF, 0xFF, 0xFF, 0xFF, 0xFF, 0xFF, 0xFF, 0xFF, 0xFF, 0xFF, 0xFF,
    0xFF, 0xFD, 0xFF, 0xE3, 0x01, 0x07, 0x40, 0x71, 0xA1, 0xCD, 0xF1, 0xFF, 0xFF, 0xFF, 0xFF, 0xFF,
    0xFF, 0xFF, 0xFF, 0xFF, 0xFF, 0xFF, 0xFF, 0xF7, 0xCA, 0x74, 0x1A, 0x00, 0x00, 0x03, 0x00, 0x00,
    0x00, 0x00, 0x00, 0x00, 0x00, 0x00, 0x00, 0x00, 0x00, 0x00, 0x00, 0x00, 0x00, 0x00, 0x00, 0x00,
    0x00, 0x00, 0x00, 0x00, 0x00, 0x00, 0x00, 0x00, 0x00, 0x09, 0x1B, 0x34, 0xEB, 0xFC, 0xFD, 0xFF,
    0xFF, 0xFF, 0xFF, 0xFF, 0xFE, 0xFD, 0xFB, 0xFF, 0xFF, 0xFF, 0xFA, 0xB2, 0x25, 0x01, 0x02, 0x00,
    0x00, 0x00, 0x00, 0x00, 0x00, 0x00, 0x00, 0x00, 0x00, 0x00, 0x00, 0x00, 0x00, 0x00, 0x03, 0x00,
    0xA9, 0xFF, 0xFB, 0xFF, 0xFF, 0xFF, 0xFF, 0xFF, 0xFF, 0xFF, 0xFF, 0xFF, 0xFF, 0xFF, 0xFF, 0xFD,
    0xFF, 0xDC, 0x08, 0x00, 0x00, 0x00, 0x00, 0x00, 0x1A, 0x44, 0x79, 0x9E, 0xBF, 0xD5, 0xDF, 0xDC,
    0xD5, 0xCA, 0xC2, 0xA0, 0x66, 0x21, 0x00, 0x00, 0x00, 0x03, 0x01, 0x00, 0x00, 0x00, 0x00, 0x00,
    0x00, 0x00, 0x00, 0x00, 0x00, 0x00, 0x00, 0x00, 0x00, 0x00, 0x00, 0x00, 0x00, 0x00, 0x00, 0x00,
    0x00, 0x00, 0x00, 0x00, 0x00, 0x00, 0x00, 0x02, 0x00, 0x5A, 0xFF, 0xFF, 0xFF, 0xEC, 0xF3, 0xFF,
    0xFD, 0xFB, 0xFF, 0xFF, 0xFF, 0xEE, 0xB1, 0x62, 0x2B, 0x00, 0x00, 0x00, 0x00, 0x00, 0x00, 0x00,
    0x00, 0x00, 0x00, 0x00, 0x00, 0x00, 0x00, 0x00, 0x00, 0x00, 0x00, 0x00, 0x04, 0x01, 0x55, 0xFF,
    0xFC, 0xFF, 0xFF, 0xFF, 0xFF, 0xFF, 0xFF, 0xFF, 0xFF, 0xFF, 0xFF, 0xFF, 0xFF, 0xFD, 0xFF, 0xD5,
    0x01, 0x01, 0x04, 0x04, 0x03, 0x00, 0x00, 0x00, 0x00, 0x00, 0x00, 0x01, 0x07, 0x05, 0x01, 0x00,
    0x00, 0x00, 0x00, 0x00, 0x00, 0x04, 0x01, 0x00, 0x00, 0x00, 0x00, 0x00, 0x00, 0x00, 0x00, 0x00,
    0x00, 0x00, 0x00, 0x00, 0x00, 0x00, 0x00, 0x00, 0x00, 0x00, 0x00, 0x00, 0x00, 0x00, 0x00, 0x00,
    0x00, 0x00, 0x00, 0x00, 0x00, 0x02, 0x02, 0x82, 0x92, 0x5C, 0x3A, 0x17, 0xD1, 0xFC, 0xFF, 0xFF,
    0xFC, 0xC7, 0x76, 0x19, 0x00, 0x00, 0x00, 0x02, 0x02, 0x00, 0x00, 0x00, 0x00, 0x00, 0x00, 0x00,
    0x00, 0x00, 0x00, 0x00, 0x00, 0x00, 0x00, 0x00, 0x00, 0x00, 0x01, 0x00, 0x11, 0xEB, 0xFF, 0xFE,
    0xFF, 0xFF, 0xFF, 0xFF, 0xFF, 0xFF, 0xFF, 0xFF, 0xFF, 0xFF, 0xFF, 0xFD, 0xFF, 0xD5, 0x02, 0x00,
    0x01, 0x00, 0x00, 0x00, 0x01, 0x03, 0x04, 0x04, 0x02, 0x00, 0x00, 0x00, 0x00, 0x01, 0x01, 0x03,
    0x04, 0x02, 0x00, 0x00, 0x00, 0x00, 0x00, 0x00, 0x00, 0x00, 0x00, 0x00, 0x00, 0x00, 0x00, 0x00,
    0x00, 0x00, 0x00, 0x00, 0x00, 0x00, 0x00, 0x00, 0x00, 0x00, 0x00, 0x00, 0x00, 0x00, 0x00, 0x00,
    0x00, 0x00, 0x00, 0x00, 0x00, 0x00, 0x00, 0x00, 0x00, 0x20, 0xFF, 0xFF, 0xDA, 0x7E, 0x2D, 0x00,
    0x00, 0x00, 0x02, 0x04, 0x02, 0x00, 0x00, 0x00, 0x00, 0x00, 0x00, 0x00, 0x00, 0x00, 0x00, 0x00,
    0x00, 0x00, 0x00, 0x00, 0x00, 0x00, 0x00, 0x00, 0x00, 0x02, 0x00, 0xB3, 0xFF, 0xFC, 0xFF, 0xFF,
    0xFF, 0xFF, 0xFF, 0xFF, 0xFF, 0xFF, 0xFF, 0xFF, 0xFF, 0xFD, 0xFF, 0xDC, 0x07, 0x00, 0x01, 0x00,
    0x00, 0x00, 0x00, 0x00, 0x00, 0x00, 0x00, 0x01, 0x01, 0x01, 0x01, 0x00, 0x00, 0x00, 0x00, 0x00,
    0x00, 0x00, 0x00, 0x00, 0x00, 0x00, 0x00, 0x00, 0x00, 0x00, 0x00, 0x00, 0x00, 0x00, 0x00, 0x00,
    0x00, 0x00, 0x00, 0x00, 0x00, 0x00, 0x00, 0x00, 0x00, 0x00, 0x00, 0x00, 0x00, 0x00, 0x00, 0x00,
    0x00, 0x00, 0x00, 0x01, 0x04, 0x05, 0x03, 0x1D, 0xA8, 0x5E, 0x0A, 0x00, 0x00, 0x01, 0x04, 0x01,
    0x00, 0x00, 0x00, 0x00, 0x00, 0x00, 0x00, 0x00, 0x00, 0x00, 0x00, 0x00, 0x00, 0x00, 0x00, 0x00,
    0x00, 0x00, 0x00, 0x00, 0x00, 0x00, 0x00, 0x04, 0x01, 0x8D, 0xFF, 0xFB, 0xFF, 0xFF, 0xFF, 0xFF,
    0xFF, 0xFF, 0xFF, 0xFF, 0xFF, 0xFF, 0xFF, 0xFE, 0xFF, 0xED, 0x12, 0x00, 0x01, 0x00, 0x00, 0x00,
    0x00, 0x00, 0x00, 0x00, 0x00, 0x00, 0x00, 0x00, 0x00, 0x00, 0x00, 0x00, 0x00, 0x00, 0x00, 0x00,
    0x00, 0x00, 0x00, 0x00, 0x00, 0x00, 0x00, 0x00, 0x00, 0x00, 0x00, 0x00, 0x00, 0x00, 0x00, 0x00,
    0x00, 0x00, 0x00, 0x00, 0x00, 0x00, 0x00, 0x00, 0x00, 0x00, 0x00, 0x00, 0x00, 0x00, 0x00, 0x00,
    0x00, 0x00, 0x00, 0x00, 0x00, 0x00, 0x00, 0x00, 0x00, 0x04, 0x02, 0x00, 0x00, 0x00, 0x00, 0x00,
    0x00, 0x00, 0x00, 0x00, 0x00, 0x00, 0x00, 0x00, 0x00, 0x00, 0x00, 0x00, 0x00, 0x00, 0x00, 0x00,
    0x00, 0x00, 0x00, 0x00, 0x00, 0x04, 0x00, 0x7A, 0xFF, 0xFA, 0xFC, 0xFB, 0xFB, 0xFE, 0xFF, 0xFF,
    0xFF, 0xFF, 0xFF, 0xFD, 0xFC, 0xFC, 0xFC, 0xFF, 0x4F, 0x00, 0x04, 0x00, 0x00, 0x00, 0x00, 0x00,
    0x00, 0x00, 0x00, 0x00, 0x00, 0x00, 0x00, 0x00, 0x00, 0x00, 0x00, 0x00, 0x00, 0x00, 0x00, 0x00,
    0x00, 0x00, 0x00, 0x00, 0x00, 0x00, 0x00, 0x00, 0x00, 0x00, 0x00, 0x00, 0x00, 0x00, 0x00, 0x00,
    0x00, 0x00, 0x00, 0x00, 0x00, 0x00, 0x00, 0x00, 0x00, 0x00, 0x00, 0x00, 0x00, 0x00, 0x00, 0x00,
    0x00, 0x00, 0x00, 0x00, 0x03, 0x03, 0x01, 0x00, 0x00, 0x00, 0x00, 0x00, 0x00, 0x00, 0x00, 0x00,
    0x00, 0x00, 0x00, 0x00, 0x00, 0x00, 0x00, 0x00, 0x00, 0x00, 0x00, 0x00, 0x00, 0x00, 0x00, 0x00,
    0x00, 0x00, 0x00, 0x04, 0x00, 0x64, 0xFC, 0xFE, 0xFF, 0xFF, 0xFF, 0xFF, 0xFC, 0xFF, 0xFF, 0xFF,
    0xFD, 0xFF, 0xFF, 0xFF, 0xFF, 0xFC, 0xBD, 0x03, 0x02, 0x00, 0x00, 0x00, 0x00, 0x00, 0x00, 0x00,
    0x00, 0x00, 0x00, 0x00, 0x00, 0x00, 0x00, 0x00, 0x00, 0x00, 0x00, 0x00, 0x00, 0x00, 0x00, 0x00,
    0x00, 0x00, 0x00, 0x00, 0x00, 0x00, 0x00, 0x00, 0x00, 0x00, 0x00, 0x00, 0x00, 0x00, 0x00, 0x00,
    0x00, 0x00, 0x00, 0x00, 0x00, 0x00, 0x00, 0x00, 0x00, 0x00, 0x00, 0x00, 0x00, 0x00, 0x00, 0x00,
    0x00, 0x00, 0x00, 0x00, 0x00, 0x00, 0x00, 0x00, 0x00, 0x00, 0x00, 0x00, 0x00, 0x00, 0x00, 0x00,
    0x00, 0x00, 0x00, 0x00, 0x00, 0x00, 0x00, 0x00, 0x00, 0x00, 0x00, 0x00, 0x00, 0x00, 0x00, 0x00,
    0x00, 0x03, 0x00, 0x54, 0xFF, 0xF3, 0xCA, 0xA0, 0xA4, 0xED, 0xFF, 0xFC, 0xFD, 0xFB, 0xFF, 0xE3,
    0xAE, 0xBC, 0xF2, 0xFF, 0xF8, 0x10, 0x00, 0x01, 0x00, 0x00, 0x00, 0x00, 0x00, 0x00, 0x00, 0x00,
    0x00, 0x00, 0x00, 0x00, 0x00, 0x00, 0x00, 0x00, 0x00, 0x00, 0x00, 0x00, 0x00, 0x00, 0x00, 0x00,
    0x00, 0x00, 0x00, 0x00, 0x00, 0x00, 0x00, 0x00, 0x00, 0x00, 0x00, 0x00, 0x00, 0x00, 0x00, 0x00,
    0x00, 0x00, 0x00, 0x00, 0x00, 0x00, 0x00, 0x00, 0x00, 0x00, 0x00, 0x00, 0x00, 0x00, 0x00, 0x00,
    0x00, 0x00, 0x00, 0x00, 0x00, 0x00, 0x00, 0x00, 0x00, 0x00, 0x00, 0x00, 0x00, 0x00, 0x00, 0x00,
    0x00, 0x00, 0x00, 0x00, 0x00, 0x00, 0x00, 0x00, 0x00, 0x00, 0x00, 0x00, 0x00, 0x00, 0x00, 0x01,
    0x00, 0x0D, 0x4E, 0x20, 0x00, 0x00, 0x00, 0x1E, 0xB6, 0xFF, 0xFF, 0xFF, 0xD4, 0x16, 0x00, 0x00,
    0x1C, 0x60, 0x55, 0x01, 0x01, 0x00, 0x00, 0x00, 0x00, 0x00, 0x00, 0x00, 0x00, 0x00, 0x00, 0x00,
    0x00, 0x00, 0x00, 0x00, 0x00, 0x00, 0x00, 0x00, 0x00, 0x00, 0x00, 0x00, 0x00, 0x00, 0x00, 0x00,
    0x00, 0x00, 0x00, 0x00, 0x00, 0x00, 0x00, 0x00, 0x00, 0x00, 0x00, 0x00, 0x00, 0x00, 0x00, 0x00,
    0x00, 0x00, 0x00, 0x00, 0x00, 0x00, 0x00, 0x00, 0x00, 0x00, 0x00, 0x00, 0x00, 0x00, 0x00, 0x00,
    0x00, 0x00, 0x00, 0x00, 0x00, 0x00, 0x00, 0x00, 0x00, 0x00, 0x00, 0x00, 0x00, 0x00, 0x00, 0x00,
    0x00, 0x00, 0x00, 0x00, 0x00, 0x00, 0x00, 0x00, 0x00, 0x00, 0x00, 0x00, 0x00, 0x00, 0x00, 0x00,
    0x00, 0x00, 0x01, 0x03, 0x04, 0x00, 0x00, 0x59, 0xC7, 0xB0, 0x1D, 0x00, 0x05, 0x02, 0x00, 0x00,
    0x00, 0x00, 0x00, 0x00, 0x00, 0x00, 0x00, 0x00, 0x00, 0x00, 0x00, 0x00, 0x00, 0x00, 0x00, 0x00,
    0x00, 0x00, 0x00, 0x00, 0x00, 0x00, 0x00, 0x00, 0x00, 0x00, 0x00, 0x00, 0x00, 0x00, 0x00, 0x00,
    0x00, 0x00, 0x00, 0x00, 0x00, 0x00, 0x00, 0x00, 0x00, 0x00, 0x00, 0x00, 0x00, 0x00, 0x00, 0x00,
    0x00, 0x00, 0x00, 0x00, 0x00, 0x00, 0x00, 0x00, 0x00, 0x00, 0x00, 0x00, 0x00, 0x00, 0x00, 0x00,
    0x00, 0x00, 0x00, 0x00, 0x00, 0x00, 0x00, 0x00, 0x00, 0x00, 0x00, 0x00, 0x00, 0x00, 0x00, 0x00,
    0x00, 0x00, 0x00, 0x00, 0x00, 0x00, 0x00, 0x00, 0x00, 0x00, 0x00, 0x00, 0x00, 0x01, 0x03, 0x02,
    0x00, 0x00, 0x00, 0x02, 0x01, 0x00, 0x00, 0x00, 0x00, 0x01, 0x00, 0x00, 0x02, 0x04, 0x03, 0x00,
    0x00, 0x00, 0x00, 0x00, 0x00, 0x00, 0x00, 0x00, 0x00, 0x00, 0x00, 0x00, 0x00, 0x00, 0x00, 0x00,
    0x00, 0x00, 0x00, 0x00, 0x00, 0x00, 0x00, 0x00, 0x00, 0x00, 0x00, 0x00, 0x00, 0x00, 0x00, 0x00,
    0x00, 0x00, 0x00, 0x00, 0x00, 0x00, 0x00, 0x00, 0x00, 0x00, 0x00, 0x00, 0x00, 0x00, 0x00, 0x00,
    0x00, 0x00, 0x00, 0x00, 0x00, 0x00, 0x00, 0x00, 0x00, 0x00, 0x00, 0x00, 0x00, 0x00, 0x00, 0x00,
    0x00, 0x00, 0x00, 0x00, 0x00, 0x00, 0x00, 0x00, 0x00, 0x00, 0x00, 0x00, 0x00, 0x00, 0x00, 0x00,
    0x00, 0x00, 0x00, 0x00, 0x00, 0x00, 0x00, 0x00, 0x00, 0x00, 0x00, 0x00, 0x00, 0x00, 0x00, 0x00,
    0x00, 0x00, 0x00, 0x03, 0x01, 0x02, 0x02, 0x00, 0x00, 0x00, 0x00, 0x00, 0x00, 0x00, 0x00, 0x00,
    0x00, 0x00, 0x00, 0x00, 0x00, 0x00, 0x00, 0x00, 0x00, 0x00, 0x00, 0x00, 0x00, 0x00, 0x00, 0x00,
    0x00, 0x00, 0x00, 0x00, 0x00, 0x00, 0x00, 0x00, 0x00, 0x00, 0x00, 0x00, 0x00, 0x00, 0x00, 0x00,
    0x00, 0x00, 0x00, 0x00, 0x00, 0x00, 0x00, 0x00, 0x00, 0x00, 0x00, 0x00, 0x00, 0x00, 0x00, 0x00,
    0x00, 0x00, 0x00, 0x00, 0x00, 0x00, 0x00, 0x00, 0x00, 0x00, 0x00, 0x00, 0x00, 0x00, 0x00, 0x00,
    0x00, 0x00, 0x00, 0x00, 0x00, 0x00, 0x00, 0x00, 0x00, 0x00, 0x00, 0x00, 0x00, 0x00, 0x00, 0x00,
    0x00, 0x00, 0x00, 0x00, 0x00, 0x00, 0x00, 0x00, 0x00, 0x00, 0x00, 0x00, 0x00, 0x00, 0x00, 0x00,
    0x00, 0x00, 0x00, 0x00, 0x00, 0x00, 0x00, 0x00, 0x00, 0x00, 0x00, 0x00, 0x00, 0x00, 0x00, 0x00,
    0x00, 0x00, 0x00, 0x00, 0x00, 0x00, 0x00, 0x00, 0x00, 0x00, 0x00, 0x00, 0x00, 0x00, 0x00, 0x00,
    0x00, 0x00, 0x00, 0x00, 0x00, 0x00, 0x00, 0x00, 0x00, 0x00, 0x00, 0x00, 0x00, 0x00, 0x00, 0x00,
    0x00, 0x00, 0x00, 0x00, 0x00, 0x00, 0x00, 0x00, 0x00, 0x00, 0x00, 0x00, 0x00, 0x00, 0x00, 0x00,
    0x00, 0x00, 0x00, 0x00, 0x00, 0x00, 0x00, 0x00, 0x00, 0x00, 0x00, 0x00, 0x00, 0x00, 0x00, 0x00,
    0x00, 0x00, 0x00, 0x00, 0x00, 0x00, 0x00, 0x00, 0x00, 0x00, 0x00, 0x00, 0x00, 0x00, 0x00, 0x00,
    0x00, 0x00, 0x00, 0x00, 0x00, 0x00, 0x00, 0x00, 0x00, 0x00, 0x00, 0x00, 0x00, 0x00, 0x00, 0x00,
    0x00, 0x00, 0x00, 0x00, 0x00, 0x00, 0x00, 0x00, 0x00, 0x00, 0x00, 0x00, 0x00, 0x00, 0x00, 0x00,
    0x00, 0x00, 0x00, 0x00, 0x00, 0x00, 0x00, 0x00, 0x00, 0x00, 0x00, 0x00, 0x00, 0x00, 0x00, 0x00,
    0x00, 0x00, 0x00, 0x00, 0x00, 0x00, 0x00, 0x00, 0x00, 0x00, 0x00, 0x00, 0x00, 0x00, 0x00, 0x00,
    0x00, 0x00, 0x00, 0x00, 0x00, 0x00, 0x00, 0x00, 0x00, 0x00, 0x00, 0x00, 0x00, 0x00, 0x00, 0x00,
    0x00, 0x00, 0x00, 0x00, 0x00, 0x00, 0x00, 0x00, 0x00, 0x00, 0x00, 0x00, 0x00, 0x00, 0x00, 0x00,
    0x00, 0x00, 0x00, 0x00, 0x00, 0x00, 0x00, 0x00, 0x00, 0x00, 0x00, 0x00, 0x00, 0x00, 0x00, 0x00,
    0x00, 0x00, 0x00, 0x00, 0x00, 0x00, 0x00, 0x00, 0x00, 0x00, 0x00, 0x00, 0x00, 0x00, 0x00, 0x00,
    0x00, 0x00, 0x00, 0x00, 0x00, 0x00, 0x00, 0x00, 0x00, 0x00, 0x00, 0x00, 0x00, 0x00, 0x00, 0x00,
    0x00, 0x00, 0x00, 0x00, 0x00, 0x00, 0x00, 0x00, 0x00, 0x00, 0x00, 0x00, 0x00, 0x00, 0x00, 0x00,
    0x00, 0x00, 0x00, 0x00, 0x00, 0x00, 0x00, 0x00, 0x00, 0x00, 0x00, 0x00,
};

const lv_image_dsc_t squirtle_large = {
    .header = {
        .magic = LV_IMAGE_HEADER_MAGIC,
        .cf = LV_COLOR_FORMAT_RGB565A8,
        .flags = 0,
        .w = 110,
        .h = 110,
        .stride = 220,
    },
    .data_size = sizeof(squirtle_large_map),
    .data = squirtle_large_map,
};

static LV_ATTRIBUTE_MEM_ALIGN LV_ATTRIBUTE_LARGE_CONST const uint8_t squirtle_small_map[] = {
    0x00, 0x00, 0x00, 0x00, 0x00, 0x00, 0x00, 0x00, 0x00, 0x00, 0x00, 0x00, 0x00, 0x00, 0x00, 0x00,
    0x00, 0x00, 0x00, 0x00, 0x00, 0x00, 0x00, 0x00, 0x00, 0x00, 0x00, 0x00, 0x00, 0x00, 0x00, 0x00,
    0x00, 0x00, 0x00, 0x00, 0x00, 0x00, 0x00, 0x00, 0x00, 0x00, 0x00, 0x00, 0x00, 0x00, 0x00, 0x00,
    0x00, 0x00, 0x00, 0x00, 0x00, 0x00, 0x00, 0x00, 0x00, 0x00, 0x00, 0x00, 0x00, 0x00, 0x00, 0x00,
    0x00, 0x00, 0x00, 0x00, 0x00, 0x00, 0x00, 0x00, 0x00, 0x00, 0x00, 0x00, 0x00, 0x00, 0x00, 0x00,
    0x00, 0x00, 0x00, 0x00, 0x00, 0x00, 0x00, 0x00, 0x00, 0x00, 0x00, 0x00, 0x00, 0x00, 0x00, 0x00,
    0x00, 0x00, 0x00, 0x00, 0x00, 0x00, 0x00, 0x00, 0x00, 0x00, 0x00, 0x00, 0x00, 0x00, 0x00, 0x00,
    0x00, 0x00, 0x00, 0x00, 0x00, 0x00, 0x00, 0x00, 0x00, 0x00, 0x00, 0x00, 0x00, 0x00, 0x00, 0x00,
    0x00, 0x00, 0x00, 0x00, 0x00, 0x00, 0x00, 0x00, 0x00, 0x00, 0x00, 0x00, 0x00, 0x00, 0x00, 0x00,
    0x00, 0x00, 0x00, 0x00, 0x00, 0x00, 0x00, 0x00, 0x00, 0x00, 0x00, 0x00, 0x00, 0x00, 0x00, 0x00,
    0x00, 0x00, 0x00, 0x00, 0x00, 0x00, 0x00, 0x00, 0x00, 0x00, 0x00, 0x00, 0x00, 0x00, 0x00, 0x00,
    0x00, 0x00, 0x00, 0x00, 0x00, 0x00, 0x00, 0x00, 0x00, 0x00, 0x00, 0x00, 0x00, 0x00, 0x00, 0x00,
    0x00, 0x00, 0x00, 0x00, 0x00, 0x00, 0x00, 0x00, 0x00, 0x00, 0x00, 0x00, 0x00, 0x00, 0x00, 0x00,
    0x00, 0x00, 0x00, 0x00, 0x00, 0x00, 0x00, 0x00, 0x00, 0x00, 0x00, 0x00, 0x00, 0x00, 0x00, 0x00,
    0x00, 0x00, 0x00, 0x00, 0x00, 0x00, 0x00, 0x00, 0xEF, 0x03, 0x00, 0x00, 0x00, 0x00, 0x00, 0x00,
    0x00, 0x00, 0x00, 0x00, 0x00, 0x00, 0x00, 0x00, 0x00, 0x00, 0x00, 0x00, 0x00, 0x00, 0x00, 0x00,
    0x00, 0x00, 0x00, 0x00, 0x00, 0x00, 0x00, 0x00, 0x00, 0x00, 0x00, 0x00, 0x00, 0x00, 0x00, 0x00,
    0x00, 0x00, 0x00, 0x00, 0x00, 0x00, 0x00, 0x00, 0x00, 0x00, 0x00, 0x00, 0x00, 0x00, 0x00, 0x00,
    0x00, 0x00, 0x00, 0x00, 0x00, 0x00, 0x00, 0x00, 0x00, 0x00, 0x00, 0x00, 0x00, 0x00, 0x00, 0x00,
    0x00, 0x00, 0x00, 0x00, 0x00, 0x00, 0x00, 0x00, 0x00, 0x00, 0x00, 0x00, 0x00, 0x00, 0x00, 0x00,
    0x00, 0x00, 0x00, 0x00, 0x00, 0x00, 0x00, 0x00, 0x00, 0x00, 0x00, 0x00, 0x00, 0x00, 0x00, 0x00,
    0x00, 0x00, 0x00, 0x00, 0x00, 0x00, 0x00, 0x00, 0x00, 0x00, 0x00, 0x00, 0x00, 0x00, 0x00, 0x00,
    0x00, 0x00, 0x00, 0x00, 0x00, 0x00, 0x00, 0x00, 0x00, 0x00, 0x00, 0x00, 0x00, 0x00, 0x00, 0x00,
    0x00, 0x00, 0x00, 0x00, 0x00, 0x00, 0x00, 0x00, 0x00, 0x00, 0x00, 0x00, 0x00, 0x00, 0x00, 0x00,
    0x00, 0x00, 0xEF, 0x39, 0xFF, 0xAF, 0x00, 0x00, 0x00, 0x00, 0x00, 0x00, 0x00, 0x00, 0x00, 0x00,
    0x00, 0x00, 0xFF, 0xFF, 0xF7, 0x7D, 0xAA, 0x52, 0x00, 0x00, 0x00, 0x00, 0x00, 0x00, 0x00, 0x00,
    0x00, 0x00, 0x00, 0x00, 0x00, 0x00, 0x00, 0x00, 0x00, 0x00, 0x00, 0x00, 0x00, 0x00, 0x00, 0x00,
    0x00, 0x00, 0x00, 0x00, 0x00, 0x00, 0x00, 0x00, 0x00, 0x00, 0x00, 0x00, 0x00, 0x00, 0x00, 0x00,
    0x00, 0x00, 0x00, 0x00, 0x00, 0x00, 0x00, 0x00, 0x00, 0x00, 0x00, 0x00, 0x00, 0x00, 0x00, 0x00,
    0x00, 0x00, 0x00, 0x00, 0x00, 0x00, 0x00, 0x00, 0x00, 0x00, 0x00, 0x00, 0x00, 0x00, 0x00, 0x00,
    0x00, 0x00, 0x00, 0x00, 0x00, 0x00, 0x00, 0x00, 0x00, 0x00, 0x00, 0x00, 0x00, 0x00, 0x00, 0x00,
    0x00, 0x00, 0x00, 0x00, 0x00, 0x00, 0x00, 0x00, 0x00, 0x00, 0x00, 0x00, 0x00, 0x00, 0x00, 0x00,
    0x00, 0x00, 0x00, 0x00, 0x00, 0x00, 0x00, 0x00, 0x00, 0x00, 0x00, 0x00, 0x00, 0x00, 0x00, 0x00,
    0x00, 0x00, 0x00, 0x00, 0x00, 0x00, 0x00, 0x00, 0x00, 0x00, 0x00, 0x00, 0x00, 0x00, 0x00, 0x00,
    0xAA, 0x02, 0xFF, 0xFF, 0x00, 0x00, 0x00, 0x00, 0x00, 0x00, 0x00, 0x00, 0x00, 0x00, 0x00, 0x00,
    0x83, 0x08, 0x00, 0x00, 0x00, 0x00, 0x00, 0x00, 0x00, 0x00, 0x00, 0x00, 0x00, 0x00, 0xE7, 0x39,
    0x00, 0x00, 0x00, 0x00, 0x00, 0x00, 0x00, 0x00, 0x00, 0x00, 0x00, 0x00, 0x00, 0x00, 0x00, 0x00,
    0x00, 0x00, 0x00, 0x00, 0x00, 0x00, 0x00, 0x00, 0x00, 0x00, 0x00, 0x00, 0x00, 0x00, 0x00, 0x00,
    0x00, 0x00, 0x00, 0x00, 0x00, 0x00, 0x00, 0x00, 0x00, 0x00, 0x00, 0x00, 0x00, 0x00, 0x00, 0x00,
    0x00, 0x00, 0x00, 0x00, 0x00, 0x00, 0x00, 0x00, 0x00, 0x00, 0x00, 0x00, 0x00, 0x00, 0x00, 0x00,
    0x00, 0x00, 0x00, 0x00, 0x00, 0x00, 0x00, 0x00, 0x00, 0x00, 0x00, 0x00, 0x00, 0x00, 0x00, 0x00,
    0x00, 0x00, 0x00, 0x00, 0x00, 0x00, 0x00, 0x00, 0x00, 0x00, 0x00, 0x00, 0x00, 0x00, 0x00, 0x00,
    0x00, 0x00, 0x00, 0x00, 0x00, 0x00, 0x00, 0x00, 0x00, 0x00, 0x00, 0x00, 0x00, 0x00, 0x00, 0x00,
    0x00, 0x00, 0x00, 0x00, 0x00, 0x00, 0x00, 0x00, 0x00, 0x00, 0x00, 0x00, 0x00, 0x00, 0x00, 0x00,
    0x00, 0x00, 0xFF, 0xFF, 0x00, 0x00, 0x00, 0x00, 0x00, 0x00, 0x6A, 0x32, 0x8F, 0x4B, 0x93, 0x6C,
    0x56, 0x7D, 0x76, 0x7D, 0xB7, 0x7D, 0x35, 0x75, 0xB4, 0x6C, 0x52, 0x64, 0x6E, 0x4B, 0x25, 0x19,
    0x00, 0x00, 0x00, 0x00, 0x00, 0x00, 0xAA, 0x52, 0x00, 0x00, 0x00, 0x00, 0x00, 0x00, 0x00, 0x00,
    0x00, 0x00, 0x00, 0x00, 0x00, 0x00, 0x00, 0x00, 0x00, 0x00, 0x00, 0x00, 0x00, 0x00, 0x00, 0x00,
    0x00, 0x00, 0x00, 0x00, 0x00, 0x00, 0x00, 0x00, 0x00, 0x00, 0x00, 0x00, 0x00, 0x00, 0x00, 0x00,
    0x00, 0x00, 0x00, 0x00, 0x00, 0x00, 0x00, 0x00, 0x00, 0x00, 0x00, 0x00, 0x00, 0x00, 0x00, 0x00,
    0x00, 0x00, 0x00, 0x00, 0x00, 0x00, 0x00, 0x00, 0x00, 0x00, 0x00, 0x00, 0x00, 0x00, 0x00, 0x00,
    0x00, 0x00, 0x00, 0x00, 0x00, 0x00, 0x00, 0x00, 0x00, 0x00, 0x00, 0x00, 0x00, 0x00, 0x00, 0x00,
    0x00, 0x00, 0x00, 0x00, 0x00, 0x00, 0x00, 0x00, 0x00, 0x00, 0x00, 0x00, 0x00, 0x00, 0x00, 0x00,
    0x00, 0x00, 0x00, 0x00, 0x00, 0x00, 0x00, 0x00, 0x00, 0x00, 0x00, 0x00, 0x00, 0x00, 0x00, 0x00,
    0x00, 0x00, 0xAA, 0x52, 0x00, 0x00, 0x00, 0x00, 0xA3, 0x00, 0x6E, 0x53, 0x76, 0x85, 0xBC, 0xAE,
    0x3E, 0xBF, 0x3E, 0xB7, 0xDC, 0x9E, 0xBC, 0x96, 0x9C, 0x96, 0xBC, 0x96, 0xBC, 0x9E, 0xBC, 0x9E,
    0x9C, 0x9E, 0xB8, 0x85, 0x11, 0x5C, 0x66, 0x21, 0x00, 0x00, 0x00, 0x00, 0x55, 0x55, 0x00, 0x00,
    0x00, 0x00, 0x00, 0x00, 0x00, 0x00, 0x00, 0x00, 0x00, 0x00, 0x00, 0x00, 0x00, 0x00, 0x00, 0x00,
    0x00, 0x00, 0x00, 0x00, 0x00, 0x00, 0x00, 0x00, 0x00, 0x00, 0x00, 0x00, 0x00, 0x00, 0x00, 0x00,
    0x00, 0x00, 0x00, 0x00, 0x00, 0x00, 0x00, 0x00, 0x00, 0x00, 0x00, 0x00, 0x00, 0x00, 0x00, 0x00,
    0x00, 0x00, 0x00, 0x00, 0x00, 0x00, 0x00, 0x00, 0x00, 0x00, 0x00, 0x00, 0x00, 0x00, 0x00, 0x00,
    0x00, 0x00, 0x00, 0x00, 0x00, 0x00, 0x00, 0x00, 0x00, 0x00, 0x00, 0x00, 0x00, 0x00, 0x00, 0x00,
    0x00, 0x00, 0x00, 0x00, 0x00, 0x00, 0x00, 0x00, 0x00, 0x00, 0x00, 0x00, 0x00, 0x00, 0x00, 0x00,
    0x00, 0x00, 0x00, 0x00, 0x00, 0x00, 0x00, 0x00, 0x00, 0x00, 0x00, 0x00, 0x00, 0x00, 0x00, 0x00,
    0x00, 0x00, 0x00, 0x00, 0x55, 0xAD, 0x00, 0x00, 0x00, 0x00, 0xCF, 0x5B, 0x39, 0xAE, 0x9F, 0xD7,
    0x5E, 0xC7, 0x1D, 0xBF, 0x1C, 0xBF, 0x9B, 0x9E, 0x5A, 0x8E, 0x5A, 0x8E, 0x3A, 0x8E, 0x3A, 0x8E,
    0x3A, 0x8E, 0x3A, 0x8E, 0x3A, 0x96, 0x5A, 0x96, 0x9C, 0x9E, 0xD8, 0x8D, 0x8F, 0x53, 0x04, 0x19,
    0x00, 0x00, 0xFF, 0xFF, 0x00, 0x00, 0x00, 0x00, 0x00, 0x00, 0x00, 0x00, 0x00, 0x00, 0x00, 0x00,
    0x00, 0x00, 0x00, 0x00, 0x00, 0x00, 0x00, 0x00, 0x00, 0x00, 0x00, 0x00, 0x00, 0x00, 0x00, 0x00,
    0x00, 0x00, 0x00, 0x00, 0x00, 0x00, 0x00, 0x00, 0x00, 0x00, 0x00, 0x00, 0x00, 0x00, 0x00, 0x00,
    0x00, 0x00, 0x00, 0x00, 0x00, 0x00, 0x00, 0x00, 0x00, 0x00, 0x00, 0x00, 0x00, 0x00, 0x00, 0x00,
    0x00, 0x00, 0x00, 0x00, 0x00, 0x00, 0x00, 0x00, 0x00, 0x00, 0x00, 0x00, 0x00, 0x00, 0x00, 0x00,
    0x00, 0x00, 0x00, 0x00, 0x00, 0x00, 0x00, 0x00, 0x00, 0x00, 0x00, 0x00, 0x00, 0x00, 0x00, 0x00,
    0x00, 0x00, 0x00, 0x00, 0x00, 0x00, 0x00, 0x00, 0x00, 0x00, 0x00, 0x00, 0x00, 0x00, 0x00, 0x00,
    0x00, 0x00, 0x00, 0x00, 0x00, 0x00, 0xFF, 0xFF, 0x00, 0x00, 0xC3, 0x10, 0x93, 0x74, 0x9F, 0xD7,
    0x7E, 0xDF, 0x1D, 0xCF, 0xFC, 0xBE, 0xFC, 0xBE, 0x9B, 0xA6, 0x5B, 0x8E, 0x5A, 0x96, 0x3A, 0x96,
    0x3A, 0x96, 0x3A, 0x8E, 0x3A, 0x8E, 0x3A, 0x8E, 0x19, 0x8E, 0x19, 0x8E, 0x19, 0x8E, 0x5A, 0x96,
    0x9C, 0x9E, 0x97, 0x85, 0x0C, 0x43, 0x00, 0x00, 0xFF, 0xAF, 0x00, 0x00, 0x00, 0x00, 0x00, 0x00,
    0x00, 0x00, 0x00, 0x00, 0x00, 0x00, 0x00, 0x00, 0x00, 0x00, 0x00, 0x00, 0x00, 0x00, 0x00, 0x00,
    0x00, 0x00, 0x00, 0x00, 0x00, 0x00, 0x00, 0x00, 0x00, 0x00, 0x00, 0x00, 0x00, 0x00, 0x00, 0x00,
    0x00, 0x00, 0x00, 0x00, 0x00, 0x00, 0x00, 0x00, 0x00, 0x00, 0x00, 0x00, 0x00, 0x00, 0x00, 0x00,
    0x00, 0x00, 0x00, 0x00, 0x00, 0x00, 0x00, 0x00, 0x00, 0x00, 0x00, 0x00, 0x00, 0x00, 0x00, 0x00,
    0x00, 0x00, 0x00, 0x00, 0x00, 0x00, 0x00, 0x00, 0x00, 0x00, 0x00, 0x00, 0x00, 0x00, 0x00, 0x00,
    0x00, 0x00, 0x00, 0x00, 0x00, 0x00, 0x00, 0x00, 0x00, 0x00, 0x00, 0x00, 0x00, 0x00, 0x00, 0x00,
    0x00, 0x00, 0x00, 0x00, 0x00, 0x00, 0x00, 0x00, 0x55, 0x55, 0x00, 0x00, 0x8A, 0x3A, 0x97, 0x85,
    0x1D, 0xBF, 0x1D, 0xCF, 0xFC, 0xC6, 0xFC, 0xBE, 0xDC, 0xB6, 0x7B, 0xA6, 0x3A, 0x8E, 0x3A, 0x96,
    0x3A, 0x96, 0x3A, 0x8E, 0x1A, 0x8E, 0x3A, 0x96, 0x3A, 0x96, 0x19, 0x8E, 0x19, 0x8E, 0x19, 0x8E,
    0x19, 0x8E, 0x19, 0x8E, 0x19, 0x8E, 0x3A, 0x8E, 0x19, 0x8E, 0xAB, 0x3A, 0x00, 0x00, 0xF7, 0x7D,
    0x00, 0x00, 0x00, 0x00, 0x00, 0x00, 0x00, 0x00, 0x00, 0x00, 0x00, 0x00, 0x00, 0x00, 0x00, 0x00,
    0x00, 0x00, 0x00, 0x00, 0x00, 0x00, 0x00, 0x00, 0x00, 0x00, 0x00, 0x00, 0x00, 0x00, 0x00, 0x00,
    0x00, 0x00, 0x00, 0x00, 0x00, 0x00, 0x00, 0x00, 0x00, 0x00, 0x00, 0x00, 0x00, 0x00, 0x00, 0x00,
    0x00, 0x00, 0x00, 0x00, 0x00, 0x00, 0x00, 0x00, 0x00, 0x00, 0x00, 0x00, 0x00, 0x00, 0x00, 0x00,
    0x00, 0x00, 0x00, 0x00, 0x00, 0x00, 0x00, 0x00, 0x00, 0x00, 0x00, 0x00, 0x00, 0x00, 0x00, 0x00,
    0x00, 0x00, 0x00, 0x00, 0x00, 0x00, 0x00, 0x00, 0x00, 0x00, 0x00, 0x00, 0x00, 0x00, 0x00, 0x00,
    0x00, 0x00, 0x00, 0x00, 0x00, 0x00, 0x00, 0x00, 0x00, 0x00, 0x55, 0x55, 0x00, 0x00, 0x29, 0x32,
    0x19, 0x8E, 0x7B, 0x96, 0x5A, 0xA6, 0xBC, 0xB6, 0xBC, 0xB6, 0x9B, 0xA6, 0x5A, 0x96, 0x3A, 0x8E,
    0x3A, 0x96, 0x3A, 0x8E, 0x1A, 0x8E, 0x19, 0x8E, 0x3A, 0x96, 0xF9, 0x8D, 0xF5, 0x74, 0xF8, 0x8D,
    0x7B, 0x96, 0x5A, 0x96, 0x1A, 0x8E, 0xD9, 0x85, 0xF9, 0x85, 0x97, 0x7D, 0x98, 0x7D, 0x97, 0x7D,
    0x49, 0x32, 0x00, 0x00, 0xEF, 0x3B, 0x00, 0x00, 0x00, 0x00, 0x00, 0x00, 0x00, 0x00, 0x00, 0x00,
    0x00, 0x00, 0x00, 0x00, 0x00, 0x00, 0x00, 0x00, 0x00, 0x00, 0x00, 0x00, 0x00, 0x00, 0x00, 0x00,
    0x00, 0x00, 0x00, 0x00, 0x00, 0x00, 0x00, 0x00, 0x00, 0x00, 0x00, 0x00, 0x00, 0x00, 0x00, 0x00,
    0x00, 0x00, 0x00, 0x00, 0x00, 0x00, 0x00, 0x00, 0x00, 0x00, 0x00, 0x00, 0x00, 0x00, 0x00, 0x00,
    0x00, 0x00, 0x00, 0x00, 0x00, 0x00, 0x00, 0x00, 0x00, 0x00, 0x00, 0x00, 0x00, 0x00, 0x00, 0x00,
    0x00, 0x00, 0x00, 0x00, 0x00, 0x00, 0x00, 0x00, 0x00, 0x00, 0x00, 0x00, 0x00, 0x00, 0x00, 0x00,
    0x00, 0x00, 0x00, 0x00, 0x00, 0x00, 0x00, 0x00, 0x00, 0x00, 0x00, 0x00, 0xAA, 0x02, 0x00, 0x00,
    0x66, 0x21, 0x15, 0x75, 0x77, 0x85, 0x56, 0x7D, 0x5B, 0x96, 0x3A, 0x96, 0x3A, 0x96, 0x3A, 0x8E,
    0x3A, 0x8E, 0x3A, 0x8E, 0x1A, 0x8E, 0x19, 0x8E, 0x19, 0x8E, 0x19, 0x8E, 0x5A, 0x96, 0x15, 0x75,
    0xB8, 0x85, 0xF9, 0x8D, 0xF5, 0x74, 0x56, 0x7D, 0x7B, 0x96, 0x98, 0x7D, 0x57, 0x75, 0x77, 0x7D,
    0x57, 0x75, 0xB8, 0x7D, 0x36, 0x75, 0xC7, 0x29, 0x00, 0x00, 0xAA, 0x52, 0x00, 0x00, 0x00, 0x00,
    0x00, 0x00, 0x00, 0x00, 0x00, 0x00, 0x00, 0x00, 0x00, 0x00, 0x00, 0x00, 0x00, 0x00, 0x00, 0x00,
    0x00, 0x00, 0x00, 0x00, 0x00, 0x00, 0x00, 0x00, 0x00, 0x00, 0x00, 0x00, 0x00, 0x00, 0x00, 0x00,
    0x00, 0x00, 0x00, 0x00, 0x00, 0x00, 0x00, 0x00, 0x00, 0x00, 0x00, 0x00, 0x00, 0x00, 0x00, 0x00,
    0x00, 0x00, 0x00, 0x00, 0x00, 0x00, 0x00, 0x00, 0x00, 0x00, 0x00, 0x00, 0x00, 0x00, 0x00, 0x00,
    0x00, 0x00, 0x00, 0x00, 0x00, 0x00, 0x00, 0x00, 0x00, 0x00, 0x00, 0x00, 0x00, 0x00, 0x00, 0x00,
    0x00, 0x00, 0x00, 0x00, 0x00, 0x00, 0x00, 0x00, 0x00, 0x00, 0x00, 0x00, 0x00, 0x00, 0x00, 0x00,
    0xE7, 0x39, 0x00, 0x00, 0x66, 0x19, 0x8F, 0x53, 0x57, 0x7D, 0x1A, 0x8E, 0x3A, 0x96, 0x3A, 0x8E,
    0x3A, 0x8E, 0x3A, 0x96, 0x3A, 0x8E, 0x1A, 0x8E, 0x19, 0x8E, 0x3A, 0x8E, 0x3A, 0x96, 0x3A, 0x8E,
    0x3A, 0x9E, 0xDC, 0xB6, 0x15, 0x7D, 0xD4, 0x8C, 0x9A, 0xD6, 0x72, 0x8C, 0xF0, 0x5B, 0x3A, 0x8E,
    0x57, 0x75, 0x77, 0x75, 0x77, 0x75, 0x77, 0x75, 0xD9, 0x85, 0x52, 0x5C, 0x00, 0x00, 0xFF, 0xFF,
    0x00, 0x00, 0x00, 0x00, 0x00, 0x00, 0x00, 0x00, 0x00, 0x00, 0x00, 0x00, 0x00, 0x00, 0x00, 0x00,
    0x00, 0x00, 0x00, 0x00, 0x00, 0x00, 0x00, 0x00, 0x00, 0x00, 0x00, 0x00, 0x00, 0x00, 0x00, 0x00,
    0x00, 0x00, 0x00, 0x00, 0x00, 0x00, 0x00, 0x00, 0x00, 0x00, 0x00, 0x00, 0x00, 0x00, 0x00, 0x00,
    0x00, 0x00, 0x00, 0x00, 0x00, 0x00, 0x00, 0x00, 0x00, 0x00, 0x00, 0x00, 0x00, 0x00, 0x00, 0x00,
    0x00, 0x00, 0x00, 0x00, 0x00, 0x00, 0x00, 0x00, 0x00, 0x00, 0x00, 0x00, 0x00, 0x00, 0x00, 0x00,
    0x00, 0x00, 0x00, 0x00, 0x00, 0x00, 0x00, 0x00, 0x00, 0x00, 0x00, 0x00, 0x00, 0x00, 0x00, 0x00,
    0x00, 0x00, 0x00, 0x00, 0xFF, 0xFF, 0x00, 0x00, 0xAE, 0x7B, 0xD3, 0x8C, 0xB8, 0x7D, 0x3A, 0x96,
    0x3A, 0x8E, 0x3A, 0x96, 0x3A, 0x8E, 0x3A, 0x8E, 0x3A, 0x8E, 0x3A, 0x8E, 0x3A, 0x96, 0x3A, 0x96,
    0x3A, 0x8E, 0x19, 0x8E, 0xBC, 0xAE, 0x97, 0x8D, 0x08, 0x3A, 0xFF, 0xFF, 0xFF, 0xFF, 0xFF, 0xFF,
    0x66, 0x29, 0x15, 0x75, 0x98, 0x7D, 0x77, 0x75, 0x77, 0x7D, 0x77, 0x75, 0x77, 0x75, 0x1A, 0x86,
    0xEC, 0x3A, 0x00, 0x00, 0xFF, 0xAF, 0x00, 0x00, 0x00, 0x00, 0x00, 0x00, 0x00, 0x00, 0x00, 0x00,
    0x00, 0x00, 0x00, 0x00, 0x00, 0x00, 0x00, 0x00, 0x00, 0x00, 0x00, 0x00, 0x00, 0x00, 0x00, 0x00,
    0x00, 0x00, 0x00, 0x00, 0x00, 0x00, 0x00, 0x00, 0x00, 0x00, 0x00, 0x00, 0x00, 0x00, 0x00, 0x00,
    0x00, 0x00, 0x00, 0x00, 0x00, 0x00, 0x00, 0x00, 0x00, 0x00, 0x00, 0x00, 0x00, 0x00, 0x00, 0x00,
    0x00, 0x00, 0x00, 0x00, 0x00, 0x00, 0x00, 0x00, 0x00, 0x00, 0x00, 0x00, 0x00, 0x00, 0x00, 0x00,
    0x00, 0x00, 0x00, 0x00, 0x00, 0x00, 0x00, 0x00, 0x00, 0x00, 0x00, 0x00, 0x00, 0x00, 0x00, 0x00,
    0x00, 0x00, 0x00, 0x00, 0x00, 0x00, 0x00, 0x00, 0x20, 0x00, 0x00, 0x00, 0x92, 0x94, 0x76, 0x95,
    0xD8, 0x7D, 0x3A, 0x96, 0x1A, 0x8E, 0x1A, 0x8E, 0x1A, 0x8E, 0x19, 0x8E, 0x19, 0x8E, 0x19, 0x8E,
    0x3A, 0x96, 0x3A, 0x96, 0x1A, 0x8E, 0x19, 0x96, 0xBC, 0xA6, 0xE8, 0x29, 0x82, 0x10, 0x7E, 0xEF,
    0xFF, 0xFF, 0x1C, 0xDF, 0xC3, 0x18, 0x31, 0x5C, 0xD9, 0x7D, 0x77, 0x7D, 0x78, 0x75, 0x78, 0x75,
    0x37, 0x6D, 0xD9, 0x7D, 0xB4, 0x64, 0x42, 0x08, 0x00, 0x00, 0x00, 0x00, 0x00, 0x00, 0x00, 0x00,
    0x00, 0x00, 0x00, 0x00, 0x00, 0x00, 0x00, 0x00, 0x00, 0x00, 0x00, 0x00, 0x00, 0x00, 0x00, 0x00,
    0x00, 0x00, 0x00, 0x00, 0x00, 0x00, 0x00, 0x00, 0x00, 0x00, 0x00, 0x00, 0x00, 0x00, 0x00, 0x00,
    0x00, 0x00, 0x00, 0x00, 0x00, 0x00, 0x00, 0x00, 0x00, 0x00, 0x00, 0x00, 0x00, 0x00, 0x00, 0x00,
    0x00, 0x00, 0x00, 0x00, 0x00, 0x00, 0x00, 0x00, 0x00, 0x00, 0x00, 0x00, 0x00, 0x00, 0x00, 0x00,
    0x00, 0x00, 0x00, 0x00, 0x00, 0x00, 0x00, 0x00, 0x00, 0x00, 0x00, 0x00, 0x00, 0x00, 0x00, 0x00,
    0x00, 0x00, 0x00, 0x00, 0x00, 0x00, 0x00, 0x00, 0x00, 0x00, 0xE7, 0x79, 0x00, 0x00, 0x67, 0x51,
    0x4A, 0x62, 0xD4, 0x74, 0x5B, 0x96, 0x19, 0x8E, 0x1A, 0x96, 0x3A, 0x8E, 0x1A, 0x8E, 0x19, 0x8E,
    0x1A, 0x8E, 0x3A, 0x8E, 0x5A, 0x96, 0x5B, 0x96, 0x3A, 0x8E, 0x7B, 0x9E, 0x35, 0x7D, 0x82, 0x18,
    0x00, 0x00, 0x45, 0x21, 0xAF, 0x73, 0xA7, 0x41, 0xA3, 0x20, 0x11, 0x64, 0xB9, 0x7D, 0x98, 0x7D,
    0x57, 0x75, 0x37, 0x6D, 0x37, 0x6D, 0x16, 0x6D, 0x98, 0x7D, 0x8B, 0x3A, 0x00, 0x00, 0xEF, 0x7B,
    0x00, 0x00, 0x00, 0x00, 0x00, 0x00, 0x00, 0x00, 0x00, 0x00, 0x00, 0x00, 0x00, 0x00, 0x00, 0x00,
    0x00, 0x00, 0x00, 0x00, 0x00, 0x00, 0x00, 0x00, 0x00, 0x00, 0x00, 0x00, 0x00, 0x00, 0x00, 0x00,
    0x00, 0x00, 0x00, 0x00, 0x00, 0x00, 0x00, 0x00, 0x00, 0x00, 0x00, 0x00, 0x00, 0x00, 0x00, 0x00,
    0x00, 0x00, 0x00, 0x00, 0x00, 0x00, 0x00, 0x00, 0x00, 0x00, 0x00, 0x00, 0x00, 0x00, 0x00, 0x00,
    0x00, 0x00, 0x00, 0x00, 0x00, 0x00, 0x00, 0x00, 0x00, 0x00, 0x00, 0x00, 0x00, 0x00, 0x00, 0x00,
    0x00, 0x00, 0x00, 0x00, 0x00, 0x00, 0x00, 0x00, 0x00, 0x00, 0x00, 0x00, 0x00, 0x00, 0xFF, 0xFF,
    0x00, 0x00, 0x2B, 0x7A, 0x62, 0x20, 0xD4, 0x64, 0x7B, 0x96, 0x1A, 0x8E, 0x1A, 0x8E, 0x3A, 0x8E,
    0x1A, 0x8E, 0x19, 0x8E, 0x3A, 0x8E, 0x3A, 0x8E, 0x3A, 0x8E, 0x3A, 0x96, 0x19, 0x8E, 0x9B, 0x9E,
    0xAF, 0x5B, 0x21, 0x10, 0x20, 0x00, 0x00, 0x00, 0x00, 0x00, 0x62, 0x18, 0x45, 0x31, 0xD0, 0x5B,
    0xD9, 0x7D, 0x77, 0x75, 0x16, 0x6D, 0x16, 0x65, 0x37, 0x6D, 0xF6, 0x64, 0x78, 0x75, 0x6F, 0x43,
    0x00, 0x00, 0x00, 0x00, 0x00, 0x00, 0x00, 0x00, 0x00, 0x00, 0x00, 0x00, 0x00, 0x00, 0x00, 0x00,
    0x00, 0x00, 0x00, 0x00, 0x00, 0x00, 0x00, 0x00, 0x00, 0x00, 0x00, 0x00, 0x00, 0x00, 0x00, 0x00,
    0x00, 0x00, 0x00, 0x00, 0x00, 0x00, 0x00, 0x00, 0x00, 0x00, 0x00, 0x00, 0x00, 0x00, 0x00, 0x00,
    0x00, 0x00, 0x00, 0x00, 0x00, 0x00, 0x00, 0x00, 0x00, 0x00, 0x00, 0x00, 0x00, 0x00, 0x00, 0x00,
    0x00, 0x00, 0x00, 0x00, 0x00, 0x00, 0x00, 0x00, 0x00, 0x00, 0x00, 0x00, 0x00, 0x00, 0x00, 0x00,
    0x00, 0x00, 0x00, 0x00, 0x00, 0x00, 0x00, 0x00, 0x00, 0x00, 0x00, 0x00, 0x00, 0x00, 0x00, 0x00,
    0x00, 0x00, 0x00, 0x00, 0x41, 0x08, 0xC9, 0x69, 0xE4, 0x18, 0xF9, 0x85, 0x3A, 0x96, 0x3A, 0x8E,
    0x3A, 0x96, 0x1A, 0x8E, 0x1A, 0x8E, 0x1A, 0x8E, 0x1A, 0x8E, 0x19, 0x8E, 0x1A, 0x8E, 0x1A, 0x96,
    0x19, 0x8E, 0x7B, 0x96, 0x8B, 0x42, 0x21, 0x10, 0x20, 0x00, 0x20, 0x00, 0x62, 0x10, 0x88, 0x69,
    0xED, 0x82, 0x72, 0x6C, 0x98, 0x75, 0x37, 0x6D, 0x16, 0x65, 0x16, 0x65, 0x16, 0x6D, 0x16, 0x65,
    0x37, 0x6D, 0xF1, 0x53, 0x00, 0x00, 0x00, 0x00, 0x00, 0x00, 0x00, 0x00, 0x00, 0x00, 0x00, 0x00,
    0x00, 0x00, 0x00, 0x00, 0x00, 0x00, 0x00, 0x00, 0x00, 0x00, 0x00, 0x00, 0x00, 0x00, 0x00, 0x00,
    0x00, 0x00, 0x00, 0x00, 0x00, 0x00, 0x00, 0x00, 0x00, 0x00, 0x00, 0x00, 0x00, 0x00, 0x00, 0x00,
    0x00, 0x00, 0x00, 0x00, 0x00, 0x00, 0x00, 0x00, 0x00, 0x00, 0x00, 0x00, 0x00, 0x00, 0x00, 0x00,
    0x00, 0x00, 0x00, 0x00, 0x00, 0x00, 0x00, 0x00, 0x00, 0x00, 0x00, 0x00, 0x00, 0x00, 0x00, 0x00,
    0x00, 0x00, 0x00, 0x00, 0x00, 0x00, 0x00, 0x00, 0x00, 0x00, 0x00, 0x00, 0x00, 0x00, 0x00, 0x00,
    0x00, 0x00, 0x00, 0x00, 0x00, 0x00, 0x00, 0x00, 0x45, 0x29, 0xCD, 0x8A, 0x6A, 0x4A, 0x5B, 0x8E,
    0x3A, 0x8E, 0x3A, 0x8E, 0x3A, 0x96, 0x1A, 0x96, 0x1A, 0x8E, 0x3A, 0x8E, 0x1A, 0x8E, 0x1A, 0x8E,
    0x3A, 0x96, 0x3A, 0x96, 0x3A, 0x96, 0x3A, 0x8E, 0x86, 0x29, 0x41, 0x10, 0x00, 0x00, 0x00, 0x00,
    0xE4, 0x30, 0x10, 0xB3, 0x11, 0x9C, 0x73, 0x6C, 0x37, 0x65, 0x36, 0x65, 0x16, 0x65, 0x16, 0x65,
    0x16, 0x65, 0x16, 0x65, 0x37, 0x6D, 0x94, 0x5C, 0xC3, 0x10, 0x00, 0x00, 0xE7, 0x01, 0x00, 0x00,
    0x00, 0x00, 0x00, 0x00, 0x00, 0x00, 0x00, 0x00, 0x00, 0x00, 0x00, 0x00, 0x00, 0x00, 0x00, 0x00,
    0x00, 0x00, 0x00, 0x00, 0x00, 0x00, 0x00, 0x00, 0x00, 0x00, 0x00, 0x00, 0x00, 0x00, 0x00, 0x00,
    0x00, 0x00, 0x00, 0x00, 0x00, 0x00, 0x00, 0x00, 0x00, 0x00, 0x00, 0x00, 0x00, 0x00, 0x00, 0x00,
    0x00, 0x00, 0x00, 0x00, 0x00, 0x00, 0x00, 0x00, 0x00, 0x00, 0x00, 0x00, 0x00, 0x00, 0x00, 0x00,
    0x00, 0x00, 0x00, 0x00, 0x00, 0x00, 0x00, 0x00, 0x00, 0x00, 0x00, 0x00, 0x00, 0x00, 0x00, 0x00,
    0x00, 0x00, 0x00, 0x00, 0x00, 0x00, 0x00, 0x00, 0x00, 0x50, 0x00, 0x00, 0x00, 0x00, 0x8D, 0x92,
    0x11, 0x74, 0x9B, 0x96, 0x1A, 0x8E, 0x3A, 0x8E, 0x3A, 0x8E, 0x1A, 0x96, 0x3A, 0x96, 0x1A, 0x8E,
    0x3A, 0x8E, 0x3A, 0x96, 0x3A, 0x96, 0x3A, 0x96, 0x3A, 0x96, 0x3A, 0x8E, 0xA7, 0x39, 0x26, 0x51,
    0x20, 0x08, 0xC3, 0x20, 0xAD, 0x92, 0x0F, 0xAB, 0xD4, 0xA4, 0xB4, 0x6C, 0x16, 0x65, 0x16, 0x65,
    0x16, 0x65, 0x16, 0x65, 0x16, 0x65, 0x16, 0x65, 0x16, 0x65, 0x16, 0x6D, 0x09, 0x2A, 0x00, 0x00,
    0xEF, 0x39, 0x00, 0x00, 0x00, 0x00, 0x00, 0x00, 0x00, 0x00, 0x00, 0x00, 0x00, 0x00, 0x00, 0x00,
    0x00, 0x00, 0x00, 0x00, 0x00, 0x00, 0x00, 0x00, 0x00, 0x00, 0x00, 0x00, 0x00, 0x00, 0x00, 0x00,
    0x00, 0x00, 0x00, 0x00, 0x00, 0x00, 0x00, 0x00, 0x00, 0x00, 0x00, 0x00, 0x00, 0x00, 0x00, 0x00,
    0x00, 0x00, 0x00, 0x00, 0x00, 0x00, 0x00, 0x00, 0x00, 0x00, 0x00, 0x00, 0x00, 0x00, 0x00, 0x00,
    0x00, 0x00, 0x00, 0x00, 0x00, 0x00, 0x00, 0x00, 0x00, 0x00, 0x00, 0x00, 0x00, 0x00, 0x00, 0x00,
    0x00, 0x00, 0x00, 0x00, 0x00, 0x00, 0x00, 0x00, 0x00, 0x00, 0x00, 0x00, 0xFF, 0xFF, 0x00, 0x00,
    0x6E, 0x4B, 0x8B, 0x62, 0x36, 0x7D, 0x7B, 0x96, 0x1A, 0x8E, 0x1A, 0x8E, 0x3A, 0x96, 0x3A, 0x96,
    0x3A, 0x96, 0x3A, 0x96, 0x3A, 0x96, 0x3A, 0x96, 0x3A, 0x96, 0x3A, 0x8E, 0x5B, 0x96, 0x3A, 0x86,
    0x4B, 0x6A, 0x10, 0xBB, 0x6C, 0x8A, 0x50, 0xA3, 0x54, 0xCC, 0x50, 0x9B, 0x39, 0xC6, 0x94, 0x64,
    0x37, 0x65, 0x16, 0x65, 0x16, 0x65, 0x16, 0x65, 0x16, 0x65, 0xF6, 0x64, 0xF6, 0x64, 0x16, 0x6D,
    0x09, 0x2A, 0x00, 0x00, 0xEF, 0x3B, 0x00, 0x00, 0x00, 0x00, 0x00, 0x00, 0x00, 0x00, 0x00, 0x00,
    0x00, 0x00, 0x00, 0x00, 0x00, 0x00, 0x00, 0x00, 0x00, 0x00, 0x00, 0x00, 0x00, 0x00, 0x00, 0x00,
    0x00, 0x00, 0x00, 0x00, 0x00, 0x00, 0x00, 0x00, 0x00, 0x00, 0x00, 0x00, 0x00, 0x00, 0x00, 0x00,
    0x00, 0x00, 0x00, 0x00, 0x00, 0x00, 0x00, 0x00, 0x00, 0x00, 0x00, 0x00, 0x00, 0x00, 0x00, 0x00,
    0x00, 0x00, 0x00, 0x00, 0x00, 0x00, 0x00, 0x00, 0x00, 0x00, 0x00, 0x00, 0x00, 0x00, 0x00, 0x00,
    0x00, 0x00, 0x00, 0x00, 0x00, 0x00, 0x00, 0x00, 0x00, 0x00, 0x00, 0x00, 0x00, 0x00, 0xEF, 0x3B,
    0x00, 0x00, 0x49, 0x32, 0x5B, 0x96, 0x5A, 0x9E, 0x5A, 0x9E, 0x1A, 0x8E, 0x3A, 0x96, 0x5A, 0x96,
    0x1A, 0x8E, 0x1A, 0x8E, 0x1A, 0x8E, 0x3A, 0x96, 0x3A, 0x96, 0x3A, 0x96, 0x3A, 0x96, 0x5A, 0x96,
    0x5A, 0x96, 0x7B, 0x96, 0x93, 0x6C, 0x0E, 0x7B, 0x0F, 0x93, 0x70, 0xA3, 0xCE, 0x9A, 0x52, 0xA4,
    0x18, 0xB6, 0x94, 0x54, 0x37, 0x6D, 0x16, 0x65, 0x16, 0x65, 0xF6, 0x64, 0xF6, 0x64, 0xF6, 0x64,
    0xF6, 0x64, 0x16, 0x6D, 0x4A, 0x2A, 0x00, 0x00, 0xEF, 0x3B, 0x00, 0x00, 0x00, 0x00, 0x00, 0x00,
    0x00, 0x00, 0x00, 0x00, 0x00, 0x00, 0x00, 0x00, 0x00, 0x00, 0x00, 0x00, 0x00, 0x00, 0x00, 0x00,
    0x00, 0x00, 0x00, 0x00, 0x00, 0x00, 0x00, 0x00, 0x00, 0x00, 0x00, 0x00, 0x00, 0x00, 0x00, 0x00,
    0x00, 0x00, 0x00, 0x00, 0x00, 0x00, 0x00, 0x00, 0x00, 0x00, 0x00, 0x00, 0x00, 0x00, 0x00, 0x00,
    0x00, 0x00, 0x00, 0x00, 0x00, 0x00, 0x00, 0x00, 0x00, 0x00, 0x00, 0x00, 0x00, 0x00, 0x00, 0x00,
    0x00, 0x00, 0x00, 0x00, 0x00, 0x00, 0x00, 0x00, 0x00, 0x00, 0x00, 0x00, 0x00, 0x00, 0x00, 0x00,
    0x00, 0x00, 0xFF, 0xFF, 0x00, 0x00, 0x52, 0x64, 0xDC, 0xA6, 0xF8, 0x9D, 0x3A, 0x96, 0x1A, 0x8E,
    0x19, 0x8E, 0x56, 0x7D, 0x19, 0x8E, 0x1A, 0x8E, 0x3A, 0x8E, 0x3A, 0x96, 0x3A, 0x96, 0x3A, 0x8E,
    0x3A, 0x8E, 0x3A, 0x8E, 0x5B, 0x8E, 0x5B, 0x96, 0x9C, 0x96, 0x5A, 0x86, 0xF9, 0x7D, 0x97, 0x7D,
    0xD5, 0x6C, 0x56, 0x7D, 0x16, 0x6D, 0x16, 0x65, 0x16, 0x65, 0xF6, 0x64, 0xF6, 0x64, 0xF6, 0x64,
    0xF5, 0x64, 0xF5, 0x64, 0xF6, 0x64, 0xD5, 0x64, 0x46, 0x19, 0x00, 0x00, 0xE7, 0x39, 0x00, 0x00,
    0x00, 0x00, 0x00, 0x00, 0x00, 0x00, 0x00, 0x00, 0x00, 0x00, 0x00, 0x00, 0x00, 0x00, 0x00, 0x00,
    0x00, 0x00, 0x00, 0x00, 0x00, 0x00, 0x00, 0x00, 0x00, 0x00, 0x00, 0x00, 0x00, 0x00, 0x00, 0x00,
    0x00, 0x00, 0x00, 0x00, 0x00, 0x00, 0x00, 0x00, 0x00, 0x00, 0x00, 0x00, 0x00, 0x00, 0x00, 0x00,
    0x00, 0x00, 0x00, 0x00, 0x00, 0x00, 0x00, 0x00, 0x00, 0x00, 0x00, 0x00, 0x00, 0x00, 0x00, 0x00,
    0x00, 0x00, 0x00, 0x00, 0x00, 0x00, 0x00, 0x00, 0x00, 0x00, 0x00, 0x00, 0x00, 0x00, 0x00, 0x00,
    0x00, 0x00, 0x00, 0x00, 0x00, 0x00, 0x00, 0x00, 0x00, 0x00, 0xB0, 0x53, 0x97, 0x85, 0x7A, 0xA6,
    0x3A, 0x8E, 0x1A, 0x8E, 0xF9, 0x8D, 0x97, 0x85, 0x7B, 0x96, 0x1A, 0x8E, 0x19, 0x8E, 0x3A, 0x96,
    0x5B, 0x96, 0x7B, 0x96, 0x9C, 0x96, 0x9C, 0x96, 0x7B, 0x96, 0x7B, 0x96, 0x5B, 0x96, 0x5B, 0x96,
    0x7B, 0x96, 0x9C, 0x96, 0xBC, 0x96, 0x3A, 0x8E, 0x77, 0x75, 0xF6, 0x64, 0x16, 0x6D, 0xF6, 0x64,
    0xF5, 0x64, 0xF5, 0x64, 0xF5, 0x64, 0xD5, 0x64, 0x16, 0x6D, 0x53, 0x5C, 0x41, 0x08, 0x00, 0x00,
    0x00, 0x00, 0x00, 0x00, 0x00, 0x00, 0x00, 0x00, 0x00, 0x00, 0x00, 0x00, 0x00, 0x00, 0x00, 0x00,
    0x00, 0x00, 0x00, 0x00, 0x00, 0x00, 0x00, 0x00, 0x00, 0x00, 0x00, 0x00, 0x00, 0x00, 0x00, 0x00,
    0x00, 0x00, 0x00, 0x00, 0x00, 0x00, 0x00, 0x00, 0x00, 0x00, 0x00, 0x00, 0x00, 0x00, 0x00, 0x00,
    0x00, 0x00, 0x00, 0x00, 0x00, 0x00, 0x00, 0x00, 0x00, 0x00, 0x00, 0x00, 0x00, 0x00, 0x00, 0x00,
    0x00, 0x00, 0x00, 0x00, 0x00, 0x00, 0x00, 0x00, 0x00, 0x00, 0x00, 0x00, 0x00, 0x00, 0x00, 0x00,
    0x00, 0x00, 0x00, 0x00, 0x00, 0x00, 0x00, 0x00, 0x00, 0x00, 0xFF, 0x7F, 0x00, 0x00, 0x6B, 0x32,
    0x12, 0x54, 0x52, 0x64, 0x5B, 0x96, 0x5A, 0x96, 0x5A, 0x96, 0xF9, 0x8D, 0xB4, 0x64, 0x6F, 0x4B,
    0xB0, 0x53, 0x11, 0x54, 0x12, 0x5C, 0x53, 0x5C, 0x93, 0x64, 0xD5, 0x6C, 0x36, 0x75, 0x98, 0x7D,
    0xF9, 0x85, 0x1A, 0x86, 0x5B, 0x8E, 0x7B, 0x8E, 0x1A, 0x86, 0x98, 0x75, 0x37, 0x6D, 0x16, 0x6D,
    0x73, 0x5C, 0xB4, 0x64, 0xF5, 0x64, 0xF5, 0x64, 0xF5, 0x64, 0xD5, 0x64, 0x36, 0x6D, 0xB0, 0x4B,
    0x00, 0x00, 0x00, 0x00, 0x00, 0x00, 0x00, 0x00, 0x00, 0x00, 0x00, 0x00, 0x00, 0x00, 0x00, 0x00,
    0x00, 0x00, 0x00, 0x00, 0x00, 0x00, 0x00, 0x00, 0x00, 0x00, 0x00, 0x00, 0x00, 0x00, 0x00, 0x00,
    0x00, 0x00, 0x00, 0x00, 0x00, 0x00, 0x00, 0x00, 0x00, 0x00, 0x00, 0x00, 0x00, 0x00, 0x00, 0x00,
    0x00, 0x00, 0x00, 0x00, 0x00, 0x00, 0x00, 0x00, 0x00, 0x00, 0x00, 0x00, 0x00, 0x00, 0x00, 0x00,
    0x00, 0x00, 0x00, 0x00, 0x00, 0x00, 0x00, 0x00, 0x00, 0x00, 0x00, 0x00, 0x00, 0x00, 0x00, 0x00,
    0x00, 0x00, 0x00, 0x00, 0x00, 0x00, 0x00, 0x00, 0x00, 0x00, 0x00, 0x00, 0x00, 0x00, 0xE7, 0x39,
    0x00, 0x00, 0xC8, 0x21, 0x57, 0x6D, 0x73, 0x5C, 0x52, 0x5C, 0x56, 0x7D, 0x73, 0x64, 0x8F, 0x4B,
    0xF1, 0x53, 0xD5, 0x64, 0xF5, 0x64, 0xB5, 0x64, 0x94, 0x5C, 0x53, 0x54, 0x12, 0x54, 0xF1, 0x4B,
    0xB0, 0x4B, 0xB0, 0x4B, 0xB0, 0x4B, 0xD1, 0x4B, 0x11, 0x54, 0x11, 0x54, 0xD1, 0x4B, 0xF1, 0x53,
    0xF1, 0x53, 0xB0, 0x4B, 0xD0, 0x4B, 0xD5, 0x64, 0xF5, 0x64, 0xF5, 0x64, 0xF5, 0x64, 0xD5, 0x64,
    0x37, 0x6D, 0xCC, 0x3A, 0x00, 0x00, 0xFF, 0xFF, 0x00, 0x00, 0x00, 0x00, 0x00, 0x00, 0x00, 0x00,
    0x00, 0x00, 0x00, 0x00, 0x00, 0x00, 0x00, 0x00, 0x00, 0x00, 0x00, 0x00, 0x00, 0x00, 0x00, 0x00,
    0x00, 0x00, 0x00, 0x00, 0x00, 0x00, 0x00, 0x00, 0x00, 0x00, 0x00, 0x00, 0x00, 0x00, 0x00, 0x00,
    0x00, 0x00, 0x00, 0x00, 0x00, 0x00, 0x00, 0x00, 0x00, 0x00, 0x00, 0x00, 0x00, 0x00, 0x00, 0x00,
    0x00, 0x00, 0x00, 0x00, 0x00, 0x00, 0x00, 0x00, 0x00, 0x00, 0x00, 0x00, 0x00, 0x00, 0x00, 0x00,
    0x00, 0x00, 0x00, 0x00, 0x00, 0x00, 0x00, 0x00, 0x00, 0x00, 0x00, 0x00, 0x00, 0x00, 0x00, 0x00,
    0x00, 0x00, 0x00, 0x00, 0xFF, 0x7F, 0x00, 0x00, 0xCC, 0x3A, 0x78, 0x75, 0x94, 0x5C, 0xD0, 0x4B,
    0x32, 0x54, 0xD5, 0x64, 0x16, 0x6D, 0xF5, 0x64, 0xF5, 0x64, 0xF6, 0x64, 0x16, 0x6D, 0x16, 0x6D,
    0x37, 0x6D, 0x37, 0x6D, 0x37, 0x6D, 0x37, 0x6D, 0x36, 0x65, 0xF6, 0x64, 0xB5, 0x64, 0x73, 0x5C,
    0x32, 0x54, 0x52, 0x5C, 0x53, 0x5C, 0xB5, 0x64, 0x16, 0x6D, 0xF5, 0x64, 0xF5, 0x64, 0xF5, 0x64,
    0xF5, 0x64, 0x37, 0x6D, 0xB4, 0x64, 0xC3, 0x08, 0x00, 0x00, 0xE7, 0x01, 0x00, 0x00, 0x00, 0x00,
    0x00, 0x00, 0x00, 0x00, 0x00, 0x00, 0x00, 0x00, 0x00, 0x00, 0x00, 0x00, 0x00, 0x00, 0x00, 0x00,
    0x00, 0x00, 0x00, 0x00, 0x00, 0x00, 0x00, 0x00, 0x00, 0x00, 0x00, 0x00, 0x00, 0x00, 0x00, 0x00,
    0x00, 0x00, 0x00, 0x00, 0x00, 0x00, 0x00, 0x00, 0x00, 0x00, 0x00, 0x00, 0x00, 0x00, 0x00, 0x00,
    0x00, 0x00, 0x00, 0x00, 0x00, 0x00, 0x00, 0x00, 0x00, 0x00, 0x00, 0x00, 0x00, 0x00, 0x00, 0x00,
    0x00, 0x00, 0x00, 0x00, 0x00, 0x00, 0x00, 0x00, 0x00, 0x00, 0x00, 0x00, 0x00, 0x00, 0x00, 0x00,
    0x00, 0x00, 0x00, 0x00, 0x00, 0x00, 0x00, 0x00, 0x00, 0x00, 0x00, 0x00, 0x00, 0x00, 0xB0, 0x4B,
    0x77, 0x6D, 0x16, 0x6D, 0x16, 0x6D, 0xF5, 0x64, 0xD5, 0x64, 0xF5, 0x64, 0xF5, 0x64, 0xF5, 0x64,
    0xF5, 0x64, 0xF5, 0x64, 0xF6, 0x64, 0x16, 0x65, 0x16, 0x65, 0x16, 0x65, 0x16, 0x65, 0x16, 0x65,
    0xF6, 0x64, 0x16, 0x6D, 0x16, 0x6D, 0x16, 0x6D, 0x16, 0x6D, 0xF6, 0x64, 0xF5, 0x64, 0xF6, 0x64,
    0xF6, 0x64, 0xF6, 0x64, 0xF6, 0x64, 0x78, 0x6D, 0xAC, 0x32, 0x00, 0x00, 0x00, 0x00, 0x00, 0x00,
    0x00, 0x00, 0x00, 0x00, 0x00, 0x00, 0x00, 0x00, 0x00, 0x00, 0x00, 0x00, 0x00, 0x00, 0x00, 0x00,
    0x00, 0x00, 0x00, 0x00, 0x00, 0x00, 0x00, 0x00, 0x00, 0x00, 0x00, 0x00, 0x00, 0x00, 0x00, 0x00,
    0x00, 0x00, 0x00, 0x00, 0x00, 0x00, 0x00, 0x00, 0x00, 0x00, 0x00, 0x00, 0x00, 0x00, 0x00, 0x00,
    0x00, 0x00, 0x00, 0x00, 0x00, 0x00, 0x00, 0x00, 0x00, 0x00, 0x00, 0x00, 0x00, 0x00, 0x00, 0x00,
    0x00, 0x00, 0x00, 0x00, 0x00, 0x00, 0x00, 0x00, 0x00, 0x00, 0x00, 0x00, 0x00, 0x00, 0x00, 0x00,
    0x00, 0x00, 0x00, 0x00, 0x00, 0x00, 0x00, 0x00, 0x00, 0x00, 0x00, 0x00, 0x00, 0x00, 0xAA, 0x52,
    0x00, 0x00, 0x66, 0x19, 0x93, 0x64, 0x37, 0x6D, 0xD5, 0x64, 0xF5, 0x64, 0xD5, 0x64, 0xF5, 0x64,
    0xF5, 0x64, 0xF5, 0x64, 0xF5, 0x64, 0xF6, 0x64, 0x16, 0x65, 0x16, 0x65, 0x16, 0x65, 0x16, 0x65,
    0x16, 0x65, 0xF6, 0x64, 0xF6, 0x64, 0xF6, 0x64, 0xF6, 0x64, 0x16, 0x65, 0xF6, 0x64, 0xF6, 0x64,
    0xF6, 0x64, 0xF5, 0x64, 0xF6, 0x64, 0xD5, 0x64, 0x16, 0x6D, 0x73, 0x5C, 0xEB, 0x5A, 0x86, 0x31,
    0x00, 0x00, 0x00, 0x00, 0x00, 0x00, 0x00, 0x00, 0x00, 0x00, 0x00, 0x00, 0x00, 0x00, 0x00, 0x00,
    0x00, 0x00, 0x00, 0x00, 0x00, 0x00, 0x00, 0x00, 0x00, 0x00, 0x00, 0x00, 0x00, 0x00, 0x00, 0x00,
    0x00, 0x00, 0x00, 0x00, 0x00, 0x00, 0x00, 0x00, 0x00, 0x00, 0x00, 0x00, 0x00, 0x00, 0x00, 0x00,
    0x00, 0x00, 0x00, 0x00, 0x00, 0x00, 0x00, 0x00, 0x00, 0x00, 0x00, 0x00, 0x00, 0x00, 0x00, 0x00,
    0x00, 0x00, 0x00, 0x00, 0x00, 0x00, 0x00, 0x00, 0x00, 0x00, 0x00, 0x00, 0x00, 0x00, 0x00, 0x00,
    0x00, 0x00, 0x00, 0x00, 0x00, 0x00, 0x00, 0x00, 0x00, 0x00, 0x00, 0x00, 0x00, 0x00, 0x00, 0x00,
    0x00, 0x00, 0x00, 0x00, 0xEF, 0x39, 0x00, 0x00, 0xE8, 0x29, 0xD5, 0x6C, 0x98, 0x75, 0x36, 0x6D,
    0x36, 0x6D, 0xF5, 0x64, 0xF5, 0x64, 0xF6, 0x64, 0xF5, 0x64, 0xF6, 0x64, 0x16, 0x65, 0xF6, 0x64,
    0xF6, 0x64, 0x16, 0x65, 0x16, 0x65, 0x16, 0x65, 0x16, 0x65, 0x36, 0x65, 0x16, 0x65, 0xF6, 0x64,
    0xF6, 0x64, 0xF5, 0x64, 0xF5, 0x64, 0xF5, 0x64, 0xD5, 0x64, 0x16, 0x6D, 0x94, 0x54, 0x72, 0x7C,
    0xD7, 0xBD, 0x00, 0x00, 0x00, 0x00, 0x00, 0x00, 0x00, 0x00, 0x00, 0x00, 0x00, 0x00, 0x00, 0x00,
    0x00, 0x00, 0x00, 0x00, 0x00, 0x00, 0x00, 0x00, 0x00, 0x00, 0x00, 0x00, 0x00, 0x00, 0x00, 0x00,
    0x00, 0x00, 0x00, 0x00, 0x00, 0x00, 0x00, 0x00, 0x00, 0x00, 0x00, 0x00, 0x00, 0x00, 0x00, 0x00,
    0x00, 0x00, 0x00, 0x00, 0x00, 0x00, 0x00, 0x00, 0x00, 0x00, 0x00, 0x00, 0x00, 0x00, 0x00, 0x00,
    0x00, 0x00, 0x00, 0x00, 0x00, 0x00, 0x00, 0x00, 0x00, 0x00, 0x00, 0x00, 0x00, 0x00, 0x00, 0x00,
    0x00, 0x00, 0x00, 0x00, 0x00, 0x00, 0x00, 0x00, 0x00, 0x00, 0x00, 0x00, 0x00, 0x00, 0x00, 0x00,
    0x00, 0x00, 0x00, 0x00, 0x00, 0x00, 0x00, 0x00, 0x00, 0x00, 0xEF, 0x3B, 0x00, 0x00, 0xA7, 0x21,
    0xD4, 0x6C, 0xF9, 0x85, 0x77, 0x75, 0x36, 0x75, 0xF6, 0x64, 0xF5, 0x64, 0xF6, 0x64, 0x16, 0x65,
    0xF6, 0x64, 0xF5, 0x64, 0xF6, 0x64, 0xF6, 0x64, 0x16, 0x65, 0x16, 0x65, 0x16, 0x65, 0xF6, 0x64,
    0xF6, 0x64, 0xF5, 0x64, 0xF5, 0x64, 0xF5, 0x64, 0xF5, 0x64, 0xD5, 0x64, 0x36, 0x6D, 0x94, 0x5C,
    0x0D, 0x4B, 0xBA, 0xD6, 0xD2, 0x9C, 0x48, 0x5A, 0x00, 0x00, 0x00, 0x00, 0x00, 0x00, 0x00, 0x00,
    0x00, 0x00, 0x00, 0x00, 0x00, 0x00, 0x00, 0x00, 0x00, 0x00, 0x00, 0x00, 0x00, 0x00, 0x00, 0x00,
    0x00, 0x00, 0x00, 0x00, 0x00, 0x00, 0x00, 0x00, 0x00, 0x00, 0x00, 0x00, 0x00, 0x00, 0x00, 0x00,
    0x00, 0x00, 0x00, 0x00, 0x00, 0x00, 0x00, 0x00, 0x00, 0x00, 0x00, 0x00, 0x00, 0x00, 0x00, 0x00,
    0x00, 0x00, 0x00, 0x00, 0x00, 0x00, 0x00, 0x00, 0x00, 0x00, 0x00, 0x00, 0x00, 0x00, 0x00, 0x00,
    0x00, 0x00, 0x00, 0x00, 0x00, 0x00, 0x00, 0x00, 0x00, 0x00, 0x00, 0x00, 0x00, 0x00, 0x00, 0x00,
    0x00, 0x00, 0x00, 0x00, 0x00, 0x00, 0x00, 0x00, 0x00, 0x00, 0x00, 0x00, 0x00, 0x00, 0x00, 0x00,
    0x92, 0x6C, 0x00, 0x00, 0x25, 0x19, 0x11, 0x5C, 0x98, 0x7D, 0xD8, 0x7D, 0x57, 0x75, 0x16, 0x6D,
    0x16, 0x65, 0x16, 0x65, 0xF6, 0x64, 0xF5, 0x64, 0xF5, 0x64, 0xF5, 0x64, 0xF5, 0x64, 0xF5, 0x64,
    0xF5, 0x64, 0xF5, 0x64, 0xF5, 0x64, 0xF5, 0x64, 0xF5, 0x64, 0xF5, 0x64, 0xF5, 0x64, 0x37, 0x6D,
    0x94, 0x5C, 0x2D, 0x53, 0x75, 0xAD, 0x7A, 0xC6, 0x4C, 0x83, 0xB0, 0xC4, 0x07, 0x4A, 0x00, 0x00,
    0xFF, 0xFF, 0x00, 0x00, 0x00, 0x00, 0x00, 0x00, 0x00, 0x00, 0x00, 0x00, 0x00, 0x00, 0x00, 0x00,
    0x00, 0x00, 0x00, 0x00, 0x00, 0x00, 0x00, 0x00, 0x00, 0x00, 0x00, 0x00, 0x00, 0x00, 0x00, 0x00,
    0x00, 0x00, 0x00, 0x00, 0x00, 0x00, 0x00, 0x00, 0x00, 0x00, 0x00, 0x00, 0x00, 0x00, 0x00, 0x00,
    0x00, 0x00, 0x00, 0x00, 0x00, 0x00, 0x00, 0x00, 0x00, 0x00, 0x00, 0x00, 0x00, 0x00, 0x00, 0x00,
    0x00, 0x00, 0x00, 0x00, 0x00, 0x00, 0x00, 0x00, 0x00, 0x00, 0x00, 0x00, 0x00, 0x00, 0x00, 0x00,
    0x00, 0x00, 0x00, 0x00, 0x00, 0x00, 0x00, 0x00, 0x00, 0x00, 0x00, 0x00, 0x00, 0x00, 0xAA, 0x52,
    0x00, 0x00, 0x00, 0x00, 0x00, 0x00, 0x00, 0x00, 0x41, 0x00, 0xE8, 0x21, 0x2D, 0x43, 0x32, 0x54,
    0x37, 0x6D, 0x57, 0x6D, 0x36, 0x6D, 0xF6, 0x64, 0xF5, 0x64, 0xF5, 0x64, 0xF5, 0x64, 0xF5, 0x64,
    0xF5, 0x64, 0xF5, 0x64, 0xF5, 0x64, 0xF5, 0x64, 0xF5, 0x64, 0xD5, 0x64, 0xF5, 0x64, 0x37, 0x6D,
    0x37, 0x6D, 0x32, 0x5C, 0x28, 0x42, 0x55, 0xAD, 0x59, 0xC6, 0x76, 0xA5, 0x88, 0x72, 0xCD, 0xB3,
    0x70, 0xB4, 0xC6, 0x41, 0x00, 0x00, 0xE7, 0x7B, 0x00, 0x00, 0x00, 0x00, 0x00, 0x00, 0x00, 0x00,
    0x00, 0x00, 0x00, 0x00, 0x00, 0x00, 0x00, 0x00, 0x00, 0x00, 0x00, 0x00, 0x00, 0x00, 0x00, 0x00,
    0x00, 0x00, 0x00, 0x00, 0x00, 0x00, 0x00, 0x00, 0x00, 0x00, 0x00, 0x00, 0x00, 0x00, 0x00, 0x00,
    0x00, 0x00, 0x00, 0x00, 0x00, 0x00, 0x00, 0x00, 0x00, 0x00, 0x00, 0x00, 0x00, 0x00, 0x00, 0x00,
    0x00, 0x00, 0x00, 0x00, 0x00, 0x00, 0x00, 0x00, 0x00, 0x00, 0x00, 0x00, 0x00, 0x00, 0x00, 0x00,
    0x00, 0x00, 0x00, 0x00, 0x00, 0x00, 0x00, 0x00, 0x00, 0x00, 0x00, 0x00, 0x00, 0x00, 0x55, 0xAD,
    0x00, 0x00, 0x00, 0x00, 0x00, 0x00, 0x61, 0x08, 0x6A, 0x3A, 0x11, 0x5C, 0x56, 0x7D, 0xD9, 0x7D,
    0xF1, 0x4B, 0x88, 0x5A, 0xCF, 0x63, 0xD1, 0x4B, 0x74, 0x54, 0xF6, 0x64, 0x37, 0x6D, 0x36, 0x6D,
    0x16, 0x6D, 0x16, 0x6D, 0x16, 0x65, 0x16, 0x6D, 0x16, 0x6D, 0x16, 0x6D, 0x36, 0x6D, 0x37, 0x6D,
    0x37, 0x6D, 0x53, 0x54, 0x6A, 0x2A, 0xEC, 0x4A, 0xAF, 0x53, 0xD0, 0x5B, 0xAF, 0x63, 0x51, 0x84,
    0xEA, 0x7A, 0x8B, 0xAB, 0xED, 0xB3, 0x2F, 0xAC, 0x44, 0x29, 0x00, 0x00, 0xAA, 0x52, 0x00, 0x00,
    0x00, 0x00, 0x00, 0x00, 0x00, 0x00, 0x00, 0x00, 0x00, 0x00, 0x00, 0x00, 0x00, 0x00, 0x00, 0x00,
    0x00, 0x00, 0x00, 0x00, 0x00, 0x00, 0x00, 0x00, 0x00, 0x00, 0x00, 0x00, 0x00, 0x00, 0x00, 0x00,
    0x00, 0x00, 0x00, 0x00, 0x00, 0x00, 0x00, 0x00, 0x00, 0x00, 0x00, 0x00, 0x00, 0x00, 0x00, 0x00,
    0x00, 0x00, 0x00, 0x00, 0x00, 0x00, 0x00, 0x00, 0x00, 0x00, 0x00, 0x00, 0x00, 0x00, 0x00, 0x00,
    0x00, 0x00, 0x00, 0x00, 0x00, 0x00, 0x00, 0x00, 0x00, 0x00, 0x00, 0x00, 0x00, 0x00, 0x55, 0x55,
    0x00, 0x00, 0x00, 0x00, 0x00, 0x00, 0x66, 0x19, 0xD0, 0x53, 0x56, 0x7D, 0x5B, 0x96, 0x9B, 0x9E,
    0xBC, 0x9E, 0xF5, 0x6C, 0x0E, 0x84, 0xF4, 0xCD, 0x52, 0xBD, 0x6F, 0x9C, 0xCE, 0x73, 0x8E, 0x63,
    0xAF, 0x53, 0x11, 0x54, 0x53, 0x54, 0x94, 0x5C, 0xB5, 0x5C, 0xB5, 0x5C, 0x94, 0x5C, 0x53, 0x54,
    0x32, 0x54, 0xD0, 0x53, 0x29, 0x2A, 0x11, 0x5C, 0x57, 0x75, 0x78, 0x6D, 0x57, 0x65, 0x37, 0x65,
    0xF5, 0x5C, 0x8F, 0x43, 0xE7, 0x49, 0x6B, 0xA3, 0x8C, 0xA3, 0x4F, 0xBC, 0x6C, 0x83, 0x00, 0x00,
    0x00, 0x00, 0x00, 0x00, 0x00, 0x00, 0x00, 0x00, 0x00, 0x00, 0x00, 0x00, 0x00, 0x00, 0x00, 0x00,
    0x00, 0x00, 0x00, 0x00, 0x00, 0x00, 0x00, 0x00, 0x00, 0x00, 0x00, 0x00, 0x00, 0x00, 0x00, 0x00,
    0x00, 0x00, 0x00, 0x00, 0x00, 0x00, 0x00, 0x00, 0x00, 0x00, 0x00, 0x00, 0x00, 0x00, 0x00, 0x00,
    0x00, 0x00, 0x00, 0x00, 0x00, 0x00, 0x00, 0x00, 0x00, 0x00, 0x00, 0x00, 0x00, 0x00, 0x00, 0x00,
    0x00, 0x00, 0x00, 0x00, 0x00, 0x00, 0x00, 0x00, 0x00, 0x00, 0x00, 0x00, 0x00, 0x00, 0xAA, 0x02,
    0x00, 0x00, 0x00, 0x00, 0x00, 0x00, 0xCC, 0x3A, 0x93, 0x6C, 0x39, 0x96, 0xDC, 0xA6, 0x7B, 0x96,
    0x3A, 0x96, 0x5A, 0x96, 0x98, 0x7D, 0x2F, 0x84, 0x55, 0xDE, 0x93, 0xBD, 0x72, 0xB5, 0xB4, 0xC5,
    0xB3, 0xC5, 0x72, 0xBD, 0x11, 0xAD, 0x8F, 0x9C, 0x6F, 0x94, 0x2F, 0x84, 0xEF, 0x7B, 0xAE, 0x73,
    0xAD, 0x73, 0xCE, 0x7B, 0x6F, 0x9C, 0x89, 0x52, 0x36, 0x75, 0xDD, 0x9E, 0xBC, 0x96, 0x3A, 0x86,
    0x57, 0x6D, 0x16, 0x65, 0x36, 0x65, 0x98, 0x6D, 0x8F, 0x43, 0xA5, 0x49, 0x0A, 0x83, 0x2B, 0x93,
    0xB1, 0xCC, 0x08, 0x52, 0x00, 0x00, 0xFF, 0xFF, 0x00, 0x00, 0x00, 0x00, 0x00, 0x00, 0x00, 0x00,
    0x00, 0x00, 0x00, 0x00, 0x00, 0x00, 0x00, 0x00, 0x00, 0x00, 0x00, 0x00, 0x00, 0x00, 0x00, 0x00,
    0x00, 0x00, 0x00, 0x00, 0x00, 0x00, 0x00, 0x00, 0x00, 0x00, 0x00, 0x00, 0x00, 0x00, 0x00, 0x00,
    0x00, 0x00, 0x00, 0x00, 0x00, 0x00, 0x00, 0x00, 0x00, 0x00, 0x00, 0x00, 0x00, 0x00, 0x00, 0x00,
    0x00, 0x00, 0x00, 0x00, 0x00, 0x00, 0x00, 0x00, 0x00, 0x00, 0x00, 0x00, 0x00, 0x00, 0x00, 0x00,
    0x55, 0xAD, 0x00, 0x00, 0x00, 0x00, 0xA7, 0x29, 0x93, 0x74, 0xDC, 0xB6, 0xFD, 0xB6, 0x9B, 0xA6,
    0x3A, 0x96, 0x3A, 0x8E, 0x3A, 0x96, 0x5B, 0x8E, 0x91, 0x7C, 0x35, 0xDE, 0x76, 0xDE, 0x76, 0xDE,
    0xD4, 0xC5, 0x72, 0xB5, 0x72, 0xB5, 0x73, 0xBD, 0x93, 0xBD, 0x93, 0xBD, 0xB3, 0xC5, 0xB3, 0xC5,
    0x73, 0xBD, 0x53, 0xB5, 0x53, 0xB5, 0xB4, 0xC5, 0x0E, 0x84, 0x57, 0x75, 0xFD, 0xA6, 0x9B, 0xA6,
    0x7B, 0x96, 0x7B, 0x96, 0x19, 0x86, 0x77, 0x6D, 0x36, 0x65, 0x16, 0x65, 0x78, 0x6D, 0x0C, 0x53,
    0x2B, 0x93, 0x89, 0x6A, 0xEA, 0x82, 0x2F, 0xAC, 0x24, 0x29, 0x00, 0x00, 0xAA, 0x52, 0x00, 0x00,
    0x00, 0x00, 0x00, 0x00, 0x00, 0x00, 0x00, 0x00, 0x00, 0x00, 0x00, 0x00, 0x00, 0x00, 0x00, 0x00,
    0x00, 0x00, 0x00, 0x00, 0x00, 0x00, 0x00, 0x00, 0x00, 0x00, 0x00, 0x00, 0x00, 0x00, 0x00, 0x00,
    0x00, 0x00, 0x00, 0x00, 0x00, 0x00, 0x00, 0x00, 0x00, 0x00, 0x00, 0x00, 0x00, 0x00, 0x00, 0x00,
    0x00, 0x00, 0x00, 0x00, 0x00, 0x00, 0x00, 0x00, 0x00, 0x00, 0x00, 0x00, 0xEF, 0x3B, 0xFF, 0xFF,
    0xFF, 0xFF, 0x00, 0x00, 0x00, 0x00, 0xE4, 0x10, 0x11, 0x64, 0x9B, 0xAE, 0x1D, 0xC7, 0xBB, 0xB6,
    0x3A, 0x96, 0x3A, 0x8E, 0x3A, 0x96, 0x3A, 0x8E, 0x9C, 0x96, 0xD4, 0x74, 0xB3, 0xCD, 0x97, 0xE6,
    0x97, 0xDE, 0xF9, 0xEE, 0xF8, 0xEE, 0x56, 0xD6, 0x93, 0xBD, 0x52, 0xB5, 0x72, 0xB5, 0x52, 0xB5,
    0x72, 0xB5, 0x72, 0xB5, 0x32, 0xB5, 0x12, 0xAD, 0x73, 0xB5, 0x0E, 0x8C, 0xD0, 0x53, 0x1D, 0xAF,
    0xDC, 0xB6, 0xFC, 0xB6, 0x7B, 0x96, 0x7B, 0x96, 0x3A, 0x86, 0xB8, 0x7D, 0x57, 0x6D, 0xF6, 0x64,
    0x37, 0x6D, 0x32, 0x4C, 0x88, 0x72, 0xED, 0xBB, 0x47, 0x6A, 0x4B, 0x83, 0x2B, 0x7B, 0x00, 0x00,
    0xFF, 0xFF, 0x00, 0x00, 0x00, 0x00, 0x00, 0x00, 0x00, 0x00, 0x00, 0x00, 0x00, 0x00, 0x00, 0x00,
    0x00, 0x00, 0x00, 0x00, 0x00, 0x00, 0x00, 0x00, 0x00, 0x00, 0x00, 0x00, 0x00, 0x00, 0x00, 0x00,
    0x00, 0x00, 0x00, 0x00, 0x00, 0x00, 0x00, 0x00, 0x00, 0x00, 0x00, 0x00, 0x00, 0x00, 0x00, 0x00,
    0x00, 0x00, 0x00, 0x00, 0x00, 0x00, 0x00, 0x00, 0x00, 0x00, 0x00, 0x00, 0x00, 0x00, 0x00, 0x00,
    0x00, 0x00, 0x00, 0x00, 0x00, 0x00, 0x00, 0x00, 0x6A, 0x3A, 0x56, 0x7D, 0xFD, 0xB6, 0xDC, 0xB6,
    0x7B, 0xAE, 0x5A, 0x96, 0x3A, 0x8E, 0x3A, 0x96, 0x3A, 0x96, 0x5A, 0x96, 0xD9, 0x85, 0xCA, 0x52,
    0xF0, 0xAC, 0xF8, 0xE6, 0x39, 0xEF, 0xF8, 0xEE, 0xF8, 0xE6, 0x19, 0xEF, 0x96, 0xDE, 0xB3, 0xC5,
    0x52, 0xB5, 0x52, 0xB5, 0x72, 0xB5, 0x73, 0xBD, 0x72, 0xB5, 0x52, 0xB5, 0x72, 0xBD, 0x2C, 0x5B,
    0x1A, 0x86, 0xDC, 0xB6, 0xFC, 0xBE, 0xDC, 0xB6, 0x5B, 0x96, 0x5B, 0x96, 0x3A, 0x8E, 0xD9, 0x85,
    0x77, 0x75, 0xF6, 0x64, 0xF6, 0x64, 0xF6, 0x64, 0x8A, 0x52, 0x8B, 0xAB, 0xCD, 0xB3, 0xEA, 0x8A,
    0xA9, 0x6A, 0x03, 0x29, 0x00, 0x00, 0x00, 0x00, 0x00, 0x00, 0x00, 0x00, 0x00, 0x00, 0x00, 0x00,
    0x00, 0x00, 0x00, 0x00, 0x00, 0x00, 0x00, 0x00, 0x00, 0x00, 0x00, 0x00, 0x00, 0x00, 0x00, 0x00,
    0x00, 0x00, 0x00, 0x00, 0x00, 0x00, 0x00, 0x00, 0x00, 0x00, 0x00, 0x00, 0x00, 0x00, 0x00, 0x00,
    0x00, 0x00, 0x00, 0x00, 0x00, 0x00, 0x00, 0x00, 0x00, 0x00, 0x00, 0x00, 0x00, 0x00, 0x00, 0x00,
    0xFF, 0xFF, 0x00, 0x00, 0x49, 0x3A, 0x31, 0x64, 0x92, 0x6C, 0x32, 0x64, 0x5A, 0x96, 0x7B, 0x96,
    0x3A, 0x9E, 0x5A, 0x9E, 0x3A, 0x96, 0x3A, 0x8E, 0x3A, 0x8E, 0x3A, 0x8E, 0x3A, 0x8E, 0x5B, 0x96,
    0x51, 0x74, 0x54, 0xDE, 0xB4, 0xBD, 0x33, 0xAD, 0x36, 0xD6, 0x39, 0xEF, 0x5A, 0xF7, 0x39, 0xF7,
    0xF9, 0xEE, 0x76, 0xDE, 0xF4, 0xCD, 0x93, 0xBD, 0x52, 0xB5, 0x72, 0xB5, 0x52, 0xB5, 0xB3, 0xBD,
    0x4E, 0x94, 0x52, 0x64, 0xBC, 0x9E, 0xDC, 0xB6, 0xDC, 0xB6, 0x9B, 0xA6, 0x5A, 0x8E, 0x5A, 0x96,
    0x3A, 0x8E, 0x3A, 0x8E, 0x77, 0x75, 0xF6, 0x64, 0x16, 0x65, 0x57, 0x65, 0x0C, 0x53, 0x6B, 0xA3,
    0x8C, 0xA3, 0xAC, 0xB3, 0x2B, 0x8B, 0x82, 0x18, 0x00, 0x00, 0xE7, 0x39, 0x00, 0x00, 0x00, 0x00,
    0x00, 0x00, 0x00, 0x00, 0x00, 0x00, 0x00, 0x00, 0x00, 0x00, 0x00, 0x00, 0x00, 0x00, 0x00, 0x00,
    0x00, 0x00, 0x00, 0x00, 0x00, 0x00, 0x00, 0x00, 0x00, 0x00, 0x00, 0x00, 0x00, 0x00, 0x00, 0x00,
    0x00, 0x00, 0x00, 0x00, 0x00, 0x00, 0x00, 0x00, 0x00, 0x00, 0x00, 0x00, 0x00, 0x00, 0x00, 0x00,
    0x00, 0x00, 0x00, 0x00, 0x00, 0x00, 0x00, 0x00, 0xB3, 0x7C, 0xFD, 0xA6, 0xB8, 0x7D, 0x5A, 0x8E,
    0xB8, 0x85, 0x97, 0x85, 0x3A, 0x8E, 0x19, 0x8E, 0x3A, 0x96, 0x3A, 0x96, 0x3A, 0x96, 0x1A, 0x8E,
    0x5A, 0x96, 0x77, 0x7D, 0xD0, 0xA4, 0xF7, 0xEE, 0x19, 0xEF, 0xD8, 0xE6, 0x32, 0xAD, 0xD1, 0xA4,
    0x32, 0xAD, 0x36, 0xCE, 0x97, 0xDE, 0x97, 0xDE, 0xD7, 0xEE, 0xB6, 0xE6, 0x55, 0xD6, 0x35, 0xD6,
    0xF4, 0xC5, 0xD4, 0xCD, 0x6D, 0x63, 0xF9, 0x85, 0x5A, 0x96, 0x7B, 0xA6, 0x5B, 0x96, 0x3A, 0x8E,
    0x3A, 0x96, 0x3A, 0x8E, 0x3A, 0x8E, 0x3A, 0x8E, 0x78, 0x75, 0x16, 0x65, 0x16, 0x65, 0x77, 0x6D,
    0x8B, 0x3A, 0xC9, 0x8A, 0xCC, 0xAB, 0x6B, 0xA3, 0x2E, 0xBC, 0x28, 0x5A, 0x00, 0x00, 0x00, 0x00,
    0x00, 0x00, 0x00, 0x00, 0x00, 0x00, 0x00, 0x00, 0x00, 0x00, 0x00, 0x00, 0x00, 0x00, 0x00, 0x00,
    0x00, 0x00, 0x00, 0x00, 0x00, 0x00, 0x00, 0x00, 0x00, 0x00, 0x00, 0x00, 0x00, 0x00, 0x00, 0x00,
    0x00, 0x00, 0x00, 0x00, 0x00, 0x00, 0x00, 0x00, 0x00, 0x00, 0x00, 0x00, 0x00, 0x00, 0x00, 0x00,
    0x00, 0x00, 0x00, 0x00, 0x00, 0x00, 0x00, 0x00, 0xB5, 0x52, 0x00, 0x00, 0xC7, 0x21, 0xB4, 0x64,
    0xD5, 0x64, 0xB4, 0x64, 0x11, 0x5C, 0xF9, 0x8D, 0x1A, 0x8E, 0x1A, 0x96, 0x3A, 0x96, 0x5A, 0x96,
    0x5A, 0x96, 0x3A, 0x8E, 0x7B, 0x96, 0x92, 0x74, 0xF3, 0xD5, 0xD7, 0xE6, 0xF8, 0xE6, 0x19, 0xEF,
    0x5A, 0xF7, 0xD8, 0xE6, 0x16, 0xC6, 0xB4, 0xBD, 0xD1, 0xA4, 0x4F, 0x94, 0x0D, 0x8C, 0x11, 0xAD,
    0x72, 0xBD, 0x92, 0xBD, 0x72, 0xBD, 0x0D, 0x94, 0x11, 0x64, 0x9C, 0x96, 0x1A, 0x8E, 0x3A, 0x8E,
    0x3A, 0x8E, 0x3A, 0x8E, 0x3A, 0x8E, 0x1A, 0x8E, 0x3A, 0x96, 0x3A, 0x8E, 0x77, 0x75, 0x36, 0x6D,
    0x36, 0x75, 0xF5, 0x64, 0x2D, 0x4B, 0xCA, 0x7A, 0xAC, 0xAB, 0x8C, 0xA3, 0xED, 0xB3, 0xEE, 0x9B,
    0x20, 0x00, 0x00, 0x00, 0x00, 0x00, 0x00, 0x00, 0x00, 0x00, 0x00, 0x00, 0x00, 0x00, 0x00, 0x00,
    0x00, 0x00, 0x00, 0x00, 0x00, 0x00, 0x00, 0x00, 0x00, 0x00, 0x00, 0x00, 0x00, 0x00, 0x00, 0x00,
    0x00, 0x00, 0x00, 0x00, 0x00, 0x00, 0x00, 0x00, 0x00, 0x00, 0x00, 0x00, 0x00, 0x00, 0x00, 0x00,
    0x00, 0x00, 0x00, 0x00, 0x00, 0x00, 0x00, 0x00, 0x00, 0x00, 0x00, 0x00, 0x00, 0x00, 0xFF, 0xAF,
    0x00, 0x00, 0x0D, 0x3B, 0x78, 0x75, 0x8F, 0x4B, 0xB7, 0x95, 0xDD, 0xA6, 0x3A, 0x8E, 0x3A, 0x8E,
    0x7B, 0x96, 0x7B, 0x96, 0x7B, 0x96, 0x7B, 0x96, 0xD9, 0x85, 0x4F, 0x84, 0xB6, 0xEE, 0xB7, 0xE6,
    0xF9, 0xEE, 0x19, 0xEF, 0xF8, 0xE6, 0x19, 0xEF, 0x59, 0xF7, 0x39, 0xEF, 0xF8, 0xEE, 0x93, 0xBD,
    0x4B, 0x73, 0xF4, 0xCD, 0x52, 0xB5, 0xF0, 0xAC, 0x31, 0xB5, 0x4B, 0x6B, 0x16, 0x75, 0x7B, 0x96,
    0x3A, 0x96, 0x5B, 0x96, 0x1A, 0x8E, 0x1A, 0x8E, 0x19, 0x8E, 0x19, 0x8E, 0x3A, 0x96, 0xD8, 0x85,
    0x57, 0x75, 0x57, 0x75, 0x77, 0x7D, 0x73, 0x5C, 0xCF, 0x6B, 0x4C, 0x83, 0x6B, 0xA3, 0xCD, 0xAB,
    0x0E, 0xB4, 0xD1, 0xC4, 0xC6, 0x41, 0x00, 0x00, 0x55, 0xAD, 0x00, 0x00, 0x00, 0x00, 0x00, 0x00,
    0x00, 0x00, 0x00, 0x00, 0x00, 0x00, 0x00, 0x00, 0x00, 0x00, 0x00, 0x00, 0x00, 0x00, 0x00, 0x00,
    0x00, 0x00, 0x00, 0x00, 0x00, 0x00, 0x00, 0x00, 0x00, 0x00, 0x00, 0x00, 0x00, 0x00, 0x00, 0x00,
    0x00, 0x00, 0x00, 0x00, 0x00, 0x00, 0x00, 0x00, 0x00, 0x00, 0x00, 0x00, 0x00, 0x00, 0x00, 0x00,
    0xEF, 0x03, 0x00, 0x00, 0x00, 0x00, 0xD0, 0x4B, 0x57, 0x6D, 0xF1, 0x53, 0x6E, 0x53, 0x31, 0x5C,
    0xD8, 0x85, 0x5B, 0x96, 0x5B, 0x96, 0x7B, 0x96, 0x5B, 0x8E, 0x9C, 0x96, 0x15, 0x75, 0xAF, 0xA4,
    0xF7, 0xEE, 0xB8, 0xE6, 0xF9, 0xEE, 0xF9, 0xEE, 0xF9, 0xEE, 0x19, 0xEF, 0x19, 0xEF, 0xB8, 0xDE,
    0x97, 0xE6, 0x93, 0xBD, 0xF0, 0xAC, 0x17, 0xF7, 0xD6, 0xEE, 0xD7, 0xEE, 0xD6, 0xEE, 0x2F, 0x7C,
    0xF9, 0x85, 0x5A, 0x96, 0xF9, 0x8D, 0x56, 0x7D, 0x5A, 0x96, 0x19, 0x8E, 0x19, 0x8E, 0x3A, 0x8E,
    0x19, 0x8E, 0x77, 0x7D, 0x77, 0x75, 0x57, 0x75, 0xB8, 0x7D, 0xD0, 0x53, 0x35, 0xA5, 0xAE, 0x83,
    0x4B, 0xA3, 0x0E, 0xAC, 0x91, 0xBC, 0x12, 0xCD, 0x0B, 0x7B, 0x00, 0x00, 0xFF, 0xFF, 0x00, 0x00,
    0x00, 0x00, 0x00, 0x00, 0x00, 0x00, 0x00, 0x00, 0x00, 0x00, 0x00, 0x00, 0x00, 0x00, 0x00, 0x00,
    0x00, 0x00, 0x00, 0x00, 0x00, 0x00, 0x00, 0x00, 0x00, 0x00, 0x00, 0x00, 0x00, 0x00, 0x00, 0x00,
    0x00, 0x00, 0x00, 0x00, 0x00, 0x00, 0x00, 0x00, 0x00, 0x00, 0x00, 0x00, 0x00, 0x00, 0x00, 0x00,
    0x00, 0x00, 0xAA, 0x52, 0x00, 0x00, 0xA7, 0x31, 0xB3, 0x74, 0x78, 0x75, 0xD5, 0x64, 0x16, 0x65,
    0x94, 0x5C, 0x12, 0x54, 0xF5, 0x6C, 0xD8, 0x85, 0x19, 0x86, 0x5A, 0x8E, 0x5A, 0x8E, 0xBC, 0x96,
    0x52, 0x64, 0xB2, 0xC5, 0xD7, 0xE6, 0xD8, 0xE6, 0x19, 0xEF, 0xF9, 0xEE, 0xF9, 0xEE, 0x19, 0xEF,
    0x19, 0xEF, 0xB8, 0xDE, 0x97, 0xE6, 0x11, 0xAD, 0xF1, 0xAC, 0xD7, 0xEE, 0x75, 0xDE, 0x96, 0xE6,
    0xD3, 0xCD, 0x10, 0x64, 0x9C, 0x9E, 0xB8, 0x85, 0x31, 0x6C, 0xD0, 0x63, 0x97, 0x85, 0x3A, 0x96,
    0x19, 0x8E, 0x19, 0x8E, 0x98, 0x7D, 0x77, 0x75, 0x77, 0x75, 0x77, 0x75, 0x98, 0x75, 0x8F, 0x5B,
    0x39, 0xC6, 0xAE, 0x83, 0x6B, 0xA3, 0x2E, 0xB4, 0xD1, 0xBC, 0x13, 0xCD, 0x8D, 0x8B, 0x00, 0x00,
    0x00, 0x00, 0x00, 0x00, 0x00, 0x00, 0x00, 0x00, 0x00, 0x00, 0x00, 0x00, 0x00, 0x00, 0x00, 0x00,
    0x00, 0x00, 0x00, 0x00, 0x00, 0x00, 0x00, 0x00, 0x00, 0x00, 0x00, 0x00, 0x00, 0x00, 0x00, 0x00,
    0x00, 0x00, 0x00, 0x00, 0x00, 0x00, 0x00, 0x00, 0x00, 0x00, 0x00, 0x00, 0x00, 0x00, 0x00, 0x00,
    0x00, 0x00, 0x00, 0x00, 0x00, 0x00, 0xFF, 0xFF, 0x00, 0x00, 0xCB, 0x42, 0x9B, 0xA6, 0x37, 0x6D,
    0x57, 0x6D, 0x57, 0x6D, 0x57, 0x6D, 0x78, 0x6D, 0x37, 0x6D, 0x37, 0x6D, 0x78, 0x6D, 0x98, 0x75,
    0xB8, 0x75, 0x1A, 0x7E, 0x8A, 0x3A, 0x51, 0xBD, 0xD7, 0xEE, 0xD7, 0xE6, 0x19, 0xEF, 0xF9, 0xEE,
    0xF8, 0xEE, 0x19, 0xEF, 0xF8, 0xEE, 0x96, 0xDE, 0xB6, 0xE6, 0xF1, 0xAC, 0x92, 0xBD, 0xD6, 0xEE,
    0x55, 0xDE, 0xB6, 0xE6, 0x52, 0xBD, 0xD4, 0x74, 0x5A, 0x96, 0xD0, 0x5B, 0xD8, 0x8D, 0xB4, 0x6C,
    0x52, 0x64, 0x7B, 0x96, 0x19, 0x8E, 0xB8, 0x85, 0x57, 0x75, 0x77, 0x75, 0x57, 0x75, 0xB8, 0x7D,
    0x32, 0x5C, 0x51, 0x8C, 0x9A, 0xCE, 0x4C, 0x7B, 0x8C, 0xAB, 0x2F, 0xB4, 0xD1, 0xBC, 0x12, 0xC5,
    0x0F, 0x9C, 0x00, 0x00, 0x00, 0x00, 0x00, 0x00, 0x00, 0x00, 0x00, 0x00, 0x00, 0x00, 0x00, 0x00,
    0x00, 0x00, 0x00, 0x00, 0x00, 0x00, 0x00, 0x00, 0x00, 0x00, 0x00, 0x00, 0x00, 0x00, 0x00, 0x00,
    0x00, 0x00, 0x00, 0x00, 0x00, 0x00, 0x00, 0x00, 0x00, 0x00, 0x00, 0x00, 0x00, 0x00, 0x00, 0x00,
    0x00, 0x00, 0x00, 0x00, 0x00, 0x00, 0x00, 0x00, 0x00, 0x00, 0x00, 0x00, 0x00, 0x00, 0x00, 0x00,
    0x04, 0x11, 0x4A, 0x2A, 0xED, 0x3A, 0x6F, 0x43, 0xD0, 0x4B, 0x11, 0x54, 0x32, 0x54, 0x32, 0x54,
    0x12, 0x54, 0xF1, 0x4B, 0xF1, 0x53, 0x2E, 0x3B, 0x69, 0x4A, 0xD0, 0xA4, 0xB6, 0xEE, 0xB7, 0xE6,
    0xF9, 0xEE, 0xF8, 0xE6, 0xF8, 0xE6, 0xF8, 0xEE, 0xD7, 0xEE, 0x96, 0xE6, 0xD7, 0xEE, 0xF0, 0xAC,
    0xD3, 0xCD, 0xB6, 0xE6, 0x55, 0xDE, 0xD7, 0xEE, 0x4F, 0x94, 0x36, 0x75, 0xF9, 0x8D, 0x77, 0x7D,
    0x57, 0x6D, 0xB4, 0x5C, 0x93, 0x64, 0x5A, 0x96, 0xB8, 0x85, 0x57, 0x75, 0x77, 0x7D, 0x77, 0x7D,
    0x98, 0x7D, 0xF5, 0x6C, 0x8E, 0x63, 0xF8, 0xBD, 0x5A, 0xC6, 0x2C, 0x83, 0xAC, 0xAB, 0x0E, 0xAC,
    0xB1, 0xBC, 0xF2, 0xC4, 0x50, 0xAC, 0x61, 0x10, 0x00, 0x00, 0x00, 0x50, 0x00, 0x00, 0x00, 0x00,
    0x00, 0x00, 0x00, 0x00, 0x00, 0x00, 0x00, 0x00, 0x00, 0x00, 0x00, 0x00, 0x00, 0x00, 0x00, 0x00,
    0x00, 0x00, 0x00, 0x00, 0x00, 0x00, 0x00, 0x00, 0x00, 0x00, 0x00, 0x00, 0x00, 0x00, 0x00, 0x00,
    0x00, 0x00, 0x00, 0x00, 0x00, 0x00, 0x00, 0x00, 0x00, 0x00, 0x00, 0x00, 0x00, 0x00, 0x00, 0x00,
    0x00, 0x00, 0x00, 0x00, 0x00, 0x00, 0x00, 0x00, 0x00, 0x00, 0x00, 0x00, 0x00, 0x00, 0x00, 0x00,
    0x00, 0x00, 0x00, 0x00, 0x00, 0x00, 0x00, 0x00, 0x00, 0x00, 0x00, 0x00, 0x8F, 0x9C, 0xB0, 0xA4,
    0x34, 0xD6, 0xD7, 0xE6, 0xD8, 0xE6, 0xD8, 0xE6, 0xB6, 0xE6, 0xB6, 0xE6, 0x76, 0xDE, 0x55, 0xDE,
    0xD7, 0xEE, 0x8F, 0x9C, 0xB3, 0xC5, 0xB6, 0xE6, 0x96, 0xE6, 0x92, 0xC5, 0x30, 0x6C, 0x5A, 0x96,
    0xF9, 0x8D, 0x57, 0x75, 0xF5, 0x64, 0xF5, 0x64, 0xD8, 0x85, 0xB8, 0x85, 0x11, 0x5C, 0x72, 0x6C,
    0x31, 0x64, 0x36, 0x75, 0xB8, 0x7D, 0x4D, 0x53, 0x75, 0xAD, 0x39, 0xC6, 0xBB, 0xD6, 0x2B, 0x8B,
    0xCC, 0xAB, 0xEE, 0xAB, 0xB1, 0xBC, 0x12, 0xC5, 0x50, 0xA4, 0x61, 0x10, 0x00, 0x00, 0x00, 0x00,
    0x00, 0x00, 0x00, 0x00, 0x00, 0x00, 0x00, 0x00, 0x00, 0x00, 0x00, 0x00, 0x00, 0x00, 0x00, 0x00,
    0x00, 0x00, 0x00, 0x00, 0x00, 0x00, 0x00, 0x00, 0x00, 0x00, 0x00, 0x00, 0x00, 0x00, 0x00, 0x00,
    0x00, 0x00, 0x00, 0x00, 0x00, 0x00, 0x00, 0x00, 0x00, 0x00, 0x00, 0x00, 0x00, 0x00, 0x00, 0x00,
    0x00, 0x00, 0x00, 0x00, 0x00, 0x00, 0x00, 0x00, 0xE7, 0x39, 0xEF, 0x3B, 0xFF, 0xFF, 0xFF, 0xFF,
    0x00, 0x00, 0x00, 0x00, 0x00, 0x00, 0x00, 0x00, 0x00, 0x00, 0x00, 0x00, 0x00, 0x00, 0x83, 0x10,
    0x51, 0xBD, 0x72, 0xBD, 0x51, 0xB5, 0xD7, 0xEE, 0xB8, 0xDE, 0xB8, 0xDE, 0x96, 0xE6, 0x96, 0xE6,
    0x55, 0xDE, 0x75, 0xDE, 0xD6, 0xEE, 0x6F, 0x9C, 0x14, 0xD6, 0xB6, 0xE6, 0x75, 0xDE, 0x70, 0x84,
    0x5B, 0x96, 0xB8, 0x7D, 0xF5, 0x6C, 0xF5, 0x64, 0xF6, 0x64, 0xF5, 0x64, 0x36, 0x6D, 0x57, 0x75,
    0x56, 0x75, 0x5A, 0x9E, 0x52, 0x6C, 0xF5, 0x64, 0xCB, 0x3A, 0x6D, 0x73, 0x18, 0xBE, 0x7A, 0xCE,
    0x59, 0xCE, 0xEA, 0x8A, 0xCD, 0xAB, 0xED, 0xAB, 0x90, 0xBC, 0xF2, 0xC4, 0x0F, 0xA4, 0x61, 0x08,
    0x00, 0x00, 0x00, 0x00, 0x00, 0x00, 0x00, 0x00, 0x00, 0x00, 0x00, 0x00, 0x00, 0x00, 0x00, 0x00,
    0x00, 0x00, 0x00, 0x00, 0x00, 0x00, 0x00, 0x00, 0x00, 0x00, 0x00, 0x00, 0x00, 0x00, 0x00, 0x00,
    0x00, 0x00, 0x00, 0x00, 0x00, 0x00, 0x00, 0x00, 0x00, 0x00, 0x00, 0x00, 0x00, 0x00, 0x00, 0x00,
    0x00, 0x00, 0x00, 0x00, 0x00, 0x00, 0x00, 0x00, 0x00, 0x00, 0x00, 0x00, 0x00, 0x00, 0x00, 0x00,
    0x00, 0x00, 0x00, 0x00, 0x00, 0x00, 0x00, 0x00, 0x00, 0x00, 0x00, 0x00, 0x00, 0x00, 0x00, 0x00,
    0xFF, 0xFF, 0x00, 0x00, 0x11, 0xB5, 0x96, 0xE6, 0xD0, 0xA4, 0xB6, 0xE6, 0x97, 0xDE, 0x96, 0xDE,
    0x96, 0xE6, 0x96, 0xE6, 0x96, 0xE6, 0x96, 0xE6, 0xB6, 0xE6, 0x8F, 0x9C, 0x75, 0xDE, 0xF7, 0xEE,
    0x10, 0xAD, 0x2D, 0x4B, 0x94, 0x64, 0x33, 0x54, 0x16, 0x65, 0x36, 0x6D, 0xF6, 0x6C, 0xF5, 0x64,
    0xD5, 0x64, 0xF5, 0x64, 0x16, 0x6D, 0xF6, 0x64, 0x6F, 0x43, 0xEF, 0x6B, 0xAC, 0x83, 0xF3, 0x94,
    0xB7, 0xB5, 0xFC, 0xDE, 0xF4, 0xA4, 0xE9, 0x8A, 0xCD, 0xAB, 0xCD, 0xAB, 0x90, 0xBC, 0xB1, 0xC4,
    0x8C, 0x93, 0x20, 0x00, 0x00, 0x00, 0x00, 0x00, 0x00, 0x00, 0x00, 0x00, 0x00, 0x00, 0x00, 0x00,
    0x00, 0x00, 0x00, 0x00, 0x00, 0x00, 0x00, 0x00, 0x00, 0x00, 0x00, 0x00, 0x00, 0x00, 0x00, 0x00,
    0x00, 0x00, 0x00, 0x00, 0x00, 0x00, 0x00, 0x00, 0x00, 0x00, 0x00, 0x00, 0x00, 0x00, 0x00, 0x00,
    0x00, 0x00, 0x00, 0x00, 0x00, 0x00, 0x00, 0x00, 0x00, 0x00, 0x00, 0x00, 0x00, 0x00, 0x00, 0x00,
    0x00, 0x00, 0x00, 0x00, 0x00, 0x00, 0x00, 0x00, 0x00, 0x00, 0x00, 0x00, 0x00, 0x00, 0x00, 0x00,
    0x00, 0x00, 0x00, 0x00, 0x00, 0x00, 0x00, 0x00, 0xF0, 0xAC, 0x38, 0xF7, 0xD0, 0xA4, 0x35, 0xD6,
    0xF7, 0xEE, 0xB6, 0xE6, 0xB6, 0xE6, 0x96, 0xE6, 0x96, 0xE6, 0x95, 0xE6, 0x75, 0xDE, 0x8F, 0x9C,
    0xB6, 0xE6, 0x96, 0xE6, 0x35, 0xD6, 0x11, 0xAD, 0x11, 0xAD, 0x4F, 0x94, 0xAF, 0x5B, 0x32, 0x54,
    0xB5, 0x5C, 0x16, 0x65, 0x37, 0x6D, 0x16, 0x65, 0xB5, 0x5C, 0xD0, 0x53, 0xEE, 0x7B, 0x72, 0xBD,
    0x6F, 0x94, 0x55, 0xA5, 0xB7, 0xB5, 0x1C, 0xDF, 0x30, 0x8C, 0x0A, 0x93, 0xAC, 0xAB, 0xCD, 0xAB,
    0x4F, 0xB4, 0x4F, 0xBC, 0xEA, 0x8A, 0x00, 0x00, 0x00, 0x00, 0x00, 0x00, 0x00, 0x00, 0x00, 0x00,
    0x00, 0x00, 0x00, 0x00, 0x00, 0x00, 0xEF, 0x3B, 0xFF, 0xFF, 0x00, 0x00, 0x00, 0x00, 0x00, 0x00,
    0x55, 0xAD, 0xAA, 0x02, 0x00, 0x00, 0x00, 0x00, 0x00, 0x00, 0x00, 0x00, 0x00, 0x00, 0x00, 0x00,
    0x00, 0x00, 0x00, 0x00, 0x00, 0x00, 0x00, 0x00, 0x00, 0x00, 0x00, 0x00, 0x00, 0x00, 0x00, 0x00,
    0x00, 0x00, 0x00, 0x00, 0x00, 0x00, 0x00, 0x00, 0x00, 0x00, 0x00, 0x00, 0x00, 0x00, 0x00, 0x00,
    0x00, 0x00, 0x00, 0x00, 0x00, 0x00, 0x00, 0x00, 0x00, 0x00, 0x00, 0x00, 0xAF, 0xA4, 0x79, 0xFF,
    0x8F, 0x9C, 0xAC, 0x7B, 0x52, 0xB5, 0x93, 0xC5, 0x35, 0xD6, 0xB6, 0xEE, 0xD6, 0xEE, 0xD7, 0xEE,
    0x75, 0xDE, 0xD0, 0xA4, 0xD6, 0xEE, 0x95, 0xE6, 0x76, 0xDE, 0x76, 0xDE, 0x76, 0xDE, 0x96, 0xE6,
    0xF4, 0xD5, 0xB0, 0x9C, 0x0F, 0x7C, 0x4D, 0x53, 0x0D, 0x4B, 0x8E, 0x5B, 0xEE, 0x7B, 0xD0, 0xA4,
    0x93, 0xBD, 0xB3, 0xBD, 0x0E, 0x84, 0x76, 0xAD, 0xB7, 0xB5, 0x1C, 0xE7, 0xAE, 0x7B, 0x0A, 0x8B,
    0xAC, 0xAB, 0xCD, 0xAB, 0xCD, 0xAB, 0xCD, 0xB3, 0x07, 0x62, 0x00, 0x00, 0x00, 0x00, 0x00, 0x00,
    0x00, 0x00, 0x00, 0x00, 0xAA, 0x52, 0x00, 0x00, 0x00, 0x00, 0x00, 0x00, 0x00, 0x00, 0x00, 0x00,
    0x00, 0x00, 0x00, 0x00, 0x00, 0x00, 0x00, 0x00, 0xFF, 0xFF, 0xEF, 0x03, 0x00, 0x00, 0x00, 0x00,
    0x00, 0x00, 0x00, 0x00, 0x00, 0x00, 0x00, 0x00, 0x00, 0x00, 0x00, 0x00, 0x00, 0x00, 0x00, 0x00,
    0x00, 0x00, 0x00, 0x00, 0x00, 0x00, 0x00, 0x00, 0x00, 0x00, 0x00, 0x00, 0x00, 0x00, 0x00, 0x00,
    0x00, 0x00, 0x00, 0x00, 0x00, 0x00, 0x00, 0x00, 0x00, 0x00, 0x00, 0x00, 0xFF, 0xFF, 0x00, 0x00,
    0x2E, 0x94, 0x78, 0xFF, 0x8F, 0x9C, 0x93, 0xBD, 0x73, 0xBD, 0xB0, 0xA4, 0x4E, 0x94, 0x2E, 0x8C,
    0xB0, 0xA4, 0x52, 0xB5, 0x11, 0xAD, 0x8F, 0x9C, 0xB6, 0xE6, 0xB6, 0xE6, 0xB6, 0xE6, 0x76, 0xDE,
    0x76, 0xDE, 0x76, 0xDE, 0x96, 0xDE, 0xB7, 0xE6, 0xD7, 0xEE, 0x2E, 0x94, 0x72, 0xBD, 0x93, 0xC5,
    0x73, 0xB5, 0x93, 0xBD, 0x52, 0xB5, 0x93, 0xBD, 0xEE, 0x83, 0x76, 0xA5, 0xB7, 0xB5, 0x1C, 0xDF,
    0xAE, 0x83, 0x0B, 0x83, 0x8C, 0x9B, 0xAC, 0xAB, 0xAC, 0xAB, 0x8B, 0xA3, 0x03, 0x31, 0x00, 0x00,
    0x00, 0x00, 0x00, 0x00, 0x00, 0x00, 0xFF, 0xFF, 0x00, 0x00, 0x00, 0x00, 0x20, 0x00, 0xC7, 0x29,
    0x0C, 0x43, 0xAF, 0x53, 0xF0, 0x5B, 0x6E, 0x4B, 0x29, 0x32, 0xE4, 0x10, 0x00, 0x00, 0x00, 0x00,
    0xAA, 0x52, 0x00, 0x00, 0x00, 0x00, 0x00, 0x00, 0x00, 0x00, 0x00, 0x00, 0x00, 0x00, 0x00, 0x00,
    0x00, 0x00, 0x00, 0x00, 0x00, 0x00, 0x00, 0x00, 0x00, 0x00, 0x00, 0x00, 0x00, 0x00, 0x00, 0x00,
    0x00, 0x00, 0x00, 0x00, 0x00, 0x00, 0x00, 0x00, 0x00, 0x00, 0x00, 0x00, 0x00, 0x00, 0x00, 0x00,
    0xFF, 0xFF, 0x00, 0x00, 0xAC, 0x83, 0xD7, 0xEE, 0x2E, 0x94, 0x96, 0xE6, 0x96, 0xE6, 0x96, 0xE6,
    0xB6, 0xE6, 0x34, 0xD6, 0xD3, 0xC5, 0x92, 0xBD, 0x2E, 0x8C, 0x0A, 0x63, 0xD0, 0xA4, 0x4F, 0x94,
    0xB0, 0x9C, 0xB0, 0x9C, 0xD1, 0xA4, 0xF1, 0xA4, 0xF1, 0xAC, 0x32, 0xB5, 0x2E, 0x8C, 0x4F, 0x8C,
    0xB7, 0xE6, 0x73, 0xB5, 0x52, 0xB5, 0x72, 0xB5, 0x52, 0xB5, 0xB3, 0xBD, 0xEE, 0x83, 0xF4, 0x9C,
    0xD7, 0xB5, 0xFC, 0xDE, 0xEF, 0x8B, 0x0B, 0x83, 0x6C, 0x93, 0x8C, 0xA3, 0xAC, 0xAB, 0xA9, 0x7A,
    0xC6, 0x51, 0x00, 0x00, 0xFF, 0xFF, 0x00, 0x00, 0xFF, 0xFF, 0x00, 0x00, 0x86, 0x21, 0x31, 0x64,
    0x56, 0x7D, 0x1A, 0x8E, 0x9B, 0x9E, 0x9C, 0x9E, 0x9C, 0x9E, 0x9C, 0x9E, 0x5B, 0x96, 0x16, 0x6D,
    0x6F, 0x43, 0xA3, 0x08, 0x00, 0x00, 0xAA, 0x02, 0x00, 0x00, 0x00, 0x00, 0x00, 0x00, 0x00, 0x00,
    0x00, 0x00, 0x00, 0x00, 0x00, 0x00, 0x00, 0x00, 0x00, 0x00, 0x00, 0x00, 0x00, 0x00, 0x00, 0x00,
    0x00, 0x00, 0x00, 0x00, 0x00, 0x00, 0x00, 0x00, 0x00, 0x00, 0x00, 0x00, 0x00, 0x00, 0x00, 0x00,
    0x00, 0x00, 0x00, 0x00, 0xEF, 0x7B, 0x00, 0x00, 0x47, 0x52, 0x93, 0xC5, 0xD0, 0xA4, 0xB6, 0xE6,
    0x35, 0xD6, 0x55, 0xDE, 0x96, 0xE6, 0x96, 0xE6, 0x96, 0xE6, 0xB7, 0xE6, 0xD4, 0xCD, 0x90, 0x9C,
    0xD7, 0xEE, 0x35, 0xD6, 0x14, 0xD6, 0x93, 0xBD, 0x73, 0xBD, 0x73, 0xBD, 0x52, 0xBD, 0x93, 0xBD,
    0x32, 0xB5, 0xAD, 0x7B, 0xB4, 0xC5, 0x73, 0xB5, 0x72, 0xBD, 0x72, 0xB5, 0x52, 0xB5, 0xB3, 0xBD,
    0x2E, 0x8C, 0x72, 0x8C, 0xD7, 0xB5, 0xBB, 0xCE, 0x71, 0x94, 0xEA, 0x82, 0x6C, 0x8B, 0xAD, 0x9B,
    0xA9, 0x7A, 0x0A, 0x83, 0xE6, 0x49, 0x00, 0x00, 0x86, 0x61, 0x00, 0x00, 0x00, 0x00, 0x6A, 0x32,
    0xB8, 0x85, 0x9C, 0x9E, 0x5A, 0x96, 0x3A, 0x96, 0x19, 0x8E, 0x19, 0x8E, 0x19, 0x8E, 0x19, 0x8E,
    0x3A, 0x96, 0xD9, 0x85, 0x57, 0x6D, 0x12, 0x54, 0x86, 0x19, 0x00, 0x00, 0xEF, 0x7B, 0x00, 0x00,
    0x00, 0x00, 0x00, 0x00, 0x00, 0x00, 0x00, 0x00, 0x00, 0x00, 0x00, 0x00, 0x00, 0x00, 0x00, 0x00,
    0x00, 0x00, 0x00, 0x00, 0x00, 0x00, 0x00, 0x00, 0x00, 0x00, 0x00, 0x00, 0x00, 0x00, 0x00, 0x00,
    0x00, 0x00, 0x00, 0x00, 0x00, 0x00, 0x00, 0x00, 0xAA, 0x52, 0x00, 0x00, 0x86, 0x21, 0x6C, 0x73,
    0xF3, 0xCD, 0x96, 0xE6, 0x55, 0xDE, 0x96, 0xE6, 0x56, 0xDE, 0x35, 0xD6, 0x35, 0xD6, 0x56, 0xDE,
    0x93, 0xBD, 0x8F, 0x9C, 0xD6, 0xEE, 0x75, 0xDE, 0x96, 0xE6, 0x96, 0xE6, 0x76, 0xDE, 0x76, 0xDE,
    0xB6, 0xE6, 0x96, 0xE6, 0xB7, 0xE6, 0xB4, 0xC5, 0xCD, 0x83, 0x73, 0xBD, 0x52, 0xB5, 0x73, 0xB5,
    0x73, 0xB5, 0xB3, 0xC5, 0x11, 0xAD, 0x8E, 0x73, 0x18, 0xBE, 0x59, 0xC6, 0xF3, 0x9C, 0xA9, 0x72,
    0xAD, 0x9B, 0xCA, 0x72, 0xA9, 0x6A, 0x6C, 0x8B, 0xC3, 0x20, 0x00, 0x00, 0xF7, 0xBD, 0x00, 0x00,
    0xEC, 0x42, 0x3A, 0x96, 0x7B, 0x96, 0xF9, 0x8D, 0x19, 0x8E, 0x1A, 0x8E, 0x1A, 0x8E, 0x1A, 0x8E,
    0x3A, 0x96, 0x3A, 0x96, 0x19, 0x8E, 0x77, 0x75, 0xF6, 0x64, 0x78, 0x6D, 0xD1, 0x4B, 0x00, 0x00,
    0xFF, 0xFF, 0x00, 0x00, 0x00, 0x00, 0x00, 0x00, 0x00, 0x00, 0x00, 0x00, 0x00, 0x00, 0x00, 0x00,
    0x00, 0x00, 0x00, 0x00, 0x00, 0x00, 0x00, 0x00, 0x00, 0x00, 0x00, 0x00, 0x00, 0x00, 0x00, 0x00,
    0x00, 0x00, 0x00, 0x00, 0x00, 0x00, 0x00, 0x00, 0x00, 0x00, 0x55, 0x55, 0x00, 0x00, 0x49, 0x32,
    0xF9, 0x8D, 0x0B, 0x5B, 0x95, 0xE6, 0x96, 0xE6, 0x96, 0xE6, 0x56, 0xDE, 0x35, 0xD6, 0x35, 0xD6,
    0x55, 0xDE, 0x96, 0xE6, 0xD3, 0xC5, 0x8F, 0x9C, 0xD6, 0xEE, 0x55, 0xD6, 0x55, 0xDE, 0x55, 0xDE,
    0x55, 0xDE, 0x55, 0xDE, 0x75, 0xDE, 0x55, 0xDE, 0x15, 0xD6, 0xD4, 0xC5, 0x90, 0x94, 0x4F, 0x8C,
    0x93, 0xBD, 0xB0, 0xA4, 0x2F, 0x8C, 0x0F, 0x84, 0x50, 0x84, 0x49, 0x42, 0xD3, 0x94, 0x39, 0xC6,
    0xB7, 0xB5, 0xCA, 0x72, 0xEA, 0x7A, 0x68, 0x62, 0xAD, 0x9B, 0xA9, 0x72, 0x00, 0x00, 0xFF, 0xFF,
    0x00, 0x00, 0x49, 0x32, 0x5A, 0x96, 0x5A, 0x96, 0x19, 0x8E, 0x19, 0x8E, 0x1A, 0x8E, 0x3A, 0x8E,
    0x3A, 0x96, 0x3A, 0x96, 0x1A, 0x8E, 0xD9, 0x85, 0x57, 0x75, 0x16, 0x6D, 0x16, 0x65, 0xF6, 0x64,
    0x57, 0x6D, 0xCC, 0x3A, 0x00, 0x00, 0x55, 0x55, 0x00, 0x00, 0x00, 0x00, 0x00, 0x00, 0x00, 0x00,
    0x00, 0x00, 0x00, 0x00, 0x00, 0x00, 0x00, 0x00, 0x00, 0x00, 0x00, 0x00, 0x00, 0x00, 0x00, 0x00,
    0x00, 0x00, 0x00, 0x00, 0x00, 0x00, 0x00, 0x00, 0x00, 0x00, 0x00, 0x00, 0x00, 0x00, 0x00, 0x00,
    0x82, 0x08, 0x15, 0x7D, 0xFD, 0xA6, 0x52, 0x6C, 0x92, 0xC5, 0xD7, 0xEE, 0x96, 0xE6, 0x96, 0xE6,
    0x76, 0xE6, 0x96, 0xE6, 0x96, 0xE6, 0xB6, 0xE6, 0xD3, 0xC5, 0x90, 0x9C, 0xB6, 0xE6, 0x55, 0xDE,
    0x55, 0xDE, 0x76, 0xDE, 0x75, 0xDE, 0x75, 0xDE, 0x56, 0xDE, 0x35, 0xD6, 0xB4, 0xBD, 0x12, 0xAD,
    0x93, 0xBD, 0xCD, 0x83, 0x4C, 0x63, 0x93, 0x74, 0x56, 0x7D, 0xD8, 0x85, 0xD9, 0x85, 0x98, 0x85,
    0x93, 0x6C, 0x10, 0x74, 0x59, 0xCE, 0xAA, 0x5A, 0x48, 0x62, 0x8D, 0x93, 0xAD, 0x9B, 0xE7, 0x51,
    0x00, 0x00, 0x00, 0x00, 0x86, 0x21, 0x57, 0x75, 0x3A, 0x96, 0x19, 0x8E, 0x3A, 0x96, 0x3A, 0x96,
    0x3A, 0x96, 0x1A, 0x8E, 0xF9, 0x8D, 0xB8, 0x85, 0x77, 0x75, 0x16, 0x6D, 0xF5, 0x64, 0xF5, 0x64,
    0xF5, 0x64, 0xD5, 0x64, 0x37, 0x6D, 0x74, 0x5C, 0xE4, 0x10, 0x00, 0x00, 0xEF, 0x03, 0x00, 0x00,
    0x00, 0x00, 0x00, 0x00, 0x00, 0x00, 0x00, 0x00, 0x00, 0x00, 0x00, 0x00, 0x00, 0x00, 0x00, 0x00,
    0x00, 0x00, 0x00, 0x00, 0x00, 0x00, 0x00, 0x00, 0x00, 0x00, 0x00, 0x00, 0x00, 0x00, 0x00, 0x00,
    0xFF, 0xFF, 0x00, 0x00, 0x4E, 0x5B, 0xFD, 0xB6, 0x7A, 0xA6, 0xF9, 0x8D, 0x2F, 0x84, 0xD6, 0xEE,
    0x55, 0xDE, 0x75, 0xDE, 0x96, 0xE6, 0x96, 0xE6, 0xB6, 0xE6, 0xB6, 0xE6, 0xD4, 0xC5, 0x8F, 0x9C,
    0xB6, 0xE6, 0x55, 0xDE, 0x55, 0xDE, 0x96, 0xE6, 0x75, 0xDE, 0x76, 0xDE, 0x35, 0xD6, 0x94, 0xBD,
    0x32, 0xAD, 0x32, 0xAD, 0x31, 0xB5, 0xEF, 0x73, 0x98, 0x75, 0xBC, 0x96, 0x7B, 0x96, 0x5B, 0x96,
    0x5A, 0x96, 0x5A, 0x96, 0x9C, 0x9E, 0xB8, 0x7D, 0x93, 0x7C, 0xCF, 0x83, 0x0A, 0x83, 0x8C, 0x93,
    0x4C, 0x8B, 0xE3, 0x20, 0x00, 0x00, 0x42, 0x08, 0x32, 0x54, 0x98, 0x7D, 0x57, 0x75, 0x98, 0x7D,
    0x98, 0x7D, 0xB8, 0x7D, 0x78, 0x7D, 0x57, 0x75, 0x77, 0x75, 0x57, 0x6D, 0x36, 0x6D, 0x16, 0x6D,
    0xF5, 0x64, 0xF5, 0x64, 0xF5, 0x64, 0xF6, 0x64, 0x16, 0x65, 0x57, 0x6D, 0x6A, 0x32, 0x00, 0x00,
    0xEF, 0x3B, 0x00, 0x00, 0x00, 0x00, 0x00, 0x00, 0x00, 0x00, 0x00, 0x00, 0x00, 0x00, 0x00, 0x00,
    0x00, 0x00, 0x00, 0x00, 0x00, 0x00, 0x00, 0x00, 0x00, 0x00, 0x00, 0x00, 0x00, 0x00, 0x00, 0x00,
    0x00, 0x00, 0xE7, 0x01, 0x00, 0x00, 0x61, 0x08, 0xD8, 0x9D, 0xFC, 0xBE, 0x7A, 0xAE, 0xBC, 0xA6,
    0x93, 0x6C, 0x31, 0xB5, 0xB7, 0xE6, 0x55, 0xDE, 0x75, 0xE6, 0x75, 0xDE, 0x96, 0xE6, 0xB6, 0xEE,
    0x14, 0xD6, 0x6F, 0x9C, 0xD7, 0xEE, 0x96, 0xE6, 0x75, 0xDE, 0xB6, 0xE6, 0x75, 0xDE, 0x14, 0xD6,
    0x93, 0xBD, 0x32, 0xAD, 0x32, 0xAD, 0x73, 0xBD, 0xEE, 0x7B, 0xF9, 0x85, 0xDC, 0x9E, 0x5B, 0x8E,
    0x5A, 0x96, 0x3A, 0x96, 0x3A, 0x8E, 0x3A, 0x8E, 0x3A, 0x8E, 0x9C, 0x96, 0x57, 0x75, 0x2D, 0x5B,
    0xEA, 0x72, 0xAD, 0x9B, 0x89, 0x6A, 0x61, 0x00, 0x00, 0x00, 0x4E, 0x43, 0x57, 0x6D, 0xD5, 0x64,
    0x16, 0x6D, 0x16, 0x6D, 0x16, 0x65, 0xF6, 0x64, 0x16, 0x65, 0x16, 0x65, 0x12, 0x54, 0x90, 0x4B,
    0xD0, 0x4B, 0x32, 0x54, 0xF5, 0x64, 0xF5, 0x64, 0xF5, 0x64, 0xF5, 0x64, 0xD5, 0x64, 0x37, 0x6D,
    0xED, 0x3A, 0x00, 0x00, 0xFF, 0xFF, 0x00, 0x00, 0x00, 0x00, 0x00, 0x00, 0x00, 0x00, 0x00, 0x00,
    0x00, 0x00, 0x00, 0x00, 0x00, 0x00, 0x00, 0x00, 0x00, 0x00, 0x00, 0x00, 0x00, 0x00, 0x00, 0x00,
    0x00, 0x00, 0x00, 0x00, 0x00, 0x00, 0xFF, 0xFF, 0x00, 0x00, 0x6E, 0x5B, 0x3D, 0xC7, 0x9B, 0xB6,
    0xBB, 0xB6, 0x9B, 0xAE, 0x5A, 0x96, 0xCE, 0x6B, 0xD3, 0xCD, 0x55, 0xD6, 0x75, 0xDE, 0x96, 0xDE,
    0x96, 0xE6, 0xB6, 0xEE, 0x34, 0xD6, 0x6E, 0x94, 0xD6, 0xEE, 0xB6, 0xE6, 0x96, 0xE6, 0x55, 0xD6,
    0xF4, 0xCD, 0x73, 0xBD, 0x52, 0xB5, 0x32, 0xB5, 0xB3, 0xBD, 0x2E, 0x8C, 0x15, 0x75, 0xDC, 0x9E,
    0x3A, 0x8E, 0x3A, 0x8E, 0x3A, 0x96, 0x3A, 0x8E, 0x3A, 0x8E, 0x3A, 0x8E, 0x19, 0x8E, 0x19, 0x8E,
    0x5B, 0x96, 0xB0, 0x4B, 0x07, 0x52, 0xCE, 0x9B, 0xA6, 0x41, 0x00, 0x00, 0x6A, 0x32, 0x57, 0x6D,
    0xF6, 0x64, 0xF6, 0x64, 0xF6, 0x64, 0x16, 0x65, 0xF6, 0x64, 0x37, 0x6D, 0xB5, 0x64, 0x4E, 0x43,
    0xD1, 0x4B, 0x73, 0x5C, 0x94, 0x5C, 0xF1, 0x53, 0xB0, 0x4B, 0xF5, 0x64, 0xF5, 0x64, 0xF5, 0x64,
    0xD5, 0x64, 0x37, 0x6D, 0x2D, 0x43, 0x00, 0x00, 0x00, 0x00, 0x00, 0x00, 0x00, 0x00, 0x00, 0x00,
    0x00, 0x00, 0x00, 0x00, 0x00, 0x00, 0x00, 0x00, 0x00, 0x00, 0x00, 0x00, 0x00, 0x00, 0x00, 0x00,
    0x00, 0x00, 0x00, 0x00, 0x00, 0x00, 0x00, 0x00, 0x00, 0x00, 0x00, 0x00, 0x41, 0x00, 0xB7, 0x9D,
    0x1D, 0xBF, 0xBC, 0xB6, 0xBC, 0xB6, 0x9B, 0xAE, 0x7B, 0x96, 0x77, 0x7D, 0xAD, 0x73, 0xD4, 0xC5,
    0xB3, 0xC5, 0xD4, 0xC5, 0x14, 0xCE, 0x75, 0xDE, 0x55, 0xD6, 0xED, 0x83, 0x75, 0xDE, 0xF4, 0xCD,
    0xB3, 0xBD, 0x72, 0xB5, 0x72, 0xB5, 0x73, 0xBD, 0x72, 0xB5, 0x93, 0xBD, 0x11, 0xB5, 0xCF, 0x63,
    0x7B, 0x96, 0x3A, 0x96, 0x3A, 0x96, 0x3A, 0x8E, 0x3A, 0x8E, 0x1A, 0x8E, 0x3A, 0x8E, 0x3A, 0x8E,
    0x19, 0x8E, 0x19, 0x8E, 0x3A, 0x96, 0x16, 0x6D, 0x69, 0x52, 0x0A, 0x83, 0x00, 0x00, 0xAB, 0x3A,
    0x16, 0x6D, 0x16, 0x65, 0x16, 0x65, 0x16, 0x65, 0x16, 0x65, 0x16, 0x65, 0x16, 0x65, 0xF6, 0x64,
    0x6F, 0x43, 0xD5, 0x64, 0x57, 0x6D, 0x16, 0x6D, 0x16, 0x6D, 0x37, 0x6D, 0x94, 0x5C, 0x94, 0x5C,
    0xF6, 0x64, 0xF5, 0x64, 0xD5, 0x64, 0x37, 0x6D, 0x4E, 0x43, 0x00, 0x00, 0x00, 0x00, 0x00, 0x00,
    0x00, 0x00, 0x00, 0x00, 0x00, 0x00, 0x00, 0x00, 0x00, 0x00, 0x00, 0x00, 0x00, 0x00, 0x00, 0x00,
    0x00, 0x00, 0x00, 0x00, 0x00, 0x00, 0x00, 0x00, 0x00, 0x00, 0x00, 0x00, 0xEF, 0x7B, 0x00, 0x00,
    0x08, 0x32, 0xDC, 0xB6, 0xFC, 0xBE, 0xDC, 0xB6, 0xDC, 0xB6, 0x7B, 0xA6, 0x1A, 0x8E, 0x9B, 0x9E,
    0x93, 0x6C, 0xED, 0x83, 0xB3, 0xBD, 0x93, 0xBD, 0x93, 0xBD, 0x11, 0xAD, 0x4E, 0x94, 0xEA, 0x62,
    0x6F, 0x94, 0x73, 0xBD, 0x93, 0xBD, 0x72, 0xB5, 0x72, 0xB5, 0x73, 0xBD, 0x72, 0xB5, 0xB4, 0xC5,
    0x0E, 0x84, 0x77, 0x7D, 0x7B, 0x96, 0x3A, 0x96, 0x3A, 0x96, 0x3A, 0x8E, 0x3A, 0x8E, 0x3A, 0x96,
    0x3A, 0x8E, 0x3A, 0x8E, 0x5A, 0x8E, 0x5A, 0x96, 0x5A, 0x96, 0x3A, 0x86, 0xEC, 0x42, 0x60, 0x18,
    0x2E, 0x3B, 0x37, 0x6D, 0x36, 0x65, 0x16, 0x65, 0x16, 0x65, 0x16, 0x65, 0x16, 0x65, 0x16, 0x65,
    0x57, 0x6D, 0xF1, 0x4B, 0x73, 0x5C, 0x57, 0x6D, 0xF6, 0x64, 0xF6, 0x64, 0xF6, 0x64, 0xF5, 0x64,
    0x16, 0x65, 0xF6, 0x64, 0xF5, 0x64, 0xF5, 0x64, 0xD5, 0x64, 0x37, 0x6D, 0xED, 0x3A, 0x00, 0x00,
    0xFF, 0xFF, 0x00, 0x00, 0x00, 0x00, 0x00, 0x00, 0x00, 0x00, 0x00, 0x00, 0x00, 0x00, 0x00, 0x00,
    0x00, 0x00, 0x00, 0x00, 0x00, 0x00, 0x00, 0x00, 0x00, 0x00, 0x00, 0x00, 0x00, 0x00, 0x00, 0x00,
    0xFF, 0xFF, 0x00, 0x00, 0x4D, 0x53, 0x5E, 0xC7, 0xDC, 0xB6, 0xFC, 0xBE, 0xBC, 0xAE, 0x3A, 0x96,
    0x3A, 0x96, 0x3A, 0x8E, 0xF9, 0x85, 0xAF, 0x53, 0x4F, 0x94, 0xF0, 0xA4, 0x0E, 0x8C, 0x2E, 0x8C,
    0xF1, 0xA4, 0x93, 0xBD, 0x6F, 0x94, 0x8C, 0x7B, 0xB0, 0x9C, 0x93, 0xBD, 0xB3, 0xBD, 0x93, 0xBD,
    0x93, 0xBD, 0x11, 0xB5, 0x10, 0x6C, 0x7B, 0x96, 0x3A, 0x96, 0x3A, 0x96, 0x3A, 0x96, 0x3A, 0x96,
    0x3A, 0x96, 0x3A, 0x8E, 0x5A, 0x96, 0x5B, 0x8E, 0x7B, 0x96, 0x7B, 0x96, 0x5B, 0x96, 0x3B, 0x8E,
    0xB0, 0x4B, 0x8B, 0x32, 0x98, 0x75, 0x16, 0x65, 0x16, 0x65, 0x16, 0x65, 0x16, 0x65, 0x16, 0x65,
    0x16, 0x65, 0x16, 0x65, 0x37, 0x65, 0x4E, 0x43, 0xF6, 0x64, 0x16, 0x65, 0x16, 0x65, 0xF6, 0x64,
    0xF6, 0x64, 0xF6, 0x64, 0xF6, 0x64, 0xF6, 0x64, 0xF5, 0x64, 0xF5, 0x64, 0xF5, 0x64, 0x57, 0x6D,
    0xAB, 0x32, 0x00, 0x00, 0xEF, 0x3B, 0x00, 0x00, 0x00, 0x00, 0x00, 0x00, 0x00, 0x00, 0x00, 0x00,
    0x00, 0x00, 0x00, 0x00, 0x00, 0x00, 0x00, 0x00, 0x00, 0x00, 0x00, 0x00, 0x00, 0x00, 0x00, 0x00,
    0x00, 0x00, 0x00, 0x00, 0x00, 0x00, 0x00, 0x00, 0xF0, 0x5B, 0x5E, 0xBF, 0xDC, 0xB6, 0xBC, 0xA6,
    0x5B, 0x96, 0x3A, 0x8E, 0x3A, 0x96, 0xF9, 0x8D, 0x57, 0x75, 0x57, 0x6D, 0x2D, 0x43, 0xCC, 0x83,
    0xD4, 0xC5, 0xB3, 0xBD, 0x93, 0xBD, 0x52, 0xB5, 0xB3, 0xC5, 0x32, 0xB5, 0xCD, 0x83, 0x8C, 0x7B,
    0x4F, 0x94, 0xF1, 0xAC, 0xD4, 0xC5, 0x6F, 0x9C, 0x52, 0x64, 0x9C, 0x9E, 0x1A, 0x8E, 0x3A, 0x8E,
    0x3A, 0x8E, 0x1A, 0x8E, 0x19, 0x8E, 0x1A, 0x8E, 0x3A, 0x8E, 0x3A, 0x8E, 0x3A, 0x8E, 0x3A, 0x8E,
    0x3A, 0x96, 0x1A, 0x86, 0x53, 0x5C, 0xB0, 0x4B, 0x57, 0x6D, 0x16, 0x65, 0x16, 0x65, 0x16, 0x65,
    0x16, 0x65, 0x16, 0x65, 0x16, 0x65, 0x16, 0x65, 0x16, 0x65, 0x0D, 0x3B, 0x16, 0x65, 0x16, 0x65,
    0x16, 0x65, 0xF6, 0x64, 0xF6, 0x64, 0xF6, 0x64, 0xF6, 0x64, 0xF6, 0x64, 0xF6, 0x64, 0xF6, 0x64,
    0x16, 0x65, 0x16, 0x6D, 0xC8, 0x21, 0x00, 0x00, 0xE7, 0x39, 0x00, 0x00, 0x00, 0x00, 0x00, 0x00,
    0x00, 0x00, 0x00, 0x00, 0x00, 0x00, 0x00, 0x00, 0x00, 0x00, 0x00, 0x00, 0x00, 0x00, 0x00, 0x00,
    0x00, 0x00, 0x00, 0x00, 0x00, 0x00, 0x00, 0x00, 0x00, 0x00, 0x00, 0x00, 0xF0, 0x5B, 0xFD, 0x9E,
    0x5A, 0x96, 0x5B, 0x8E, 0x5B, 0x96, 0x3A, 0x8E, 0x3A, 0x8E, 0x98, 0x7D, 0x16, 0x6D, 0xF6, 0x64,
    0x36, 0x65, 0xF1, 0x5B, 0x2E, 0x8C, 0x93, 0xC5, 0x93, 0xBD, 0x72, 0xB5, 0x52, 0xB5, 0x73, 0xBD,
    0x93, 0xBD, 0x32, 0xAD, 0x8F, 0x9C, 0xCD, 0x7B, 0xED, 0x83, 0xA9, 0x5A, 0x73, 0x64, 0x9C, 0x9E,
    0x1A, 0x8E, 0x3A, 0x8E, 0x3A, 0x96, 0x5A, 0x9E, 0x3A, 0x96, 0x1A, 0x8E, 0x3A, 0x8E, 0x3A, 0x8E,
    0x3A, 0x8E, 0x3A, 0x96, 0x5A, 0x96, 0x1A, 0x86, 0xD5, 0x64, 0x4F, 0x43, 0x57, 0x6D, 0x16, 0x65,
    0x16, 0x65, 0x16, 0x65, 0x16, 0x65, 0x16, 0x65, 0x16, 0x65, 0x16, 0x65, 0x37, 0x6D, 0x6F, 0x43,
    0xF5, 0x64, 0x16, 0x65, 0xF6, 0x64, 0xF6, 0x64, 0xF6, 0x64, 0xF6, 0x64, 0xF6, 0x64, 0xF6, 0x64,
    0xF6, 0x64, 0xD5, 0x64, 0x37, 0x6D, 0xD0, 0x4B, 0x00, 0x00, 0x00, 0x00, 0x00, 0x00, 0x00, 0x00,
    0x00, 0x00, 0x00, 0x00, 0x00, 0x00, 0x00, 0x00, 0x00, 0x00, 0x00, 0x00, 0x00, 0x00, 0x00, 0x00,
    0x00, 0x00, 0x00, 0x00, 0x00, 0x00, 0x00, 0x00, 0x00, 0x00, 0x00, 0x00, 0x00, 0x00, 0x00, 0x00,
    0x11, 0x5C, 0xDD, 0x9E, 0x5A, 0x8E, 0x5B, 0x96, 0x19, 0x8E, 0xB8, 0x7D, 0x98, 0x7D, 0x37, 0x75,
    0xF6, 0x6C, 0xF6, 0x64, 0xF5, 0x64, 0x17, 0x65, 0x12, 0x54, 0x8D, 0x6B, 0xB0, 0xA4, 0xD4, 0xC5,
    0xD4, 0xC5, 0x93, 0xBD, 0x52, 0xB5, 0x72, 0xB5, 0x93, 0xBD, 0x93, 0xBD, 0x72, 0xB5, 0x0D, 0x8C,
    0x10, 0x64, 0x9B, 0x96, 0x19, 0x8E, 0x1A, 0x8E, 0x7A, 0xA6, 0xBB, 0xB6, 0x7B, 0xA6, 0x3A, 0x8E,
    0x3A, 0x8E, 0x3A, 0x96, 0x3A, 0x96, 0x3A, 0x8E, 0x5B, 0x96, 0xF9, 0x85, 0xF6, 0x64, 0x6F, 0x43,
    0x37, 0x65, 0x16, 0x65, 0x16, 0x65, 0x16, 0x65, 0x16, 0x65, 0x16, 0x65, 0x16, 0x65, 0x16, 0x65,
    0x57, 0x6D, 0xB0, 0x4B, 0x53, 0x5C, 0x37, 0x6D, 0xF5, 0x64, 0xF6, 0x64, 0xF6, 0x64, 0xF6, 0x64,
    0xF6, 0x64, 0xF6, 0x64, 0xF5, 0x64, 0xF6, 0x64, 0x37, 0x6D, 0x09, 0x2A, 0x00, 0x00, 0x55, 0x55,
    0x00, 0x00, 0x00, 0x00, 0x00, 0x00, 0x00, 0x00, 0x00, 0x00, 0x00, 0x00, 0x00, 0x00, 0x00, 0x00,
    0x00, 0x00, 0x00, 0x00, 0x00, 0x00, 0x00, 0x00, 0x00, 0x00, 0x00, 0x00, 0x00, 0x00, 0x00, 0x00,
    0x00, 0x00, 0x41, 0x08, 0xF1, 0x53, 0x5B, 0x8E, 0xF9, 0x85, 0xB8, 0x7D, 0x77, 0x75, 0x77, 0x75,
    0x37, 0x75, 0x16, 0x6D, 0xF6, 0x64, 0xF6, 0x64, 0xF6, 0x64, 0xD5, 0x64, 0x78, 0x75, 0x4A, 0x2A,
    0x40, 0x08, 0xEA, 0x62, 0x2E, 0x8C, 0x11, 0xAD, 0xB3, 0xBD, 0xD4, 0xC5, 0xD4, 0xC5, 0xD4, 0xC5,
    0xB3, 0xC5, 0x72, 0xBD, 0xCA, 0x52, 0xF9, 0x8D, 0x3A, 0x96, 0x19, 0x8E, 0x7B, 0xA6, 0xBB, 0xB6,
    0x9B, 0xB6, 0x3A, 0x96, 0x3A, 0x8E, 0x3A, 0x96, 0x3A, 0x96, 0x3A, 0x8E, 0x5B, 0x96, 0xD9, 0x7D,
    0x16, 0x65, 0x8F, 0x43, 0x37, 0x65, 0x16, 0x65, 0x16, 0x65, 0x16, 0x65, 0x16, 0x65, 0x16, 0x65,
    0x16, 0x65, 0x16, 0x65, 0x16, 0x65, 0xD5, 0x64, 0x6F, 0x43, 0xF6, 0x64, 0x16, 0x6D, 0xD5, 0x64,
    0xF5, 0x64, 0xF5, 0x64, 0xF5, 0x64, 0xF5, 0x64, 0xD5, 0x64, 0x78, 0x75, 0x2E, 0x43, 0x00, 0x00,
    0xFF, 0xFF, 0x00, 0x00, 0x00, 0x00, 0x00, 0x00, 0x00, 0x00, 0x00, 0x00, 0x00, 0x00, 0x00, 0x00,
    0x00, 0x00, 0x00, 0x00, 0x00, 0x00, 0x00, 0x00, 0x00, 0x00, 0x00, 0x00, 0x00, 0x00, 0x00, 0x00,
    0x00, 0x00, 0x00, 0x00, 0xFF, 0xFF, 0x00, 0x00, 0x0D, 0x43, 0xFA, 0x85, 0x77, 0x75, 0x77, 0x75,
    0x57, 0x75, 0x36, 0x6D, 0x16, 0x6D, 0xF6, 0x64, 0xF5, 0x64, 0xF6, 0x64, 0xD5, 0x64, 0x37, 0x6D,
    0xB0, 0x4B, 0x00, 0x00, 0x00, 0x00, 0x00, 0x00, 0x00, 0x00, 0x44, 0x29, 0xC9, 0x5A, 0xC9, 0x62,
    0x2B, 0x6B, 0xEA, 0x62, 0x69, 0x4A, 0xEF, 0x7B, 0x6E, 0x6B, 0x52, 0x64, 0x7B, 0x96, 0x19, 0x8E,
    0x3A, 0x96, 0x9B, 0xAE, 0x7B, 0xAE, 0x3A, 0x96, 0x3A, 0x8E, 0x3A, 0x96, 0x3A, 0x96, 0x5A, 0x96,
    0x1A, 0x8E, 0x78, 0x75, 0x16, 0x65, 0x6F, 0x43, 0x16, 0x65, 0x16, 0x65, 0x16, 0x65, 0x16, 0x65,
    0x16, 0x65, 0x16, 0x65, 0xF6, 0x64, 0xF6, 0x64, 0xF5, 0x64, 0x16, 0x6D, 0x53, 0x5C, 0xCC, 0x3A,
    0x73, 0x5C, 0x37, 0x6D, 0x16, 0x6D, 0xF6, 0x64, 0xF5, 0x64, 0x16, 0x6D, 0x57, 0x6D, 0xB0, 0x4B,
    0x82, 0x08, 0x00, 0x00, 0xEF, 0x03, 0x00, 0x00, 0x00, 0x00, 0x00, 0x00, 0x00, 0x00, 0x00, 0x00,
    0x00, 0x00, 0x00, 0x00, 0x00, 0x00, 0x00, 0x00, 0x00, 0x00, 0x00, 0x00, 0x00, 0x00, 0x00, 0x00,
    0x00, 0x00, 0x00, 0x00, 0x00, 0x00, 0xFF, 0xFF, 0x00, 0x00, 0x25, 0x19, 0x32, 0x5C, 0xB8, 0x7D,
    0x77, 0x75, 0x57, 0x75, 0x36, 0x6D, 0xF6, 0x64, 0xF5, 0x64, 0xF5, 0x64, 0xF5, 0x64, 0xF5, 0x64,
    0xF6, 0x64, 0x16, 0x6D, 0x4A, 0x32, 0x00, 0x00, 0x6D, 0x4B, 0x55, 0xAD, 0x00, 0x00, 0x00, 0x00,
    0x00, 0x00, 0x00, 0x00, 0x00, 0x00, 0x00, 0x00, 0x00, 0x00, 0x4A, 0x42, 0x29, 0x42, 0x86, 0x21,
    0x19, 0x8E, 0x3A, 0x96, 0x19, 0x8E, 0x3A, 0x96, 0x3A, 0x96, 0x1A, 0x8E, 0x1A, 0x8E, 0x3A, 0x8E,
    0x3A, 0x96, 0x3A, 0x8E, 0xB8, 0x7D, 0x37, 0x6D, 0xF6, 0x64, 0xB0, 0x4B, 0x78, 0x6D, 0x37, 0x6D,
    0x16, 0x65, 0xF6, 0x64, 0xF5, 0x64, 0xF5, 0x64, 0xF5, 0x64, 0xF5, 0x64, 0xF5, 0x64, 0xF5, 0x64,
    0x16, 0x6D, 0x94, 0x5C, 0x0D, 0x3B, 0x4E, 0x43, 0x12, 0x54, 0xB4, 0x64, 0x16, 0x65, 0xD5, 0x64,
    0x0D, 0x3B, 0x00, 0x00, 0x00, 0x00, 0x0A, 0x00, 0x00, 0x00, 0x00, 0x00, 0x00, 0x00, 0x00, 0x00,
    0x00, 0x00, 0x00, 0x00, 0x00, 0x00, 0x00, 0x00, 0x00, 0x00, 0x00, 0x00, 0x00, 0x00, 0x00, 0x00,
    0x00, 0x00, 0x00, 0x00, 0x00, 0x00, 0x00, 0x00, 0xEF, 0x7B, 0xE7, 0x39, 0x8A, 0x3A, 0x19, 0x8E,
    0xF9, 0x85, 0x98, 0x7D, 0x57, 0x75, 0x36, 0x6D, 0xF5, 0x6C, 0xF5, 0x64, 0xF5, 0x64, 0xF5, 0x64,
    0xD5, 0x64, 0xD5, 0x64, 0x37, 0x6D, 0x53, 0x5C, 0x41, 0x00, 0x00, 0x00, 0x00, 0x00, 0x00, 0x00,
    0x00, 0x00, 0xAA, 0x52, 0xEF, 0x7B, 0xEF, 0xBB, 0xF5, 0xFF, 0xFF, 0xFF, 0x00, 0x00, 0x00, 0x00,
    0x00, 0x00, 0x00, 0x00, 0x52, 0x64, 0x7B, 0x96, 0xF9, 0x8D, 0xF9, 0x8D, 0x19, 0x8E, 0x1A, 0x8E,
    0x3A, 0x96, 0x3A, 0x96, 0x1A, 0x8E, 0xB8, 0x7D, 0x57, 0x75, 0x16, 0x65, 0x16, 0x6D, 0x6A, 0x32,
    0x6F, 0x43, 0x53, 0x5C, 0xF5, 0x64, 0x57, 0x6D, 0x57, 0x6D, 0x37, 0x6D, 0x16, 0x65, 0xF6, 0x64,
    0xF5, 0x64, 0xF5, 0x64, 0xF5, 0x64, 0x16, 0x6D, 0x37, 0x6D, 0x73, 0x5C, 0xF1, 0x53, 0x4E, 0x43,
    0x29, 0x2A, 0xE3, 0x10, 0x00, 0x00, 0x00, 0x00, 0xAA, 0x02, 0x00, 0x00, 0x00, 0x00, 0x00, 0x00,
    0x00, 0x00, 0x00, 0x00, 0x00, 0x00, 0x00, 0x00, 0x00, 0x00, 0x00, 0x00, 0x00, 0x00, 0x00, 0x00,
    0x00, 0x00, 0x00, 0x00, 0x00, 0x00, 0x00, 0x00, 0x00, 0x00, 0x00, 0x00, 0x00, 0x00, 0x00, 0x00,
    0xAF, 0x53, 0x72, 0x64, 0x93, 0x6C, 0x3A, 0x8E, 0x77, 0x75, 0x36, 0x6D, 0xF5, 0x64, 0xD5, 0x64,
    0xD5, 0x64, 0xF5, 0x64, 0x16, 0x6D, 0x37, 0x6D, 0x37, 0x6D, 0x0D, 0x3B, 0x00, 0x00, 0xFF, 0xFF,
    0x00, 0x00, 0x00, 0x00, 0x00, 0x00, 0x00, 0x00, 0x00, 0x00, 0x00, 0x00, 0x00, 0x00, 0x00, 0x00,
    0x00, 0x00, 0xAA, 0x52, 0x55, 0x7D, 0x00, 0x00, 0xAB, 0x3A, 0xB9, 0x7D, 0xB8, 0x7D, 0x98, 0x7D,
    0x97, 0x7D, 0x98, 0x7D, 0xB8, 0x7D, 0xB8, 0x7D, 0x77, 0x7D, 0x36, 0x6D, 0xF6, 0x64, 0xF6, 0x64,
    0x57, 0x6D, 0xE8, 0x29, 0x00, 0x00, 0x41, 0x00, 0x87, 0x21, 0xCC, 0x3A, 0x4E, 0x43, 0xB0, 0x4B,
    0x73, 0x5C, 0xD5, 0x64, 0xF6, 0x64, 0x16, 0x65, 0xF6, 0x64, 0xD5, 0x64, 0x73, 0x5C, 0x11, 0x54,
    0x2E, 0x43, 0xA7, 0x21, 0x00, 0x00, 0x00, 0x00, 0x00, 0x00, 0x00, 0x00, 0x00, 0x00, 0x00, 0x00,
    0x00, 0x00, 0x00, 0x00, 0x00, 0x00, 0x00, 0x00, 0x00, 0x00, 0x00, 0x00, 0x00, 0x00, 0x00, 0x00,
    0x00, 0x00, 0x00, 0x00, 0x00, 0x00, 0x00, 0x00, 0x00, 0x00, 0x00, 0x00, 0x00, 0x00, 0x00, 0x00,
    0x00, 0x00, 0xEF, 0x7B, 0x00, 0x00, 0x45, 0x19, 0x5A, 0x8E, 0x77, 0x7D, 0x52, 0x5C, 0xB4, 0x6C,
    0x36, 0x6D, 0x36, 0x6D, 0x57, 0x6D, 0x16, 0x65, 0xF1, 0x53, 0x0D, 0x43, 0xC7, 0x21, 0x00, 0x00,
    0x00, 0x00, 0x00, 0x00, 0x00, 0x00, 0x00, 0x00, 0x00, 0x00, 0x00, 0x00, 0x00, 0x00, 0x00, 0x00,
    0x00, 0x00, 0x00, 0x00, 0x00, 0x00, 0x00, 0x00, 0xE7, 0x39, 0x00, 0x00, 0x25, 0x19, 0xB4, 0x64,
    0x16, 0x6D, 0x36, 0x6D, 0x36, 0x6D, 0x16, 0x6D, 0xF6, 0x6C, 0x16, 0x6D, 0x16, 0x6D, 0xF6, 0x64,
    0xF6, 0x64, 0xF6, 0x64, 0x37, 0x6D, 0x4A, 0x2A, 0x00, 0x00, 0x00, 0x00, 0x00, 0x00, 0x00, 0x00,
    0x00, 0x00, 0x00, 0x00, 0xA3, 0x08, 0xA7, 0x21, 0xE8, 0x29, 0x09, 0x2A, 0x09, 0x2A, 0xA7, 0x21,
    0xC3, 0x08, 0x00, 0x00, 0x00, 0x00, 0x00, 0x00, 0x00, 0x00, 0xAA, 0x02, 0x00, 0x00, 0x00, 0x00,
    0x00, 0x00, 0x00, 0x00, 0x00, 0x00, 0x00, 0x00, 0x00, 0x00, 0x00, 0x00, 0x00, 0x00, 0x00, 0x00,
    0x00, 0x00, 0x00, 0x00, 0x00, 0x00, 0x00, 0x00, 0x00, 0x00, 0x00, 0x00, 0x00, 0x00, 0x00, 0x00,
    0x00, 0x00, 0x00, 0x00, 0x00, 0x00, 0x00, 0x00, 0xC3, 0x08, 0xA7, 0x21, 0xB0, 0x53, 0x09, 0x2A,
    0xA7, 0x21, 0x1A, 0x86, 0x77, 0x75, 0x32, 0x54, 0x2D, 0x43, 0xA7, 0x21, 0x00, 0x00, 0x00, 0x00,
    0x00, 0x00, 0x00, 0x00, 0x00, 0x00, 0x00, 0x00, 0x00, 0x00, 0x00, 0x00, 0x00, 0x00, 0x00, 0x00,
    0x00, 0x00, 0x00, 0x00, 0x00, 0x00, 0x00, 0x00, 0x00, 0x00, 0x00, 0x00, 0x00, 0x00, 0x00, 0x00,
    0x00, 0x00, 0x8F, 0x4B, 0x37, 0x6D, 0xD5, 0x64, 0xF5, 0x64, 0xF5, 0x64, 0xF5, 0x64, 0xF6, 0x64,
    0xF6, 0x64, 0xF6, 0x64, 0xF6, 0x64, 0xF6, 0x64, 0x36, 0x6D, 0x4A, 0x32, 0x00, 0x00, 0x49, 0x22,
    0xE7, 0x39, 0x5F, 0x55, 0x00, 0x00, 0x00, 0x00, 0x00, 0x00, 0x00, 0x00, 0x00, 0x00, 0x00, 0x00,
    0x00, 0x00, 0x00, 0x00, 0x00, 0x00, 0x00, 0x00, 0xFF, 0xFF, 0xE7, 0x39, 0x00, 0x00, 0x00, 0x00,
    0x00, 0x00, 0x00, 0x00, 0x00, 0x00, 0x00, 0x00, 0x00, 0x00, 0x00, 0x00, 0x00, 0x00, 0x00, 0x00,
    0x00, 0x00, 0x00, 0x00, 0x00, 0x00, 0x00, 0x00, 0x00, 0x00, 0x00, 0x00, 0x00, 0x00, 0x00, 0x00,
    0x00, 0x00, 0x00, 0x00, 0x00, 0x00, 0x00, 0x00, 0x00, 0x00, 0x00, 0x00, 0x00, 0x00, 0x00, 0x00,
    0x00, 0x00, 0x00, 0x00, 0x29, 0x32, 0x11, 0x5C, 0xE8, 0x29, 0x00, 0x00, 0x00, 0x00, 0x00, 0x00,
    0x00, 0x00, 0x00, 0x00, 0xB5, 0x52, 0x00, 0x00, 0x00, 0x00, 0x00, 0x00, 0x00, 0x00, 0x00, 0x00,
    0x00, 0x00, 0x00, 0x00, 0x00, 0x00, 0x00, 0x00, 0x00, 0x00, 0x00, 0x00, 0x00, 0x00, 0x00, 0x00,
    0x00, 0x00, 0xFF, 0xFF, 0x00, 0x00, 0x0D, 0x3B, 0x57, 0x6D, 0xD5, 0x64, 0xF5, 0x64, 0xF5, 0x64,
    0xF6, 0x64, 0xF6, 0x64, 0xF6, 0x64, 0xF6, 0x64, 0xF6, 0x64, 0xF5, 0x64, 0x16, 0x6D, 0x29, 0x2A,
    0x00, 0x00, 0xEF, 0x3B, 0x00, 0x00, 0x00, 0x00, 0x00, 0x00, 0x00, 0x00, 0xAA, 0x02, 0xE7, 0x39,
    0xEF, 0x3B, 0xEF, 0x3B, 0xEF, 0x39, 0xE7, 0x39, 0xE7, 0x01, 0x00, 0x00, 0x00, 0x00, 0x00, 0x00,
    0x00, 0x00, 0x00, 0x00, 0x00, 0x00, 0x00, 0x00, 0x00, 0x00, 0x00, 0x00, 0x00, 0x00, 0x00, 0x00,
    0x00, 0x00, 0x00, 0x00, 0x00, 0x00, 0x00, 0x00, 0x00, 0x00, 0x00, 0x00, 0x00, 0x00, 0x00, 0x00,
    0x00, 0x00, 0x00, 0x00, 0x00, 0x00, 0x00, 0x00, 0x00, 0x00, 0x00, 0x00, 0x00, 0x00, 0x00, 0x00,
    0x00, 0x00, 0xFF, 0xFF, 0xD3, 0x64, 0xE7, 0x39, 0x20, 0x00, 0x00, 0x00, 0x00, 0x00, 0x00, 0x00,
    0x00, 0x00, 0xB5, 0x52, 0x00, 0x00, 0x00, 0x00, 0x00, 0x00, 0x00, 0x00, 0x00, 0x00, 0x00, 0x00,
    0x00, 0x00, 0x00, 0x00, 0x00, 0x00, 0x00, 0x00, 0x00, 0x00, 0x00, 0x00, 0x00, 0x00, 0x00, 0x00,
    0x00, 0x00, 0x00, 0x00, 0x00, 0x00, 0x5F, 0xAD, 0x00, 0x00, 0xCC, 0x3A, 0x98, 0x75, 0xF5, 0x64,
    0xF6, 0x64, 0xF5, 0x64, 0xD5, 0x64, 0xF5, 0x64, 0xF6, 0x64, 0xF5, 0x64, 0xF5, 0x64, 0xD5, 0x64,
    0x37, 0x6D, 0x2E, 0x43, 0x00, 0x00, 0xFF, 0xFF, 0x00, 0x00, 0x00, 0x00, 0x00, 0x00, 0x00, 0x00,
    0x00, 0x00, 0x00, 0x00, 0x00, 0x00, 0x00, 0x00, 0x00, 0x00, 0x00, 0x00, 0x00, 0x00, 0x00, 0x00,
    0x00, 0x00, 0x00, 0x00, 0x00, 0x00, 0x00, 0x00, 0x00, 0x00, 0x00, 0x00, 0x00, 0x00, 0x00, 0x00,
    0x00, 0x00, 0x00, 0x00, 0x00, 0x00, 0x00, 0x00, 0x00, 0x00, 0x00, 0x00, 0x00, 0x00, 0x00, 0x00,
    0x00, 0x00, 0x00, 0x00, 0x00, 0x00, 0x00, 0x00, 0x00, 0x00, 0x00, 0x00, 0x00, 0x00, 0x00, 0x00,
    0x00, 0x00, 0x00, 0x00, 0x00, 0x00, 0x00, 0x00, 0x00, 0x00, 0x00, 0x00, 0x00, 0x00, 0x00, 0x00,
    0x55, 0x55, 0x00, 0x00, 0x00, 0x00, 0x00, 0x00, 0x00, 0x00, 0x00, 0x00, 0x00, 0x00, 0x00, 0x00,
    0x00, 0x00, 0x00, 0x00, 0x00, 0x00, 0x00, 0x00, 0x00, 0x00, 0x00, 0x00, 0x00, 0x00, 0x00, 0x00,
    0x00, 0x00, 0x00, 0x00, 0x00, 0x00, 0x00, 0x00, 0x00, 0x00, 0xEF, 0x7B, 0x00, 0x00, 0x8A, 0x3A,
    0xDC, 0xA6, 0xD9, 0x85, 0x16, 0x65, 0x37, 0x6D, 0x57, 0x75, 0x98, 0x7D, 0x36, 0x75, 0x36, 0x6D,
    0x37, 0x6D, 0x16, 0x6D, 0x3A, 0x8E, 0x77, 0x7D, 0xC3, 0x08, 0x00, 0x00, 0x00, 0x00, 0x00, 0x00,
    0x00, 0x00, 0x00, 0x00, 0x00, 0x00, 0x00, 0x00, 0x00, 0x00, 0x00, 0x00, 0x00, 0x00, 0x00, 0x00,
    0x00, 0x00, 0x00, 0x00, 0x00, 0x00, 0x00, 0x00, 0x00, 0x00, 0x00, 0x00, 0x00, 0x00, 0x00, 0x00,
    0x00, 0x00, 0x00, 0x00, 0x00, 0x00, 0x00, 0x00, 0x00, 0x00, 0x00, 0x00, 0x00, 0x00, 0x00, 0x00,
    0x00, 0x00, 0x00, 0x00, 0x00, 0x00, 0x00, 0x00, 0x00, 0x00, 0x00, 0x00, 0x00, 0x00, 0x00, 0x00,
    0x00, 0x00, 0x00, 0x00, 0x00, 0x00, 0x00, 0x00, 0x00, 0x00, 0x00, 0x00, 0x00, 0x00, 0x00, 0x00,
    0x00, 0x00, 0x00, 0x00, 0x00, 0x00, 0x00, 0x00, 0x00, 0x00, 0x00, 0x00, 0x00, 0x00, 0x00, 0x00,
    0x00, 0x00, 0x00, 0x00, 0x00, 0x00, 0x00, 0x00, 0x00, 0x00, 0x00, 0x00, 0x00, 0x00, 0x00, 0x00,
    0x00, 0x00, 0x00, 0x00, 0x00, 0x00, 0x00, 0x00, 0x00, 0x00, 0x00, 0x00, 0x00, 0x00, 0xE7, 0x39,
    0x00, 0x00, 0xE7, 0x29, 0x31, 0x64, 0xAB, 0x3A, 0xE8, 0x29, 0x6F, 0x43, 0x36, 0x75, 0xBC, 0x9E,
    0x3A, 0x8E, 0xD1, 0x4B, 0x49, 0x2A, 0x6A, 0x32, 0x11, 0x5C, 0xAF, 0x5B, 0xE4, 0x10, 0x00, 0x00,
    0xE7, 0x39, 0x00, 0x00, 0x00, 0x00, 0x00, 0x00, 0x00, 0x00, 0x00, 0x00, 0x00, 0x00, 0x00, 0x00,
    0x00, 0x00, 0x00, 0x00, 0x00, 0x00, 0x00, 0x00, 0x00, 0x00, 0x00, 0x00, 0x00, 0x00, 0x00, 0x00,
    0x00, 0x00, 0x00, 0x00, 0x00, 0x00, 0x00, 0x00, 0x00, 0x00, 0x00, 0x00, 0x00, 0x00, 0x00, 0x00,
    0x00, 0x00, 0x00, 0x00, 0x00, 0x00, 0x00, 0x00, 0x00, 0x00, 0x00, 0x00, 0x00, 0x00, 0x00, 0x00,
    0x00, 0x00, 0x00, 0x00, 0x00, 0x00, 0x00, 0x00, 0x00, 0x00, 0x00, 0x00, 0x00, 0x00, 0x00, 0x00,
    0x00, 0x00, 0x00, 0x00, 0x00, 0x00, 0x00, 0x00, 0x00, 0x00, 0x00, 0x00, 0x00, 0x00, 0x00, 0x00,
    0x00, 0x00, 0x00, 0x00, 0x00, 0x00, 0x00, 0x00, 0x00, 0x00, 0x00, 0x00, 0x00, 0x00, 0x00, 0x00,
    0x00, 0x00, 0x00, 0x00, 0x00, 0x00, 0x00, 0x00, 0x00, 0x00, 0x00, 0x00, 0x00, 0x00, 0x00, 0x00,
    0x00, 0x00, 0x00, 0x00, 0x00, 0x00, 0x00, 0x00, 0x00, 0x00, 0x00, 0x00, 0x00, 0x00, 0x00, 0x00,
    0xE4, 0x10, 0xF0, 0x5B, 0xF0, 0x5B, 0x41, 0x00, 0x00, 0x00, 0x00, 0x00, 0x00, 0x00, 0x00, 0x00,
    0x00, 0x00, 0x00, 0x00, 0x00, 0x00, 0x00, 0x00, 0x00, 0x00, 0x00, 0x00, 0x00, 0x00, 0x00, 0x00,
    0x00, 0x00, 0x00, 0x00, 0x00, 0x00, 0x00, 0x00, 0x00, 0x00, 0x00, 0x00, 0x00, 0x00, 0x00, 0x00,
    0x00, 0x00, 0x00, 0x00, 0x00, 0x00, 0x00, 0x00, 0x00, 0x00, 0x00, 0x00, 0x00, 0x00, 0x00, 0x00,
    0x00, 0x00, 0x00, 0x00, 0x00, 0x00, 0x00, 0x00, 0x00, 0x00, 0x00, 0x00, 0x00, 0x00, 0x00, 0x00,
    0x00, 0x00, 0x00, 0x00, 0x00, 0x00, 0x00, 0x00, 0x00, 0x00, 0x00, 0x00, 0x00, 0x00, 0x00, 0x00,
    0x00, 0x00, 0x00, 0x00, 0x00, 0x00, 0x00, 0x00, 0x00, 0x00, 0x00, 0x00, 0x00, 0x00, 0x00, 0x00,
    0x00, 0x00, 0x00, 0x00, 0x00, 0x00, 0x00, 0x00, 0x00, 0x00, 0x00, 0x00, 0x00, 0x00, 0x00, 0x00,
    0x00, 0x00, 0x00, 0x00, 0x00, 0x00, 0x00, 0x00, 0x00, 0x00, 0x00, 0x00, 0x00, 0x00, 0x00, 0x00,
    0x00, 0x00, 0x00, 0x00, 0x00, 0x00, 0x00, 0x00, 0x00, 0x00, 0x00, 0x00, 0x00, 0x00, 0x5F, 0xAD,
    0xEF, 0x39, 0x5F, 0xAD, 0x00, 0x00, 0x00, 0x00, 0x00, 0x00, 0x00, 0x00, 0xFF, 0x7F, 0xEF, 0x3B,
    0xFF, 0xFF, 0x00, 0x00, 0x00, 0x00, 0x00, 0x00, 0x00, 0x00, 0x00, 0x00, 0x00, 0x00, 0x00, 0x00,
    0x00, 0x00, 0x00, 0x00, 0x00, 0x00, 0x00, 0x00, 0x00, 0x00, 0x00, 0x00, 0x00, 0x00, 0x00, 0x00,
    0x00, 0x00, 0x00, 0x00, 0x00, 0x00, 0x00, 0x00, 0x00, 0x00, 0x00, 0x00, 0x00, 0x00, 0x00, 0x00,
    0x00, 0x00, 0x00, 0x00, 0x00, 0x00, 0x00, 0x00, 0x00, 0x00, 0x00, 0x00, 0x00, 0x00, 0x00, 0x00,
    0x00, 0x00, 0x00, 0x00, 0x00, 0x00, 0x00, 0x00, 0x00, 0x00, 0x00, 0x00, 0x00, 0x00, 0x00, 0x00,
    0x00, 0x00, 0x00, 0x00, 0x00, 0x00, 0x00, 0x00, 0x00, 0x00, 0x00, 0x00, 0x00, 0x00, 0x00, 0x00,
    0x00, 0x00, 0x00, 0x00, 0x00, 0x00, 0x00, 0x00, 0x00, 0x00, 0x00, 0x00, 0x00, 0x00, 0x00, 0x00,
    0x00, 0x00, 0x00, 0x00, 0x00, 0x00, 0x00, 0x00, 0x00, 0x00, 0x00, 0x00, 0x00, 0x00, 0x00, 0x00,
    0x00, 0x00, 0x00, 0x00, 0x00, 0x00, 0x00, 0x00, 0x00, 0x00, 0x00, 0x00, 0x00, 0x00, 0x00, 0x00,
    0x00, 0x00, 0x00, 0x00, 0x00, 0x00, 0x00, 0x00, 0xAA, 0x52, 0x00, 0x00, 0x00, 0x00, 0xFF, 0x07,
    0x00, 0x00, 0x00, 0x00, 0x00, 0x00, 0x00, 0x00, 0x00, 0x00, 0x00, 0x00, 0x00, 0x00, 0x00, 0x00,
    0x00, 0x00, 0x00, 0x00, 0x00, 0x00, 0x00, 0x00, 0x00, 0x00, 0x00, 0x00, 0x00, 0x00, 0x00, 0x00,
    0x00, 0x00, 0x00, 0x00, 0x00, 0x00, 0x00, 0x00, 0x00, 0x00, 0x00, 0x00, 0x00, 0x00, 0x00, 0x00,
    0x00, 0x00, 0x00, 0x00, 0x00, 0x00, 0x00, 0x00, 0x00, 0x00, 0x00, 0x00, 0x00, 0x00, 0x00, 0x00,
    0x00, 0x00, 0x00, 0x00, 0x00, 0x00, 0x00, 0x00, 0x00, 0x00, 0x00, 0x00, 0x00, 0x00, 0x00, 0x00,
    0x00, 0x00, 0x00, 0x00, 0x00, 0x00, 0x00, 0x00, 0x00, 0x00, 0x00, 0x00, 0x00, 0x00, 0x00, 0x00,
    0x00, 0x00, 0x00, 0x00, 0x00, 0x00, 0x00, 0x00, 0x00, 0x00, 0x00, 0x00, 0x00, 0x00, 0x00, 0x00,
    0x00, 0x00, 0x00, 0x00, 0x00, 0x00, 0x00, 0x00, 0x00, 0x00, 0x00, 0x00, 0x00, 0x00, 0x00, 0x00,
    0x00, 0x00, 0x00, 0x00, 0x00, 0x00, 0x00, 0x00, 0x00, 0x00, 0x00, 0x00, 0x00, 0x00, 0x00, 0x00,
    0x00, 0x00, 0x00, 0x00, 0x00, 0x00, 0x00, 0x00, 0x00, 0x00, 0x00, 0x00, 0x00, 0x00, 0x00, 0x00,
    0x00, 0x00, 0x00, 0x00, 0x00, 0x00, 0x00, 0x00, 0x00, 0x00, 0x00, 0x00, 0x00, 0x00, 0x00, 0x00,
    0x00, 0x00, 0x00, 0x00, 0x00, 0x00, 0x00, 0x00, 0x00, 0x00, 0x00, 0x00, 0x00, 0x00, 0x00, 0x00,
    0x00, 0x00, 0x00, 0x00, 0x00, 0x00, 0x00, 0x00, 0x00, 0x00, 0x00, 0x00, 0x00, 0x00, 0x00, 0x00,
    0x00, 0x00, 0x00, 0x00, 0x00, 0x00, 0x00, 0x00, 0x00, 0x00, 0x00, 0x00, 0x00, 0x00, 0x00, 0x00,
    0x00, 0x00, 0x00, 0x00, 0x00, 0x00, 0x00, 0x00, 0x00, 0x00, 0x00, 0x00, 0x00, 0x00, 0x00, 0x00,
    0x00, 0x00, 0x00, 0x00, 0x00, 0x00, 0x00, 0x00, 0x00, 0x00, 0x00, 0x00, 0x00, 0x00, 0x00, 0x00,
    0x00, 0x00, 0x00, 0x00, 0x00, 0x00, 0x00, 0x00, 0x00, 0x00, 0x00, 0x00, 0x00, 0x00, 0x00, 0x00,
    0x00, 0x00, 0x00, 0x00, 0x00, 0x00, 0x00, 0x00, 0x00, 0x00, 0x00, 0x00, 0x00, 0x00, 0x00, 0x00,
    0x00, 0x00, 0x00, 0x00, 0x00, 0x00, 0x00, 0x00, 0x00, 0x00, 0x00, 0x00, 0x00, 0x00, 0x00, 0x00,
    0x00, 0x00, 0x00, 0x00, 0x00, 0x00, 0x00, 0x00, 0x00, 0x00, 0x00, 0x00, 0x00, 0x00, 0x00, 0x00,
    0x00, 0x00, 0x00, 0x00, 0x00, 0x00, 0x00, 0x00, 0x00, 0x00, 0x00, 0x00, 0x00, 0x00, 0x00, 0x00,
    0x00, 0x00, 0x00, 0x00, 0x00, 0x00, 0x00, 0x00, 0x00, 0x00, 0x00, 0x00, 0x00, 0x00, 0x00, 0x00,
    0x00, 0x00, 0x00, 0x00, 0x00, 0x00, 0x00, 0x00, 0x00, 0x00, 0x00, 0x00, 0x00, 0x00, 0x00, 0x00,
    0x00, 0x00, 0x00, 0x00, 0x00, 0x00, 0x00, 0x00, 0x00, 0x00, 0x00, 0x00, 0x00, 0x00, 0x00, 0x00,
    0x00, 0x00, 0x00, 0x00, 0x00, 0x00, 0x00, 0x00, 0x00, 0x00, 0x00, 0x00, 0x00, 0x00, 0x00, 0x00,
    0x00, 0x00, 0x00, 0x00, 0x00, 0x00, 0x00, 0x00, 0x00, 0x00, 0x00, 0x00, 0x00, 0x00, 0x00, 0x00,
    0x00, 0x00, 0x00, 0x00, 0x00, 0x00, 0x00, 0x00, 0x00, 0x00, 0x00, 0x00, 0x00, 0x00, 0x00, 0x00,
    0x00, 0x00, 0x00, 0x00, 0x00, 0x00, 0x00, 0x00, 0x00, 0x00, 0x00, 0x00, 0x00, 0x00, 0x00, 0x00,
    0x00, 0x00, 0x00, 0x00, 0x00, 0x00, 0x00, 0x00, 0x00, 0x00, 0x00, 0x00, 0x00, 0x00, 0x00, 0x00,
    0x00, 0x00, 0x00, 0x00, 0x00, 0x00, 0x00, 0x00, 0x00, 0x00, 0x00, 0x00, 0x00, 0x00, 0x00, 0x00,
    0x00, 0x00, 0x00, 0x00, 0x00, 0x00, 0x00, 0x00, 0x00, 0x00, 0x00, 0x00, 0x00, 0x00, 0x00, 0x00,
    0x00, 0x00, 0x00, 0x00, 0x00, 0x00, 0x00, 0x00, 0x00, 0x00, 0x01, 0x02, 0x02, 0x02, 0x01, 0x00,
    0x00, 0x00, 0x00, 0x00, 0x00, 0x00, 0x00, 0x00, 0x00, 0x00, 0x00, 0x00, 0x00, 0x00, 0x00, 0x00,
    0x00, 0x00, 0x00, 0x00, 0x00, 0x00, 0x00, 0x00, 0x00, 0x00, 0x00, 0x00, 0x00, 0x00, 0x00, 0x00,
    0x00, 0x00, 0x00, 0x00, 0x00, 0x00, 0x00, 0x00, 0x00, 0x00, 0x00, 0x00, 0x00, 0x00, 0x00, 0x00,
    0x00, 0x00, 0x00, 0x00, 0x00, 0x00, 0x00, 0x00, 0x00, 0x00, 0x00, 0x00, 0x00, 0x00, 0x00, 0x00,
    0x00, 0x00, 0x00, 0x00, 0x00, 0x00, 0x00, 0x00, 0x02, 0x04, 0x03, 0x00, 0x00, 0x00, 0x00, 0x00,
    0x00, 0x01, 0x04, 0x03, 0x01, 0x00, 0x00, 0x00, 0x00, 0x00, 0x00, 0x00, 0x00, 0x00, 0x00, 0x00,
    0x00, 0x00, 0x00, 0x00, 0x00, 0x00, 0x00, 0x00, 0x00, 0x00, 0x00, 0x00, 0x00, 0x00, 0x00, 0x00,
    0x00, 0x00, 0x00, 0x00, 0x00, 0x00, 0x00, 0x00, 0x00, 0x00, 0x00, 0x00, 0x00, 0x00, 0x00, 0x00,
    0x00, 0x00, 0x00, 0x00, 0x00, 0x00, 0x00, 0x00, 0x00, 0x00, 0x00, 0x00, 0x00, 0x00, 0x00, 0x00,
    0x00, 0x00, 0x00, 0x00, 0x00, 0x00, 0x00, 0x00, 0x03, 0x02, 0x00, 0x00, 0x00, 0x00, 0x13, 0x24,
    0x29, 0x24, 0x10, 0x00, 0x00, 0x00, 0x00, 0x04, 0x01, 0x00, 0x00, 0x00, 0x00, 0x00, 0x00, 0x00,
    0x00, 0x00, 0x00, 0x00, 0x00, 0x00, 0x00, 0x00, 0x00, 0x00, 0x00, 0x00, 0x00, 0x00, 0x00, 0x00,
    0x00, 0x00, 0x00, 0x00, 0x00, 0x00, 0x00, 0x00, 0x00, 0x00, 0x00, 0x00, 0x00, 0x00, 0x00, 0x00,
    0x00, 0x00, 0x00, 0x00, 0x00, 0x00, 0x00, 0x00, 0x00, 0x00, 0x00, 0x00, 0x00, 0x00, 0x00, 0x00,
    0x00, 0x00, 0x00, 0x00, 0x00, 0x00, 0x00, 0x00, 0x02, 0x01, 0x00, 0x00, 0x26, 0x59, 0xA0, 0xD0,
    0xEC, 0xFB, 0xFD, 0xFB, 0xE9, 0xC9, 0x8B, 0x42, 0x03, 0x00, 0x00, 0x03, 0x00, 0x00, 0x00, 0x00,
    0x00, 0x00, 0x00, 0x00, 0x00, 0x00, 0x00, 0x00, 0x00, 0x00, 0x00, 0x00, 0x00, 0x00, 0x00, 0x00,
    0x00, 0x00, 0x00, 0x00, 0x00, 0x00, 0x00, 0x00, 0x00, 0x00, 0x00, 0x00, 0x00, 0x00, 0x00, 0x00,
    0x00, 0x00, 0x00, 0x00, 0x00, 0x00, 0x00, 0x00, 0x00, 0x00, 0x00, 0x00, 0x00, 0x00, 0x00, 0x00,
    0x00, 0x00, 0x00, 0x00, 0x00, 0x00, 0x00, 0x00, 0x00, 0x03, 0x00, 0x00, 0x43, 0xAE, 0xF8, 0xFF,
    0xFF, 0xFF, 0xFF, 0xFF, 0xFF, 0xFF, 0xFF, 0xFF, 0xFF, 0xFF, 0xCE, 0x68, 0x0E, 0x00, 0x03, 0x01,
    0x00, 0x00, 0x00, 0x00, 0x00, 0x00, 0x00, 0x00, 0x00, 0x00, 0x00, 0x00, 0x00, 0x00, 0x00, 0x00,
    0x00, 0x00, 0x00, 0x00, 0x00, 0x00, 0x00, 0x00, 0x00, 0x00, 0x00, 0x00, 0x00, 0x00, 0x00, 0x00,
    0x00, 0x00, 0x00, 0x00, 0x00, 0x00, 0x00, 0x00, 0x00, 0x00, 0x00, 0x00, 0x00, 0x00, 0x00, 0x00,
    0x00, 0x00, 0x00, 0x00, 0x00, 0x00, 0x00, 0x00, 0x00, 0x01, 0x03, 0x00, 0x33, 0xBE, 0xFF, 0xFF,
    0xFF, 0xFC, 0xFB, 0xFD, 0xFE, 0xFE, 0xFE, 0xFE, 0xFE, 0xFD, 0xFB, 0xFD, 0xFF, 0xFF, 0xDE, 0x54,
    0x00, 0x01, 0x01, 0x00, 0x00, 0x00, 0x00, 0x00, 0x00, 0x00, 0x00, 0x00, 0x00, 0x00, 0x00, 0x00,
    0x00, 0x00, 0x00, 0x00, 0x00, 0x00, 0x00, 0x00, 0x00, 0x00, 0x00, 0x00, 0x00, 0x00, 0x00, 0x00,
    0x00, 0x00, 0x00, 0x00, 0x00, 0x00, 0x00, 0x00, 0x00, 0x00, 0x00, 0x00, 0x00, 0x00, 0x00, 0x00,
    0x00, 0x00, 0x00, 0x00, 0x00, 0x00, 0x00, 0x00, 0x00, 0x00, 0x01, 0x01, 0x00, 0x6A, 0xF7, 0xFF,
    0xFD, 0xFC, 0xFE, 0xFF, 0xFF, 0xFF, 0xFF, 0xFF, 0xFF, 0xFF, 0xFF, 0xFF, 0xFF, 0xFF, 0xFD, 0xFB,
    0xFF, 0xFF, 0x8C, 0x03, 0x03, 0x01, 0x00, 0x00, 0x00, 0x00, 0x00, 0x00, 0x00, 0x00, 0x00, 0x00,
    0x00, 0x00, 0x00, 0x00, 0x00, 0x00, 0x00, 0x00, 0x00, 0x00, 0x00, 0x00, 0x00, 0x00, 0x00, 0x00,
    0x00, 0x00, 0x00, 0x00, 0x00, 0x00, 0x00, 0x00, 0x00, 0x00, 0x00, 0x00, 0x00, 0x00, 0x00, 0x00,
    0x00, 0x00, 0x00, 0x00, 0x00, 0x00, 0x00, 0x00, 0x00, 0x00, 0x00, 0x01, 0x03, 0x01, 0x96, 0xFF,
    0xFF, 0xFC, 0xFF, 0xFF, 0xFF, 0xFF, 0xFF, 0xFF, 0xFF, 0xFF, 0xFF, 0xFF, 0xFF, 0xFF, 0xFF, 0xFF,
    0xFF, 0xFF, 0xFD, 0xFB, 0xFF, 0xA0, 0x00, 0x04, 0x00, 0x00, 0x00, 0x00, 0x00, 0x00, 0x00, 0x00,
    0x00, 0x00, 0x00, 0x00, 0x00, 0x00, 0x00, 0x00, 0x00, 0x00, 0x00, 0x00, 0x00, 0x00, 0x00, 0x00,
    0x00, 0x00, 0x00, 0x00, 0x00, 0x00, 0x00, 0x00, 0x00, 0x00, 0x00, 0x00, 0x00, 0x00, 0x00, 0x00,
    0x00, 0x00, 0x00, 0x00, 0x00, 0x00, 0x00, 0x00, 0x00, 0x00, 0x00, 0x00, 0x00, 0x03, 0x00, 0x95,
    0xFF, 0xFA, 0xFE, 0xFF, 0xFF, 0xFF, 0xFF, 0xFF, 0xFF, 0xFF, 0xFF, 0xFF, 0xFF, 0xFF, 0xFF, 0xFF,
    0xFF, 0xFF, 0xFF, 0xFF, 0xFF, 0xFE, 0xFA, 0xFF, 0x84, 0x00, 0x04, 0x00, 0x00, 0x00, 0x00, 0x00,
    0x00, 0x00, 0x00, 0x00, 0x00, 0x00, 0x00, 0x00, 0x00, 0x00, 0x00, 0x00, 0x00, 0x00, 0x00, 0x00,
    0x00, 0x00, 0x00, 0x00, 0x00, 0x00, 0x00, 0x00, 0x00, 0x00, 0x00, 0x00, 0x00, 0x00, 0x00, 0x00,
    0x00, 0x00, 0x00, 0x00, 0x00, 0x00, 0x00, 0x00, 0x00, 0x00, 0x00, 0x00, 0x00, 0x00, 0x03, 0x00,
    0x47, 0xFF, 0xFB, 0xFE, 0xFF, 0xFF, 0xFF, 0xFF, 0xFF, 0xFF, 0xFF, 0xFF, 0xFF, 0xFF, 0xFF, 0xFF,
    0xFF, 0xFF, 0xFF, 0xFF, 0xFF, 0xFF, 0xFF, 0xFF, 0xFF, 0xFB, 0xFF, 0x5D, 0x00, 0x03, 0x00, 0x00,
    0x00, 0x00, 0x00, 0x00, 0x00, 0x00, 0x00, 0x00, 0x00, 0x00, 0x00, 0x00, 0x00, 0x00, 0x00, 0x00,
    0x00, 0x00, 0x00, 0x00, 0x00, 0x00, 0x00, 0x00, 0x00, 0x00, 0x00, 0x00, 0x00, 0x00, 0x00, 0x00,
    0x00, 0x00, 0x00, 0x00, 0x00, 0x00, 0x00, 0x00, 0x00, 0x00, 0x00, 0x00, 0x00, 0x00, 0x00, 0x00,
    0x04, 0x01, 0x71, 0xFE, 0xFB, 0xFF, 0xFF, 0xFF, 0xFF, 0xFF, 0xFF, 0xFF, 0xFF, 0xFF, 0xFF, 0xFF,
    0xFF, 0xFF, 0xFF, 0xFF, 0xFF, 0xFF, 0xFF, 0xFF, 0xFF, 0xFF, 0xFF, 0xFD, 0xFD, 0xEE, 0x1C, 0x01,
    0x02, 0x00, 0x00, 0x00, 0x00, 0x00, 0x00, 0x00, 0x00, 0x00, 0x00, 0x00, 0x00, 0x00, 0x00, 0x00,
    0x00, 0x00, 0x00, 0x00, 0x00, 0x00, 0x00, 0x00, 0x00, 0x00, 0x00, 0x00, 0x00, 0x00, 0x00, 0x00,
    0x00, 0x00, 0x00, 0x00, 0x00, 0x00, 0x00, 0x00, 0x00, 0x00, 0x00, 0x00, 0x00, 0x00, 0x00, 0x00,
    0x00, 0x00, 0x03, 0x00, 0x8D, 0xFF, 0xFB, 0xFF, 0xFF, 0xFF, 0xFF, 0xFF, 0xFF, 0xFF, 0xFF, 0xFF,
    0xFF, 0xFF, 0xFF, 0xFF, 0xFF, 0xFF, 0xFF, 0xFF, 0xFF, 0xFF, 0xFF, 0xFF, 0xFF, 0xFF, 0xFB, 0xFF,
    0xAA, 0x00, 0x03, 0x00, 0x00, 0x00, 0x00, 0x00, 0x00, 0x00, 0x00, 0x00, 0x00, 0x00, 0x00, 0x00,
    0x00, 0x00, 0x00, 0x00, 0x00, 0x00, 0x00, 0x00, 0x00, 0x00, 0x00, 0x00, 0x00, 0x00, 0x00, 0x00,
    0x00, 0x00, 0x00, 0x00, 0x00, 0x00, 0x00, 0x00, 0x00, 0x00, 0x00, 0x00, 0x00, 0x00, 0x00, 0x00,
    0x00, 0x00, 0x00, 0x02, 0x00, 0x1D, 0xF0, 0xFE, 0xFE, 0xFF, 0xFF, 0xFF, 0xFF, 0xFF, 0xFF, 0xFF,
    0xFF, 0xFF, 0xFF, 0xFF, 0xFF, 0xFF, 0xFF, 0xFF, 0xFF, 0xFF, 0xFF, 0xFF, 0xFF, 0xFF, 0xFF, 0xFF,
    0xFF, 0xFD, 0xFD, 0x2C, 0x00, 0x02, 0x00, 0x00, 0x00, 0x00, 0x00, 0x00, 0x00, 0x00, 0x00, 0x00,
    0x00, 0x00, 0x00, 0x00, 0x00, 0x00, 0x00, 0x00, 0x00, 0x00, 0x00, 0x00, 0x00, 0x00, 0x00, 0x00,
    0x00, 0x00, 0x00, 0x00, 0x00, 0x00, 0x00, 0x00, 0x00, 0x00, 0x00, 0x00, 0x00, 0x00, 0x00, 0x00,
    0x00, 0x00, 0x00, 0x00, 0x00, 0x04, 0x00, 0x80, 0xFF, 0xFB, 0xFF, 0xFF, 0xFF, 0xFF, 0xFF, 0xFF,
    0xFF, 0xFF, 0xFF, 0xFF, 0xFF, 0xFF, 0xFF, 0xFF, 0xFF, 0xFF, 0xFF, 0xFF, 0xFF, 0xFF, 0xFF, 0xFF,
    0xFF, 0xFF, 0xFF, 0xFB, 0xFF, 0x8D, 0x00, 0x04, 0x00, 0x00, 0x00, 0x00, 0x00, 0x00, 0x00, 0x00,
    0x00, 0x00, 0x00, 0x00, 0x00, 0x00, 0x00, 0x00, 0x00, 0x00, 0x00, 0x00, 0x00, 0x00, 0x00, 0x00,
    0x00, 0x00, 0x00, 0x00, 0x00, 0x00, 0x00, 0x00, 0x00, 0x00, 0x00, 0x00, 0x00, 0x00, 0x00, 0x00,
    0x00, 0x00, 0x00, 0x00, 0x00, 0x00, 0x01, 0x01, 0x09, 0xDB, 0xFE, 0xFD, 0xFF, 0xFF, 0xFF, 0xFF,
    0xFF, 0xFF, 0xFF, 0xFF, 0xFF, 0xFF, 0xFF, 0xFF, 0xFF, 0xFF, 0xFF, 0xFF, 0xFF, 0xFF, 0xFF, 0xFF,
    0xFF, 0xFF, 0xFF, 0xFF, 0xFF, 0xFD, 0xFF, 0xDC, 0x06, 0x00, 0x01, 0x00, 0x00, 0x00, 0x00, 0x00,
    0x00, 0x00, 0x00, 0x00, 0x00, 0x00, 0x00, 0x00, 0x00, 0x00, 0x00, 0x00, 0x00, 0x00, 0x00, 0x00,
    0x00, 0x00, 0x00, 0x00, 0x00, 0x00, 0x00, 0x00, 0x00, 0x00, 0x00, 0x00, 0x00, 0x00, 0x00, 0x00,
    0x00, 0x00, 0x00, 0x00, 0x00, 0x00, 0x00, 0x00, 0x02, 0x00, 0x2D, 0xFF, 0xFF, 0xFF, 0xFF, 0xFF,
    0xFF, 0xFF, 0xFF, 0xFF, 0xFF, 0xFF, 0xFF, 0xFF, 0xFF, 0xFF, 0xFF, 0xFF, 0xFF, 0xFF, 0xFF, 0xFF,
    0xFF, 0xFF, 0xFF, 0xFF, 0xFF, 0xFF, 0xFF, 0xFF, 0xFE, 0xFE, 0x2E, 0x00, 0x02, 0x00, 0x00, 0x00,
    0x00, 0x00, 0x00, 0x00, 0x00, 0x00, 0x00, 0x00, 0x00, 0x00, 0x00, 0x00, 0x00, 0x00, 0x00, 0x00,
    0x00, 0x00, 0x00, 0x00, 0x00, 0x00, 0x00, 0x00, 0x00, 0x00, 0x00, 0x00, 0x00, 0x00, 0x00, 0x00,
    0x00, 0x00, 0x00, 0x00, 0x00, 0x00, 0x00, 0x00, 0x00, 0x00, 0x03, 0x01, 0x36, 0xFF, 0xFE, 0xFF,
    0xFF, 0xFF, 0xFF, 0xFF, 0xFF, 0xFF, 0xFF, 0xFF, 0xFF, 0xFF, 0xFF, 0xFF, 0xFF, 0xFF, 0xFF, 0xFF,
    0xFF, 0xFF, 0xFF, 0xFF, 0xFF, 0xFF, 0xFF, 0xFF, 0xFF, 0xFF, 0xFC, 0xFF, 0x55, 0x00, 0x04, 0x00,
    0x00, 0x00, 0x00, 0x00, 0x00, 0x00, 0x00, 0x00, 0x00, 0x00, 0x00, 0x00, 0x00, 0x00, 0x00, 0x00,
    0x00, 0x00, 0x00, 0x00, 0x00, 0x00, 0x00, 0x00, 0x00, 0x00, 0x00, 0x00, 0x00, 0x00, 0x00, 0x00,
    0x00, 0x00, 0x00, 0x00, 0x00, 0x00, 0x00, 0x00, 0x00, 0x00, 0x00, 0x00, 0x03, 0x00, 0x49, 0xFF,
    0xFC, 0xFF, 0xFF, 0xFF, 0xFF, 0xFF, 0xFF, 0xFF, 0xFF, 0xFF, 0xFF, 0xFF, 0xFF, 0xFF, 0xFF, 0xFF,
    0xFF, 0xFF, 0xFF, 0xFF, 0xFF, 0xFF, 0xFF, 0xFF, 0xFF, 0xFF, 0xFF, 0xFF, 0xFB, 0xFF, 0x71, 0x00,
    0x04, 0x00, 0x00, 0x00, 0x00, 0x00, 0x00, 0x00, 0x00, 0x00, 0x00, 0x00, 0x00, 0x00, 0x00, 0x00,
    0x00, 0x00, 0x00, 0x00, 0x00, 0x00, 0x00, 0x00, 0x00, 0x00, 0x00, 0x00, 0x00, 0x00, 0x00, 0x00,
    0x00, 0x00, 0x00, 0x00, 0x00, 0x00, 0x00, 0x00, 0x00, 0x00, 0x00, 0x00, 0x00, 0x01, 0x01, 0x06,
    0xCC, 0xFF, 0xFD, 0xFF, 0xFF, 0xFF, 0xFF, 0xFF, 0xFF, 0xFF, 0xFF, 0xFF, 0xFF, 0xFF, 0xFF, 0xFF,
    0xFF, 0xFF, 0xFF, 0xFF, 0xFF, 0xFF, 0xFF, 0xFF, 0xFF, 0xFF, 0xFF, 0xFF, 0xFF, 0xFF, 0xFB, 0xFF,
    0x7D, 0x00, 0x04, 0x00, 0x00, 0x00, 0x00, 0x00, 0x00, 0x00, 0x00, 0x00, 0x00, 0x00, 0x00, 0x00,
    0x00, 0x00, 0x00, 0x00, 0x00, 0x00, 0x00, 0x00, 0x00, 0x00, 0x00, 0x00, 0x00, 0x00, 0x00, 0x00,
    0x00, 0x00, 0x00, 0x00, 0x00, 0x00, 0x00, 0x00, 0x00, 0x00, 0x00, 0x00, 0x00, 0x00, 0x00, 0x04,
    0x00, 0x74, 0xFF, 0xFC, 0xFF, 0xFF, 0xFF, 0xFF, 0xFF, 0xFF, 0xFF, 0xFF, 0xFF, 0xFF, 0xFF, 0xFF,
    0xFF, 0xFF, 0xFF, 0xFF, 0xFF, 0xFF, 0xFF, 0xFF, 0xFF, 0xFF, 0xFF, 0xFF, 0xFF, 0xFF, 0xFF, 0xFF,
    0xFB, 0xFF, 0x78, 0x00, 0x04, 0x00, 0x00, 0x00, 0x00, 0x00, 0x00, 0x00, 0x00, 0x00, 0x00, 0x00,
    0x00, 0x00, 0x00, 0x00, 0x00, 0x00, 0x00, 0x00, 0x00, 0x00, 0x00, 0x00, 0x00, 0x00, 0x00, 0x00,
    0x00, 0x00, 0x00, 0x00, 0x00, 0x00, 0x00, 0x00, 0x00, 0x00, 0x00, 0x00, 0x00, 0x00, 0x00, 0x00,
    0x01, 0x01, 0x03, 0xD7, 0xFE, 0xFD, 0xFF, 0xFF, 0xFF, 0xFF, 0xFF, 0xFF, 0xFF, 0xFF, 0xFF, 0xFF,
    0xFF, 0xFF, 0xFF, 0xFF, 0xFF, 0xFF, 0xFF, 0xFF, 0xFF, 0xFF, 0xFF, 0xFF, 0xFF, 0xFF, 0xFF, 0xFF,
    0xFF, 0xFF, 0xFB, 0xFF, 0x82, 0x00, 0x04, 0x00, 0x00, 0x00, 0x00, 0x00, 0x00, 0x00, 0x00, 0x00,
    0x00, 0x00, 0x00, 0x00, 0x00, 0x00, 0x00, 0x00, 0x00, 0x00, 0x00, 0x00, 0x00, 0x00, 0x00, 0x00,
    0x00, 0x00, 0x00, 0x00, 0x00, 0x00, 0x00, 0x00, 0x00, 0x00, 0x00, 0x00, 0x00, 0x00, 0x00, 0x00,
    0x00, 0x00, 0x01, 0x00, 0x04, 0xDB, 0xFF, 0xFD, 0xFF, 0xFF, 0xFF, 0xFF, 0xFF, 0xFF, 0xFF, 0xFF,
    0xFF, 0xFF, 0xFF, 0xFF, 0xFF, 0xFF, 0xFF, 0xFF, 0xFF, 0xFF, 0xFF, 0xFF, 0xFF, 0xFF, 0xFF, 0xFF,
    0xFF, 0xFF, 0xFF, 0xFF, 0xFD, 0xFF, 0x57, 0x00, 0x03, 0x00, 0x00, 0x00, 0x00, 0x00, 0x00, 0x00,
    0x00, 0x00, 0x00, 0x00, 0x00, 0x00, 0x00, 0x00, 0x00, 0x00, 0x00, 0x00, 0x00, 0x00, 0x00, 0x00,
    0x00, 0x00, 0x00, 0x00, 0x00, 0x00, 0x00, 0x00, 0x00, 0x00, 0x00, 0x00, 0x00, 0x00, 0x00, 0x00,
    0x00, 0x00, 0x00, 0x00, 0x00, 0x02, 0x00, 0xB6, 0xFE, 0xFC, 0xFF, 0xFF, 0xFF, 0xFF, 0xFF, 0xFF,
    0xFF, 0xFF, 0xFF, 0xFF, 0xFF, 0xFF, 0xFF, 0xFF, 0xFF, 0xFF, 0xFF, 0xFF, 0xFF, 0xFF, 0xFF, 0xFF,
    0xFF, 0xFF, 0xFF, 0xFF, 0xFF, 0xFE, 0xFF, 0xF8, 0x1A, 0x00, 0x02, 0x00, 0x00, 0x00, 0x00, 0x00,
    0x00, 0x00, 0x00, 0x00, 0x00, 0x00, 0x00, 0x00, 0x00, 0x00, 0x00, 0x00, 0x00, 0x00, 0x00, 0x00,
    0x00, 0x00, 0x00, 0x00, 0x00, 0x00, 0x00, 0x00, 0x00, 0x00, 0x00, 0x00, 0x00, 0x00, 0x00, 0x00,
    0x00, 0x00, 0x00, 0x00, 0x00, 0x00, 0x00, 0x04, 0x00, 0x5B, 0xFF, 0xFB, 0xFF, 0xFF, 0xFF, 0xFF,
    0xFF, 0xFF, 0xFF, 0xFF, 0xFF, 0xFF, 0xFF, 0xFF, 0xFF, 0xFF, 0xFF, 0xFF, 0xFF, 0xFF, 0xFF, 0xFF,
    0xFF, 0xFF, 0xFF, 0xFF, 0xFF, 0xFF, 0xFF, 0xFC, 0xFF, 0xB8, 0x01, 0x02, 0x00, 0x00, 0x00, 0x00,
    0x00, 0x00, 0x00, 0x00, 0x00, 0x00, 0x00, 0x00, 0x00, 0x00, 0x00, 0x00, 0x00, 0x00, 0x00, 0x00,
    0x00, 0x00, 0x00, 0x00, 0x00, 0x00, 0x00, 0x00, 0x00, 0x00, 0x00, 0x00, 0x00, 0x00, 0x00, 0x00,
    0x00, 0x00, 0x00, 0x00, 0x00, 0x00, 0x00, 0x00, 0x00, 0x00, 0x02, 0x03, 0xC6, 0xFF, 0xFC, 0xFF,
    0xFF, 0xFF, 0xFF, 0xFF, 0xFF, 0xFF, 0xFF, 0xFF, 0xFF, 0xFF, 0xFF, 0xFF, 0xFF, 0xFF, 0xFF, 0xFF,
    0xFF, 0xFF, 0xFF, 0xFF, 0xFF, 0xFF, 0xFF, 0xFF, 0xFF, 0xFC, 0xFF, 0x63, 0x00, 0x04, 0x00, 0x00,
    0x00, 0x00, 0x00, 0x00, 0x00, 0x00, 0x00, 0x00, 0x00, 0x00, 0x00, 0x00, 0x00, 0x00, 0x00, 0x00,
    0x00, 0x00, 0x00, 0x00, 0x00, 0x00, 0x00, 0x00, 0x00, 0x00, 0x00, 0x00, 0x00, 0x00, 0x00, 0x00,
    0x00, 0x00, 0x00, 0x00, 0x00, 0x00, 0x00, 0x00, 0x00, 0x00, 0x00, 0x00, 0x02, 0x00, 0x2E, 0xF7,
    0xFD, 0xFD, 0xFF, 0xFF, 0xFF, 0xFF, 0xFF, 0xFF, 0xFF, 0xFF, 0xFF, 0xFF, 0xFF, 0xFF, 0xFF, 0xFF,
    0xFF, 0xFF, 0xFF, 0xFF, 0xFF, 0xFF, 0xFF, 0xFF, 0xFF, 0xFF, 0xFE, 0xFF, 0xE5, 0x0F, 0x00, 0x01,
    0x00, 0x00, 0x00, 0x00, 0x00, 0x00, 0x00, 0x00, 0x00, 0x00, 0x00, 0x00, 0x00, 0x00, 0x00, 0x00,
    0x00, 0x00, 0x00, 0x00, 0x00, 0x00, 0x00, 0x00, 0x00, 0x00, 0x00, 0x00, 0x00, 0x00, 0x00, 0x00,
    0x00, 0x00, 0x00, 0x00, 0x00, 0x00, 0x00, 0x00, 0x00, 0x00, 0x00, 0x00, 0x00, 0x00, 0x00, 0x03,
    0x00, 0x55, 0xFF, 0xFC, 0xFE, 0xFF, 0xFF, 0xFF, 0xFF, 0xFF, 0xFF, 0xFF, 0xFF, 0xFF, 0xFF, 0xFF,
    0xFF, 0xFF, 0xFF, 0xFF, 0xFF, 0xFF, 0xFF, 0xFF, 0xFF, 0xFF, 0xFF, 0xFF, 0xFE, 0xFF, 0xEE, 0x15,
    0x01, 0x01, 0x00, 0x00, 0x00, 0x00, 0x00, 0x00, 0x00, 0x00, 0x00, 0x00, 0x00, 0x00, 0x00, 0x00,
    0x00, 0x00, 0x00, 0x00, 0x00, 0x00, 0x00, 0x00, 0x00, 0x00, 0x00, 0x00, 0x00, 0x00, 0x00, 0x00,
    0x00, 0x00, 0x00, 0x00, 0x00, 0x00, 0x00, 0x00, 0x00, 0x00, 0x00, 0x00, 0x00, 0x00, 0x00, 0x00,
    0x00, 0x00, 0x04, 0x00, 0x70, 0xFF, 0xFC, 0xFD, 0xFF, 0xFF, 0xFF, 0xFF, 0xFF, 0xFF, 0xFF, 0xFF,
    0xFF, 0xFF, 0xFF, 0xFF, 0xFF, 0xFF, 0xFF, 0xFF, 0xFF, 0xFF, 0xFF, 0xFF, 0xFF, 0xFF, 0xFE, 0xFE,
    0xFC, 0x29, 0x00, 0x04, 0x00, 0x00, 0x00, 0x00, 0x00, 0x00, 0x00, 0x00, 0x00, 0x00, 0x00, 0x00,
    0x00, 0x00, 0x00, 0x00, 0x00, 0x00, 0x00, 0x00, 0x00, 0x00, 0x00, 0x00, 0x00, 0x00, 0x00, 0x00,
    0x00, 0x00, 0x00, 0x00, 0x00, 0x00, 0x00, 0x00, 0x00, 0x00, 0x00, 0x00, 0x00, 0x00, 0x00, 0x00,
    0x00, 0x00, 0x00, 0x00, 0x00, 0x04, 0x00, 0x70, 0xFF, 0xFF, 0xFE, 0xFF, 0xFF, 0xFF, 0xFF, 0xFF,
    0xFF, 0xFF, 0xFF, 0xFF, 0xFF, 0xFF, 0xFF, 0xFF, 0xFF, 0xFF, 0xFF, 0xFF, 0xFF, 0xFF, 0xFF, 0xFF,
    0xFF, 0xFD, 0xFE, 0xCD, 0x18, 0x00, 0x02, 0x00, 0x00, 0x00, 0x00, 0x00, 0x00, 0x00, 0x00, 0x00,
    0x00, 0x00, 0x00, 0x00, 0x00, 0x00, 0x00, 0x00, 0x00, 0x00, 0x00, 0x00, 0x00, 0x00, 0x00, 0x00,
    0x00, 0x00, 0x00, 0x00, 0x00, 0x00, 0x00, 0x00, 0x00, 0x00, 0x00, 0x00, 0x00, 0x00, 0x00, 0x00,
    0x00, 0x00, 0x00, 0x00, 0x00, 0x00, 0x01, 0x03, 0x07, 0x00, 0x4A, 0xDB, 0xFD, 0xFE, 0xFF, 0xFF,
    0xFF, 0xFF, 0xFF, 0xFF, 0xFF, 0xFF, 0xFF, 0xFF, 0xFF, 0xFF, 0xFF, 0xFF, 0xFF, 0xFF, 0xFF, 0xFF,
    0xFF, 0xFF, 0xFF, 0xFF, 0xFD, 0xFF, 0xCF, 0x10, 0x02, 0x01, 0x00, 0x00, 0x00, 0x00, 0x00, 0x00,
    0x00, 0x00, 0x00, 0x00, 0x00, 0x00, 0x00, 0x00, 0x00, 0x00, 0x00, 0x00, 0x00, 0x00, 0x00, 0x00,
    0x00, 0x00, 0x00, 0x00, 0x00, 0x00, 0x00, 0x00, 0x00, 0x00, 0x00, 0x00, 0x00, 0x00, 0x00, 0x00,
    0x00, 0x00, 0x00, 0x00, 0x00, 0x00, 0x02, 0x03, 0x00, 0x00, 0x00, 0x11, 0x42, 0xB5, 0xFF, 0xFD,
    0xFF, 0xFF, 0xFF, 0xFF, 0xFF, 0xFF, 0xFF, 0xFF, 0xFF, 0xFF, 0xFF, 0xFF, 0xFF, 0xFF, 0xFF, 0xFF,
    0xFF, 0xFF, 0xFF, 0xFF, 0xFF, 0xFF, 0xFF, 0xFA, 0xFF, 0xAD, 0x00, 0x04, 0x00, 0x00, 0x00, 0x00,
    0x00, 0x00, 0x00, 0x00, 0x00, 0x00, 0x00, 0x00, 0x00, 0x00, 0x00, 0x00, 0x00, 0x00, 0x00, 0x00,
    0x00, 0x00, 0x00, 0x00, 0x00, 0x00, 0x00, 0x00, 0x00, 0x00, 0x00, 0x00, 0x00, 0x00, 0x00, 0x00,
    0x00, 0x00, 0x00, 0x00, 0x00, 0x00, 0x02, 0x03, 0x00, 0x00, 0x09, 0x3B, 0x91, 0xE1, 0xFF, 0xFF,
    0xFF, 0xFF, 0xFF, 0xFF, 0xFF, 0xFF, 0xFF, 0xFF, 0xFF, 0xFF, 0xFF, 0xFF, 0xFF, 0xFF, 0xFF, 0xFF,
    0xFF, 0xFF, 0xFF, 0xFF, 0xFF, 0xFF, 0xFF, 0xFF, 0xFF, 0xFF, 0xFA, 0xFF, 0x65, 0x00, 0x03, 0x00,
    0x00, 0x00, 0x00, 0x00, 0x00, 0x00, 0x00, 0x00, 0x00, 0x00, 0x00, 0x00, 0x00, 0x00, 0x00, 0x00,
    0x00, 0x00, 0x00, 0x00, 0x00, 0x00, 0x00, 0x00, 0x00, 0x00, 0x00, 0x00, 0x00, 0x00, 0x00, 0x00,
    0x00, 0x00, 0x00, 0x00, 0x00, 0x00, 0x01, 0x03, 0x00, 0x00, 0x1F, 0x80, 0xDD, 0xFF, 0xFF, 0xFF,
    0xFC, 0xFD, 0xFF, 0xFF, 0xFF, 0xFF, 0xFF, 0xFF, 0xFF, 0xFF, 0xFF, 0xFF, 0xFF, 0xFF, 0xFF, 0xFF,
    0xFF, 0xFF, 0xFF, 0xFF, 0xFF, 0xFF, 0xFF, 0xFF, 0xFF, 0xFF, 0xFF, 0xFF, 0xFE, 0xFD, 0xF4, 0x25,
    0x00, 0x02, 0x00, 0x00, 0x00, 0x00, 0x00, 0x00, 0x00, 0x00, 0x00, 0x00, 0x00, 0x00, 0x00, 0x00,
    0x00, 0x00, 0x00, 0x00, 0x00, 0x00, 0x00, 0x00, 0x00, 0x00, 0x00, 0x00, 0x00, 0x00, 0x00, 0x00,
    0x00, 0x00, 0x00, 0x00, 0x00, 0x00, 0x00, 0x03, 0x00, 0x00, 0x2E, 0x9E, 0xF2, 0xFF, 0xFF, 0xFE,
    0xFB, 0xFD, 0xFF, 0xFF, 0xFF, 0xFF, 0xFF, 0xFF, 0xFF, 0xFF, 0xFF, 0xFF, 0xFF, 0xFF, 0xFF, 0xFF,
    0xFF, 0xFF, 0xFF, 0xFF, 0xFF, 0xFF, 0xFF, 0xFF, 0xFF, 0xFF, 0xFF, 0xFF, 0xFF, 0xFF, 0xFF, 0xFC,
    0xFF, 0xB3, 0x01, 0x02, 0x00, 0x00, 0x00, 0x00, 0x00, 0x00, 0x00, 0x00, 0x00, 0x00, 0x00, 0x00,
    0x00, 0x00, 0x00, 0x00, 0x00, 0x00, 0x00, 0x00, 0x00, 0x00, 0x00, 0x00, 0x00, 0x00, 0x00, 0x00,
    0x00, 0x00, 0x00, 0x00, 0x00, 0x00, 0x00, 0x01, 0x03, 0x00, 0x1F, 0xA4, 0xF8, 0xFF, 0xFF, 0xFC,
    0xFD, 0xFF, 0xFF, 0xFF, 0xFF, 0xFF, 0xFF, 0xFF, 0xFF, 0xFF, 0xFF, 0xFF, 0xFF, 0xFF, 0xFF, 0xFF,
    0xFF, 0xFF, 0xFF, 0xFF, 0xFF, 0xFF, 0xFF, 0xFF, 0xFF, 0xFF, 0xFF, 0xFF, 0xFF, 0xFF, 0xFF, 0xFF,
    0xFF, 0xFF, 0xFC, 0xFF, 0x49, 0x00, 0x03, 0x00, 0x00, 0x00, 0x00, 0x00, 0x00, 0x00, 0x00, 0x00,
    0x00, 0x00, 0x00, 0x00, 0x00, 0x00, 0x00, 0x00, 0x00, 0x00, 0x00, 0x00, 0x00, 0x00, 0x00, 0x00,
    0x00, 0x00, 0x00, 0x00, 0x00, 0x00, 0x04, 0x02, 0x02, 0x00, 0x00, 0x53, 0xE9, 0xFF, 0xFF, 0xFC,
    0xFE, 0xFF, 0xFF, 0xFF, 0xFF, 0xFF, 0xFF, 0xFF, 0xFF, 0xFF, 0xFF, 0xFF, 0xFF, 0xFF, 0xFF, 0xFF,
    0xFF, 0xFF, 0xFF, 0xFF, 0xFF, 0xFF, 0xFF, 0xFF, 0xFF, 0xFF, 0xFF, 0xFF, 0xFF, 0xFF, 0xFF, 0xFF,
    0xFF, 0xFF, 0xFF, 0xFF, 0xFC, 0xFE, 0xC1, 0x00, 0x02, 0x00, 0x00, 0x00, 0x00, 0x00, 0x00, 0x00,
    0x00, 0x00, 0x00, 0x00, 0x00, 0x00, 0x00, 0x00, 0x00, 0x00, 0x00, 0x00, 0x00, 0x00, 0x00, 0x00,
    0x00, 0x00, 0x00, 0x00, 0x00, 0x00, 0x00, 0x00, 0x00, 0x00, 0x00, 0x16, 0x99, 0xFF, 0xFF, 0xFB,
    0xFE, 0xFF, 0xFF, 0xFF, 0xFF, 0xFF, 0xFF, 0xFF, 0xFF, 0xFF, 0xFF, 0xFF, 0xFF, 0xFF, 0xFF, 0xFF,
    0xFF, 0xFF, 0xFF, 0xFF, 0xFF, 0xFF, 0xFF, 0xFF, 0xFF, 0xFF, 0xFF, 0xFF, 0xFF, 0xFF, 0xFF, 0xFF,
    0xFF, 0xFF, 0xFF, 0xFF, 0xFF, 0xFF, 0xFF, 0xFD, 0xFF, 0x3D, 0x00, 0x03, 0x00, 0x00, 0x00, 0x00,
    0x00, 0x00, 0x00, 0x00, 0x00, 0x00, 0x00, 0x00, 0x00, 0x00, 0x00, 0x00, 0x00, 0x00, 0x00, 0x00,
    0x00, 0x00, 0x00, 0x00, 0x00, 0x00, 0x00, 0x01, 0x01, 0x0E, 0x8B, 0xB9, 0xC1, 0xE7, 0xFF, 0xFD,
    0xFE, 0xFF, 0xFF, 0xFF, 0xFF, 0xFF, 0xFF, 0xFF, 0xFF, 0xFF, 0xFF, 0xFF, 0xFF, 0xFF, 0xFF, 0xFF,
    0xFF, 0xFF, 0xFF, 0xFF, 0xFF, 0xFF, 0xFF, 0xFF, 0xFF, 0xFF, 0xFF, 0xFF, 0xFF, 0xFF, 0xFF, 0xFF,
    0xFF, 0xFF, 0xFF, 0xFF, 0xFF, 0xFF, 0xFF, 0xFF, 0xFF, 0xFB, 0xFF, 0x9E, 0x00, 0x04, 0x00, 0x00,
    0x00, 0x00, 0x00, 0x00, 0x00, 0x00, 0x00, 0x00, 0x00, 0x00, 0x00, 0x00, 0x00, 0x00, 0x00, 0x00,
    0x00, 0x00, 0x00, 0x00, 0x00, 0x00, 0x00, 0x00, 0x00, 0x01, 0x00, 0x1B, 0xFF, 0xFF, 0xFF, 0xFF,
    0xFC, 0xFF, 0xFF, 0xFF, 0xFF, 0xFF, 0xFF, 0xFF, 0xFF, 0xFF, 0xFF, 0xFF, 0xFF, 0xFF, 0xFF, 0xFF,
    0xFF, 0xFF, 0xFF, 0xFF, 0xFF, 0xFF, 0xFF, 0xFF, 0xFF, 0xFF, 0xFF, 0xFF, 0xFF, 0xFF, 0xFF, 0xFF,
    0xFF, 0xFF, 0xFF, 0xFF, 0xFF, 0xFF, 0xFF, 0xFF, 0xFF, 0xFF, 0xFF, 0xFD, 0xFF, 0xDC, 0x04, 0x00,
    0x01, 0x00, 0x00, 0x00, 0x00, 0x00, 0x00, 0x00, 0x00, 0x00, 0x00, 0x00, 0x00, 0x00, 0x00, 0x00,
    0x00, 0x00, 0x00, 0x00, 0x00, 0x00, 0x00, 0x00, 0x00, 0x00, 0x00, 0x00, 0x03, 0x00, 0x84, 0xFE,
    0xF9, 0xFE, 0xFF, 0xFF, 0xFF, 0xFF, 0xFF, 0xFF, 0xFF, 0xFF, 0xFF, 0xFF, 0xFF, 0xFF, 0xFF, 0xFF,
    0xFF, 0xFF, 0xFF, 0xFF, 0xFF, 0xFF, 0xFF, 0xFF, 0xFF, 0xFF, 0xFF, 0xFF, 0xFF, 0xFF, 0xFF, 0xFF,
    0xFF, 0xFF, 0xFF, 0xFF, 0xFF, 0xFF, 0xFF, 0xFF, 0xFF, 0xFF, 0xFF, 0xFF, 0xFF, 0xFF, 0xFD, 0xFF,
    0x4D, 0x00, 0x04, 0x00, 0x00, 0x00, 0x00, 0x00, 0x00, 0x00, 0x00, 0x00, 0x00, 0x00, 0x00, 0x00,
    0x00, 0x00, 0x00, 0x00, 0x00, 0x00, 0x00, 0x00, 0x00, 0x00, 0x00, 0x00, 0x00, 0x00, 0x02, 0x03,
    0x07, 0xEA, 0xFF, 0xFE, 0xFF, 0xFF, 0xFF, 0xFF, 0xFF, 0xFF, 0xFF, 0xFF, 0xFF, 0xFF, 0xFF, 0xFF,
    0xFF, 0xFF, 0xFF, 0xFF, 0xFF, 0xFF, 0xFF, 0xFF, 0xFF, 0xFF, 0xFF, 0xFF, 0xFF, 0xFF, 0xFF, 0xFF,
    0xFF, 0xFF, 0xFF, 0xFF, 0xFF, 0xFF, 0xFF, 0xFF, 0xFF, 0xFF, 0xFF, 0xFF, 0xFF, 0xFF, 0xFF, 0xFF,
    0xFB, 0xFF, 0xA4, 0x00, 0x03, 0x00, 0x00, 0x00, 0x00, 0x00, 0x00, 0x00, 0x00, 0x00, 0x00, 0x00,
    0x00, 0x00, 0x00, 0x00, 0x00, 0x00, 0x00, 0x00, 0x00, 0x00, 0x00, 0x00, 0x00, 0x00, 0x00, 0x00,
    0x02, 0x00, 0x56, 0xF8, 0xFD, 0xFE, 0xFF, 0xFF, 0xFF, 0xFF, 0xFF, 0xFF, 0xFF, 0xFF, 0xFF, 0xFF,
    0xFF, 0xFF, 0xFF, 0xFF, 0xFF, 0xFF, 0xFF, 0xFF, 0xFF, 0xFF, 0xFF, 0xFF, 0xFF, 0xFF, 0xFF, 0xFF,
    0xFF, 0xFF, 0xFF, 0xFF, 0xFF, 0xFF, 0xFF, 0xFF, 0xFF, 0xFF, 0xFF, 0xFF, 0xFF, 0xFF, 0xFF, 0xFF,
    0xFF, 0xFF, 0xFD, 0xFF, 0xCC, 0x01, 0x01, 0x00, 0x00, 0x00, 0x00, 0x00, 0x00, 0x00, 0x00, 0x00,
    0x00, 0x00, 0x00, 0x00, 0x00, 0x00, 0x00, 0x00, 0x00, 0x00, 0x00, 0x00, 0x00, 0x00, 0x00, 0x00,
    0x00, 0x03, 0x00, 0x55, 0xF9, 0xFA, 0xFB, 0xFC, 0xFD, 0xFE, 0xFF, 0xFF, 0xFF, 0xFE, 0xFE, 0xFD,
    0xFF, 0xFF, 0xFF, 0xFF, 0xFF, 0xFF, 0xFF, 0xFF, 0xFF, 0xFF, 0xFF, 0xFF, 0xFF, 0xFF, 0xFF, 0xFF,
    0xFF, 0xFF, 0xFF, 0xFF, 0xFF, 0xFF, 0xFF, 0xFF, 0xFF, 0xFF, 0xFF, 0xFF, 0xFF, 0xFF, 0xFF, 0xFF,
    0xFF, 0xFF, 0xFF, 0xFF, 0xFE, 0xFF, 0xEC, 0x11, 0x00, 0x01, 0x00, 0x00, 0x00, 0x00, 0x00, 0x00,
    0x00, 0x00, 0x00, 0x00, 0x00, 0x00, 0x00, 0x00, 0x00, 0x00, 0x00, 0x00, 0x00, 0x00, 0x00, 0x00,
    0x00, 0x00, 0x00, 0x01, 0x01, 0xDB, 0xFF, 0xFF, 0xFF, 0xFF, 0xFF, 0xFF, 0xFF, 0xFE, 0xFE, 0xFF,
    0xFF, 0xFF, 0xFF, 0xFF, 0xFF, 0xFF, 0xFF, 0xFF, 0xFF, 0xFF, 0xFF, 0xFF, 0xFF, 0xFF, 0xFF, 0xFF,
    0xFF, 0xFF, 0xFF, 0xFF, 0xFF, 0xFF, 0xFF, 0xFF, 0xFF, 0xFF, 0xFF, 0xFF, 0xFF, 0xFF, 0xFF, 0xFF,
    0xFF, 0xFF, 0xFF, 0xFF, 0xFF, 0xFF, 0xFE, 0xFF, 0xFC, 0x2A, 0x00, 0x02, 0x00, 0x00, 0x00, 0x00,
    0x00, 0x00, 0x00, 0x00, 0x00, 0x00, 0x00, 0x00, 0x00, 0x00, 0x00, 0x00, 0x00, 0x00, 0x00, 0x00,
    0x00, 0x00, 0x00, 0x00, 0x00, 0x01, 0x01, 0x43, 0x8D, 0x9F, 0xB5, 0xC6, 0xE0, 0xF7, 0xFF, 0xFF,
    0xFF, 0xFD, 0xEE, 0xE0, 0xFC, 0xFF, 0xFF, 0xFF, 0xFF, 0xFF, 0xFF, 0xFF, 0xFF, 0xFF, 0xFF, 0xFF,
    0xFF, 0xFF, 0xFF, 0xFF, 0xFF, 0xFF, 0xFF, 0xFF, 0xFF, 0xFF, 0xFF, 0xFF, 0xFF, 0xFF, 0xFF, 0xFF,
    0xFF, 0xFF, 0xFF, 0xFF, 0xFF, 0xFF, 0xFF, 0xFF, 0xFF, 0xFE, 0xFF, 0x3B, 0x00, 0x03, 0x00, 0x00,
    0x00, 0x00, 0x00, 0x00, 0x00, 0x00, 0x00, 0x00, 0x00, 0x00, 0x00, 0x00, 0x00, 0x00, 0x00, 0x00,
    0x00, 0x00, 0x00, 0x00, 0x00, 0x00, 0x00, 0x00, 0x00, 0x00, 0x00, 0x00, 0x00, 0x00, 0x08, 0x1E,
    0x32, 0x3C, 0x33, 0x27, 0x13, 0x19, 0xEE, 0xFF, 0xFE, 0xFF, 0xFF, 0xFF, 0xFF, 0xFF, 0xFF, 0xFF,
    0xFF, 0xFF, 0xFF, 0xFF, 0xFF, 0xFF, 0xFF, 0xFF, 0xFF, 0xFF, 0xFF, 0xFF, 0xFF, 0xFF, 0xFF, 0xFF,
    0xFF, 0xFF, 0xFF, 0xFF, 0xFF, 0xFF, 0xFF, 0xFF, 0xFF, 0xFF, 0xFF, 0xFE, 0xFF, 0x37, 0x00, 0x03,
    0x00, 0x00, 0x00, 0x00, 0x00, 0x00, 0x00, 0x00, 0x00, 0x00, 0x00, 0x00, 0x00, 0x00, 0x00, 0x00,
    0x00, 0x00, 0x00, 0x00, 0x00, 0x00, 0x00, 0x00, 0x00, 0x00, 0x00, 0x03, 0x04, 0x04, 0x02, 0x01,
    0x00, 0x00, 0x00, 0x00, 0x00, 0x00, 0x00, 0x1E, 0xF8, 0xFF, 0xFE, 0xFF, 0xFF, 0xFF, 0xFF, 0xFF,
    0xFF, 0xFF, 0xFF, 0xFF, 0xFF, 0xFF, 0xFF, 0xFF, 0xFF, 0xFF, 0xFF, 0xFF, 0xFF, 0xFF, 0xFF, 0xFF,
    0xFF, 0xFF, 0xFF, 0xFF, 0xFF, 0xFF, 0xFF, 0xFF, 0xFF, 0xFF, 0xFF, 0xFF, 0xFF, 0xFE, 0xFF, 0x3B,
    0x00, 0x03, 0x00, 0x00, 0x00, 0x00, 0x00, 0x00, 0x00, 0x00, 0x00, 0x00, 0x00, 0x00, 0x00, 0x00,
    0x00, 0x00, 0x00, 0x00, 0x00, 0x00, 0x00, 0x00, 0x00, 0x00, 0x00, 0x00, 0x00, 0x00, 0x00, 0x00,
    0x00, 0x00, 0x01, 0x02, 0x02, 0x03, 0x02, 0x04, 0x01, 0x26, 0xFC, 0xFF, 0xFE, 0xFF, 0xFF, 0xFF,
    0xFF, 0xFF, 0xFF, 0xFF, 0xFF, 0xFF, 0xFF, 0xFF, 0xFF, 0xFF, 0xFF, 0xFF, 0xFF, 0xFF, 0xFF, 0xFF,
    0xFF, 0xFF, 0xFF, 0xFF, 0xFF, 0xFF, 0xFF, 0xFF, 0xFF, 0xFF, 0xFF, 0xFF, 0xFF, 0xFF, 0xFF, 0xFE,
    0xFF, 0x35, 0x00, 0x02, 0x00, 0x00, 0x00, 0x00, 0x00, 0x00, 0x00, 0x01, 0x01, 0x00, 0x00, 0x00,
    0x00, 0x00, 0x00, 0x00, 0x00, 0x00, 0x00, 0x00, 0x00, 0x00, 0x00, 0x00, 0x00, 0x00, 0x00, 0x00,
    0x00, 0x00, 0x00, 0x00, 0x00, 0x00, 0x00, 0x00, 0x00, 0x02, 0x00, 0x20, 0xF8, 0xFF, 0xFE, 0xFF,
    0xFF, 0xFF, 0xFF, 0xFF, 0xFF, 0xFF, 0xFF, 0xFF, 0xFF, 0xFF, 0xFF, 0xFF, 0xFF, 0xFF, 0xFF, 0xFF,
    0xFF, 0xFF, 0xFF, 0xFF, 0xFF, 0xFF, 0xFF, 0xFF, 0xFF, 0xFF, 0xFF, 0xFF, 0xFF, 0xFF, 0xFF, 0xFF,
    0xFE, 0xFF, 0xFB, 0x24, 0x00, 0x02, 0x00, 0x00, 0x00, 0x01, 0x03, 0x04, 0x02, 0x00, 0x00, 0x00,
    0x03, 0x03, 0x00, 0x00, 0x00, 0x00, 0x00, 0x00, 0x00, 0x00, 0x00, 0x00, 0x00, 0x00, 0x00, 0x00,
    0x00, 0x00, 0x00, 0x00, 0x00, 0x00, 0x00, 0x00, 0x00, 0x00, 0x00, 0x01, 0x00, 0x09, 0xE3, 0xFF,
    0xFD, 0xFF, 0xFF, 0xFF, 0xFF, 0xFF, 0xFF, 0xFF, 0xFF, 0xFF, 0xFF, 0xFF, 0xFF, 0xFF, 0xFF, 0xFF,
    0xFF, 0xFF, 0xFF, 0xFF, 0xFF, 0xFF, 0xFF, 0xFF, 0xFF, 0xFF, 0xFF, 0xFF, 0xFF, 0xFF, 0xFF, 0xFF,
    0xFF, 0xFF, 0xFE, 0xFF, 0xF4, 0x1B, 0x00, 0x02, 0x00, 0x00, 0x03, 0x00, 0x00, 0x00, 0x00, 0x0B,
    0x0F, 0x00, 0x00, 0x00, 0x01, 0x02, 0x00, 0x00, 0x00, 0x00, 0x00, 0x00, 0x00, 0x00, 0x00, 0x00,
    0x00, 0x00, 0x00, 0x00, 0x00, 0x00, 0x00, 0x00, 0x00, 0x00, 0x00, 0x00, 0x00, 0x00, 0x01, 0x00,
    0xC9, 0xFF, 0xFC, 0xFF, 0xFF, 0xFF, 0xFF, 0xFF, 0xFF, 0xFF, 0xFF, 0xFF, 0xFF, 0xFF, 0xFF, 0xFF,
    0xFF, 0xFF, 0xFF, 0xFF, 0xFF, 0xFF, 0xFF, 0xFF, 0xFF, 0xFF, 0xFF, 0xFF, 0xFF, 0xFF, 0xFF, 0xFF,
    0xFF, 0xFF, 0xFF, 0xFF, 0xFE, 0xFF, 0xE9, 0x0E, 0x00, 0x01, 0x01, 0x01, 0x00, 0x02, 0x49, 0x89,
    0xC1, 0xE4, 0xE9, 0xD2, 0xAE, 0x50, 0x00, 0x00, 0x03, 0x00, 0x00, 0x00, 0x00, 0x00, 0x00, 0x00,
    0x00, 0x00, 0x00, 0x00, 0x00, 0x00, 0x00, 0x00, 0x00, 0x00, 0x00, 0x00, 0x00, 0x00, 0x00, 0x00,
    0x03, 0x01, 0xA6, 0xFF, 0xFB, 0xFF, 0xFF, 0xFF, 0xFF, 0xFF, 0xFF, 0xFF, 0xFF, 0xFF, 0xFF, 0xFF,
    0xFF, 0xFF, 0xFF, 0xFF, 0xFF, 0xFF, 0xFF, 0xFF, 0xFF, 0xFF, 0xFF, 0xFF, 0xFF, 0xFF, 0xFF, 0xFF,
    0xFF, 0xFF, 0xFF, 0xFF, 0xFF, 0xFF, 0xFC, 0xFF, 0xCF, 0x01, 0x01, 0x02, 0x01, 0x00, 0x61, 0xCF,
    0xFF, 0xFF, 0xFF, 0xFF, 0xFF, 0xFF, 0xFF, 0xFF, 0xC5, 0x43, 0x00, 0x03, 0x00, 0x00, 0x00, 0x00,
    0x00, 0x00, 0x00, 0x00, 0x00, 0x00, 0x00, 0x00, 0x00, 0x00, 0x00, 0x00, 0x00, 0x00, 0x00, 0x00,
    0x00, 0x00, 0x04, 0x00, 0x7A, 0xFF, 0xFB, 0xFF, 0xFF, 0xFF, 0xFF, 0xFF, 0xFF, 0xFF, 0xFF, 0xFF,
    0xFF, 0xFF, 0xFF, 0xFF, 0xFF, 0xFF, 0xFF, 0xFF, 0xFF, 0xFF, 0xFF, 0xFF, 0xFF, 0xFF, 0xFF, 0xFF,
    0xFF, 0xFF, 0xFF, 0xFF, 0xFF, 0xFF, 0xFF, 0xFF, 0xFB, 0xFF, 0x99, 0x00, 0x05, 0x00, 0x02, 0xA1,
    0xFF, 0xFF, 0xFD, 0xFB, 0xFC, 0xFD, 0xFE, 0xFD, 0xFC, 0xFC, 0xFF, 0xFD, 0x62, 0x00, 0x02, 0x00,
    0x00, 0x00, 0x00, 0x00, 0x00, 0x00, 0x00, 0x00, 0x00, 0x00, 0x00, 0x00, 0x00, 0x00, 0x00, 0x00,
    0x00, 0x00, 0x00, 0x01, 0x03, 0x06, 0xC1, 0xFF, 0xFD, 0xFF, 0xFF, 0xFF, 0xFF, 0xFF, 0xFF, 0xFF,
    0xFF, 0xFF, 0xFF, 0xFF, 0xFF, 0xFF, 0xFF, 0xFF, 0xFF, 0xFF, 0xFF, 0xFF, 0xFF, 0xFF, 0xFF, 0xFF,
    0xFF, 0xFF, 0xFF, 0xFF, 0xFF, 0xFF, 0xFF, 0xFF, 0xFF, 0xFF, 0xFB, 0xFF, 0x61, 0x00, 0x04, 0x0A,
    0xB6, 0xFF, 0xFB, 0xFD, 0xFF, 0xFF, 0xFF, 0xFF, 0xFF, 0xFF, 0xFF, 0xFF, 0xFB, 0xFF, 0xFD, 0x24,
    0x01, 0x02, 0x00, 0x00, 0x00, 0x00, 0x00, 0x00, 0x00, 0x00, 0x00, 0x00, 0x00, 0x00, 0x00, 0x00,
    0x00, 0x00, 0x00, 0x00, 0x00, 0x03, 0x00, 0x87, 0xFF, 0xFC, 0xFF, 0xFF, 0xFF, 0xFF, 0xFF, 0xFF,
    0xFF, 0xFF, 0xFF, 0xFF, 0xFF, 0xFF, 0xFF, 0xFF, 0xFF, 0xFF, 0xFF, 0xFF, 0xFF, 0xFF, 0xFF, 0xFF,
    0xFF, 0xFF, 0xFF, 0xFF, 0xFF, 0xFF, 0xFF, 0xFF, 0xFF, 0xFF, 0xFF, 0xFE, 0xFF, 0xF9, 0x26, 0x02,
    0x00, 0xA9, 0xFF, 0xFA, 0xFF, 0xFF, 0xFF, 0xFF, 0xFF, 0xFF, 0xFF, 0xFF, 0xFF, 0xFF, 0xFF, 0xFB,
    0xFF, 0xA1, 0x00, 0x03, 0x00, 0x00, 0x00, 0x00, 0x00, 0x00, 0x00, 0x00, 0x00, 0x00, 0x00, 0x00,
    0x00, 0x00, 0x00, 0x00, 0x00, 0x00, 0x03, 0x00, 0x37, 0xFD, 0xFC, 0xFE, 0xFF, 0xFF, 0xFF, 0xFF,
    0xFF, 0xFF, 0xFF, 0xFF, 0xFF, 0xFF, 0xFF, 0xFF, 0xFF, 0xFF, 0xFF, 0xFF, 0xFF, 0xFF, 0xFF, 0xFF,
    0xFF, 0xFF, 0xFF, 0xFF, 0xFF, 0xFF, 0xFF, 0xFF, 0xFF, 0xFF, 0xFF, 0xFF, 0xFF, 0xFC, 0xFF, 0xC1,
    0x01, 0x00, 0x6C, 0xFF, 0xFA, 0xFF, 0xFF, 0xFF, 0xFF, 0xFF, 0xFF, 0xFF, 0xFF, 0xFF, 0xFF, 0xFF,
    0xFF, 0xFF, 0xFD, 0xFE, 0x32, 0x00, 0x02, 0x00, 0x00, 0x00, 0x00, 0x00, 0x00, 0x00, 0x00, 0x00,
    0x00, 0x00, 0x00, 0x00, 0x00, 0x00, 0x00, 0x00, 0x02, 0x02, 0xC7, 0xFF, 0xFC, 0xFF, 0xFF, 0xFF,
    0xFF, 0xFF, 0xFF, 0xFF, 0xFF, 0xFF, 0xFF, 0xFF, 0xFF, 0xFF, 0xFF, 0xFF, 0xFF, 0xFF, 0xFF, 0xFF,
    0xFF, 0xFF, 0xFF, 0xFF, 0xFF, 0xFF, 0xFF, 0xFF, 0xFF, 0xFF, 0xFF, 0xFF, 0xFF, 0xFF, 0xFF, 0xFB,
    0xFF, 0x80, 0x00, 0x2F, 0xF5, 0xFC, 0xFE, 0xFF, 0xFF, 0xFF, 0xFF, 0xFF, 0xFF, 0xFF, 0xFF, 0xFF,
    0xFF, 0xFF, 0xFF, 0xFF, 0xFB, 0xFF, 0x8A, 0x00, 0x04, 0x00, 0x00, 0x00, 0x00, 0x00, 0x00, 0x00,
    0x00, 0x00, 0x00, 0x00, 0x00, 0x00, 0x00, 0x00, 0x00, 0x04, 0x00, 0x64, 0xFF, 0xFC, 0xFF, 0xFF,
    0xFF, 0xFF, 0xFF, 0xFF, 0xFF, 0xFF, 0xFF, 0xFF, 0xFF, 0xFF, 0xFF, 0xFF, 0xFF, 0xFF, 0xFF, 0xFF,
    0xFF, 0xFF, 0xFF, 0xFF, 0xFF, 0xFF, 0xFF, 0xFF, 0xFF, 0xFF, 0xFF, 0xFF, 0xFF, 0xFF, 0xFF, 0xFF,
    0xFE, 0xFE, 0xFB, 0x20, 0x13, 0xDD, 0xFF, 0xFD, 0xFF, 0xFF, 0xFF, 0xFF, 0xFF, 0xFF, 0xFF, 0xFF,
    0xFF, 0xFF, 0xFF, 0xFF, 0xFF, 0xFF, 0xFC, 0xFF, 0xC5, 0x00, 0x01, 0x00, 0x00, 0x00, 0x00, 0x00,
    0x00, 0x00, 0x00, 0x00, 0x00, 0x00, 0x00, 0x00, 0x00, 0x00, 0x01, 0x01, 0x0B, 0xE2, 0xFE, 0xFD,
    0xFF, 0xFF, 0xFF, 0xFF, 0xFF, 0xFF, 0xFF, 0xFF, 0xFF, 0xFF, 0xFF, 0xFF, 0xFF, 0xFF, 0xFF, 0xFF,
    0xFF, 0xFF, 0xFF, 0xFF, 0xFF, 0xFF, 0xFF, 0xFF, 0xFF, 0xFF, 0xFF, 0xFF, 0xFF, 0xFF, 0xFF, 0xFF,
    0xFF, 0xFF, 0xFB, 0xFF, 0x9E, 0x00, 0xC6, 0xFF, 0xFC, 0xFF, 0xFF, 0xFF, 0xFF, 0xFF, 0xFF, 0xFF,
    0xFF, 0xFF, 0xFF, 0xFF, 0xFF, 0xFF, 0xFF, 0xFF, 0xFD, 0xFF, 0xDC, 0x05, 0x00, 0x01, 0x00, 0x00,
    0x00, 0x00, 0x00, 0x00, 0x00, 0x00, 0x00, 0x00, 0x00, 0x00, 0x00, 0x00, 0x03, 0x00, 0x39, 0xFF,
    0xFE, 0xFF, 0xFF, 0xFF, 0xFF, 0xFF, 0xFF, 0xFF, 0xFF, 0xFF, 0xFF, 0xFF, 0xFF, 0xFF, 0xFF, 0xFF,
    0xFF, 0xFF, 0xFF, 0xFF, 0xFF, 0xFF, 0xFF, 0xFF, 0xFF, 0xFF, 0xFF, 0xFF, 0xFF, 0xFF, 0xFF, 0xFF,
    0xFF, 0xFF, 0xFF, 0xFE, 0xFE, 0xF0, 0x28, 0xA8, 0xFF, 0xFB, 0xFF, 0xFF, 0xFF, 0xFF, 0xFF, 0xFF,
    0xFF, 0xFF, 0xFF, 0xFF, 0xFF, 0xFF, 0xFF, 0xFF, 0xFF, 0xFF, 0xFD, 0xFF, 0xD2, 0x01, 0x00, 0x00,
    0x00, 0x00, 0x00, 0x00, 0x00, 0x00, 0x00, 0x00, 0x00, 0x00, 0x00, 0x00, 0x00, 0x00, 0x04, 0x00,
    0x86, 0xFE, 0xFB, 0xFF, 0xFF, 0xFF, 0xFF, 0xFF, 0xFF, 0xFF, 0xFF, 0xFF, 0xFF, 0xFF, 0xFF, 0xFF,
    0xFF, 0xFF, 0xFF, 0xFF, 0xFF, 0xFF, 0xFF, 0xFF, 0xFF, 0xFF, 0xFF, 0xFF, 0xFF, 0xFF, 0xFF, 0xFF,
    0xFF, 0xFF, 0xFF, 0xFF, 0xFF, 0xFD, 0xFF, 0xA6, 0xAF, 0xFF, 0xFB, 0xFF, 0xFF, 0xFF, 0xFF, 0xFF,
    0xFF, 0xFF, 0xFF, 0xFF, 0xFF, 0xFF, 0xFF, 0xFF, 0xFF, 0xFF, 0xFF, 0xFF, 0xFC, 0xFF, 0xC1, 0x00,
    0x01, 0x00, 0x00, 0x00, 0x00, 0x00, 0x00, 0x00, 0x00, 0x00, 0x00, 0x00, 0x00, 0x00, 0x00, 0x00,
    0x01, 0x00, 0xCA, 0xFF, 0xFC, 0xFF, 0xFF, 0xFF, 0xFF, 0xFF, 0xFF, 0xFF, 0xFF, 0xFF, 0xFF, 0xFF,
    0xFF, 0xFF, 0xFF, 0xFF, 0xFF, 0xFF, 0xFF, 0xFF, 0xFF, 0xFF, 0xFF, 0xFF, 0xFF, 0xFF, 0xFF, 0xFF,
    0xFF, 0xFF, 0xFF, 0xFF, 0xFF, 0xFF, 0xFF, 0xFF, 0xFF, 0xF9, 0xFF, 0xFC, 0xFF, 0xFF, 0xFF, 0xFF,
    0xFF, 0xFF, 0xFF, 0xFF, 0xFF, 0xFF, 0xFF, 0xFF, 0xFF, 0xFF, 0xFF, 0xFF, 0xFF, 0xFF, 0xFB, 0xFE,
    0xA1, 0x00, 0x04, 0x00, 0x00, 0x00, 0x00, 0x00, 0x00, 0x00, 0x00, 0x00, 0x00, 0x00, 0x00, 0x00,
    0x00, 0x01, 0x00, 0x0A, 0xE4, 0xFF, 0xFD, 0xFF, 0xFF, 0xFF, 0xFF, 0xFF, 0xFF, 0xFF, 0xFF, 0xFF,
    0xFF, 0xFF, 0xFF, 0xFF, 0xFF, 0xFF, 0xFF, 0xFF, 0xFF, 0xFF, 0xFF, 0xFF, 0xFF, 0xFF, 0xFF, 0xFF,
    0xFF, 0xFF, 0xFF, 0xFF, 0xFF, 0xFF, 0xFF, 0xFF, 0xFF, 0xFF, 0xFF, 0xFF, 0xFD, 0xFF, 0xFF, 0xFF,
    0xFF, 0xFF, 0xFF, 0xFF, 0xFF, 0xFF, 0xFF, 0xFF, 0xFF, 0xFF, 0xFF, 0xFF, 0xFF, 0xFF, 0xFF, 0xFF,
    0xFB, 0xFF, 0x70, 0x00, 0x04, 0x00, 0x00, 0x00, 0x00, 0x00, 0x00, 0x00, 0x00, 0x00, 0x00, 0x00,
    0x00, 0x00, 0x00, 0x02, 0x00, 0x1B, 0xF4, 0xFF, 0xFE, 0xFF, 0xFF, 0xFF, 0xFF, 0xFF, 0xFF, 0xFF,
    0xFF, 0xFF, 0xFF, 0xFD, 0xFB, 0xFB, 0xFE, 0xFF, 0xFF, 0xFF, 0xFF, 0xFF, 0xFF, 0xFF, 0xFF, 0xFF,
    0xFF, 0xFF, 0xFF, 0xFF, 0xFF, 0xFF, 0xFF, 0xFF, 0xFF, 0xFF, 0xFF, 0xFF, 0xFF, 0xFF, 0xFF, 0xFF,
    0xFF, 0xFF, 0xFF, 0xFF, 0xFF, 0xFF, 0xFF, 0xFF, 0xFF, 0xFF, 0xFF, 0xFF, 0xFF, 0xFF, 0xFF, 0xFF,
    0xFF, 0xFE, 0xFE, 0xF4, 0x1B, 0x00, 0x02, 0x00, 0x00, 0x00, 0x00, 0x00, 0x00, 0x00, 0x00, 0x00,
    0x00, 0x00, 0x00, 0x00, 0x00, 0x01, 0x00, 0x1A, 0xF3, 0xFF, 0xFE, 0xFF, 0xFF, 0xFF, 0xFF, 0xFF,
    0xFF, 0xFF, 0xFF, 0xFF, 0xFE, 0xFF, 0xFF, 0xFF, 0xFF, 0xFD, 0xFB, 0xFB, 0xFB, 0xFC, 0xFE, 0xFF,
    0xFF, 0xFF, 0xFF, 0xFF, 0xFF, 0xFF, 0xFF, 0xFF, 0xFF, 0xFF, 0xFF, 0xFF, 0xFF, 0xFF, 0xFF, 0xFF,
    0xFF, 0xFF, 0xFF, 0xFF, 0xFF, 0xFF, 0xFF, 0xFF, 0xFF, 0xFF, 0xFF, 0xFF, 0xFF, 0xFF, 0xFF, 0xFF,
    0xFF, 0xFF, 0xFF, 0xFA, 0xFF, 0x99, 0x00, 0x03, 0x00, 0x00, 0x00, 0x00, 0x00, 0x00, 0x00, 0x00,
    0x00, 0x00, 0x00, 0x00, 0x00, 0x00, 0x00, 0x01, 0x00, 0x17, 0xEF, 0xFF, 0xFE, 0xFF, 0xFF, 0xFF,
    0xFF, 0xFF, 0xFF, 0xFF, 0xFF, 0xFD, 0xFF, 0xCD, 0x60, 0x9B, 0xE8, 0xFF, 0xFF, 0xFF, 0xFF, 0xFF,
    0xFF, 0xFC, 0xFB, 0xFD, 0xFF, 0xFF, 0xFF, 0xFF, 0xFF, 0xFF, 0xFF, 0xFF, 0xFF, 0xFF, 0xFF, 0xFF,
    0xFF, 0xFF, 0xFF, 0xFF, 0xFF, 0xFF, 0xFF, 0xFF, 0xFF, 0xFF, 0xFF, 0xFF, 0xFF, 0xFF, 0xFF, 0xFF,
    0xFF, 0xFF, 0xFF, 0xFF, 0xFB, 0xFF, 0xEF, 0x18, 0x01, 0x02, 0x00, 0x00, 0x00, 0x00, 0x00, 0x00,
    0x00, 0x00, 0x00, 0x00, 0x00, 0x00, 0x00, 0x00, 0x00, 0x01, 0x01, 0x00, 0xDA, 0xFF, 0xFD, 0xFF,
    0xFF, 0xFF, 0xFF, 0xFF, 0xFF, 0xFF, 0xFE, 0xFE, 0xEF, 0x1F, 0x00, 0x00, 0x12, 0x42, 0x78, 0x9A,
    0xA8, 0xBF, 0xFA, 0xFF, 0xFF, 0xFF, 0xFF, 0xFF, 0xFF, 0xFF, 0xFF, 0xFF, 0xFF, 0xFF, 0xFF, 0xFF,
    0xFF, 0xFF, 0xFF, 0xFE, 0xFD, 0xFF, 0xFF, 0xFF, 0xFF, 0xFF, 0xFF, 0xFF, 0xFF, 0xFF, 0xFF, 0xFF,
    0xFF, 0xFF, 0xFF, 0xFF, 0xFE, 0xFA, 0xFF, 0xF1, 0x44, 0x00, 0x02, 0x00, 0x00, 0x00, 0x00, 0x00,
    0x00, 0x00, 0x00, 0x00, 0x00, 0x00, 0x00, 0x00, 0x00, 0x00, 0x00, 0x01, 0x00, 0x6B, 0xF6, 0xFD,
    0xFE, 0xFF, 0xFF, 0xFF, 0xFF, 0xFF, 0xFF, 0xFF, 0xFB, 0xFF, 0x80, 0x00, 0x07, 0x03, 0x00, 0x00,
    0x00, 0x00, 0x00, 0x00, 0x27, 0x58, 0x67, 0xAA, 0xFF, 0xFC, 0xFF, 0xFF, 0xFF, 0xFF, 0xFF, 0xFF,
    0xFF, 0xFF, 0xFF, 0xFF, 0xFF, 0xFF, 0xFF, 0xFD, 0xFB, 0xFB, 0xFD, 0xFE, 0xFF, 0xFF, 0xFF, 0xFF,
    0xFF, 0xFF, 0xFF, 0xFE, 0xFD, 0xFB, 0xFF, 0xFF, 0xD9, 0x31, 0x00, 0x03, 0x00, 0x00, 0x00, 0x00,
    0x00, 0x00, 0x00, 0x00, 0x00, 0x00, 0x00, 0x00, 0x00, 0x00, 0x00, 0x00, 0x02, 0x04, 0x8E, 0xFF,
    0xFF, 0xFF, 0xFF, 0xFF, 0xFF, 0xFF, 0xFF, 0xFF, 0xFF, 0xFC, 0xFB, 0xFF, 0x2D, 0x01, 0x03, 0x00,
    0x01, 0x03, 0x04, 0x04, 0x03, 0x02, 0x00, 0x00, 0x00, 0x1E, 0xF8, 0xFE, 0xFE, 0xFF, 0xFF, 0xFF,
    0xFF, 0xFF, 0xFF, 0xFF, 0xFF, 0xFF, 0xFF, 0xF1, 0xE1, 0xFF, 0xFF, 0xFF, 0xFF, 0xFF, 0xFD, 0xFB,
    0xFB, 0xFB, 0xFB, 0xFB, 0xFC, 0xFF, 0xFF, 0xFF, 0xF2, 0x88, 0x0E, 0x00, 0x03, 0x00, 0x00, 0x00,
    0x00, 0x00, 0x00, 0x00, 0x00, 0x00, 0x00, 0x00, 0x00, 0x00, 0x00, 0x00, 0x00, 0x02, 0x00, 0x36,
    0xDE, 0xE8, 0xFA, 0xFB, 0xFE, 0xFF, 0xFF, 0xFF, 0xFD, 0xFB, 0xFF, 0xFF, 0xFF, 0xD7, 0x09, 0x01,
    0x01, 0x00, 0x00, 0x00, 0x00, 0x00, 0x00, 0x00, 0x02, 0x03, 0x06, 0x00, 0xBA, 0xFF, 0xFC, 0xFF,
    0xFF, 0xFF, 0xFF, 0xFF, 0xFF, 0xFF, 0xFF, 0xFB, 0xFF, 0xA1, 0x09, 0x42, 0x72, 0xA2, 0xCF, 0xF5,
    0xFF, 0xFF, 0xFF, 0xFF, 0xFF, 0xFF, 0xFF, 0xF9, 0xC8, 0x7B, 0x20, 0x00, 0x00, 0x02, 0x00, 0x00,
    0x00, 0x00, 0x00, 0x00, 0x00, 0x00, 0x00, 0x00, 0x00, 0x00, 0x00, 0x00, 0x00, 0x00, 0x00, 0x00,
    0x00, 0x04, 0x00, 0xB6, 0xFF, 0xFF, 0xFF, 0xFE, 0xFC, 0xFD, 0xFF, 0xFF, 0xFF, 0xCF, 0x8D, 0x1E,
    0x00, 0x01, 0x00, 0x00, 0x00, 0x00, 0x00, 0x00, 0x00, 0x00, 0x00, 0x00, 0x04, 0x01, 0x65, 0xFF,
    0xFC, 0xFF, 0xFF, 0xFF, 0xFF, 0xFF, 0xFF, 0xFF, 0xFF, 0xFB, 0xFF, 0x95, 0x00, 0x00, 0x00, 0x00,
    0x00, 0x1D, 0x41, 0x62, 0x7C, 0x7F, 0x76, 0x6B, 0x55, 0x25, 0x00, 0x00, 0x00, 0x03, 0x01, 0x00,
    0x00, 0x00, 0x00, 0x00, 0x00, 0x00, 0x00, 0x00, 0x00, 0x00, 0x00, 0x00, 0x00, 0x00, 0x00, 0x00,
    0x00, 0x00, 0x01, 0x00, 0x15, 0xB8, 0x97, 0x66, 0x9E, 0xFF, 0xFF, 0xFF, 0xDB, 0x89, 0x33, 0x00,
    0x00, 0x00, 0x00, 0x00, 0x00, 0x00, 0x00, 0x00, 0x00, 0x00, 0x00, 0x00, 0x00, 0x00, 0x02, 0x00,
    0x1A, 0xF3, 0xFF, 0xFE, 0xFF, 0xFF, 0xFF, 0xFF, 0xFF, 0xFF, 0xFF, 0xFB, 0xFF, 0x92, 0x01, 0x07,
    0x04, 0x03, 0x00, 0x00, 0x00, 0x00, 0x00, 0x00, 0x00, 0x00, 0x00, 0x00, 0x01, 0x04, 0x02, 0x00,
    0x00, 0x00, 0x00, 0x00, 0x00, 0x00, 0x00, 0x00, 0x00, 0x00, 0x00, 0x00, 0x00, 0x00, 0x00, 0x00,
    0x00, 0x00, 0x00, 0x00, 0x00, 0x00, 0x04, 0x00, 0x00, 0x00, 0xAC, 0xF8, 0x9D, 0x43, 0x08, 0x00,
    0x00, 0x00, 0x03, 0x02, 0x00, 0x00, 0x00, 0x00, 0x00, 0x00, 0x00, 0x00, 0x00, 0x00, 0x00, 0x00,
    0x00, 0x01, 0x00, 0xC1, 0xFF, 0xFC, 0xFF, 0xFF, 0xFF, 0xFF, 0xFF, 0xFF, 0xFF, 0xFB, 0xFF, 0x99,
    0x01, 0x04, 0x00, 0x00, 0x00, 0x02, 0x03, 0x04, 0x04, 0x04, 0x04, 0x04, 0x04, 0x02, 0x00, 0x00,
    0x00, 0x00, 0x00, 0x00, 0x00, 0x00, 0x00, 0x00, 0x00, 0x00, 0x00, 0x00, 0x00, 0x00, 0x00, 0x00,
    0x00, 0x00, 0x00, 0x00, 0x00, 0x00, 0x00, 0x00, 0x00, 0x01, 0x05, 0x04, 0x3B, 0x27, 0x00, 0x00,
    0x00, 0x03, 0x02, 0x00, 0x00, 0x00, 0x00, 0x00, 0x00, 0x00, 0x00, 0x00, 0x00, 0x00, 0x00, 0x00,
    0x00, 0x00, 0x00, 0x03, 0x01, 0xA2, 0xFD, 0xF8, 0xFB, 0xFC, 0xFF, 0xFF, 0xFF, 0xFF, 0xFC, 0xF8,
    0xFD, 0xBD, 0x00, 0x02, 0x00, 0x00, 0x00, 0x00, 0x00, 0x00, 0x00, 0x00, 0x00, 0x00, 0x00, 0x00,
    0x00, 0x00, 0x00, 0x00, 0x00, 0x00, 0x00, 0x00, 0x00, 0x00, 0x00, 0x00, 0x00, 0x00, 0x00, 0x00,
    0x00, 0x00, 0x00, 0x00, 0x00, 0x00, 0x00, 0x00, 0x00, 0x00, 0x00, 0x00, 0x00, 0x00, 0x00, 0x00,
    0x03, 0x03, 0x01, 0x00, 0x00, 0x00, 0x00, 0x00, 0x00, 0x00, 0x00, 0x00, 0x00, 0x00, 0x00, 0x00,
    0x00, 0x00, 0x00, 0x00, 0x00, 0x04, 0x00, 0x91, 0xFF, 0xFF, 0xFF, 0xFF, 0xFE, 0xFD, 0xFE, 0xFD,
    0xFF, 0xFF, 0xFF, 0xFC, 0x35, 0x00, 0x03, 0x00, 0x00, 0x00, 0x00, 0x00, 0x00, 0x00, 0x00, 0x00,
    0x00, 0x00, 0x00, 0x00, 0x00, 0x00, 0x00, 0x00, 0x00, 0x00, 0x00, 0x00, 0x00, 0x00, 0x00, 0x00,
    0x00, 0x00, 0x00, 0x00, 0x00, 0x00, 0x00, 0x00, 0x00, 0x00, 0x00, 0x00, 0x00, 0x00, 0x00, 0x00,
    0x02, 0x02, 0x00, 0x00, 0x00, 0x00, 0x00, 0x00, 0x00, 0x00, 0x00, 0x00, 0x00, 0x00, 0x00, 0x00,
    0x00, 0x00, 0x00, 0x00, 0x00, 0x00, 0x00, 0x04, 0x00, 0x71, 0xE3, 0xA7, 0x7F, 0xA3, 0xFF, 0xFF,
    0xFF, 0xFF, 0xAD, 0x8E, 0xC5, 0xF9, 0x62, 0x00, 0x04, 0x00, 0x00, 0x00, 0x00, 0x00, 0x00, 0x00,
    0x00, 0x00, 0x00, 0x00, 0x00, 0x00, 0x00, 0x00, 0x00, 0x00, 0x00, 0x00, 0x00, 0x00, 0x00, 0x00,
    0x00, 0x00, 0x00, 0x00, 0x00, 0x00, 0x00, 0x00, 0x00, 0x00, 0x00, 0x00, 0x00, 0x00, 0x00, 0x00,
    0x00, 0x00, 0x00, 0x00, 0x00, 0x00, 0x00, 0x00, 0x00, 0x00, 0x00, 0x00, 0x00, 0x00, 0x00, 0x00,
    0x00, 0x00, 0x00, 0x00, 0x00, 0x00, 0x00, 0x00, 0x00, 0x00, 0x00, 0x07, 0x0B, 0x00, 0x00, 0x00,
    0x4A, 0xD1, 0xFC, 0x8B, 0x00, 0x00, 0x00, 0x1F, 0x07, 0x00, 0x00, 0x00, 0x00, 0x00, 0x00, 0x00,
    0x00, 0x00, 0x00, 0x00, 0x00, 0x00, 0x00, 0x00, 0x00, 0x00, 0x00, 0x00, 0x00, 0x00, 0x00, 0x00,
    0x00, 0x00, 0x00, 0x00, 0x00, 0x00, 0x00, 0x00, 0x00, 0x00, 0x00, 0x00, 0x00, 0x00, 0x00, 0x00,
    0x00, 0x00, 0x00, 0x00, 0x00, 0x00, 0x00, 0x00, 0x00, 0x00, 0x00, 0x00, 0x00, 0x00, 0x00, 0x00,
    0x00, 0x00, 0x00, 0x00, 0x00, 0x00, 0x00, 0x00, 0x00, 0x00, 0x00, 0x00, 0x00, 0x00, 0x00, 0x03,
    0x04, 0x03, 0x00, 0x08, 0x25, 0x00, 0x02, 0x04, 0x01, 0x00, 0x00, 0x00, 0x00, 0x00, 0x00, 0x00,
    0x00, 0x00, 0x00, 0x00, 0x00, 0x00, 0x00, 0x00, 0x00, 0x00, 0x00, 0x00, 0x00, 0x00, 0x00, 0x00,
    0x00, 0x00, 0x00, 0x00, 0x00, 0x00, 0x00, 0x00, 0x00, 0x00, 0x00, 0x00, 0x00, 0x00, 0x00, 0x00,
    0x00, 0x00, 0x00, 0x00, 0x00, 0x00, 0x00, 0x00, 0x00, 0x00, 0x00, 0x00, 0x00, 0x00, 0x00, 0x00,
    0x00, 0x00, 0x00, 0x00, 0x00, 0x00, 0x00, 0x00, 0x00, 0x00, 0x00, 0x00, 0x00, 0x00, 0x00, 0x01,
    0x01, 0x00, 0x00, 0x00, 0x03, 0x00, 0x00, 0x01, 0x00, 0x00, 0x00, 0x02, 0x01, 0x00, 0x00, 0x00,
    0x00, 0x00, 0x00, 0x00, 0x00, 0x00, 0x00, 0x00, 0x00, 0x00, 0x00, 0x00, 0x00, 0x00, 0x00, 0x00,
    0x00, 0x00, 0x00, 0x00, 0x00, 0x00, 0x00, 0x00, 0x00, 0x00, 0x00, 0x00, 0x00, 0x00, 0x00, 0x00,
    0x00, 0x00, 0x00, 0x00, 0x00, 0x00, 0x00, 0x00, 0x00, 0x00, 0x00, 0x00, 0x00, 0x00, 0x00, 0x00,
    0x00, 0x00, 0x00, 0x00, 0x00, 0x00, 0x00, 0x00, 0x00, 0x00, 0x00, 0x00, 0x00, 0x00, 0x00, 0x00,
    0x00, 0x00, 0x00, 0x00, 0x00, 0x00, 0x00, 0x01, 0x02, 0x00, 0x00, 0x00, 0x00, 0x00, 0x00, 0x00,
    0x00, 0x00, 0x00, 0x00, 0x00, 0x00, 0x00, 0x00, 0x00, 0x00, 0x00, 0x00, 0x00, 0x00, 0x00, 0x00,
    0x00, 0x00, 0x00, 0x00, 0x00, 0x00, 0x00, 0x00, 0x00, 0x00, 0x00, 0x00, 0x00, 0x00, 0x00, 0x00,
    0x00, 0x00, 0x00, 0x00, 0x00, 0x00, 0x00, 0x00, 0x00, 0x00, 0x00, 0x00, 0x00, 0x00, 0x00, 0x00,
    0x00, 0x00, 0x00, 0x00, 0x00, 0x00, 0x00, 0x00, 0x00, 0x00, 0x00, 0x00, 0x00, 0x00, 0x00, 0x00,
    0x00, 0x00, 0x00, 0x00, 0x00, 0x00, 0x00, 0x00, 0x00, 0x00, 0x00, 0x00, 0x00, 0x00, 0x00, 0x00,
    0x00, 0x00, 0x00, 0x00, 0x00, 0x00, 0x00, 0x00, 0x00, 0x00, 0x00, 0x00, 0x00, 0x00, 0x00, 0x00,
    0x00, 0x00, 0x00, 0x00, 0x00, 0x00, 0x00, 0x00, 0x00, 0x00, 0x00, 0x00,
};

const lv_image_dsc_t squirtle_small = {
    .header = {
        .magic = LV_IMAGE_HEADER_MAGIC,
        .cf = LV_COLOR_FORMAT_RGB565A8,
        .flags = 0,
        .w = 82,
        .h = 82,
        .stride = 164,
    },
    .data_size = sizeof(squirtle_small_map),
    .data = squirtle_small_map,
};
